{
  "threshold": 110.79721409251759,
  "null_mean": 0.6372801218589202,
  "null_std": 18.366701964674963,
  "fpr": 1e-09,
  "z": 5.997807019601637,
  "n": 4096,
  "num_traces_used": 30,
  "num_simulated_nulls": 2000
}