{
  "threshold": 300.77090345927076,
  "null_mean": -15.104822613050176,
  "null_std": 52.66520330514083,
  "fpr": 1e-09,
  "z": 5.997807019601637,
  "n": 4096,
  "num_traces_used": 30,
  "num_simulated_nulls": 2000
}