{
  "threshold": 17.864818605780364,
  "null_mean": -0.05807589361908508,
  "null_std": 4.36347736485766,
  "fpr": 2e-05,
  "z": 4.107479654586018,
  "n": 400,
  "num_traces_used": 500,
  "num_simulated_nulls": 2000,
  "fold": "entropy"
}