{
  "threshold": 249.52164287050925,
  "null_mean": 0.2660479634078699,
  "null_std": 41.557788387072264,
  "fpr": 1e-09,
  "z": 5.997807019601637,
  "n": 4096,
  "num_traces_used": 30,
  "num_simulated_nulls": 2000
}