{
  "threshold": 42.90577470563337,
  "null_mean": -0.19914718500014092,
  "null_std": 11.590408931825872,
  "fpr": 0.0001,
  "z": 3.719016485455709,
  "n": 400,
  "num_traces_used": 500,
  "num_simulated_nulls": 2000,
  "fold": "entropy"
}