{
  "threshold": 10.840750532454136,
  "null_mean": -0.004079947590310137,
  "null_std": 1.8081326132371525,
  "fpr": 1e-09,
  "z": 5.997807019601637,
  "n": 128,
  "num_traces_used": 30,
  "num_simulated_nulls": 2000
}