{
  "threshold": 16.62020902505377,
  "null_mean": -0.2502460716335989,
  "null_std": 4.536267898425342,
  "fpr": 0.0001,
  "z": 3.719016485455709,
  "n": 400,
  "num_traces_used": 500,
  "num_simulated_nulls": 2000,
  "fold": "entropy"
}