{
  "threshold": 26.950369390467475,
  "null_mean": 0.1818305845325546,
  "null_std": 7.197746745845587,
  "fpr": 0.0001,
  "z": 3.719016485455709,
  "n": 400,
  "num_traces_used": 500,
  "num_simulated_nulls": 2000,
  "fold": "entropy"
}