{
  "threshold": 24.016752399889658,
  "null_mean": 0.19562274299034155,
  "null_std": 3.971639897557336,
  "fpr": 1e-09,
  "z": 5.997807019601637,
  "n": 128,
  "num_traces_used": 30,
  "num_simulated_nulls": 2000
}