{
  "threshold": 25.76710859307235,
  "null_mean": 0.11173737135047576,
  "null_std": 6.898429012631333,
  "fpr": 0.0001,
  "z": 3.719016485455709,
  "n": 400,
  "num_traces_used": 500,
  "num_simulated_nulls": 2000,
  "fold": "entropy"
}