{
  "threshold": 37.4434944077036,
  "null_mean": 0.07283437107053131,
  "null_std": 5.975454837051608,
  "fpr": 2e-10,
  "z": 6.254027694245345,
  "n": 512,
  "num_traces_used": 30,
  "num_simulated_nulls": 2000,
  "fold": "naive"
}