model_size,position,mean_full_entropy_bits,mean_projected_entropy_bits,mean_gap_bits,std_full_entropy_bits,std_projected_entropy_bits,std_gap_bits
0.6B,1,4.265016891724914,0.7523333866715973,3.5126835050533174,2.4676498386501056,0.3094242977184941,2.233938650445472
0.6B,2,4.4809954377250225,0.7705760355836674,3.7104194021413535,2.422618715115971,0.2853967523086859,2.2164252472057866
0.6B,3,4.710906224161027,0.7892852568806327,3.9216209672803948,2.328046332560974,0.27445010943610265,2.127665737687064
0.6B,4,4.758364071393873,0.7939470622380481,3.964417009155825,2.4548462259539896,0.27931081832453,2.2467899313813846
0.6B,5,4.609764679537253,0.7756408610470253,3.8341238184902284,2.511620630705279,0.3058999796269675,2.283116569425181
0.6B,6,4.509339940390672,0.7747138870370194,3.7346260533536535,2.365513245176453,0.290840849996715,2.153584379535169
0.6B,7,4.6279498368094965,0.7687956364335322,3.8591542003759636,2.638186721841418,0.30872940566767004,2.413323018286889
0.6B,8,4.812867160970102,0.8009691505401138,4.011898010429989,2.475529465655437,0.2708172525465405,2.2799013648504105
0.6B,9,4.67638569654629,0.7818819161697392,3.8945037803765503,2.446789509490571,0.2931491076965,2.231135376788169
0.6B,10,4.565995052966019,0.7844228101131471,3.781572242852872,2.4109565446572003,0.2811732217273588,2.207729398421186
0.6B,11,4.740685179436195,0.7787307852076866,3.9619543942285085,2.5114889244728498,0.2979763468517446,2.2921144637246806
0.6B,12,4.726090366643242,0.7688426568381698,3.957247709805073,2.541930285707663,0.30077670331938366,2.313937740376371
0.6B,13,4.554815718081736,0.7854574416724478,3.769358276409288,2.3473643615997193,0.27604548639435605,2.1523456203517592
0.6B,14,4.789040518163303,0.7897679091035475,3.999272609059756,2.4875699616878846,0.28194596568946617,2.2805601980424592
0.6B,15,4.66003205479451,0.7828959213947864,3.8771361333997247,2.4339426206213575,0.2830444805540725,2.22486797338798
0.6B,16,4.704318854496706,0.7772521237579477,3.9270667307387583,2.5582974689152427,0.29225429478486914,2.3393985943927444
0.6B,17,4.6740759503418445,0.7704267492452967,3.903649201096547,2.6082964639813775,0.302090411967396,2.3818619200909152
0.6B,18,4.814780948627604,0.795236397058697,4.019544551568906,2.4835736065551086,0.2844183681164774,2.2717019019989433
0.6B,19,4.6214914449930475,0.7920696866392298,3.8294217583538184,2.410687639917603,0.2850158142942438,2.209535624193641
0.6B,20,4.813044391706489,0.8030190024440348,4.010025389262456,2.48431785963644,0.274502464053156,2.2880869456933253
0.6B,21,4.707024191810016,0.7832709730355446,3.9237532187744724,2.507601509585048,0.28400182714979694,2.299678616229794
0.6B,22,4.841290172399382,0.8111391097876186,4.030151062611763,2.3669318256577445,0.26216998939632996,2.181184680570637
0.6B,23,4.796793380542915,0.8106823120196105,3.9861110685233037,2.4392855342597137,0.26772868425718765,2.2545253270294734
0.6B,24,4.578429638180453,0.790205005059138,3.7882246331213154,2.3547197943837523,0.28444690520362576,2.1429468160252774
0.6B,25,4.820102888449749,0.7917548424140157,4.028348046035733,2.498145552808175,0.2795643179676041,2.2973343788722516
0.6B,26,4.981916508964022,0.8111414244217434,4.170775084542277,2.408281053692633,0.26080375326233995,2.2217824464517637
0.6B,27,4.781561715893215,0.8052268210025341,3.9763348948906803,2.306743635492102,0.25642701854424765,2.1258942673107275
0.6B,28,4.795588757826677,0.7924103272323796,4.003178430594298,2.4886047315450375,0.2725627335327568,2.2980724333681635
0.6B,29,4.738971971583313,0.7963769919339964,3.9425949796493174,2.404593279707763,0.27567916747413374,2.2045049300054194
0.6B,30,4.802753089112252,0.7896730381421563,4.013080050970096,2.487110276633598,0.2911345812259132,2.270269069229661
0.6B,31,4.6524288698558465,0.7910441057476563,3.8613847641081893,2.441148906268986,0.2814090633686534,2.2328541311707206
0.6B,32,4.645348673143083,0.7836718340815354,3.8616768390615475,2.430656492024327,0.2833583397861334,2.2208113366711153
0.6B,33,4.674700245088394,0.7777987937534567,3.8969014513349367,2.5655127527164003,0.28076523643534607,2.3678323459097426
0.6B,34,4.775392839502942,0.7842880521392925,3.991104787363649,2.523347388025904,0.2867993647658003,2.307638375446868
0.6B,35,4.6891127568194575,0.7804707059084354,3.908642050911022,2.5849530183152294,0.29759232846735045,2.3668302174552722
0.6B,36,4.865213394430716,0.8036789715047651,4.061534422925951,2.5103440778330937,0.2760655707510694,2.3120204757657885
0.6B,37,4.757593785814724,0.7965680612907783,3.961025724523946,2.4858184898784823,0.2797915978293704,2.282844945859125
0.6B,38,4.761192405448739,0.8090223934537691,3.95217001199497,2.3726935813197816,0.26205729144374273,2.188509837884386
0.6B,39,4.91645879738413,0.8130554847806636,4.103403312603467,2.431140370401131,0.26406583746768547,2.246042949614327
0.6B,40,4.725826205037721,0.7791174808350121,3.9467087242027086,2.589183689015743,0.28689149521132296,2.379602716121716
0.6B,41,4.87426895529114,0.7986255346874314,4.0756434206037095,2.4700761199393884,0.27454682307869777,2.2695306191566678
0.6B,42,4.885617969932027,0.8043972220836757,4.081220747848351,2.3891385107247833,0.2660422099996995,2.1984354220948803
0.6B,43,4.927143844288072,0.7948028227408299,4.132341021547243,2.572342622600694,0.2833868304240383,2.361795412501691
0.6B,44,4.774068636398212,0.8043182627740618,3.9697503736241506,2.3198285583288603,0.2681637036755604,2.1288539061220173
0.6B,45,4.842572250789166,0.8066438156265545,4.035928435162612,2.4424792823314534,0.2596119720670094,2.2601754716984237
0.6B,46,4.949461825098416,0.8158368844372846,4.133624940661131,2.475179785155652,0.2514140458654973,2.3000372800778126
0.6B,47,4.903898142827877,0.8051375377547167,4.098760605073161,2.426602907393783,0.26831555891683057,2.2298834232947344
0.6B,48,4.72858580411733,0.7924615713777345,3.9361242327395947,2.4741157381886807,0.27819596976717703,2.2739479321923675
0.6B,49,4.793444613427788,0.792950070850797,4.00049454257699,2.5001248046797855,0.27535611118184394,2.3022353997061082
0.6B,50,4.910568645692372,0.7994115151724352,4.111157130519937,2.5163173778871717,0.2776162486561081,2.317708687795426
0.6B,51,4.825927855894231,0.7996492905231222,4.026278565371109,2.5514080375452233,0.281501171350762,2.3524695892653646
0.6B,52,4.871420562486291,0.8079283622580296,4.063492200228261,2.469446086457617,0.2786118239608566,2.2697157126521494
0.6B,53,4.938913546036412,0.8026620934695436,4.136251452566868,2.491753152971056,0.27501290297568587,2.2935838488865135
0.6B,54,4.9516403758417855,0.7953926240547337,4.156247751787051,2.650640308837936,0.2839427153511504,2.437678695535647
0.6B,55,4.846767669038954,0.7962748650691747,4.05049280396978,2.537472323240316,0.2774262837020657,2.3394444327325497
0.6B,56,4.9917035887579,0.8034044775968645,4.188299111161036,2.5474156558714034,0.2768793697837678,2.344834003268547
0.6B,57,4.902822646674249,0.79518772955606,4.1076349171181885,2.5208512969635803,0.2776854228309274,2.3141368673787137
0.6B,58,4.959632065142772,0.8067440944916243,4.152887970651147,2.507397564218742,0.27777991071905184,2.3040424004258706
0.6B,59,5.080595733465308,0.8225263380040445,4.2580693954612645,2.4618001344425218,0.25595462787464734,2.2825538713735454
0.6B,60,5.035160755201691,0.8156105505090876,4.219550204692603,2.481411745156878,0.26307148796914526,2.294568494596128
0.6B,61,4.8300274245526,0.7914445409895273,4.038582883563072,2.4323223141503516,0.27152293017087836,2.227799248539439
0.6B,62,4.8408192151338705,0.7891327786348973,4.051686436498973,2.513243142980514,0.28281458534472675,2.30171287646485
0.6B,63,4.879789703845396,0.7929277073556151,4.08686199648978,2.540216775513247,0.28116282113286745,2.3368796576568958
0.6B,64,4.661754374720376,0.775330032811922,3.8864243419084543,2.552169215680766,0.28750163571816334,2.339533782140699
0.6B,65,4.924239241029038,0.8060877622930941,4.118151478735943,2.463060136072086,0.2668785113887185,2.267144481038019
0.6B,66,4.9101433959949015,0.8160881657799917,4.094055230214909,2.418042215260934,0.25962275186715955,2.236515327695384
0.6B,67,4.983632832818894,0.8114507929778682,4.172182039841026,2.47453191013462,0.2639585368895697,2.284771056794741
0.6B,68,4.929213820434111,0.8060240243405632,4.1231897960935475,2.4275602916093777,0.26909575771728766,2.233558074228239
0.6B,69,4.861185799385836,0.808579213806656,4.052606585579178,2.454261781406016,0.2695169580227125,2.262742041159451
0.6B,70,4.839515196037668,0.798211662808795,4.041303533228873,2.546073734333077,0.27348004010671145,2.3551915635900946
0.6B,71,4.817362611514099,0.8103088239337388,4.007053787580359,2.290268025858169,0.25296709194518696,2.1168355260454916
0.6B,72,5.028456573711239,0.8254847974992585,4.202971776211979,2.531800060034102,0.2553611809264832,2.3584069689696863
0.6B,73,4.802963373113084,0.7888697973270733,4.01409357578601,2.5024102182037975,0.28333412915939005,2.291105183319424
0.6B,74,5.053852564928523,0.8015204504647925,4.252332114463731,2.500177119236017,0.27393518695550917,2.2903031415697375
0.6B,75,5.028281030257857,0.8077600002742492,4.220521029983607,2.5395808961330286,0.26572416117664266,2.3467820126867585
0.6B,76,4.81566653781344,0.7907546704622233,4.024911867351217,2.6044859226272927,0.2898817057615454,2.3946238683932632
0.6B,77,5.002838055298938,0.8124908488217323,4.190347206477205,2.405557100621867,0.2696102895870184,2.2090949585637465
0.6B,78,4.8040568462466,0.783914339813906,4.020142506432694,2.6221841454337125,0.2949456396663983,2.4061064299955235
0.6B,79,4.7964150624868465,0.7893099325156356,4.00710512997121,2.5004342868557354,0.2815437191938223,2.295515527904379
0.6B,80,4.8206615322116715,0.796878946896281,4.0237825853153915,2.4599146786958737,0.27527725645652745,2.258902731616252
0.6B,81,4.769751152636738,0.7825116419003196,3.9872395107364182,2.478067095413362,0.29251384202681274,2.2616328154505903
0.6B,82,4.917256040979361,0.7855702861289555,4.131685754850404,2.5466458677581345,0.2917705492111938,2.3261037112854313
0.6B,83,5.037557840735178,0.8065975842789925,4.230960256456185,2.5300051285000222,0.264864554366678,2.341180830566239
0.6B,84,5.180313506205046,0.8378127699378137,4.342500736267233,2.383304731255536,0.24412289924602984,2.2186849751780686
0.6B,85,4.831979584811295,0.8024726240755813,4.029506960735715,2.5211707726605663,0.27563136032795316,2.326792697590187
0.6B,86,4.982966647649945,0.8015014798892756,4.181465167760667,2.5203556924158668,0.2720285848522881,2.3231491096615153
0.6B,87,5.039022890832358,0.8051021229407916,4.233920767891566,2.607709517935322,0.27867949746306886,2.4078681629461833
0.6B,88,4.901113149094838,0.8057301333826208,4.095383015712217,2.486484041724003,0.268675360100754,2.293883299294567
0.6B,89,5.007775998204226,0.8020017537014947,4.20577424450273,2.521395427068796,0.26963623009732923,2.32694349101434
0.6B,90,5.04965441261952,0.8142222651401083,4.235432147479411,2.5558759895905294,0.26389488614780116,2.363915890170084
0.6B,91,4.942901622828979,0.8045798535229715,4.138321769306006,2.4837078501997447,0.27549545117200747,2.283845889120593
0.6B,92,5.02298653967405,0.8079130177713814,4.215073521902668,2.495897152501713,0.26610338170038556,2.307190531779066
0.6B,93,5.184253846575906,0.8243218067293095,4.359932039846596,2.479852832798996,0.2534410856100351,2.302887876051025
0.6B,94,5.240915629740249,0.817352494905206,4.423563134835043,2.583866588013674,0.26564242436169644,2.389868530794627
0.6B,95,4.866387227786652,0.782585399534484,4.083801828252168,2.5956463890695103,0.29669672698711413,2.3678924097309464
0.6B,96,5.242048659892657,0.831809062581972,4.410239597310685,2.4554532837396725,0.2518982266573992,2.2767737430956436
0.6B,97,5.125504769685645,0.8112992624812044,4.314205507204441,2.6151187351246965,0.2734015547467962,2.418149161515897
0.6B,98,5.034561338306131,0.8253658307060304,4.209195507600101,2.3869924215209086,0.2534884879773207,2.2069395330737698
0.6B,99,5.019466189741858,0.8027019887894853,4.2167642009523725,2.5220604324588547,0.2680769767629837,2.328279553745804
0.6B,100,5.013030317868557,0.8306792769573449,4.182351040911212,2.4355962979660593,0.2449895272338228,2.269813486391757
0.6B,101,4.8640092863687485,0.7813809854909562,4.082628300877792,2.5426254352417073,0.2848205589674165,2.3345595108689947
0.6B,102,4.953613520932016,0.8009346583961028,4.152678862535912,2.5087520853243492,0.26666314847536565,2.315262578950173
0.6B,103,4.807316420350866,0.7904867111972447,4.016829709153622,2.5431510139110887,0.29170343814918576,2.329503646460423
0.6B,104,4.816226749910298,0.7920159025262206,4.0242108473840785,2.5186277897529523,0.28013037426204856,2.315885103597862
0.6B,105,5.005915476787623,0.8182915172180443,4.187623959569577,2.4923003106633463,0.26994160193407046,2.3029849706498533
0.6B,106,5.0843008086458825,0.8212041957299917,4.26309661291589,2.434759525335971,0.26003207038670956,2.2455603706973757
0.6B,107,4.895540367727824,0.7863731931212543,4.109167174606569,2.6309318983536696,0.2924188808566772,2.4160365404055506
0.6B,108,5.156931785701571,0.8199571882331668,4.336974597468403,2.527374640255905,0.2606026880779156,2.3419702933217867
0.6B,109,5.098422134240677,0.822228396544894,4.276193737695783,2.4503745258517844,0.25815934904530885,2.2686809974194913
0.6B,110,4.936057058840638,0.8009143890999897,4.135142669740649,2.5395638615432112,0.27883383256165195,2.3342735336795815
0.6B,111,4.84122129665251,0.797710514820181,4.043510781832329,2.451941288698523,0.27196306535158926,2.2559370883855476
0.6B,112,5.100002260174981,0.8042295592661413,4.29577270090884,2.59696756760854,0.27909966672192166,2.3885156154841827
0.6B,113,4.933638563691539,0.7991012625002236,4.134537301191316,2.4992877010831758,0.2715013769766945,2.3030761605970604
0.6B,114,4.870740181066355,0.7920242370329182,4.078715944033436,2.4854965156849667,0.28373150974467476,2.2744073653491106
0.6B,115,5.048330117894699,0.8117195127407424,4.236610605153955,2.531720125319331,0.2750598459396901,2.3306000645224176
0.6B,116,4.990525866348329,0.8080336390429889,4.1824922273053415,2.561722088807891,0.2739477810965518,2.3626218780660264
0.6B,117,4.885203203573331,0.8021512585506431,4.083051945022689,2.529493087517228,0.2723654721497927,2.338391843292872
0.6B,118,5.061038868544255,0.8054842997521583,4.255554568792096,2.5130319082202868,0.2788988951560761,2.3011942257180507
0.6B,119,5.133885837961072,0.815781177998045,4.318104659963026,2.568472032775542,0.26418393257255834,2.3825475588933354
0.6B,120,5.136513573954998,0.8131759655035388,4.32333760845146,2.5685635910719373,0.2680075376771704,2.377059868196205
0.6B,121,5.058916155698268,0.7954052844085948,4.2635108712896725,2.5710179363989645,0.27822607025567164,2.3612775796815293
0.6B,122,5.003537649472046,0.7948003610433312,4.208737288428714,2.5734220306030884,0.2813004177407603,2.36208241119473
0.6B,123,4.76714227696558,0.7857252152925787,3.981417061673002,2.5486307726216477,0.2881924776074796,2.3342662522084594
0.6B,124,5.200356272566073,0.8249572097747077,4.375399062791366,2.3882487453546757,0.24409982707793576,2.2136789414446825
0.6B,125,4.968482977443608,0.8034656437696026,4.165017333674005,2.6159328404542324,0.2781198825672652,2.413632146874577
0.6B,126,5.097294999708127,0.8110017643872248,4.286293235320902,2.5565302867860247,0.26407911553447566,2.364285251658991
0.6B,127,4.99595599465172,0.7943769065896766,4.201579088062042,2.5605268239563324,0.27863885978751346,2.349704202372301
0.6B,128,5.010746604575187,0.7982200626128656,4.212526541962322,2.572234326876631,0.2768958293792173,2.3721070679833325
0.6B,129,5.186043042561478,0.8212851640077532,4.364757878553724,2.53349174587144,0.26197270493801605,2.348540746585335
0.6B,130,5.030827081680081,0.8079124348264991,4.222914646853582,2.5053612076081886,0.268235974454037,2.310614194974034
0.6B,131,5.07999717294602,0.806202210976731,4.273794961969288,2.4980605019724367,0.269609419910679,2.296395269376642
0.6B,132,5.058896218141806,0.8138213632704671,4.245074854871338,2.509718739779033,0.2606385309913578,2.3279851021954983
0.6B,133,5.227823100242638,0.8257604458787929,4.402062654363846,2.493685933470347,0.24942381629552524,2.3176852495279125
0.6B,134,4.960960801865595,0.7818341661214003,4.179126635744195,2.5583322087748788,0.2897380162304256,2.337201962844365
0.6B,135,4.902259136099435,0.8029928531684772,4.099266282930958,2.4955098213129627,0.27391220177735925,2.29722680930393
0.6B,136,4.942920161149625,0.8070918107285698,4.135828350421056,2.5090685541095428,0.26140594764962344,2.3211870077957677
0.6B,137,5.180435850292764,0.8229866873597962,4.357449162932969,2.477696844175907,0.25429024613784595,2.2980749906962945
0.6B,138,5.204746114119633,0.8273954759362422,4.3773506381833895,2.544692188397491,0.2576374514739102,2.356444049714866
0.6B,139,5.106310087330155,0.8045798192345093,4.3017302680956435,2.583956008123999,0.28410606857126064,2.3719115226371854
0.6B,140,5.082251081311497,0.8086749756462178,4.273576105665281,2.5887818768909976,0.2680503981646569,2.39809131643099
0.6B,141,5.103876200041682,0.8196529951575144,4.284223204884169,2.4920742467021872,0.2663079863109817,2.300725105029048
0.6B,142,4.9493271312399445,0.7967641135238115,4.152563017716134,2.6582324660595855,0.2771677904827329,2.4607775486606145
0.6B,143,4.968705199548198,0.8017285542082324,4.1669766453399655,2.5845575121921915,0.27631546353237524,2.3903982709581033
0.6B,144,5.1190247361728405,0.8117063554232022,4.3073183807496385,2.655506358055348,0.27661228659499754,2.455041297940571
0.6B,145,5.040848871286028,0.801583662951053,4.239265208334975,2.6668300502558635,0.273053798806824,2.4677627882037876
0.6B,146,5.257988619441989,0.8218279370774232,4.436160682364568,2.598191563629149,0.2675196895223974,2.40355626563841
0.6B,147,5.060953352288766,0.7960272155383761,4.264926136750389,2.578960008475114,0.28098202952501783,2.3664666948777144
0.6B,148,5.130286292185979,0.803991088051862,4.326295204134117,2.638169831686076,0.2739134643254794,2.438294609191125
0.6B,149,4.981824226887254,0.8180520939485288,4.163772132938726,2.4882394913593733,0.2598180439478777,2.307359184688372
0.6B,150,5.069374762169985,0.8053463134623384,4.264028448707648,2.6149680186665,0.26955514669567043,2.4179885867766617
0.6B,151,5.081663493056606,0.812177070175832,4.269486422880772,2.592632122532098,0.2674415787930761,2.402199311691791
0.6B,152,5.027461047856022,0.8159266998561998,4.211534347999822,2.5172040356997973,0.2616207940747032,2.3352150720608797
0.6B,153,5.097792255971431,0.8231769266137985,4.2746153293576326,2.5170683473048383,0.25476143054889566,2.340581367670181
0.6B,154,5.12546160184936,0.812492890018746,4.312968711830614,2.61876008078996,0.2779179155869941,2.4155197829842874
0.6B,155,5.251045960614431,0.826850637214416,4.424195323400015,2.5640507664373975,0.26222033836697517,2.3749273644024167
0.6B,156,5.147632641316077,0.812200160575046,4.33543248074103,2.6732873968421385,0.263508979193092,2.4832574842129334
0.6B,157,5.220768655514259,0.813271252433885,4.407497403080374,2.582857065342178,0.26333117201495115,2.395152127366464
0.6B,158,5.049086373610527,0.80502850697013,4.244057866640397,2.5896834017481236,0.26764904448104526,2.397758348786494
0.6B,159,5.306656284492331,0.8223164048221058,4.484339879670226,2.5146575241405658,0.24763220336112893,2.337573359412361
0.6B,160,5.178275760403322,0.817264540742972,4.36101121966035,2.500933291145862,0.26856092043358004,2.3080744555750945
0.6B,161,5.314436280054377,0.8174630437853103,4.496973236269065,2.5438972286456334,0.2579347706952779,2.351960656885385
0.6B,162,4.8371537356989665,0.7888049048334617,4.048348830865504,2.5261695057965596,0.27753699843344803,2.3163647707518997
0.6B,163,5.150877208387691,0.800389315109308,4.350487893278381,2.6426282076527623,0.2730381977321852,2.4405397665831825
0.6B,164,5.082788656619505,0.8025309065428202,4.280257750076685,2.6425468418497142,0.2743760699853134,2.439413024031853
0.6B,165,5.140168275247655,0.8212590735243409,4.318909201723313,2.5041203207714053,0.25927863786605315,2.319970828734434
0.6B,166,5.301782011776105,0.827119737677085,4.4746622740990185,2.589943228312308,0.24498324659270734,2.4160903147395514
0.6B,167,5.106918405968878,0.814273819371724,4.292644586597155,2.485613460501749,0.26814184049693507,2.2939455356111234
0.6B,168,5.259219230541205,0.8265193254480594,4.432699905093145,2.5856268347221754,0.2525842562958718,2.404665666325577
0.6B,169,5.378187576929864,0.8238821507602185,4.554305426169646,2.6199908906115206,0.261671452820752,2.4279716753567686
0.6B,170,5.015127259740437,0.8042405661509391,4.210886693589497,2.567980563742124,0.27520189456772126,2.3671857345052105
0.6B,171,5.238818894711953,0.8099429284027747,4.428875966309178,2.6196401902183846,0.2716338627689144,2.420582215373718
0.6B,172,5.232255484909764,0.8259417214920601,4.406313763417705,2.5245964942159906,0.24287163277028873,2.35717406184027
0.6B,173,5.061147481643347,0.8008686224608031,4.260278859182543,2.5808867215823055,0.27944021027903954,2.3750156727944005
0.6B,174,5.122509622236715,0.8143148971529116,4.308194725083803,2.5735805480113374,0.2726336595268868,2.3764230152698946
0.6B,175,5.221434703362267,0.8272325767790677,4.394202126583198,2.5227031386366563,0.24984991642713852,2.348803418624074
0.6B,176,5.3187869266383805,0.8166468695783324,4.502140057060047,2.6110951389800676,0.26756496192523804,2.4134931955765055
0.6B,177,5.428895548449007,0.8271453060163164,4.601750242432692,2.5786886906548268,0.24724237746180175,2.4044345585133073
0.6B,178,5.137436148069385,0.8095219199512297,4.327914228118155,2.611464428615264,0.2656543492978752,2.4186795787765134
0.6B,179,5.428817733311951,0.8244394241058448,4.604378309206108,2.665002406572179,0.25788691241933914,2.480464652105844
0.6B,180,5.1812762343421745,0.8235745584494563,4.357701675892718,2.5229788778559907,0.24832273073048955,2.3526081692007184
0.6B,181,5.242762415733217,0.8331382182212415,4.4096241975119765,2.4449722420324083,0.24506323386921489,2.2786253986960667
0.6B,182,5.3074845383189855,0.8344052406333787,4.473079297685607,2.534250708101587,0.25224624754276714,2.3537328964198156
0.6B,183,5.040393315781748,0.7983332732561359,4.242060042525613,2.5728105179802023,0.27726912145687316,2.3683625723467667
0.6B,184,5.136146040865797,0.7990645934383289,4.337081447427468,2.5751449911487683,0.27108838931548074,2.366413864790544
0.6B,185,5.172781367570359,0.8184677257145603,4.354313641855799,2.5664638811878855,0.26374759164098566,2.3796469438474883
0.6B,186,5.054394262921832,0.8091038156207571,4.245290447301074,2.5652247848359777,0.26372740370857833,2.379929569275081
0.6B,187,5.321107799263363,0.8214409808710051,4.499666818392357,2.6211389753490484,0.27291485815550426,2.423000804430597
0.6B,188,5.210933014875768,0.8279568012744835,4.382976213601284,2.5025401951446025,0.2548564415507664,2.320674023170022
0.6B,189,5.2291272348244,0.8197750435835948,4.409352191240806,2.5571567739979537,0.2626203270457761,2.362132489011795
0.6B,190,5.260629650337036,0.8157627869300534,4.444866863406983,2.5906227849221013,0.27330370004265075,2.3932068395208765
0.6B,191,5.167053135588422,0.8207177942575913,4.346335341330832,2.6174373569694884,0.25750348402985784,2.4387296172440145
0.6B,192,5.11737621830841,0.8106681061142589,4.306708112194152,2.5805180053983285,0.2732752205277314,2.3831390949327997
0.6B,193,5.2251509220083845,0.8156195518481342,4.409531370160251,2.654470039660831,0.2671085798256444,2.467332047464588
0.6B,194,5.2592050338016945,0.8301724508864252,4.42903258291527,2.5366619228715557,0.24366218960445304,2.3672125760355502
0.6B,195,5.171440558634548,0.8140191953077931,4.357421363326755,2.5246666825893196,0.2627191342754356,2.3314996641921653
0.6B,196,5.125930813387883,0.8074070540476197,4.3185237593402634,2.5918601355964337,0.26927685387583583,2.4010794220501843
0.6B,197,5.386449393207743,0.8317524441771039,4.554696949030639,2.447525215872144,0.25220390991733127,2.2685125102443133
0.6B,198,5.3457437785754784,0.8285614017295694,4.517182376845909,2.458035429101293,0.25277196700397003,2.2745167062278964
0.6B,199,5.352064842473628,0.825440868965945,4.526623973507681,2.5020877571271396,0.259382522700192,2.316791235904714
0.6B,200,5.154859097492878,0.8081146412536764,4.346744456239201,2.6536462303013986,0.2844144697876168,2.442112305960902
0.6B,201,5.267271781532312,0.8133927894669638,4.453878992065349,2.578377637825418,0.27159597966001714,2.372768566770238
0.6B,202,5.097574695547661,0.8037561465270856,4.293818549020574,2.625450907202318,0.290136489246172,2.4116952082050127
0.6B,203,5.154944454143366,0.8350846220767603,4.319859832066605,2.5423381492442276,0.24874090081976744,2.3739546266941125
0.6B,204,5.125615648625207,0.8097505584701833,4.3158650901550235,2.5957296270994896,0.27025923308443306,2.3930841527484876
0.6B,205,5.099901844985662,0.8018610551409704,4.298040789844692,2.64198439753644,0.27632244698693914,2.4358956355117662
0.6B,206,5.1432610253633415,0.8065156737153288,4.3367453516480134,2.5984982207399487,0.2762249722175797,2.3948586587443694
0.6B,207,5.20029917885634,0.8101498888617542,4.390149289994585,2.5965473327897657,0.2739269088033794,2.392795546226704
0.6B,208,5.185397698404173,0.7918794143237765,4.393518284080398,2.717630198983127,0.2841862358552266,2.5043505355655795
0.6B,209,5.36815806726016,0.8196830776695324,4.548474989590629,2.609297207251185,0.2628689315835623,2.416129702252287
0.6B,210,5.364066125471952,0.8327628128884534,4.531303312583499,2.5887133462815926,0.25061846706800855,2.410991285552124
0.6B,211,5.248138728120807,0.8084277635731199,4.439710964547689,2.626256591383399,0.2698592232338746,2.4215984362741874
0.6B,212,5.393654659600317,0.8296915615007401,4.5639630980995785,2.6098198681206624,0.25649367008930835,2.424518590275284
0.6B,213,5.038735419434182,0.7853666944259744,4.2533687250082055,2.6832935318988964,0.288096708861506,2.462261880137098
0.6B,214,5.256106931079328,0.8159438158613114,4.4401631152180165,2.606828769104077,0.2606374353277477,2.4167745721410725
0.6B,215,5.431714371486734,0.8337179754099451,4.5979963960767885,2.609538973425515,0.25390022083080654,2.4284057016501235
0.6B,216,5.227588287187402,0.8166691813656048,4.410919105821797,2.5949309428076335,0.2633970493710505,2.4075243989274693
0.6B,217,5.350147231601153,0.8148365924500715,4.535310639151082,2.682491920128618,0.2718983364227874,2.4790370623753635
0.6B,218,5.184469949945015,0.8257192613724027,4.358750688572613,2.562548809926608,0.253736002802786,2.385469974273656
0.6B,219,5.191881398040889,0.8120277993258657,4.379853598715023,2.621995312344392,0.2766319575849347,2.424770363389992
0.6B,220,5.463829564284328,0.8333160809427601,4.630513483341567,2.597945309434918,0.25768058588766857,2.415612164633794
0.6B,221,5.231667702039602,0.803658535939021,4.428009166100581,2.735837507808817,0.2787063345756726,2.528153661949688
0.6B,222,5.1855420638346335,0.8127509619743484,4.372791101860285,2.6564714294108116,0.2734755904265381,2.4602248331685663
0.6B,223,5.266977772334799,0.819258920722635,4.447718851612163,2.56756823661368,0.26832772057601156,2.3715365254053493
0.6B,224,5.363848154289421,0.8263069981729347,4.537541156116488,2.545213207462856,0.2573584293869076,2.3620283864929448
0.6B,225,5.406377027340492,0.8315103082226012,4.57486671911789,2.616825599013043,0.2441940854609937,2.448368498423307
0.6B,226,5.386332348294517,0.82433966439727,4.561992683897247,2.615944777734564,0.26606993978140503,2.4226042973078106
0.6B,227,5.284183781969756,0.8142078391669288,4.469975942802827,2.6675084689851243,0.26865096528673,2.467000840820367
0.6B,228,5.06482812661921,0.7971539908821442,4.267674135737066,2.621804317908628,0.27863529270313414,2.4131199021074043
0.6B,229,5.204485485525536,0.8125797374201352,4.391905748105401,2.6181176138756905,0.2693342890847587,2.4230839271184195
0.6B,230,5.272496598152702,0.811455145980488,4.461041452172213,2.663468547840542,0.2696335752908156,2.4655695440213883
0.6B,231,5.252314106362354,0.8185795638366533,4.4337345425257,2.6314916787399083,0.2653939351287351,2.442956584832128
0.6B,232,5.262152687679582,0.8087694482047998,4.453383239474781,2.7654637412588716,0.2848555382600486,2.554053787659369
0.6B,233,5.251314590988221,0.8163347870939572,4.434979803894262,2.64676513908206,0.2724867110810367,2.445929705218069
0.6B,234,5.084876736590938,0.8076340953684804,4.2772426412224585,2.6795055280925806,0.27587786390434066,2.481144165560484
0.6B,235,5.378017002898956,0.8300489559276641,4.547968046971292,2.5950590440064625,0.25397070291819634,2.411664009815581
0.6B,236,5.210027314293564,0.8181990322388892,4.391828282054674,2.6337398987000253,0.26784550192122264,2.4400158033749038
0.6B,237,5.414111146226725,0.8327207245547346,4.5813904216719905,2.682137940349475,0.2528951331697247,2.501148626227005
0.6B,238,5.40760241193768,0.8257720062216327,4.581830405716046,2.615339672966482,0.2561665496896392,2.4322931556410845
0.6B,239,5.377545788024387,0.8331325395771044,4.544413248447283,2.5367606265544667,0.24925749073796008,2.3612954296442816
0.6B,240,5.3494505828283065,0.8296674994021901,4.519783083426118,2.61240417625218,0.2521323954195047,2.437834198068753
0.6B,241,5.601833646060151,0.8477471339589008,4.75408651210125,2.507238852604498,0.23867665553955714,2.3384855349399434
0.6B,242,5.316406277535072,0.8166341836859093,4.499772093849163,2.6751959884693974,0.2694126591408596,2.4754431768700895
0.6B,243,5.3275119383532745,0.8103735455183712,4.5171383928349025,2.632346586206858,0.26813133906783615,2.4326972491581142
0.6B,244,5.418985547693995,0.830241813548524,4.588743734145471,2.6425989180022738,0.2630245135720133,2.4543702290828424
0.6B,245,5.30765739520523,0.8157458518564883,4.491911543348742,2.6095130978114405,0.2615164088587724,2.4178110409228664
0.6B,246,5.709644163516188,0.8525000284457663,4.8571441350704205,2.4776364688261885,0.22662097135870482,2.3218257192983374
0.6B,247,5.447470331354821,0.8317494489900187,4.615720882364801,2.6229243554527413,0.2538828437807358,2.4389952047145043
0.6B,248,5.310074603105757,0.8185570305173406,4.491517572588416,2.65491277067034,0.266505701089314,2.463054229984284
0.6B,249,5.364548427861842,0.8331638019622165,4.531384625899626,2.5925641184323855,0.2529970040627695,2.412017546845063
0.6B,250,5.53508744944315,0.8392002515241418,4.695887197919008,2.557694855286998,0.24570034631394544,2.3869484726792227
0.6B,251,5.4604171351553905,0.8420515904206024,4.618365544734788,2.6412543864356506,0.25033581214148476,2.472367259498492
0.6B,252,5.424394534428276,0.8227125657708979,4.601681968657378,2.587458930681736,0.2526815571712493,2.4001212974333197
0.6B,253,5.676196661036693,0.8502507068589444,4.825945954177749,2.5562520333083567,0.2446560494233242,2.3830475892444234
0.6B,254,5.510256231843235,0.8201400134765096,4.690116218366725,2.728795890962821,0.2596866589001431,2.5343267253798056
0.6B,255,5.479250619915155,0.8485224735550059,4.630728146360149,2.540725367479632,0.2236889907556051,2.391291987388284
0.6B,256,5.543645492864584,0.8440928810042512,4.699552611860334,2.5643908026984867,0.23489123161977704,2.401806655041426
0.6B,257,5.622978591197895,0.849895607743208,4.773082983454688,2.6346188082024864,0.2388740208720911,2.4657502818570194
0.6B,258,5.427063515668043,0.8441932978676209,4.58287021780042,2.5047489857240386,0.23436996629528292,2.3479527568930996
0.6B,259,5.383616826477611,0.8371005246833545,4.546516301794257,2.6438248525999377,0.2454798571712065,2.471517819436893
0.6B,260,5.463787872092233,0.8393815375026386,4.624406334589593,2.59342074921228,0.24637850088959026,2.4232496042619345
0.6B,261,5.540306332293052,0.8449749219799153,4.695331410313138,2.528408282773923,0.24703406665009062,2.3561889396769202
0.6B,262,5.364467631333355,0.8211169445797691,4.543350686753586,2.6141307699187646,0.26359351021373706,2.425826057929736
0.6B,263,5.373899818200499,0.8280285650989566,4.545871253101542,2.7302058460372045,0.26609535012510155,2.5437415945201134
0.6B,264,5.608091851998326,0.8581792273857496,4.749912624612576,2.594257358505347,0.22480894405876892,2.447823413595001
0.6B,265,5.794532125909823,0.8620771893132331,4.93245493659659,2.5175134616713377,0.22312529298731232,2.3692756635498626
0.6B,266,5.427568589967905,0.8270681465163835,4.600500443451521,2.6448194923813,0.2532964619098231,2.464331444326152
0.6B,267,5.408738744762993,0.8224898143839033,4.58624893037909,2.614014220572967,0.25492177420588163,2.4282177274300505
0.6B,268,5.222162518911718,0.8301073648886348,4.392055154023081,2.527395086028633,0.25510548357461116,2.348324186796623
0.6B,269,5.407701811935915,0.8269038497485002,4.5807979621874155,2.548103249052772,0.24533321201048772,2.3739732944981986
0.6B,270,5.356733275292337,0.8050928425275576,4.551640432764779,2.732601655635006,0.27077139341663303,2.525535087622549
0.6B,271,5.525875585292761,0.8314510236069597,4.694424561685801,2.6546375536762823,0.25773413082100166,2.462448714138179
0.6B,272,5.420549344416594,0.8310545436122706,4.589494800804322,2.6782911727367433,0.2637472602448297,2.4882446218896357
0.6B,273,5.299619546132933,0.8209850828799747,4.478634463252959,2.643792059353624,0.2645033896703711,2.4545526042317274
0.6B,274,5.095169520768225,0.7958715591427846,4.299297961625442,2.6805053476786704,0.2823932587588814,2.4711367695256055
0.6B,275,5.322644137483318,0.8240665250475536,4.498577612435765,2.678814591402409,0.25896880054897775,2.4964788785266316
0.6B,276,5.53019309912552,0.8373374028006483,4.692855696324871,2.5897720493263034,0.24780266992593855,2.4104449575193008
0.6B,277,5.306120887545604,0.8104670773047766,4.495653810240827,2.675925709569926,0.2642379921825466,2.483351185536407
0.6B,278,5.274095367563467,0.8220986086790829,4.451996758884384,2.5662878269057217,0.25731739348885313,2.386714064906825
0.6B,279,5.38962724842625,0.8322081004334086,4.557419147992842,2.566613601097463,0.26160982608733213,2.3800205127280925
0.6B,280,5.406727732544105,0.8315416759795334,4.575186056564571,2.5950353577801506,0.25105669836523203,2.42334521791852
0.6B,281,5.392832289199101,0.812703535844468,4.580128753354633,2.717664813723641,0.2700590035130479,2.5126564840693577
0.6B,282,5.483489054226538,0.8267967024727989,4.6566923517537395,2.653664058741096,0.25971107830278606,2.4675870012883636
0.6B,283,5.580864405335158,0.8414995579738321,4.739364847361328,2.5627981222803426,0.23773291667813107,2.3934912500197347
0.6B,284,5.514502758500185,0.8334792313342865,4.681023527165896,2.5721423141492985,0.24781454626505683,2.3960747514032765
0.6B,285,5.596991234893444,0.8445689667081632,4.7524222681852795,2.553626082009749,0.24372874713837406,2.3815879395267463
0.6B,286,5.463913864152494,0.8258319665155197,4.638081897636976,2.688227815345448,0.26000488099793195,2.4980906272293617
0.6B,287,5.4826770468214985,0.8223889998706623,4.660288046950837,2.6202905048720524,0.25913229041053015,2.425675971935903
0.6B,288,5.516160736736979,0.8338368137051412,4.682323923031839,2.623409371029681,0.2544431158916396,2.438090332210819
0.6B,289,5.522179649189054,0.8441914653717388,4.677988183817315,2.6863855057171566,0.24527258971132102,2.5163736674381245
0.6B,290,5.512137830059657,0.8357094962656777,4.676428333793979,2.628559448707489,0.24791169871931323,2.4510323344344007
0.6B,291,5.622541965812281,0.8352839717045181,4.787257994107763,2.7543421468340537,0.2634948054618713,2.5646802829366573
0.6B,292,5.45556132646818,0.8256838549818718,4.629877471486309,2.599584293799542,0.2600835795990376,2.4125366617511683
0.6B,293,5.476594857176904,0.827188847128536,4.649406010048368,2.6660083553812033,0.2510787281949751,2.4811827784235563
0.6B,294,5.433262708215368,0.8350444920350554,4.598218216180314,2.5685545953521194,0.24431951662101398,2.4007249265669084
0.6B,295,5.3180257268328495,0.8210419328732584,4.496983793959592,2.6613764663541466,0.2548170395045792,2.4822421472887655
0.6B,296,5.726347613839198,0.8416605603798871,4.884687053459313,2.705484216312674,0.24717680727957922,2.5274019161729346
0.6B,297,5.440856020911665,0.814832886914536,4.626023133997132,2.6802788303674223,0.27452244926971053,2.474660554103586
0.6B,298,5.41242108275778,0.8123336624538875,4.600087420303892,2.7171234796620993,0.27424628811628143,2.5100212179524064
0.6B,299,5.360023103368374,0.8117581938753904,4.548264909492983,2.7603945670162595,0.27798873482478687,2.5600284114029845
0.6B,300,5.358389190287114,0.8190767567087885,4.539312433578324,2.699233899808255,0.27408911484191945,2.4993851765009754
0.6B,301,5.543136354217397,0.8348974799924287,4.7082388742249695,2.713189465173714,0.2500913287863097,2.5384414721155197
0.6B,302,5.4102717535570175,0.8312710824291324,4.579000671127884,2.7702330577477965,0.271834097759674,2.5769256556350437
0.6B,303,5.4949084372730645,0.826061251377661,4.668847185895404,2.6746252828864776,0.26117737921084566,2.4850801967451837
0.6B,304,5.704040662236761,0.8507929281874727,4.8532477340492886,2.598827746278277,0.2407770497720925,2.4270908103310447
0.6B,305,5.46850512901111,0.8260385272181547,4.642466601792956,2.690389304477642,0.2571391178892086,2.5061111856710876
0.6B,306,5.412087577129917,0.8249881384755552,4.587099438654362,2.648910234428802,0.2520957138347759,2.470670044198382
0.6B,307,5.690232183905839,0.8394326335163952,4.850799550389443,2.6968748876557926,0.25270544039170784,2.518403356487442
0.6B,308,5.493188746199881,0.8396840285770241,4.653504717622857,2.6422801134628333,0.24737756253932724,2.471227126420331
0.6B,309,5.546530368314114,0.8345813671432288,4.711949001170884,2.7051102150225055,0.2524575892844371,2.5284501413832374
0.6B,310,5.5008591988405175,0.829755944759069,4.671103254081448,2.6765185744745743,0.2557030800521801,2.4913593769354745
0.6B,311,5.4473365809709815,0.8316913875865162,4.615645193384465,2.651082849999245,0.25423200353726805,2.4695605259950213
0.6B,312,5.523092400855166,0.8541304215966087,4.668961979258558,2.535149981607319,0.22764960722889327,2.3868238710712433
0.6B,313,5.454959805570207,0.8336353828717392,4.621324422698467,2.6866233893277367,0.2530380948884307,2.509719178386526
0.6B,314,5.370632766419761,0.8209891977787251,4.549643568641035,2.685986483237087,0.261826942561204,2.499405354770495
0.6B,315,5.617600503902574,0.8506335129754055,4.766966990927169,2.5522627178848887,0.233580439260093,2.3922641212349083
0.6B,316,5.67198423138458,0.8383060603732579,4.8336781710113215,2.656130058492932,0.24831787879504905,2.479414857365437
0.6B,317,5.5768157204348325,0.8381150773076605,4.738700643127171,2.6262063128768856,0.24412541653079506,2.4502514582431414
0.6B,318,5.6157467160563606,0.8448916664124588,4.770855049643901,2.5800509401704574,0.23482878790106843,2.4150153171888062
0.6B,319,5.583133386957127,0.8323857940612845,4.750747592895844,2.5758086778495812,0.25097084636622746,2.3942024405342837
0.6B,320,5.641745775488009,0.8510226414623405,4.790723134025668,2.5669184278316433,0.2441142605483233,2.3968543930034176
0.6B,321,5.603568648110891,0.8427601799664717,4.760808468144419,2.630752583328262,0.24102260379303464,2.4609707790122495
0.6B,322,5.590106360321987,0.8443424516462551,4.74576390867573,2.6361894097439,0.24533103077424434,2.465844409554456
0.6B,323,5.615485035256534,0.8364555818315919,4.7790294534249425,2.7127502763910996,0.24964670773366968,2.5345646638548804
0.6B,324,5.536746784947587,0.8256350272875447,4.711111757660041,2.673512125300234,0.2606396305501133,2.4823754600261503
0.6B,325,5.4835208543135545,0.8255077422627033,4.65801311205085,2.5963705384507674,0.2460460746810307,2.4171871107642544
0.6B,326,5.510260790585264,0.8212501663891697,4.689010624196092,2.6866001158942514,0.26540284853325186,2.486373001888568
0.6B,327,5.511257937172793,0.8318930331334362,4.679364904039358,2.661128009220093,0.25556406188919506,2.4796633164925184
0.6B,328,5.7083117182127,0.8533460560508072,4.854965662161892,2.505664449568998,0.23671414603312194,2.342555559201146
0.6B,329,5.644338721366763,0.8395835506087542,4.804755170758009,2.7296681470385584,0.2562298967238354,2.5463225269479173
0.6B,330,5.689207834570935,0.8377559394554714,4.8514518951154635,2.7304845458335443,0.25607425195071787,2.544772063699134
0.6B,331,5.545842270568609,0.836508453698487,4.709333816870121,2.745424796936094,0.24865345551639564,2.567453946929492
0.6B,332,5.619568306278875,0.8294564382110311,4.790111868067845,2.7825640929787103,0.26266556017633197,2.595108011561776
0.6B,333,5.585411897598299,0.829941113747372,4.755470783850926,2.6466070234486194,0.2530792937209849,2.4572412202480667
0.6B,334,5.6340878388520075,0.8398023208463544,4.794285518005654,2.6798817021990806,0.2499898190501524,2.4966842110010643
0.6B,335,5.451037461880925,0.8271870766788197,4.623850385202106,2.606076462355383,0.25926724143045793,2.419657609641627
0.6B,336,5.59579945626074,0.8426917235986866,4.753107732662053,2.6997990723421803,0.24762992184564575,2.530314409579406
0.6B,337,5.687044171669364,0.84404844650072,4.842995725168645,2.6599209667110397,0.2417659800473858,2.490490059190341
0.6B,338,5.393697293722246,0.8253434202801753,4.568353873442072,2.6657696862071028,0.2644722920824629,2.474793147333915
0.6B,339,5.599891107526552,0.8226233436482859,4.777267763878266,2.7460837778944316,0.266927520221961,2.5476092654773694
0.6B,340,5.744076524114951,0.8435294281538384,4.900547095961114,2.5903476432706363,0.23050120509782138,2.425649016538421
0.6B,341,5.537550511030165,0.8318265731453355,4.70572393788483,2.6273495078383116,0.25405270317087675,2.4413154610483287
0.6B,342,5.539270689496922,0.8289840328657505,4.710286656631172,2.656636274713421,0.2612638556667981,2.4656505335609706
0.6B,343,5.845814073685342,0.8550424294709795,4.990771644214363,2.6540802921172832,0.23691646244718023,2.4933542584674417
0.6B,344,5.5509154663224445,0.836941649168346,4.7139738171541,2.6283357747049085,0.25066825736529463,2.4498390771504943
0.6B,345,5.515285002578595,0.8262516960525577,4.689033306526038,2.6876196076488985,0.25761049605755704,2.5027287352131378
0.6B,346,5.3700411720046715,0.8211502901068136,4.548890881897857,2.629311942780302,0.26357965013139717,2.4398068886167263
0.6B,347,5.5203065955408475,0.8276763056412911,4.692630289899556,2.755640672785315,0.2591342131437933,2.567729539305138
0.6B,348,5.668935160656489,0.844022631683142,4.824912528973347,2.6249837532457247,0.24488374523155956,2.45029727831871
0.6B,349,5.54517237490969,0.8327541816170705,4.712418193292621,2.696356391270314,0.2539150570077154,2.513228200379256
0.6B,350,5.626139071230883,0.8464595917865201,4.779679479444363,2.6105095634175925,0.24696673159453644,2.43697427366109
0.6B,351,5.53880575345176,0.8316737817232345,4.707131971728525,2.723390660793537,0.2530210566374574,2.5372224590620855
0.6B,352,5.499866519645439,0.8266149248512767,4.673251594794162,2.736390596345791,0.2633143667310621,2.545512955352994
0.6B,353,5.600071995419593,0.8338078319160125,4.766264163503581,2.7167323837429587,0.26758342142200564,2.5250305798546635
0.6B,354,5.564040918217903,0.8393670683676492,4.7246738498502525,2.6110788748222893,0.2471688748171542,2.4385501132181484
0.6B,355,5.6495286102972715,0.8349026139664963,4.814625996330775,2.6964499237240935,0.24444043425415926,2.521657729576355
0.6B,356,5.464468396089833,0.8305681030871497,4.633900293002684,2.6786983957006743,0.24874525183041568,2.5047685804631112
0.6B,357,5.616023777547314,0.8402361754844664,4.775787602062848,2.706774290580713,0.25376069348423497,2.5273258951887847
0.6B,358,5.509203911409362,0.8198875645837432,4.689316346825618,2.770213225004018,0.2717900945549985,2.5693498078877317
0.6B,359,5.595543411969571,0.8394766861261816,4.7560667258433895,2.677115135820196,0.2484549894425077,2.500156020675104
0.6B,360,5.607772080548624,0.8280100328968429,4.779762047651781,2.7624406734807847,0.2613746516320658,2.5694908684156403
0.6B,361,5.616725442204417,0.8381614045320895,4.778564037672327,2.7350152022205245,0.25851207959717537,2.5493205304966886
0.6B,362,5.7281145360738535,0.8542784040514476,4.873836132022406,2.631151233344211,0.23484743807183084,2.471958563843908
0.6B,363,5.766960599699943,0.8439221805647098,4.923038419135233,2.6874498005466503,0.24065076554790366,2.516280656203549
0.6B,364,5.699562422566845,0.8413209213985061,4.858241501168338,2.6554844682675345,0.23370981232752822,2.486318807688188
0.6B,365,5.778296963864164,0.8485627392076847,4.929734224656478,2.6765747275863245,0.24271086391121244,2.5046966070370638
0.6B,366,5.621492221901976,0.8310255535900297,4.790466668311946,2.683592011303684,0.2596984265943379,2.494966487841773
0.6B,367,5.531771695213053,0.8243040950144839,4.70746760019857,2.7705133940590114,0.26555667963298174,2.574441277355136
0.6B,368,5.276973413121427,0.8085662372329665,4.468407175888459,2.692893228997333,0.2705411792912646,2.4943773403812415
0.6B,369,5.489169206162233,0.8203695832790824,4.6687996228831485,2.733134369811379,0.26812268799149547,2.5348835581094162
0.6B,370,5.6359408766975445,0.8388348269657703,4.797106049731773,2.6166483131286826,0.24810938367231888,2.4421536853515273
0.6B,371,5.627683834147521,0.8429102181061456,4.784773616041376,2.7141139660092195,0.25757262016021176,2.531493668828718
0.6B,372,5.589991727514786,0.8233965086550681,4.7665952188597185,2.744028124813641,0.2642555763462331,2.5498979594169984
0.6B,373,5.503485369175057,0.8263786955218113,4.6771066736532445,2.768474545333482,0.25383230285442443,2.5819882518521347
0.6B,374,5.578379245726799,0.8293128015215507,4.749066444205249,2.712310519541873,0.2671581467453935,2.5190149957634804
0.6B,375,5.611942347324312,0.844161134462594,4.76778121286172,2.604569368524425,0.23195303900623504,2.4485814020439234
0.6B,376,5.659886257444259,0.8386602244702499,4.82122603297401,2.709115647720245,0.2525591430576245,2.5265116721005985
0.6B,377,5.6153614082568435,0.8324574731070222,4.782903935149821,2.725510787654233,0.2513736692681043,2.542926513579978
0.6B,378,5.540507747943222,0.8312366626651649,4.709271085278058,2.699048488657801,0.2512973006360617,2.517010013917457
0.6B,379,5.520214170311025,0.8302975966643921,4.689916573646632,2.647719341316121,0.2588709949797437,2.4623558758338224
0.6B,380,5.710377669495329,0.838617529619778,4.871760139875551,2.7681066335700626,0.26121242123469196,2.581932293443671
0.6B,381,5.626143383067041,0.8347247679844595,4.7914186150825815,2.8473923199421063,0.25432137048330467,2.6668002727430165
0.6B,382,5.501101266484055,0.8298498315189236,4.67125143496513,2.7373709575007967,0.2583039980726342,2.55875292049508
0.6B,383,5.5656833140324125,0.8138526382392358,4.751830675793176,2.818406122457686,0.28757694102722303,2.5994588208526572
0.6B,384,5.501843938326524,0.8203417713818423,4.681502166944682,2.8091128815018616,0.25492587410202183,2.62588549158118
0.6B,385,5.821257011927606,0.8363253725676395,4.984931639359965,2.7556300235990245,0.24281452771395245,2.5762309377369643
0.6B,386,5.88880560781979,0.8524146764145012,5.03639093140529,2.683187340339268,0.23350801889013473,2.5166932842119465
0.6B,387,5.643845192144583,0.8307235155416114,4.81312167660297,2.6914704293678,0.26051116203042735,2.500605025394743
0.6B,388,5.537104317585435,0.8243292110038363,4.712775106581598,2.799825115415882,0.26596763122555356,2.6109910734965696
0.6B,389,5.6394212236909125,0.8363489951849761,4.803072228505937,2.6113119310358974,0.24630318312575128,2.4346762091924017
0.6B,390,5.662339582830607,0.8366351040741016,4.8257044787565055,2.701198863640819,0.25456815287784207,2.516664935723627
0.6B,391,5.732598919823701,0.8313068760596513,4.901292043764051,2.7403341322566224,0.25920264453531083,2.5460816524457512
0.6B,392,5.5585190957145,0.8329487998608782,4.72557029585362,2.7403135804703984,0.255124795204112,2.559557147680607
0.6B,393,5.723352928935572,0.8316646859664101,4.891688242969162,2.7014898435177703,0.2568249549441201,2.512930635623089
0.6B,394,5.861667597647367,0.8489784498098217,5.012689147837545,2.6610146247528053,0.24032293208412892,2.4892712785644373
0.6B,395,5.7184717373324805,0.8386458980078939,4.879825839324587,2.7464351866934487,0.25939333944231374,2.563969123566513
0.6B,396,5.8870322171170395,0.8574603067078862,5.029571910409154,2.721459615554846,0.2397268995076109,2.558372244658703
0.6B,397,5.848534432137042,0.849968908815128,4.998565523321913,2.6300418039048727,0.23772669480933117,2.460766937165773
0.6B,398,5.959016582976719,0.8519913859536251,5.107025197023094,2.7552339349678205,0.2420325565638934,2.5823647250926034
0.6B,399,5.845842775424537,0.8458072634137036,5.000035512010832,2.6107951701041223,0.24535584933178783,2.4316480416349293
0.6B,400,5.728570158746892,0.8440686172780067,4.884501541468883,2.6291013134647834,0.24890591904108395,2.448136726274947
0.6B,401,5.801839230452992,0.8501593450924588,4.951679885360535,2.759772642528431,0.2388342558844826,2.59327791175226
0.6B,402,5.825813400256206,0.8489058929865559,4.976907507269652,2.6246033749413415,0.23556244103617735,2.4530666463579993
0.6B,403,5.851365511486051,0.8492333718688581,5.002132139617194,2.695365169080992,0.23449710324191236,2.5300833990296963
0.6B,404,5.858804253690946,0.8598432607279244,4.998960992963021,2.6641574209367667,0.2276879802814082,2.5112585195551778
0.6B,405,5.719543613961578,0.8346524924702046,4.884891121491372,2.698054308931262,0.25026587553286644,2.5160902792415185
0.6B,406,5.6939689790441435,0.8356787414018291,4.858290237642314,2.702310486472218,0.2462310042489358,2.5239367497342067
0.6B,407,5.747337933232923,0.8271410062938499,4.920196926939074,2.8514162489002604,0.2656466664235414,2.6540401635082134
0.6B,408,5.99145278510294,0.84823931420652,5.143213470896421,2.8300224927619144,0.24883691189515258,2.6537069912442153
0.6B,409,5.683997021815756,0.8274259834871979,4.856571038328558,2.836595252700273,0.25952737470878257,2.647342264180081
0.6B,410,5.897114365834709,0.8337654491751667,5.063348916659542,2.7536887481527947,0.25766858147417954,2.562934007622223
0.6B,411,5.834056738525479,0.8333875972929664,5.000669141232513,2.8739451030803664,0.2572074758658994,2.6845743569639695
0.6B,412,5.6514437939219935,0.8356954990454915,4.815748294876503,2.757350124750607,0.2553200651117823,2.5769833999251506
0.6B,413,5.7702503729803585,0.8407328872306102,4.929517485749749,2.705206993754235,0.24369852862281116,2.5306097034055903
0.6B,414,5.802157195565482,0.8444415810448781,4.957715614520605,2.791857047562213,0.2541831162717312,2.607840265697594
0.6B,415,5.7676144141782375,0.837881303624113,4.929733110554125,2.7212609817666125,0.26444795175811203,2.525351639097922
0.6B,416,5.657327358169455,0.8394315603996453,4.817895797769809,2.6549502716715843,0.24497268132373995,2.4798837044229325
0.6B,417,5.718297783041355,0.8470718273728155,4.871225955668539,2.6443851288257676,0.23978859284787227,2.4751922436006297
0.6B,418,5.800241717050553,0.8422902468414399,4.957951470209112,2.7661496728469754,0.2498145257751116,2.584989931120297
0.6B,419,5.7773326642031915,0.8367883816075937,4.940544282595598,2.8474609770328816,0.25230471270980614,2.665641493682822
0.6B,420,5.597557722451855,0.8359585830748973,4.761599139376958,2.6221627088060258,0.25612945362484485,2.437730018297924
0.6B,421,5.699283597785405,0.8398212984999075,4.859462299285497,2.74356766767614,0.24729447544014443,2.5672585678370146
0.6B,422,5.778175626572416,0.8418844383336432,4.936291188238772,2.766452402229745,0.2508941462350467,2.5895678206481887
0.6B,423,5.810864443656165,0.8520634922044016,4.958800951451764,2.718585885779584,0.23944345832270317,2.5551105315708607
0.6B,424,5.861171549804956,0.8396382186434054,5.021533331161552,2.8138017015702768,0.2567229152026689,2.627578095916498
0.6B,425,5.871310101526542,0.852484818982124,5.018825282544418,2.688750043257832,0.2400269661885779,2.519723199859737
0.6B,426,5.819919624059305,0.8495882605841683,4.970331363475138,2.678308332666993,0.24414059190302081,2.50472255750386
0.6B,427,5.98937151069647,0.8542831930400103,5.135088317656459,2.780118640674744,0.23691890127029805,2.6124985443560576
0.6B,428,5.755576444348954,0.8482663800361216,4.907310064312831,2.7223497547047666,0.23898863124728728,2.5599720876446335
0.6B,429,5.795960794523782,0.8538921583502767,4.942068636173505,2.709829492562732,0.2386484633806426,2.5463129596728122
0.6B,430,5.933664495405831,0.8640752266009174,5.069589268804914,2.6902524644222057,0.22626277377336912,2.5390070141948025
0.6B,431,5.800361065225145,0.8399248792236924,4.960436186001452,2.7464949243061287,0.25371756900509934,2.560345457403706
0.6B,432,5.798984619391688,0.8483115895690683,4.950673029822619,2.6692276263345693,0.24911846397947265,2.4902379923439963
0.6B,433,5.812201068337177,0.8559005665116924,4.956300501825484,2.7377386656379343,0.23124823161448718,2.5837328243501374
0.6B,434,5.686942240252863,0.8247078916654114,4.862234348587452,2.823521017975639,0.26182559825966817,2.6315253329257415
0.6B,435,5.690169877689335,0.8335192029147845,4.85665067477455,2.7285512416129283,0.2508054581184848,2.546782907432145
0.6B,436,5.785895947559071,0.8435946988306591,4.9423012487284135,2.7257929430512804,0.23921392964346241,2.558504838948915
0.6B,437,5.697092681414238,0.8403243756066299,4.856768305807609,2.682925130126808,0.24328378431744974,2.5091596045196245
0.6B,438,5.529738055939167,0.8251111789325181,4.704626877006646,2.702985709498701,0.2605442347057354,2.513639025634065
0.6B,439,5.715674965463287,0.8477540612430938,4.867920904220192,2.691954270620869,0.23942221317137805,2.5269433729281583
0.6B,440,5.7863355249266215,0.8519735047393724,4.934362020187249,2.7373404879605867,0.24779712707266058,2.562514576819307
0.6B,441,5.530642895045701,0.8368580482755593,4.693784846770142,2.6822959866582927,0.24760738890570666,2.5080730420415533
0.6B,442,5.641871961924106,0.8514491711035062,4.790422790820599,2.640467870749163,0.23943535844087627,2.4719474816673395
0.6B,443,5.883944475917468,0.856997569163011,5.026946906754457,2.692397399965714,0.2326385715080047,2.533891394911474
0.6B,444,5.787773758506445,0.8404029212582104,4.9473708372482355,2.704267505916178,0.24598547410549595,2.522896994072674
0.6B,445,5.943014257709847,0.8589448766990097,5.084069381010838,2.664730024296132,0.23557829235120145,2.497363240421016
0.6B,446,5.810507247058813,0.8520946935329688,4.958412553525846,2.7176774149683682,0.23194415885835012,2.555951826276259
0.6B,447,5.800682362129526,0.8461848873729586,4.954497474756566,2.7223373518806877,0.24833130873280748,2.548103125297441
0.6B,448,5.9602002593219545,0.8621188834284911,5.098081375893462,2.6696201397145285,0.22375436280309113,2.513365977669718
0.6B,449,5.714434711654239,0.8419120107025646,4.8725227009516745,2.769923277514243,0.24770507555456728,2.597153895616154
0.6B,450,5.929633781805954,0.8517501678374767,5.077883613968479,2.6687062282289666,0.22904686879280398,2.5053245132770217
0.6B,451,5.803633978078894,0.8296367630532473,4.973997215025645,2.871597422075173,0.258565687877789,2.6822054059163265
0.6B,452,5.669817718410286,0.8291721569987176,4.840645561411567,2.8209715470784666,0.2597053144115777,2.63033004074726
0.6B,453,5.718483268803441,0.8224830974239582,4.896000171379483,2.8966988560281433,0.2624818310546771,2.7003553814285532
0.6B,454,5.806586956295616,0.8339227625162023,4.972664193779414,2.859303220007177,0.25271409025297886,2.6741668140822084
0.6B,455,5.779285166926033,0.8427002254131062,4.936584941512927,2.80015590121501,0.24832203147406592,2.6256855123450835
0.6B,456,5.970371761144697,0.8622352240649127,5.108136537079783,2.7193065341507046,0.22820402027714232,2.564908250682249
0.6B,457,5.921400498681442,0.8567486274425186,5.064651871238925,2.709040461338138,0.23292698737895834,2.5465889925275866
0.6B,458,5.773604158284713,0.8482455085280005,4.9253586497567134,2.741479299678192,0.24405723280761135,2.5731889477503906
0.6B,459,5.745670592278837,0.8405635842547796,4.905107008024058,2.7118334699585795,0.2504913029484986,2.528403169561231
0.6B,460,5.797998053420788,0.8343285018666267,4.963669551554163,2.794940517366754,0.26301183729329386,2.604196373043127
0.6B,461,5.756865920955564,0.8363530370570303,4.9205128838985335,2.888963494213536,0.26462652906311057,2.7002647585405213
0.6B,462,5.841065816357039,0.8415626751276101,4.999503141229429,2.753007530642838,0.2503621921926065,2.5740904926415484
0.6B,463,5.8352825613213914,0.8499839829585641,4.985298578362828,2.6789515238334087,0.24127517079922967,2.509557294727608
0.6B,464,5.817631650807822,0.8488453079907394,4.968786342817083,2.66848567822354,0.243441190842821,2.4967061921996767
0.6B,465,5.6514468518221905,0.8251551735886882,4.826291678233503,2.6912789621434055,0.2511346513566131,2.5057580847570193
0.6B,466,5.894355675699767,0.8474526398815136,5.0469030358182545,2.753947967810254,0.2482983595524662,2.5744529929856896
0.6B,467,5.889338964244604,0.8383036819349665,5.051035282309636,2.9066079052207594,0.25118911742956,2.7243756031718203
0.6B,468,5.668247703849119,0.8400509629613764,4.828196740887743,2.7280377687675017,0.23949687486216795,2.559506428084708
0.6B,469,5.778514645617496,0.8514785739685479,4.927036071648948,2.7135910360363664,0.24055354609661964,2.5444741477616684
0.6B,470,5.890728042588291,0.852182483495495,5.038545559092797,2.6530301212155356,0.24119696361758844,2.479342067786463
0.6B,471,5.849573810466888,0.867294339002546,4.982279471464342,2.656193407757375,0.2199674818604277,2.5113732275397576
0.6B,472,5.563805519035546,0.8410888057658562,4.7227167132696914,2.6343904242919867,0.24267588562121972,2.469713503386917
0.6B,473,5.800552553994088,0.8454496015463212,4.955102952447766,2.7272195850556855,0.2498093545000433,2.55168993241053
0.6B,474,5.826085911777133,0.8506198463490717,4.975466065428059,2.6880634258381955,0.23467857430575395,2.5210532007856883
0.6B,475,5.798097023812075,0.8482617623627354,4.94983526144934,2.700039650143823,0.237881959761941,2.5359630477585795
0.6B,476,5.69183177186846,0.8311267596552592,4.860705012213201,2.8408951445599313,0.2625954439289079,2.6532513757820944
0.6B,477,5.626850977606505,0.8288614229601571,4.797989554646349,2.780928220675728,0.2633732863013064,2.5920007619733814
0.6B,478,5.888013808651751,0.8474491286668708,5.040564679984881,2.7978251497064517,0.24195997800137564,2.624697225484448
0.6B,479,5.913239331571166,0.8564980712876032,5.056741260283563,2.7664621423683324,0.23083069752924606,2.606564907554091
0.6B,480,5.764817821516283,0.8313087086012811,4.933509112915003,2.8874701276812678,0.2581184228618125,2.7035026102267534
0.6B,481,5.922393964642987,0.8581670902044418,5.064226874438544,2.7815431859206483,0.2352897406604185,2.621634141881694
0.6B,482,5.8980117043593046,0.8513685983221337,5.046643106037171,2.753493839368386,0.24563156605537723,2.576859954191249
0.6B,483,5.927999151804265,0.8463864029696951,5.08161274883457,2.884002480313597,0.2397803955043637,2.717798398921694
0.6B,484,5.854866795134789,0.8471544552302341,5.007712339904556,2.7427017689188267,0.23946319990981696,2.5710016360175434
0.6B,485,5.950610627677384,0.8598102418242397,5.090800385853146,2.754452475670108,0.23043632886687146,2.599446255038325
0.6B,486,5.928962186176487,0.8459943944273373,5.082967791749152,2.768586088154992,0.2448403992052494,2.5955712233385344
0.6B,487,5.752704109336177,0.8292471391196797,4.923456970216498,2.7994739473538988,0.2636186612342783,2.609586737069859
0.6B,488,5.688438026302469,0.8294617324714658,4.8589762938310015,2.6912699180038913,0.25473602678144175,2.508338325545205
0.6B,489,5.871141425099718,0.8450646931547774,5.026076731944941,2.82349828747862,0.24635954026734425,2.649368911270392
0.6B,490,5.894495040332583,0.853398176219758,5.041096864112825,2.7323935003468365,0.23364795945734107,2.5686091599679295
0.6B,491,5.80581762243474,0.8548646582388237,4.950952964195918,2.7192954570408854,0.23800683004991527,2.555826930007822
0.6B,492,5.639846642177098,0.8410955512417347,4.798751090935361,2.7142589198632323,0.24828276178858052,2.5401931061179166
0.6B,493,5.818625748625311,0.8425039683684986,4.976121780256812,2.6884356137925853,0.2493192341786687,2.5069632834199593
0.6B,494,5.902488403027448,0.845310766803132,5.057177636224316,2.8061195262310186,0.24356215541762458,2.632129002365647
0.6B,495,5.880878337175568,0.8655132233651373,5.0153651138104305,2.680454979628287,0.22510355971164073,2.528602380556567
0.6B,496,5.784353433050146,0.8354909734474854,4.94886245960266,2.7457978292634944,0.24762300970158507,2.5703228469952286
0.6B,497,5.892216671173436,0.8489719884161999,5.043244682757237,2.7522416298862358,0.2343471571505211,2.584488322909595
0.6B,498,5.648860439574444,0.8365352024120832,4.81232523716236,2.718823382968793,0.251331913107791,2.537193035722302
0.6B,499,5.805892844306675,0.8323319671721058,4.973560877134569,2.77569949514999,0.25626898799361153,2.584749955960954
0.6B,500,5.999642315401899,0.8468925067360609,5.152749808665837,2.8587403412909844,0.2434791537839305,2.686312908258971
0.6B,501,5.817772370536388,0.8542521476441324,4.963520222892256,2.6780674933899773,0.2301918474128235,2.5192318443848367
0.6B,502,5.96904007121496,0.8586475796378426,5.110392491577117,2.7813073168020734,0.24320638029529418,2.6128841355495576
0.6B,503,6.148208272744039,0.8679515102969719,5.280256762447067,2.7521904290289516,0.228514228331464,2.5957310726276774
0.6B,504,5.940130610217591,0.8603755272363495,5.079755082981241,2.7816873386281715,0.22866665958997268,2.628404288458508
0.6B,505,6.028967644320194,0.84668536359248,5.182282280727715,2.7599929504512786,0.24518408125982682,2.5856247223412883
0.6B,506,5.847273590910102,0.8520244015025299,4.995249189407573,2.713375730283573,0.23803533567212284,2.5483261329613187
0.6B,507,5.964237508300184,0.8485522339329918,5.115685274367191,2.7604009733134673,0.2354073827623743,2.596106700746801
0.6B,508,6.0196347457466235,0.8452114963239505,5.174423249422673,2.893824566914986,0.2518659723067277,2.7141572630917343
0.6B,509,5.827193972412175,0.8347654842069968,4.992428488205179,2.834082957196994,0.25561179130050354,2.645761824255552
0.6B,510,6.058858380404197,0.8454287640275743,5.213429616376623,2.716299199008065,0.24464053495381385,2.5367863370591244
0.6B,511,5.8671962613429125,0.8466770557230008,5.020519205619911,2.804157368227964,0.2444624540676588,2.6311241677421915
0.6B,512,6.032445943784569,0.844425447794774,5.188020495989795,2.862866594749154,0.25059081987795717,2.6839076374827022
0.6B,513,5.875856419696078,0.8473670831839818,5.028489336512096,2.777104884537027,0.2427444495364237,2.605311004590862
0.6B,514,6.062292597724857,0.853245334262905,5.209047263461954,2.8100249399826165,0.23468321234297435,2.651037914898836
0.6B,515,5.979492731031033,0.8421838385683148,5.137308892462718,2.838963614904045,0.25054269903568016,2.6537364399196166
0.6B,516,5.883558774593461,0.8364749334131375,5.047083841180323,2.8771683907727144,0.25950692080563315,2.686569324887675
0.6B,517,5.932337422023692,0.8543046901415067,5.078032731882184,2.7394850649680595,0.22665198898216013,2.5793757802362864
0.6B,518,5.984442552518161,0.8578245388715278,5.126618013646633,2.767340156881925,0.2297564895997692,2.610884900620047
0.6B,519,6.010287425654695,0.8613886957182252,5.148898729936471,2.790100755987182,0.22216861168444435,2.6406729073052566
0.6B,520,5.749161065462305,0.8462575416253739,4.902903523836931,2.801979784529102,0.24725623695881233,2.634087636601096
0.6B,521,5.85634679273298,0.8412499490599018,5.015096843673078,2.7306780682479803,0.23989500967209115,2.5570299726816277
0.6B,522,5.922749275255244,0.8385105490446194,5.084238726210624,2.9087882124765914,0.25934774035293795,2.72174146238286
0.6B,523,5.900837891860918,0.8373207345409707,5.063517157319946,2.765875568175939,0.2504116047157368,2.580069489796191
0.6B,524,5.882002826130868,0.8489238750489365,5.033078951081932,2.7840984683401957,0.2351383432173521,2.6218876974194045
0.6B,525,6.188649714458096,0.8625380071897228,5.326111707268374,2.8361326575833687,0.23378924895809947,2.6753169334281823
0.6B,526,6.2186017872790185,0.867267407934204,5.351334379344815,2.8446396598415737,0.23845688288545275,2.683015709629233
0.6B,527,5.909678278217631,0.8397410121090663,5.069937266108562,2.849971776399686,0.24738796201990762,2.6721649531770466
0.6B,528,5.904752700514373,0.8445597949684513,5.060192905545921,2.910199588463675,0.2542006772260841,2.7254244090380513
0.6B,529,6.042949243045205,0.848546407088,5.194402835957206,2.792526382314762,0.2435815315311477,2.616290037018547
0.6B,530,5.804478617401819,0.841801976952884,4.962676640448936,2.8893588226327447,0.2547417813166042,2.709512112034225
0.6B,531,6.074530321277483,0.8673386900930976,5.2071916311843855,2.6428689548584687,0.21630531665342415,2.4931662636241616
0.6B,532,6.046216225020809,0.8593106360701912,5.186905588950618,2.7645119756757723,0.22772514101363836,2.606095776579499
0.6B,533,5.9509255423429614,0.8470957388958578,5.103829803447103,2.871974612458052,0.24620073435467205,2.696680138765081
0.6B,534,5.994631677935547,0.8506150524328248,5.14401662550272,2.725494515764709,0.24244540921569394,2.5548693092924353
0.6B,535,6.059767175397988,0.8496252653212095,5.2101419100767785,2.696820548297826,0.24416323883770122,2.5218527058749167
0.6B,536,6.001541978434324,0.8527299612033348,5.148812017230989,2.7369109525081194,0.23932708652947138,2.570969728745429
0.6B,537,5.885180747892522,0.8447258101651516,5.040454937727371,2.910473313146925,0.251052231074598,2.73180619980098
0.6B,538,5.934423896290635,0.846988500383241,5.087435395907393,2.701357151945256,0.23996002956918092,2.528797185011612
0.6B,539,5.837081026628739,0.8425070378758942,4.994573988752844,2.7853165723551148,0.24700592550415318,2.6105815615814087
0.6B,540,6.121663865634896,0.8432056042869458,5.278458261347951,2.8091852118108283,0.24880679192048843,2.620648836721805
0.6B,541,5.8648828164247835,0.82900944260824,5.035873373816543,2.8368529074248703,0.25945418991542374,2.642772267282145
0.6B,542,5.957513860728581,0.8458188233168668,5.111695037411715,2.8192489710330983,0.2502002534942231,2.6428190714431907
0.6B,543,6.068629934508399,0.8554184929996198,5.21321144150878,2.778739074228963,0.2272567413264071,2.621433110745337
0.6B,544,6.048104725527342,0.858972626382619,5.189132099144721,2.772631805780664,0.23849463259272274,2.606301547972931
0.6B,545,6.00627389339154,0.8404716888875973,5.165802204503941,2.819821492663128,0.2538264500083845,2.6305496443446645
0.6B,546,5.990873760805855,0.8376039641531218,5.153269796652734,2.898981337788696,0.2511358039468065,2.7160213758558474
0.6B,547,6.033673991834356,0.8530233395797497,5.180650652254607,2.7985544998932204,0.2361284306118941,2.6328642728224594
0.6B,548,6.073291408516047,0.8589439527996621,5.214347455716386,2.8221503067780147,0.24189479305512054,2.6553737202500556
0.6B,549,5.967549497898367,0.8419540241578468,5.125595473740523,2.766524519369501,0.24318794926645437,2.5896279850876605
0.6B,550,6.092767984924078,0.8523499051976312,5.240418079726447,2.853382490319105,0.251940717720615,2.672039310864722
0.6B,551,6.05089449714198,0.8569288328297169,5.193965664312263,2.7533192699137934,0.23636362496107224,2.5842189370014967
0.6B,552,5.943511242458986,0.8481440469950439,5.095367195463942,2.822047781350442,0.25191888159374554,2.64299848802281
0.6B,553,6.036196754487582,0.8491282585193095,5.187068495968273,2.7604593144668916,0.25074495443083805,2.5727750173654234
0.6B,554,5.972333623357298,0.8424534812048581,5.12988014215244,2.8905936145913818,0.25187217684130836,2.709373499024223
0.6B,555,6.119246433442037,0.853341999113725,5.265904434328312,2.9138403603303367,0.24103294461884245,2.7461420786611286
0.6B,556,6.073544408416349,0.8541174281868238,5.219426980229525,2.6792824429069775,0.24480571535589996,2.50185367869202
0.6B,557,6.087270673920357,0.8511246366722222,5.236146037248134,2.8737591520767207,0.24141833348645095,2.7009970876198333
0.6B,558,5.899470101385273,0.8433966109269609,5.056073490458311,2.865524626046365,0.2585510701771811,2.678618968493433
0.6B,559,6.051095607467898,0.8447691435895055,5.206326463878393,2.910609908422946,0.2549041381752461,2.724888792614567
0.6B,560,5.8966074005037274,0.8357014156496511,5.0609059848540765,2.93775408726524,0.2622033141341275,2.7450360157523392
0.6B,561,5.919075914042633,0.8332665187595275,5.085809395283105,2.8605376084808087,0.2629298705546098,2.663491235466327
0.6B,562,5.972667155338395,0.8417380097815519,5.130929145556844,2.8460233717554217,0.2538147698117317,2.6641705300295415
0.6B,563,6.131314210398621,0.8673421348429533,5.263972075555667,2.7307541830123148,0.226748979648602,2.57275759432158
0.6B,564,5.938361478320552,0.8440394588286002,5.09432201949195,2.819043539389725,0.24654109669274973,2.648167158620676
0.6B,565,6.094325112401581,0.8518715474336794,5.2424535649679,2.7821566153713864,0.244443774924607,2.605084637882305
0.6B,566,5.993570990488351,0.8616467811488361,5.131924209339515,2.643143818364701,0.21723552911111477,2.492927692740586
0.6B,567,5.839999401273203,0.839595244745058,5.000404156528145,2.7793204086483763,0.24763642273206082,2.599788569996928
0.6B,568,5.950895260204635,0.8511356641370662,5.099759596067568,2.808780168153995,0.2447819471072247,2.636434875588158
0.6B,569,6.240417372866154,0.8563471192307933,5.384070253635362,2.8349847867979125,0.24759220802457774,2.654470863923432
0.6B,570,6.021513681353045,0.8499901186950977,5.171523562657946,2.8041471609455857,0.24662644541047654,2.6307742530667433
0.6B,571,5.96490881428603,0.8488748576096907,5.11603395667634,2.8026824781473856,0.2415569587954387,2.631773071085074
0.6B,572,5.952991156111317,0.8614935265485709,5.091497629562746,2.8048412137419656,0.22150432324988645,2.656282831668655
0.6B,573,6.017529092913642,0.8649627004129068,5.1525663925007334,2.732874894720196,0.23230583758546214,2.5726383617199016
0.6B,574,5.9147075980049975,0.8438698960598726,5.070837701945125,2.764253973712357,0.24275229179834965,2.59126095646472
0.6B,575,5.864591604529491,0.8432199906674187,5.021371613862074,2.780643135617283,0.24223173894366848,2.608450744652723
0.6B,576,5.864202592749871,0.8407828299632939,5.023419762786575,2.746202471213637,0.25058014660304706,2.570419735893588
0.6B,577,6.197427785180292,0.8603652097142035,5.3370625754660885,2.6944376529224776,0.22979894568476014,2.5281134670801704
0.6B,578,5.959555924220762,0.8553647668403389,5.1041911573804235,2.8042775310027244,0.23932370842953116,2.637292654288063
0.6B,579,5.878524357804595,0.8448265246005189,5.033697833204077,2.8375923154657663,0.24177247574252278,2.6678162751515524
0.6B,580,5.974072620202997,0.8609558336409139,5.113116786562083,2.8139311650137797,0.22123225807507285,2.6633303266900654
0.6B,581,5.83614957362048,0.8373850903284551,4.998764483292024,2.8690891342713734,0.25778646106721514,2.685540744325099
0.6B,582,6.121237931577814,0.8570270687962445,5.264210862781568,2.754132095233243,0.23551057003912682,2.5864064067761556
0.6B,583,6.103544194667056,0.8731375665471878,5.2304066281198685,2.6884265934727734,0.2177333397883036,2.540738941488415
0.6B,584,5.94000526321588,0.8450110867959574,5.094994176419923,2.843126331232159,0.24648631851561903,2.669610027447578
0.6B,585,5.8934472907215705,0.8351455118874321,5.058301778834139,2.921826468159828,0.263730342301528,2.729612007268471
0.6B,586,6.075173427590177,0.843338817191733,5.231834610398446,2.9295652962951246,0.25912202735383355,2.740823412488448
0.6B,587,6.154019407843215,0.8471639600672722,5.306855447775943,2.9217760466392657,0.2568405667832423,2.7332088950132194
0.6B,588,5.979071543153553,0.8503895136829144,5.128682029470638,2.825472391262075,0.24373939564546585,2.6527007698665357
0.6B,589,6.113764222034469,0.8478952644117143,5.265868957622755,2.829050096986604,0.24720999394594917,2.6458576324106358
0.6B,590,6.102904579833737,0.8467526052519031,5.256151974581833,2.8829584698638406,0.2588538485236037,2.699451384297716
0.6B,591,6.083004837296078,0.8549573189958842,5.228047518300192,2.862895001360968,0.25148116121910846,2.6890579209109746
0.6B,592,6.076693799433578,0.8537998453162735,5.2228939541173025,2.9304341679283223,0.2500109660858094,2.7562015523560186
0.6B,593,6.174315979327439,0.8562874012497765,5.318028578077663,2.8956640945207646,0.24753571663232685,2.724206199598116
0.6B,594,6.171877359958222,0.8712959160791472,5.300581443879075,2.8412078805393817,0.2285524503340027,2.6891068045642506
0.6B,595,6.1316868175837005,0.846737899526915,5.284948918056785,2.839220133451009,0.2559751972798628,2.6468380785599264
0.6B,596,5.959274851088568,0.847203049887077,5.112071801201491,2.858481001803906,0.24909922957895891,2.677863117914325
0.6B,597,6.081916867179438,0.8608052130353426,5.221111654144093,2.7942563426586915,0.23744408861647961,2.62897135208718
0.6B,598,6.139303982876714,0.8387217617905535,5.3005822210861595,2.9898264540440787,0.2576816205298417,2.8002213407321346
0.6B,599,6.017152250228011,0.8322756753427769,5.184876574885235,2.9853733963685696,0.27883969934438807,2.77891539304188
0.6B,600,6.198785723727151,0.8477731583143494,5.351012565412803,2.887394716106094,0.24960726784741158,2.7054645114106513
0.6B,601,6.337733134896718,0.8671918990647455,5.470541235831973,2.8371246707578335,0.24143059468787734,2.666802581859238
0.6B,602,6.135892294432137,0.8539299334530994,5.281962360979037,2.8640079916461345,0.24508638190628979,2.6875988940261624
0.6B,603,6.314735963235684,0.8595859317669017,5.455150031468782,2.89314325927426,0.24306993975519794,2.7194400067300206
0.6B,604,6.11704130868191,0.8520847281960784,5.264956580485831,2.936052255735671,0.24594622597213886,2.759261100696904
0.6B,605,6.142476699774221,0.8491536943182351,5.293323005455987,2.906298007982866,0.24932392232457276,2.7265611155099028
0.6B,606,6.206119963884691,0.8482446670828677,5.357875296801823,2.9064123299708964,0.2505097037281989,2.7220876499854203
0.6B,607,6.185265547481801,0.8608340420500691,5.32443150543173,2.8998621963429065,0.2416929531401456,2.73670055332457
0.6B,608,6.074571551107239,0.8481805014895448,5.226391049617695,2.9088928403013257,0.24947846524808534,2.7315407162040053
0.6B,609,6.104639437840903,0.8462408345592313,5.258398603281671,2.969129902750561,0.24633220686526677,2.7966626681124156
0.6B,610,6.005545701287248,0.8543338939083434,5.151211807378907,2.723969303010976,0.23996703736494954,2.555900579306972
0.6B,611,6.062221614271637,0.8481155010811045,5.2141061131905335,2.9308296781863787,0.2504683084161527,2.751478282631613
0.6B,612,6.10197702817478,0.8414742247839676,5.260502803390813,2.9218723647635008,0.2484555615792445,2.7444116472524867
0.6B,613,6.134975159917908,0.8397000356480637,5.295275124269844,3.0416749068868527,0.25952188707672563,2.853235448639947
0.6B,614,6.02285928195892,0.839738993878013,5.183120288080907,2.9330787405746497,0.25761679671953375,2.7414282479442815
0.6B,615,5.868098676270806,0.8258581299948318,5.042240546275973,2.9665207230382387,0.272211944825703,2.7649607135814613
0.6B,616,6.176227532386813,0.8594736563588834,5.3167538760279305,2.8502508084191893,0.24070643416541984,2.683717968972337
0.6B,617,6.1432588761686855,0.8520763306592736,5.291182545509411,2.8920316770453436,0.2523504348042522,2.711278262114745
0.6B,618,6.144739538793388,0.8417630815668369,5.30297645722655,2.927469904629951,0.25921211904565694,2.7363636068269352
0.6B,619,5.941984646683117,0.8255417040222832,5.116442942660835,3.0043457915970873,0.27897440635282045,2.794611120910392
0.6B,620,6.039345446710602,0.8345808093570654,5.204764637353536,2.9870770604212065,0.2671487595724929,2.790902594103683
0.6B,621,5.90932362994751,0.8287517976149406,5.080571832332569,2.9382673657371066,0.26260922074580534,2.742104541826126
0.6B,622,6.008359827486506,0.8373255752207548,5.171034252265752,3.0323879066074793,0.26906834106457445,2.8401741917904397
0.6B,623,6.095436056686001,0.8525377841764288,5.242898272509572,2.918279808077457,0.24717297796377738,2.745444802770752
0.6B,624,6.150034279898268,0.8393891394365358,5.310645140461733,2.95529459225849,0.26948026506030515,2.752971293877007
0.6B,625,6.111207593494344,0.8406901177577039,5.270517475736639,2.9147067455631497,0.2639584553194391,2.7142205366034955
0.6B,626,6.1832012833076275,0.860559248838772,5.322642034468857,2.867854658027232,0.23781728562793647,2.699712035823662
0.6B,627,6.068496082349398,0.8382017906230406,5.230294291726356,2.949808724906942,0.266455667786908,2.755919633140631
0.6B,628,6.283415565123511,0.8586360523701708,5.42477951275334,2.8488447020479186,0.23685483615017325,2.678237299853392
0.6B,629,6.11629316014583,0.8544059452707701,5.261887214875059,2.868704225445328,0.2405669743800265,2.700618735161879
0.6B,630,5.957772610406674,0.8207267921924638,5.13704581821421,2.985319860315454,0.2692066453742061,2.7789906534574884
0.6B,631,5.950869084998743,0.8369230424346533,5.113946042564089,2.93689483519883,0.2624779605128689,2.750947726286934
0.6B,632,5.933253113276476,0.8429718848776131,5.0902812283988625,2.859107487543456,0.2532533633015522,2.6798068839963967
0.6B,633,5.949504902268203,0.8341690090607318,5.115335893207472,3.019689601896238,0.2666206501919154,2.8260911894207745
0.6B,634,6.001279419447919,0.8391236764931379,5.162155742954783,2.900679415316044,0.2559037765504893,2.712844843493539
0.6B,635,5.97613269933922,0.8390317880871869,5.137100911252032,2.8735707335749434,0.25515900844064116,2.688521010993489
0.6B,636,6.323763317480929,0.8565063776214649,5.467256939859464,2.872786928373392,0.2471372262760104,2.6913128006211213
0.6B,637,6.005225799393269,0.8317907973835627,5.173435002009707,3.0474396610549106,0.26732420929451983,2.849213848555331
0.6B,638,6.095742460034318,0.8425756858265403,5.253166774207776,2.91775969176822,0.2612128957966951,2.727001806884426
0.6B,639,6.066032467446245,0.8459728257481965,5.220059641698048,2.9699411083818816,0.25457374048708137,2.7862643434308914
0.6B,640,6.130635690124781,0.8495827893740905,5.281052900750693,2.8726647487716304,0.2557340400901869,2.6867853594392765
0.6B,641,6.136974415565695,0.8512463328121526,5.285728082753542,2.963555325298381,0.253079842859721,2.782554332852465
0.6B,642,6.1670645050674056,0.846966957640745,5.320097547426661,2.946683180578787,0.25045285799529315,2.764425559414764
0.6B,643,6.169483323295383,0.8468074877956108,5.322675835499772,3.0224583440614583,0.2597632553728624,2.8369127979675413
0.6B,644,6.168229059693521,0.8542006942067778,5.314028365486744,2.8947560571564637,0.24722828324404064,2.718440011745057
0.6B,645,6.332990432557652,0.8652276320367664,5.4677628005208865,2.9636433555643737,0.23638879064296325,2.7988771189599695
0.6B,646,5.9426835719190185,0.8405928937535536,5.102090678165465,2.950279568936485,0.2512461034068234,2.771315326512659
0.6B,647,6.094363028611686,0.8441788101005114,5.250184218511173,2.9003785121281873,0.24980921612922044,2.7212348646552162
0.6B,648,6.200387161765826,0.8615901890512494,5.338796972714576,2.8442841603272133,0.2314073684118208,2.6836530708375124
0.6B,649,6.265828822995671,0.868781634789081,5.3970471882065905,2.848490429170859,0.22222392105214994,2.6951247042263473
0.6B,650,6.226175977678972,0.8516397017313477,5.374536275947623,2.921853233517047,0.250900256010346,2.74064047987653
0.6B,651,5.898278536587382,0.8389976896808332,5.059280846906549,2.922021591961426,0.25676128614869326,2.7367977948716264
0.6B,652,6.142452484900189,0.8394255771433008,5.3030269077568875,2.947550564842825,0.26569925519205395,2.7511564608127608
0.6B,653,6.024249507344761,0.8423725368757056,5.181876970469055,2.891791476118075,0.25511632392986977,2.7084350444142573
0.6B,654,6.129658778140819,0.8457564646049838,5.283902313535835,2.852894525884433,0.2555986538663961,2.666131200623978
0.6B,655,6.178426805406196,0.8573870611887824,5.321039744217414,2.864929417415416,0.2446512957689242,2.6911157727416626
0.6B,656,6.116290218506688,0.8534125076047243,5.262877710901962,2.946129000623367,0.2440875097066873,2.7743805885184942
0.6B,657,6.207851468272447,0.8644928944120072,5.3433585738604386,2.769222176577733,0.23355062144905483,2.6058532840588033
0.6B,658,6.36843137330971,0.8730556279994977,5.495375745310214,2.806293948674896,0.21872691653717005,2.658958681240771
0.6B,659,6.242837876554278,0.8566490228916741,5.3861888536626035,2.9178520926996394,0.24271541945866928,2.7431983629618166
0.6B,660,6.100745253838704,0.8634301882861014,5.2373150655526,2.8498300084204726,0.22100995023813602,2.699428936083018
0.6B,661,6.3288506841949195,0.8585351933751919,5.470315490819726,2.886277923110375,0.2392390522539223,2.7144072102462045
0.6B,662,6.1266399164383785,0.8526095762247328,5.2740303402136455,2.9832349698389864,0.25533997110361645,2.803225277353485
0.6B,663,6.026665872085562,0.8569709709547275,5.169694901130834,2.7846863638712667,0.22848280689249822,2.623714923436227
0.6B,664,6.254677673327101,0.8406268696013005,5.414050803725802,2.9580984810033106,0.2570741493786537,2.7644554834383555
0.6B,665,6.22010043469256,0.8641591981579411,5.355941236534618,2.8564697149637523,0.24027503375693374,2.6835647623817644
0.6B,666,6.3040955273873704,0.8603569512517293,5.443738576135642,2.8035567104475896,0.2366374406900106,2.6330913003062397
0.6B,667,6.318645114200972,0.8540831651698293,5.464561949031142,2.8846059448142465,0.24983819250340142,2.7004138238191033
0.6B,668,6.2535579535136065,0.8560164786056115,5.397541474907995,2.9318161907775555,0.23282695506186762,2.7669893892392587
0.6B,669,6.344198828032378,0.8689026803180454,5.4752961477143325,2.9107511428861437,0.21896394353865725,2.7597793909970494
0.6B,670,6.179855804795824,0.8711776532347326,5.308678151561091,2.833675097808509,0.2129248668905999,2.6902059839923678
0.6B,671,6.305075505292825,0.8676937004252658,5.437381804867559,2.8602222653757194,0.22558800348503558,2.704301305088115
0.6B,672,6.199010355003348,0.8470348387717765,5.351975516231572,2.8922107774940087,0.24767182733620313,2.7130078753065683
0.6B,673,6.205514457565902,0.8449798208831956,5.360534636682708,3.0259383567927793,0.26426979561330094,2.8314625972984944
0.6B,674,6.017139650046068,0.8412596258374294,5.175880024208638,2.904716407001918,0.2561362054580724,2.720174857906586
0.6B,675,6.120712801516842,0.8360734849020357,5.284639316614807,2.9360418393532934,0.26652615135837004,2.7379881540757856
0.6B,676,6.316419790650354,0.8680362891983905,5.448383501451963,2.7942589749537516,0.2248648373557102,2.639394541547103
0.6B,677,6.118423109673295,0.8475843614383513,5.270838748234945,2.9649726008187844,0.2555403332905558,2.7843354182629447
0.6B,678,6.0263295827430685,0.8370009822171158,5.189328600525954,2.9314250208953423,0.26440520709565607,2.7371766247471454
0.6B,679,6.359603365736839,0.8640638972274328,5.4955394685094054,2.9202792988636896,0.24577674746097566,2.745920808134666
0.6B,680,6.321471722956703,0.8684127346706089,5.453058988286095,2.8612598282795596,0.2392337524589032,2.6923374492120504
0.6B,681,5.854005047609588,0.8175684380912648,5.036436609518325,3.045999212785541,0.2837257613735888,2.832185088036622
0.6B,682,6.144033634264284,0.8401998512689534,5.30383378299533,2.9011767535338584,0.259267509260878,2.705640152891998
0.6B,683,6.157046172787184,0.8439131549843464,5.313133017802837,3.005494082966351,0.2569635723824972,2.8187160743631767
0.6B,684,6.157629502734218,0.8586137340593701,5.299015768674846,2.842532200188919,0.24089991222583196,2.672491782648792
0.6B,685,6.297926375825004,0.8583846497408057,5.439541726084198,2.856216591411316,0.23311654567519044,2.6947411107009103
0.6B,686,5.992676707667016,0.8328324321047369,5.159844275562278,2.9438245167887716,0.25704837386098994,2.753258287495782
0.6B,687,6.183853007502449,0.856048480560315,5.327804526942134,2.8307730257190173,0.2438580084376548,2.655566857590482
0.6B,688,6.111056906321252,0.844800571275136,5.266256335046116,2.8715603927880737,0.2563502801587612,2.6855986299253978
0.6B,689,6.208162144021543,0.8582181189051512,5.349944025116391,2.796003584733419,0.23534318777594423,2.627716567135529
0.6B,690,6.194078956818514,0.8435921484874876,5.350486808331026,2.883820516603146,0.25596514297507,2.689568401284842
0.6B,691,6.0087452544755,0.8342552838045437,5.174489970670955,2.9814612135063276,0.26220549382835556,2.788777383999947
0.6B,692,6.24242250278326,0.8430318084894991,5.399390694293759,3.02309308132244,0.2611028278746714,2.8276160975955866
0.6B,693,6.1757982062559496,0.8509699193680595,5.324828286887889,2.8850624463668653,0.24620990179288257,2.706541771344482
0.6B,694,6.229984831927651,0.8569776278788013,5.373007204048851,2.8803953455948315,0.24542141116102836,2.706411014910061
0.6B,695,6.088758447111495,0.8526160673771626,5.236142379734332,2.961037081716372,0.25711029439849764,2.7799577050824364
0.6B,696,6.074449061128691,0.8459124861375101,5.22853657499118,2.927467719680659,0.26122611358300274,2.7367922407417824
0.6B,697,6.189919528502373,0.8498115471401284,5.340107981362244,2.9209597401195126,0.25402458924210763,2.7375342512273377
0.6B,698,6.149137809056377,0.8447839333100723,5.304353875746305,3.0043259921039,0.2622245019103838,2.811263867647796
0.6B,699,6.102822904803061,0.8357555240960738,5.267067380706987,2.983801891089972,0.272653192119714,2.7759174317448183
0.6B,700,6.101869719364704,0.828719871401365,5.2731498479633405,3.0530748093441447,0.2770258124238633,2.8462766566170727
0.6B,701,6.016063674806759,0.8401375562012966,5.175926118605463,2.9042704397411083,0.2609587970974011,2.7144448285672103
0.6B,702,6.082892480152889,0.8381589243234097,5.244733555829477,2.9950370842549106,0.2631412418357795,2.802413720117155
0.6B,703,6.258253995198351,0.858233688277607,5.400020306920744,2.9227343817766287,0.2531710789881021,2.741410012914155
0.6B,704,6.191081190351475,0.8442688346597416,5.346812355691737,2.861712442694707,0.2540434505375259,2.675924883132537
0.6B,705,6.392931779180343,0.8573927427354785,5.535539036444863,2.9265369555136655,0.25395678321880466,2.7423684955027117
0.6B,706,6.221753850282827,0.8496858355987231,5.372068014684104,2.971701787632426,0.2565026654139668,2.787441231206215
0.6B,707,6.166435839717983,0.8435014470147423,5.322934392703239,3.0098298735169706,0.26215409330706196,2.8173879136425777
0.6B,708,6.25187381770292,0.8442308312933207,5.407642986409599,3.006165038131123,0.2605350268808676,2.8134976908850637
0.6B,709,6.336385488013686,0.8621587879275397,5.474226700086144,2.896632476974711,0.22956605407303501,2.7346865652048433
0.6B,710,6.236042634134744,0.8576765450273597,5.3783660891073835,2.882170976812141,0.23031766376435456,2.722010023053259
0.6B,711,6.237793416895074,0.8482031775036242,5.38959023939145,2.900432653305166,0.25182474815025996,2.714398041527942
0.6B,712,6.199314655297843,0.8515542751718813,5.347760380125963,2.871915137086263,0.24933616614943338,2.689465458266824
0.6B,713,6.216317847033358,0.8568193007352721,5.359498546298085,2.839333568257606,0.23032633467647837,2.6761258192661614
0.6B,714,6.201909376373235,0.8605944759463321,5.341314900426902,2.7836149538773127,0.2293000679188313,2.6255890904843158
0.6B,715,6.17144202882284,0.846982362329567,5.324459666493272,3.017995260500338,0.2565094844527847,2.836755014470401
0.6B,716,6.05460681479858,0.8376191425084654,5.216987672290115,2.981853350979627,0.2609701280888625,2.7899093807196307
0.6B,717,6.070813354329939,0.8491959614792702,5.221617392850668,2.827975978778524,0.24284587105627845,2.654329456343783
0.6B,718,6.306454321724309,0.8601480962642786,5.44630622546003,2.9214265674778335,0.24134692578330097,2.7491880177980614
0.6B,719,6.165914444842565,0.8579408902296747,5.307973554612889,2.876908508743034,0.23781998107055397,2.7092934546262972
0.6B,720,6.358617752803265,0.8665560156393067,5.492061737163958,2.839817235643392,0.23331122969946716,2.6744246074068276
0.6B,721,6.1731916513579765,0.8626651808157068,5.3105264705422695,2.821864076722707,0.23495669552166215,2.657320264227339
0.6B,722,6.255937599475252,0.8615167362065516,5.3944208632686985,2.8110468555100674,0.2306536317589189,2.648978579521339
0.6B,723,6.429712946659451,0.863153079956714,5.566559866702737,2.9603356160942167,0.24063425490149815,2.791590177203302
0.6B,724,6.12923670555664,0.8455095913144167,5.283727114242223,2.9634234869943943,0.25352129287017355,2.7754526949271825
0.6B,725,6.264833251026542,0.8509349305396033,5.413898320486937,2.9949647527170566,0.24909999208597072,2.8183716879787455
0.6B,726,6.366313655127239,0.8661720173134899,5.5001416378137495,2.883432806536713,0.23557052114145177,2.716933324000543
0.6B,727,6.187652138150122,0.8515340762715643,5.336118061878557,2.941969134138253,0.24703249443249045,2.7666345642446997
0.6B,728,6.495578666025378,0.8764096676572325,5.619168998368146,2.8615470324109955,0.22205390694756752,2.7117145841008643
0.6B,729,6.3784580946652545,0.8700893402524287,5.508368754412828,2.782225465276125,0.22377007427881834,2.625965560290998
0.6B,730,6.360652043207751,0.8531943348921002,5.507457708315652,2.9105132436677046,0.24674400590690554,2.727767115695233
0.6B,731,6.487784861286943,0.8699059768606592,5.617878884426283,2.9198881583666054,0.22838772650370182,2.759872875217044
0.6B,732,6.395755185897412,0.8720658342290407,5.523689351668372,2.830022102275978,0.22313886649463283,2.677538147026327
0.6B,733,6.399690923842095,0.8626167909952248,5.537074132846872,2.9539915157023837,0.23637359342615724,2.7833425881751235
0.6B,734,6.311832164406136,0.8610304821795413,5.450801682226595,2.91965099341702,0.2373168856214614,2.7524161721515186
0.6B,735,6.380002768404103,0.8620405570077063,5.517962211396397,2.8902043013728798,0.2326461372495118,2.7270338224670723
0.6B,736,6.388866641917881,0.8568387033513175,5.5320279385665625,2.966298354781332,0.25665298054181196,2.780182526869893
0.6B,737,6.360644913367501,0.8610638118597284,5.499581101507773,2.935466333551884,0.24244221138489516,2.7638393089539854
0.6B,738,6.382498726618815,0.8707356363230789,5.511763090295736,2.83929880899629,0.22953129070350256,2.6842025440143726
0.6B,739,6.208075428926145,0.8485492116253351,5.35952621730081,2.9959805847185703,0.2554774324135812,2.811330179752233
0.6B,740,6.4339260447780635,0.8602645143996028,5.573661530378461,2.8862851842375004,0.24129112219683757,2.712447681591687
0.6B,741,6.3707212203353105,0.8678569661335128,5.502864254201799,2.910823439667777,0.22903761571524903,2.75253390498277
0.6B,742,6.3231325321478495,0.8652815011456578,5.457851031002193,2.878781351729039,0.2386077138408588,2.708439343364401
0.6B,743,6.092769526759376,0.8501175750266848,5.242651951732691,2.907074288196573,0.25323898852519106,2.7280341882094272
0.6B,744,6.487985314936408,0.8676642670880254,5.620321047848384,2.8591513039306764,0.2266610594800165,2.7000684324477193
0.6B,745,6.4732275468701665,0.8732367969638534,5.599990749906314,2.7838903554323378,0.21817089750052227,2.62862868284739
0.6B,746,6.495847742922475,0.8706952132632622,5.625152529659213,2.865206840788909,0.2316771526094087,2.704718540046951
0.6B,747,6.398557488509108,0.8701048701356497,5.528452618373459,2.829492250449453,0.22052731346883542,2.6745604622363217
0.6B,748,6.403717328921013,0.8618748947040954,5.541842434216918,2.8808948570424784,0.22212013166796424,2.723571592136776
0.6B,749,6.357510087620578,0.8564489635359208,5.501061124084657,3.0074319774258766,0.25268352921446113,2.823219338875418
0.6B,750,6.248139900981958,0.8553597529451413,5.392780148036816,2.957250665055826,0.23547677385314475,2.792017745479265
0.6B,751,6.252730678574968,0.8589964925303836,5.393734186044584,2.947618338776179,0.24140592843958636,2.7797699827292406
0.6B,752,6.3824543534637455,0.8610055634109266,5.521448790052817,2.8288707388282175,0.23135819995821494,2.6636460472009955
0.6B,753,6.4104173999064535,0.8620908084479816,5.548326591458471,2.9524516604527,0.23191896480084395,2.7915316809026325
0.6B,754,6.057780940318111,0.8467061013166497,5.21107483900146,2.8696021980700253,0.24975832287121968,2.688271029106373
0.6B,755,6.395308257201068,0.8644337737803929,5.530874483420675,2.893407206779873,0.24180298770939068,2.72338488195918
0.6B,756,6.322455341969274,0.8631901860190573,5.459265155950217,2.9159029344251155,0.2389959011997662,2.748300834948006
0.6B,757,6.133791757058837,0.8505214453470408,5.283270311711796,2.977264191580494,0.25114717645388357,2.8039480464537494
0.6B,758,6.24394171816993,0.8532829432974441,5.390658774872484,2.9204562069840216,0.24497551760882794,2.7443547034263527
0.6B,759,6.2437301183329605,0.8374945138839621,5.406235604448998,3.015729167732416,0.2722984473612449,2.806947799501722
0.6B,760,6.267740195132154,0.8461820139531767,5.421558181178976,3.018408228585739,0.2595324938910634,2.828664133241581
0.6B,761,6.1993281861395495,0.8579105168443757,5.341417669295173,2.9107388061732875,0.23736535251216923,2.7438927211548014
0.6B,762,6.405749653078001,0.8612096847181228,5.544539968359878,2.9508699400686393,0.24098448625341334,2.7798764337411708
0.6B,763,6.268281788901202,0.8473200508952486,5.420961738005953,2.9153889587122115,0.25022432813463086,2.7302566670504835
0.6B,764,6.285828218382639,0.8551172435566191,5.4307109748260185,2.9516653299493214,0.23895026109437714,2.7823402235875854
0.6B,765,6.53029362147911,0.8771796617055923,5.65311395977352,2.835746145117262,0.21333501509930672,2.6914547480995497
0.6B,766,6.359693275856497,0.867255948453307,5.492437327403188,2.7952132803465615,0.221369383938402,2.641325957718052
0.6B,767,6.291142164159481,0.8582259853494228,5.432916178810058,2.86866445715182,0.23415097841242846,2.703462673811677
0.6B,768,6.4513109885669975,0.8762739091310751,5.575037079435923,2.7818796012577796,0.21870428625471858,2.6350384594349774
0.6B,769,6.422270473953724,0.877974311621562,5.544296162332164,2.7269580295989964,0.20728541075881607,2.587111945854679
0.6B,770,6.286972441772226,0.8674864564201547,5.419485985352072,2.794398468887218,0.2327044735765009,2.6320351119392686
0.6B,771,6.169117797654815,0.8488078046272042,5.320309993027611,2.9120266212261665,0.24531527806458425,2.7380456839480094
0.6B,772,6.425535468390322,0.870756778334104,5.554778690056221,2.7804136045565495,0.22396862910775722,2.6237974997525373
0.6B,773,6.467266735022011,0.8586688172503302,5.608597917771681,3.0000812731884783,0.23996800904407,2.829735888143809
0.6B,774,6.478168077054457,0.862527441675481,5.615640635378976,2.904432955887267,0.24032580533447642,2.7296195846131948
0.6B,775,6.355583379852084,0.85559993839485,5.499983441457235,2.9728324148821113,0.2424198851745053,2.795993605015868
0.6B,776,6.316423966071866,0.8637847110072577,5.45263925506461,2.8769414677855987,0.2358719081551123,2.707370171187408
0.6B,777,6.380047780817175,0.8451040995265329,5.534943681290643,3.0139722117397745,0.25706338610475726,2.8204422492724053
0.6B,778,6.484700238139077,0.868985497285369,5.615714740853708,2.865367899044902,0.22806283363716404,2.705070669252973
0.6B,779,6.209293519860723,0.8666757125416893,5.342617807319034,2.8571619315326244,0.2456667754724833,2.6837214261537525
0.6B,780,6.237538702227162,0.8548004867547447,5.382738215472418,2.8803415735450915,0.24262731130097717,2.705226005092315
0.6B,781,6.451978722888932,0.8557679633681156,5.596210759520817,2.9822167649880056,0.2471218926895091,2.798281140701125
0.6B,782,6.159431709975926,0.852990767538278,5.306440942437647,2.9271648230724754,0.24196692303344777,2.7561211254940896
0.6B,783,6.440441017562682,0.8694251886124394,5.571015828950243,2.8887677516235026,0.2202320871863799,2.7360895751374827
0.6B,784,6.479929969005234,0.8623531386780419,5.617576830327192,2.9355175262721223,0.2373566885155006,2.764753014450407
0.6B,785,6.331061139725661,0.8615382618304649,5.469522877895196,2.8762868152019134,0.23851195559666258,2.7055145831420826
0.6B,786,6.301560728967036,0.8563380917776541,5.4452226371893815,2.92368548439593,0.24836851623604594,2.7474150987663712
0.6B,787,6.3921516015382265,0.8699530947996421,5.522198506738583,2.842693466749012,0.2283705504413301,2.6822518301806215
0.6B,788,6.251301813834615,0.86240531181138,5.388896502023234,2.8389203776250325,0.237865142380343,2.675298529119733
0.6B,789,6.391112155910762,0.8620057913066891,5.529106364604073,2.9562950458909456,0.23806713540882765,2.78743027293333
0.6B,790,6.355075790724913,0.8545155389558887,5.500560251769025,2.9558078474516636,0.24786801585015844,2.774246203105629
0.6B,791,6.641440745745199,0.8897850188904919,5.7516557268547075,2.84202294800136,0.2041591328397554,2.7094601675162315
0.6B,792,6.558376409386845,0.871539641615743,5.686836767771101,2.9981854611299155,0.22710081112493566,2.8421965726769347
0.6B,793,6.50570817524579,0.8697368145662852,5.635971360679504,2.9396994872049316,0.22871323201685695,2.777119746200905
0.6B,794,6.484956124920988,0.8621320477067036,5.622824077214284,2.890446737797233,0.23191189886199795,2.726548460672602
0.6B,795,6.570801155746912,0.8645982610169926,5.706202894729921,2.9543989514893227,0.2343354527787104,2.7846824233756573
0.6B,796,6.357640837278394,0.8567205675470628,5.500920269731331,2.9763240664447803,0.24598379315486096,2.79382762780834
0.6B,797,6.628416073498265,0.8831889356625484,5.745227137835714,2.7983739529871277,0.20184932012515072,2.661021361087976
0.6B,798,6.4495491532078395,0.8601403266425659,5.589408826565274,2.9551342770878457,0.2418887897528608,2.782867581503351
0.6B,799,6.413852061660431,0.8644913597801779,5.5493607018802535,2.9175951535965803,0.24318812573015536,2.744648302660813
0.6B,800,6.563111281183497,0.8739644108759207,5.689146870307577,2.8626338187266973,0.2310482799602682,2.698722897822069
0.6B,801,6.506151517633643,0.8696312938458967,5.636520223787745,2.8620765859777593,0.23309828347029155,2.6965116680273646
0.6B,802,6.430918604376519,0.8586175961480786,5.57230100822844,2.965554719172097,0.24074181395230948,2.792042521775661
0.6B,803,6.34202191240722,0.8716115218241737,5.470410390583044,2.7839509802313427,0.23232232467706276,2.623952684311178
0.6B,804,6.318307017254897,0.8585284866794723,5.4597785305754245,2.9109304067151216,0.23579677397844456,2.7447309057817835
0.6B,805,6.419151778507323,0.8621676944728306,5.556984084034493,2.9122917027083126,0.23325165599838066,2.7432890792526003
0.6B,806,6.418867737670847,0.8650483669756148,5.553819370695233,2.9110423117062445,0.22948328330084924,2.7499269432596494
0.6B,807,6.40107833928104,0.8711260141348867,5.529952325146152,2.8422736104993396,0.22569300268990303,2.684596450320096
0.6B,808,6.5134556051546975,0.8669500009886277,5.64650560416607,2.881422770106538,0.230811983277484,2.7132353487000556
0.6B,809,6.479359939217364,0.8696614341412013,5.609698505076162,2.8005442983186,0.22181454985115062,2.6366286453882224
0.6B,810,6.51813747251944,0.8613445003852328,5.65679297213421,2.9267523873380745,0.23562686414452477,2.7581959076351805
0.6B,811,6.7112462444930845,0.8833035964920778,5.827942648001008,2.7940149228244477,0.22104829288299127,2.6388959868970017
0.6B,812,6.359772644792382,0.8591446027423901,5.500628042049993,2.9259590425733024,0.23820008277858223,2.7551738541282296
0.6B,813,6.5676427201220395,0.8628480212847565,5.704794698837283,2.933667401066532,0.24566029736082948,2.748483014173458
0.6B,814,6.330016067682372,0.854222485443891,5.475793582238483,2.948387587624575,0.23659680402136382,2.7784254608351655
0.6B,815,6.510033061468688,0.861424642460568,5.648608419008119,2.9494612584187094,0.23409701781514447,2.782233107648691
0.6B,816,6.489314342595702,0.8694481612680767,5.619866181327628,2.8726392086428842,0.2275716988769456,2.7140169011992037
0.6B,817,6.639354588522897,0.8710862798046856,5.76826830871821,2.8899876190136036,0.22603229537085068,2.7280678733392
0.6B,818,6.763149799012269,0.8788150616411428,5.884334737371127,2.962177730263491,0.22747853660121342,2.801054222306829
0.6B,819,6.705899148082137,0.8806043788687703,5.825294769213365,2.851075948194679,0.2255659325093777,2.6956028037111945
0.6B,820,6.5117173947068085,0.864423487536301,5.647293907170506,2.871840610117617,0.2325049071004498,2.7021650129741137
0.6B,821,6.645447018959851,0.8906694337545691,5.754777585205282,2.77252167337162,0.1951587768276489,2.645032876504038
0.6B,822,6.647180142298304,0.8744964175167145,5.77268372478159,2.9132942803381536,0.22066304025463548,2.7556603811781564
0.6B,823,6.483986774494812,0.8710283189422364,5.612958455552576,2.8763462242863227,0.22833169252601773,2.720473150129111
0.6B,824,6.43570972063503,0.8639297801909012,5.571779940444128,2.9260460054327435,0.23871697941379727,2.754422573986055
0.6B,825,6.482049273752202,0.8615869305335847,5.620462343218618,2.8352218547378065,0.22327334961497525,2.6735147939830908
0.6B,826,6.596493012511484,0.8684794639635811,5.728013548547904,3.033023971659519,0.23788884084953538,2.8686881852393293
0.6B,827,6.692591014182717,0.8848313661051813,5.807759648077535,2.821583100620884,0.2114878129177019,2.6764755612193194
0.6B,828,6.52482656819218,0.8584882778401811,5.666338290351998,2.9905315303576008,0.23638544940940776,2.8219307694988185
0.6B,829,6.6343797771264965,0.8715953582539198,5.762784418872577,2.848684987025354,0.23129415503607356,2.6816215586929735
0.6B,830,6.5996975703125385,0.8671703418531789,5.732527228459358,2.8380209042301434,0.23798409850376018,2.6647174531714373
0.6B,831,6.453774207059761,0.8652403658772104,5.588533841182549,2.9536874044682855,0.2353060405784552,2.7862437998417353
0.6B,832,6.509003307098387,0.8672508617282547,5.641752445370131,2.9109407932376787,0.23419784387965348,2.74323817408795
0.6B,833,6.617825201538353,0.8753786661491181,5.742446535389235,3.067325062696103,0.22543616482371065,2.9165437112935213
0.6B,834,6.506700890083644,0.8757188249291855,5.630982065154458,2.8573237173858046,0.21455680275287323,2.710173185253893
0.6B,835,6.5327726969394755,0.8745822928133821,5.658190404126091,2.7256771110259206,0.21874942149733825,2.5737465961141712
0.6B,836,6.589398182581773,0.8643110869130232,5.72508709566875,2.966617166066589,0.23087939733091184,2.798316081764621
0.6B,837,6.634539645763328,0.8621834767234052,5.7723561690399245,2.9231606875971106,0.2374369795894052,2.748634946559104
0.6B,838,6.558403828196284,0.8542198230845537,5.7041840051117285,3.07110091483899,0.2529060041346845,2.883079245088481
0.6B,839,6.519786889823324,0.8700837452799874,5.649703144543338,2.9113918102832477,0.22452843362578132,2.7514430745391283
0.6B,840,6.568792728790883,0.8757333508302858,5.693059377960598,2.7992037963586376,0.22819923233678457,2.6361416994884266
0.6B,841,6.537553575988848,0.8601234104564421,5.677430165532405,2.905607073577354,0.24183566669397502,2.725074084380914
0.6B,842,6.524287314652237,0.8553225545152169,5.66896476013702,3.006911148223004,0.250712357752721,2.8206894341912983
0.6B,843,6.262440712932895,0.8533729330046781,5.4090677799282165,2.98135329879918,0.24527162865074767,2.8086225486849967
0.6B,844,6.530517735247586,0.869292650757491,5.661225084490097,2.9105444905340323,0.2333896660262095,2.746860427211147
0.6B,845,6.526552509752894,0.8669705127163041,5.659581997036588,2.8844166160727838,0.2319901538926157,2.718698963452187
0.6B,846,6.33485274041381,0.8496597789562808,5.48519296145753,3.037707632426547,0.2512506161154212,2.8550798441769474
0.6B,847,6.394297554144066,0.8620995742266552,5.5321979799174095,2.9249172981215916,0.23490467960209258,2.7599441750375275
0.6B,848,6.476314917887632,0.8606875897684636,5.615627328119169,2.944649763400074,0.24402850148757577,2.767067376001863
0.6B,849,6.674464736145958,0.8823135631557579,5.7921511729901995,2.8098295118219543,0.21518323501862502,2.6615049169393092
0.6B,850,6.612038041366886,0.8718902601278333,5.740147781239053,2.9627801540654968,0.22173624223561528,2.8084174796649752
0.6B,851,6.594076927759699,0.8682603207859331,5.725816606973766,2.9464879528836243,0.23231032120715273,2.7806799563699096
0.6B,852,6.386748080890727,0.8533872271339876,5.533360853756738,2.95164632670271,0.23981710739321604,2.774201772245521
0.6B,853,6.559193945304378,0.8577651663535077,5.701428778950872,2.9501213387087257,0.24350776107245492,2.770017132723505
0.6B,854,6.515314354210814,0.8673591311414901,5.647955223069321,2.9311788402012997,0.23711011440581545,2.762070641584659
0.6B,855,6.549451688716897,0.8697773878619061,5.679674300854991,2.8704055518402076,0.23442669061604493,2.7022643563856383
0.6B,856,6.471272433619056,0.8588005551428534,5.612471878476203,2.9070036193759674,0.23826975561098304,2.7343279184000426
0.6B,857,6.585624107633495,0.8746568821734519,5.710967225460044,2.8858073868143457,0.22030253414968634,2.731636210284843
0.6B,858,6.757734639928243,0.8854751735538587,5.872259466374383,2.7909392434108056,0.21622609063728082,2.638001486989084
0.6B,859,6.72206590322594,0.8812657258343138,5.840800177391626,2.79936715531701,0.2108153039399535,2.653558687543908
0.6B,860,6.614549216204848,0.8750400608122331,5.739509155392615,2.8373097297109737,0.20960658948834857,2.689183399125905
0.6B,861,6.71804575612622,0.8754199112842507,5.842625844841971,2.855722867608303,0.21353683381820798,2.7051324429229986
0.6B,862,6.738155440581625,0.8916531826244872,5.8465022579571375,2.816772372272313,0.20073443605062305,2.6865183928756085
0.6B,863,6.625292735006006,0.8860648582250236,5.739227876780981,2.8057393812496714,0.2066932733788879,2.666531235026148
0.6B,864,6.524531491382171,0.8627572346501078,5.661774256732063,2.9227379608244606,0.24088028558006078,2.7438729835441755
0.6B,865,6.510618989333896,0.8784164901620041,5.63220249917189,2.847073156216246,0.21538358126394436,2.698532296803388
0.6B,866,6.700384006209913,0.870930912624672,5.82945309358524,2.9301564750941846,0.23081811614148529,2.7649599254984905
0.6B,867,6.335256393881999,0.8602049441980383,5.475051449683961,3.011434437776092,0.24018696778311066,2.841775418025081
0.6B,868,6.3887841662362375,0.8543376319226695,5.534446534313567,3.073299384067666,0.24603891423550234,2.895912181102316
0.6B,869,6.591202862356582,0.8846118320748817,5.706591030281699,2.823607161886497,0.210607407418054,2.680942583679018
0.6B,870,6.617172948456352,0.8747181618997109,5.742454786556642,2.8226110375813787,0.22173906738598434,2.668987365169311
0.6B,871,6.6919476102553475,0.8831241832651705,5.808823426990177,2.8333980293966126,0.214191165262035,2.685618428062545
0.6B,872,6.584679152513533,0.8790327456824529,5.705646406831081,2.7675952188965867,0.22224511782385006,2.6143513814580976
0.6B,873,6.438554265166415,0.8655016169137723,5.573052648252642,2.963807970913341,0.23259296439128377,2.8011019052978714
0.6B,874,6.839306000875599,0.8802241096688515,5.959081891206746,2.820623924882075,0.2171092999802886,2.6644933581737478
0.6B,875,6.599736348943817,0.8759796318592373,5.723756717084578,2.914731838857428,0.2257213451050308,2.7587291631932462
0.6B,876,6.501855834102271,0.8660792958798713,5.635776538222401,2.8846804439324174,0.23222722444888824,2.7212735711832208
0.6B,877,6.618219782339923,0.8643304169344352,5.753889365405489,2.9747792061806133,0.2415301352496097,2.7965330183521955
0.6B,878,6.6505614533498045,0.8701378872272371,5.780423566122568,2.92478904829164,0.23834207444647554,2.751466115913943
0.6B,879,6.627384963191025,0.8729672688114822,5.754417694379542,2.8983055823202317,0.22451594371826591,2.7383221168942944
0.6B,880,6.6707304370868625,0.8804189959571024,5.79031144112976,2.762788958937632,0.21556259907660855,2.6084935174018087
0.6B,881,6.690369853278641,0.8708876946738585,5.819482158604782,2.9084605182292855,0.23418357365732853,2.7399869642460475
0.6B,882,6.553954949443904,0.8719176608155713,5.682037288628335,2.9277043292723834,0.2332938518051884,2.7638594871570348
0.6B,883,6.539105641913244,0.8824001875207862,5.6567054543924575,2.789240196443431,0.22274119786372093,2.6397599222726655
0.6B,884,6.687037909577635,0.8772324525716926,5.809805457005941,2.794579144818892,0.21907306407663704,2.638984459703999
0.6B,885,6.746730973674653,0.8793718486742986,5.867359125000354,3.05471503001874,0.22493480525378867,2.902116076822733
0.6B,886,6.536038183737548,0.8821945136812466,5.653843670056301,2.8164981099808353,0.21486916848865176,2.6672263035626624
0.6B,887,6.607517003842727,0.8742048980740892,5.733312105768639,2.869511816638369,0.22643280843610716,2.711515150893765
0.6B,888,6.569030393430832,0.8647051626959512,5.704325230734877,2.8902701427559667,0.24434829548457676,2.7117090835602933
0.6B,889,6.697176052902564,0.8664694293207382,5.830706623581827,2.9101684990884564,0.2257935934810941,2.742781721713379
0.6B,890,6.683953019614137,0.8718351509386565,5.81211786867548,2.9128664889914377,0.224428464167977,2.754078356638758
0.6B,891,6.725219424199256,0.8864424947406908,5.838776929458565,2.8885113832144333,0.21676024790857343,2.73974954706823
0.6B,892,6.719892123446739,0.8886301671395325,5.831261956307207,2.775555714735381,0.19570584160012403,2.644470734777138
0.6B,893,6.792598934307614,0.8843544723307978,5.9082444619768175,2.9236970149185977,0.21235710274076533,2.7741713012399236
0.6B,894,6.664695801460133,0.8583252443316195,5.806370557128514,3.0055810516588917,0.24540737975364169,2.8219019941999677
0.6B,895,6.7775985233360245,0.8875385795539885,5.890059943782034,2.870169141617379,0.2063599974526355,2.72803692041469
0.6B,896,6.585322084893825,0.8712711271281973,5.714050957765628,2.9020181440282395,0.22964479252535733,2.736923868806525
0.6B,897,6.763675010890586,0.8817007775013185,5.881974233389267,2.8117268009944865,0.21105323122945477,2.662435542692952
0.6B,898,6.8665930428246975,0.881599114660807,5.984993928163891,2.7376233148286384,0.20768758592586015,2.586282191357902
0.6B,899,6.673924688048854,0.8919181603122589,5.782006527736595,2.7470372676308137,0.19231808887713595,2.619106264199432
0.6B,900,6.6402505364918465,0.8877259861805818,5.752524550311264,2.771696285279373,0.20416863483869718,2.633850914538846
0.6B,901,6.602131254436702,0.8820349667172562,5.720096287719446,2.8901979896943857,0.20786626905619526,2.747311337426616
0.6B,902,6.614700784048441,0.867234685630774,5.747466098417667,2.881000835763553,0.22741975961448885,2.7152221835723216
0.6B,903,6.6273579083718035,0.8775056042097573,5.749852304162046,2.8928718524238106,0.22754139730307965,2.733425866516359
0.6B,904,6.453301209658031,0.856235917360837,5.597065292297195,2.827115765695111,0.23473993096836926,2.6565979418810306
0.6B,905,6.555276089356165,0.8704973932904355,5.68477869606573,2.985937434889491,0.22699434000238958,2.829608405980964
0.6B,906,6.821713025518972,0.8837396891736673,5.937973336345304,2.9267130294144263,0.2221152404810692,2.7726024382040433
0.6B,907,6.724530993004695,0.874276913964471,5.850254079040223,2.9004143819515376,0.23338511537863754,2.730973493837804
0.6B,908,6.604835163764501,0.8749727129943776,5.729862450770123,2.8916217590270787,0.21678073118693308,2.7410776953608167
0.6B,909,6.689852295307107,0.8619918250515034,5.8278604702556045,2.947119596887553,0.2365056404763515,2.769683063044633
0.6B,910,6.8812379752089,0.885673685088296,5.995564290120605,2.895792343527961,0.21345936584745903,2.747534778688813
0.6B,911,6.819686631934352,0.8774497395881865,5.942236892346165,2.8978636651166005,0.22186660620761003,2.7400496268809813
0.6B,912,6.657553185710423,0.8825567356650156,5.774996450045408,2.7871132490190833,0.2133419394355492,2.6366526713805785
0.6B,913,6.6643407489669615,0.8782355308203712,5.786105218146591,2.905094062918037,0.2190928697081837,2.752480388796699
0.6B,914,6.794572968052702,0.8686378505388409,5.925935117513862,3.0442599090238662,0.23435159933356717,2.8735813594179205
0.6B,915,6.67792464122413,0.8838463185100036,5.794078322714127,2.8724279544637756,0.20764020243580866,2.7311070907102484
0.6B,916,6.662576273121295,0.8789171094310851,5.783659163690209,2.8319633610340045,0.2109075226990359,2.681204958144807
0.6B,917,6.786429138277738,0.8817766811659852,5.904652457111752,2.838419573226013,0.2174328036734183,2.687518611286816
0.6B,918,6.710264532172807,0.8792940667641729,5.830970465408632,2.8751443379673716,0.2118901242184959,2.7290273305541373
0.6B,919,6.881592338979218,0.8853637979498848,5.996228541029334,2.9144784999575326,0.21344316810146632,2.7666821227651184
0.6B,920,6.565846032921696,0.8672212112343952,5.6986248216873,2.881877914661269,0.2318887239832798,2.7153689738444413
0.6B,921,6.755408658627141,0.8855105289600859,5.869898129667056,2.86047836685428,0.21069883665276135,2.717154550285484
0.6B,922,6.6417238641151055,0.8814843228990827,5.7602395412160226,2.8516406726490264,0.21670012217329654,2.701548899881025
0.6B,923,6.689496295956913,0.8765973592357823,5.81289893672113,2.933743154492709,0.22060153833340027,2.776556523816397
0.6B,924,6.891113919324868,0.8920204117130895,5.999093507611777,2.878195285652766,0.20044594195475174,2.744295109449018
0.6B,925,6.936983270382139,0.887359421182746,6.049623849199392,2.8835172549618537,0.21993256312843648,2.7297499479709577
0.6B,926,6.809549598617024,0.8896585159745923,5.919891082642432,2.8199805972036267,0.19015745587184166,2.6911765651816917
0.6B,927,6.889354113638863,0.8890245719314965,6.000329541707364,2.805885822497743,0.19997535767534533,2.666309077049008
0.6B,928,6.810995585894928,0.8891004341378155,5.921895151757112,2.8414065999355915,0.20013625111278313,2.7071274951876303
0.6B,929,6.706170577217358,0.8755164013731292,5.830654175844228,2.887616709228524,0.2155469991699133,2.733556170333749
0.6B,930,6.709017825791653,0.8758790788731945,5.833138746918456,2.920337177493915,0.22253095474062662,2.761624295653862
0.6B,931,6.6292059381532145,0.8808414286893949,5.7483645094638165,2.756204518428817,0.21256911203925344,2.6103841865914363
0.6B,932,6.658025821528381,0.8753308425491524,5.782694978979229,2.922826952201744,0.22466917976391548,2.76578172732505
0.6B,933,6.651620016822556,0.8749612717238326,5.7766587450987235,2.990748632567845,0.221731576752014,2.8388287628401767
0.6B,934,6.806432401935877,0.8892412515584842,5.917191150377393,2.8672819266348224,0.20689818740686977,2.725454636193725
0.6B,935,6.715114331163103,0.8819308256279623,5.83318350553514,2.777413809301894,0.20746066756186232,2.630111956152629
0.6B,936,6.819414326147297,0.8827313229514304,5.936683003195866,2.807893608142686,0.2053000784734385,2.6655216619538256
0.6B,937,6.789682039780105,0.8826961837947993,5.906985855985306,2.819222173965097,0.22343934421900763,2.6624825886953047
0.6B,938,6.868971258020008,0.8923265051820439,5.976644752837966,2.82491886301206,0.19627761508893082,2.691639304669397
0.6B,939,6.791094783463249,0.8721428200565917,5.918951963406658,2.943465815211127,0.2186580773052974,2.7861330273006044
0.6B,940,6.906925080190851,0.8927596752999064,6.014165404890945,2.7785249795031657,0.20132572718466044,2.638457956720155
0.6B,941,6.758589822462667,0.8827724577425962,5.875817364720069,2.8155071423709503,0.21803071269873145,2.6635446780942518
0.6B,942,6.7433689455649795,0.8775027562376743,5.865866189327305,2.9131203497689384,0.22202425895594508,2.7567767803893903
0.6B,943,6.7283989612251895,0.8726976195961108,5.8557013416290795,2.9813247487774857,0.22729393431896622,2.8181475084450462
0.6B,944,6.762326339063205,0.8873078744594252,5.875018464603778,2.7045399264330223,0.20842003457571265,2.561084157829355
0.6B,945,6.730242725080234,0.8831919483331316,5.847050776747101,2.7773870111702053,0.2039317366443074,2.6346562135172142
0.6B,946,6.778972079868587,0.8905248746805693,5.888447205188016,2.7764365617736595,0.20255241600195784,2.637113512810546
0.6B,947,6.7791418474554614,0.8942903471144777,5.884851500340982,2.8020160614384144,0.20283871898666578,2.6680384563574817
0.6B,948,6.8206266398557975,0.8740428798616507,5.946583759994145,2.9947694506098412,0.224887812287634,2.8341638989790128
0.6B,949,6.712799978034061,0.8835313469120426,5.8292686311220185,2.992324676905235,0.21343672325816662,2.844665714631668
0.6B,950,6.787417688427681,0.877382695527791,5.910034992899887,2.855203828409416,0.22034083565814724,2.6959638824339627
0.6B,951,6.7053376867111965,0.8837245310623671,5.821613155648827,2.8329329656067355,0.21282458860839512,2.68574949628246
0.6B,952,6.845259699835013,0.8667007008784434,5.978558998956569,3.055218774281807,0.24500679067568604,2.8731130321103353
0.6B,953,6.669053194393559,0.8705891883076997,5.798464006085857,2.9382193198277196,0.2125901719783654,2.7857720415740532
0.6B,954,6.709377860413286,0.8704404793965065,5.8389373810167795,2.97949615489138,0.23187719814783256,2.812887329351169
0.6B,955,6.6631726043064035,0.8776178678287851,5.78555473647762,2.8559185901114077,0.20859834926202597,2.7116152759602326
0.6B,956,6.777769323268242,0.8958042925628689,5.8819650307053735,2.7541080187659324,0.18929287292402003,2.62853557155363
0.6B,957,6.747753922800481,0.88469437063521,5.86305955216527,2.8112740763358484,0.21178193896176462,2.6611216890805545
0.6B,958,6.89137794821004,0.8857735641670293,6.005604384043009,2.8886816140055864,0.2133471731103306,2.739404766745636
0.6B,959,6.808010068740536,0.8838127551539318,5.924197313586605,2.8433224884014217,0.220156774695604,2.6923762978596457
0.6B,960,6.747182148020455,0.8863210481017172,5.860861099918738,2.7574842158082142,0.20844952841918266,2.615084869429482
0.6B,961,6.6995793134664305,0.8690466487292581,5.830532664737172,2.9285845623121802,0.23301966445089303,2.7593064032856054
0.6B,962,6.781082848602975,0.8734624505167219,5.907620398086252,2.902773098766195,0.21560701749786004,2.7451109724466023
0.6B,963,6.7122217522517,0.8708642694050726,5.841357482846626,3.0329018395793788,0.23551851307907012,2.8636355196825045
0.6B,964,6.825313755428333,0.8727064358629189,5.952607319565415,3.0117538705881577,0.23249457541754856,2.8470349484472592
0.6B,965,6.82148587013207,0.8808593644183709,5.9406265057136975,2.9232390347251114,0.21816816925096308,2.7689011652157376
0.6B,966,6.875024349169496,0.8931668835616511,5.981857465607845,2.8282683514694473,0.1963120640069747,2.696658180252057
0.6B,967,6.889263845432746,0.8927634609305118,5.996500384502233,2.7953805279436716,0.19841329551193046,2.660555143137282
0.6B,968,6.524123720626481,0.8619927739869807,5.662130946639499,2.945680439061739,0.2446304191112142,2.7672347659003
0.6B,969,6.904798950618371,0.8850579875539155,6.0197409630644545,2.9316440719342727,0.2116503503394593,2.782865981276768
0.6B,970,6.797087759895709,0.8852243791933989,5.91186338070231,2.8005030853162376,0.20575366229881406,2.6570767643079414
0.6B,971,6.901250410041297,0.8910567083861392,6.010193701655159,2.881335647813596,0.20473608827634485,2.741866118610388
0.6B,972,6.919877396934144,0.8884228008640827,6.03145459607006,2.835622381285369,0.1980035855350776,2.6984566757665456
0.6B,973,6.7014976019911945,0.8698524842927084,5.831645117698485,3.01537196444146,0.23418030382499108,2.8465927738606625
0.6B,974,6.757974677324648,0.8801170696756789,5.877857607648969,2.925550204853746,0.22610025316528787,2.764209151225633
0.6B,975,6.848717435971074,0.888131395771242,5.960586040199832,2.942820949229529,0.209399677615025,2.7990773849132085
0.6B,976,6.75839923182021,0.8716160258281087,5.886783205992101,2.9542099506994477,0.22597823533800604,2.790573011063107
0.6B,977,6.785948692012814,0.8837912885870159,5.9021574034257975,2.9050191218065162,0.2110168431719977,2.757625301881647
0.6B,978,6.637526211396682,0.8676625374346854,5.769863673961997,2.9146159080779164,0.22918482936206647,2.7496110479764857
0.6B,979,6.562180945023855,0.8603425405807168,5.701838404443138,2.9919642922650955,0.23792039673806062,2.8168856506606237
0.6B,980,6.735391174686912,0.8738599247687083,5.861531249918203,2.9079323406531983,0.21749700850289047,2.7515222279643847
0.6B,981,6.904523022608634,0.8947719544243073,6.009751068184329,2.844964628641014,0.20160148858864194,2.7122201669145025
0.6B,982,6.675212899251709,0.8746261105728055,5.8005867886789035,2.9132723864592065,0.22735274118659335,2.755561557210577
0.6B,983,6.754616882674074,0.8822151408480461,5.872401741826026,2.891771536033825,0.21175452628393096,2.7471283349933904
0.6B,984,6.4820005163241765,0.8573718688501567,5.62462864747402,2.92451298546218,0.2525856818427336,2.7381285473882073
0.6B,985,6.724539149670215,0.8700452483826759,5.854493901287539,3.0320477578179754,0.23501533110284828,2.8666036953016047
0.6B,986,6.762252046753438,0.8830085987046988,5.879243448048737,2.9896665719483644,0.21332963504044597,2.8415649438179984
0.6B,987,6.726905174203499,0.8808313119924525,5.846073862211046,2.9521956468645016,0.22608043725811516,2.795482510266765
0.6B,988,6.746734675505813,0.8777685145324253,5.86896616097339,2.935821062926553,0.2283555355404659,2.7748118586190578
0.6B,989,6.675949420579155,0.8562046523234468,5.819744768255709,3.03020470112042,0.24615174714393795,2.8406989807576095
0.6B,990,6.64130596279476,0.8763596013888414,5.764946361405919,2.9097908478271513,0.22893196580132547,2.7504829191540643
0.6B,991,6.83055528256278,0.8809197280005332,5.9496355545622475,2.8060923205804413,0.21481413249326406,2.655075285032482
0.6B,992,6.934091365819577,0.8936558464455494,6.040435519374028,2.8587935889414666,0.2098894048373515,2.7164383560460985
0.6B,993,6.674186224274225,0.8653775097399655,5.808808714534258,3.0559007051719793,0.2433639836062363,2.8796022386459312
0.6B,994,6.631885315415929,0.8763812373261676,5.755504078089761,2.9336806980610106,0.221835665132239,2.7779625558972154
0.6B,995,6.705274336898138,0.8746624546378762,5.830611882260263,3.045592686812706,0.23151507835613072,2.884499426262305
0.6B,996,6.629085958624144,0.8627767274872687,5.766309231136873,3.0778402663239945,0.24138027024646086,2.9018437292600647
0.6B,997,6.68418074868047,0.8588251146880977,5.8253556339923716,3.0718369960695977,0.2500722132537069,2.885065991263209
0.6B,998,6.517908254578474,0.8624368622616568,5.655471392316817,2.9538271064796855,0.23083089218712735,2.790951586701641
0.6B,999,6.74628486142135,0.8745250657334149,5.871759795687935,2.9673713349412814,0.22800672922552523,2.803848296584965
0.6B,1000,6.760887851459632,0.8765250968820164,5.884362754577614,2.863228000701472,0.21669929657833975,2.7090140468413626
0.6B,1001,6.64306871854066,0.8635558273591646,5.779512891181495,3.048339016908376,0.23971200253871472,2.873413884195945
0.6B,1002,6.804398496475569,0.8721181026112993,5.932280393864271,2.9667093324025573,0.23009859282444264,2.797865870832214
0.6B,1003,6.703046322635324,0.8797259137192306,5.823320408916092,2.9238265854428014,0.21991834249061748,2.7713505048372062
0.6B,1004,6.949840979812528,0.88467652796661,6.065164451845918,2.908532674509014,0.2141556054819159,2.7577840262348357
0.6B,1005,6.926323332677889,0.8846087104472644,6.041714622230626,2.9900306891422783,0.21965198220623283,2.8362035377555075
0.6B,1006,6.7849642648664465,0.8885457977622145,5.896418467104233,2.816905595246785,0.20638316877059754,2.674023077423513
0.6B,1007,6.9059493857671965,0.8779172424232149,6.028032143343982,2.9480799861222082,0.21649860305873256,2.7896542619622324
0.6B,1008,6.789032400194838,0.884587444360916,5.904444955833921,2.8689300260063972,0.21413341678872297,2.7226264770981006
0.6B,1009,6.8627666125984,0.8835493115691384,5.979217301029264,2.925988666787935,0.21989689444843719,2.771181368350851
0.6B,1010,6.73476531114418,0.8584467671438764,5.876318544000304,3.009150505498515,0.24282821436795157,2.8274013797742072
0.6B,1011,6.995544040425975,0.8881014412589142,6.107442599167061,2.8589868282704924,0.21657411300767926,2.706041069333555
0.6B,1012,6.804701670519001,0.8846219637477577,5.920079706771244,2.8737292830630614,0.2131244398421539,2.727326758755606
0.6B,1013,6.945712357603875,0.8901561621277768,6.055556195476097,2.7965949114181248,0.2079701496539451,2.6505156172200226
0.6B,1014,6.71243005205302,0.8747719339734853,5.837658118079533,2.789831519516717,0.20667064858669504,2.6393690633883873
0.6B,1015,6.774398450059262,0.8713190785210074,5.9030793715382535,2.8891864098574063,0.22800425008357902,2.725909055695498
0.6B,1016,6.8929265489741995,0.8889999802448042,6.003926568729396,2.8441453819969222,0.20989896043013095,2.7007899964779143
0.6B,1017,6.889203901440075,0.8829602430663112,6.006243658373764,2.87254688225787,0.21274618162626233,2.721510500015823
0.6B,1018,6.8037584663141,0.8781641908042775,5.925594275509822,2.994629925437563,0.22798590489371995,2.835681262384001
0.6B,1019,6.732828992239115,0.8780485985279256,5.854780393711191,2.9599391090118456,0.22164503017518908,2.8056670078463988
0.6B,1020,6.6601702205547975,0.8815666330845772,5.77860358747022,2.8941874053901704,0.20292431699125335,2.759048817821126
0.6B,1021,6.928764574892835,0.8825645359768413,6.046200038915994,2.9862036503860265,0.22164322962595398,2.831337918677561
0.6B,1022,6.818176555228897,0.8771115522848975,5.941065002944,2.9217095070368257,0.2345493064750011,2.7548719605654597
0.6B,1023,6.755585164730249,0.8795472766689615,5.876037888061288,2.964925260372341,0.22129090953852165,2.813325699957934
0.6B,1024,6.739195022615013,0.8755807069110301,5.863614315703982,2.9599605125508806,0.2256103400490451,2.802169085970153
0.6B,1025,6.946170774614242,0.8760468335184363,6.070123941095805,3.022268563205879,0.2325970728957644,2.856890068037979
0.6B,1026,6.932305574336339,0.8805257178005296,6.051779856535809,3.0014286475312297,0.21880613137750063,2.8457092143335254
0.6B,1027,6.7946936276395515,0.8759118878135393,5.918781739826011,2.9434006533023505,0.23039848116483122,2.778186769216754
0.6B,1028,6.753515091458304,0.8829254899583766,5.870589601499928,2.92253449557349,0.208882221135864,2.781613663825117
0.6B,1029,6.814236616589407,0.8644382958530163,5.949798320736392,3.0142036858543704,0.23732902274098383,2.835140294009437
0.6B,1030,6.6798608332530245,0.876067857077148,5.803792976175877,2.9045497570429943,0.21911055756049824,2.7499123790035203
0.6B,1031,6.884870429761873,0.8785272999244218,6.006343129837452,3.0211163444653653,0.2135287000548422,2.872966236033635
0.6B,1032,6.892787458777086,0.8775913475404605,6.015196111236625,2.942656804057019,0.21884540110938105,2.783550463438094
0.6B,1033,6.790810082385376,0.8819541621725254,5.908855920212852,2.996017424818207,0.20725945773284907,2.8533304098787804
0.6B,1034,6.763279115978984,0.8731986578207406,5.890080458158244,2.9587933782256886,0.2198998053551366,2.8022417420702332
0.6B,1035,6.927607458654023,0.890076957342244,6.037530501311782,2.934933635395987,0.20477641536009755,2.792489718544876
0.6B,1036,6.974435093037031,0.8866467029186036,6.087788390118427,2.825709377755783,0.20568198041506186,2.6782011505849295
0.6B,1037,6.804420430733435,0.8799856845137296,5.924434746219705,2.8283357867892676,0.21205059069294332,2.67915907643695
0.6B,1038,6.842093794238928,0.871535982769339,5.970557811469589,2.9799464389594643,0.23553979347412296,2.8067515105997174
0.6B,1039,6.8818058218189995,0.9011665393916841,5.980639282427316,2.6559234914067895,0.18316234635405768,2.5316242200287964
0.6B,1040,6.948746381359985,0.8990476054357847,6.049698775924201,2.7683381488174383,0.18716689501351205,2.6467072916801095
0.6B,1041,6.878913162604462,0.8854859128222283,5.993427249782233,2.9236282830885787,0.21344391207240332,2.7765625080864984
0.6B,1042,7.074101342148538,0.891900587172551,6.1822007549759865,2.9681418318597252,0.2068711108737638,2.825188863643442
0.6B,1043,6.900939109029035,0.8824498147521893,6.018489294276845,2.97603930945578,0.22200641025683676,2.818534121455108
0.6B,1044,6.766808208719604,0.8876460536929232,5.879162155026683,2.7319121938806705,0.20588855277706045,2.5893689950387566
0.6B,1045,6.673493336642396,0.8640330022291539,5.809460334413243,2.961632776589928,0.23496658412928653,2.7886289334106467
0.6B,1046,6.635960879919739,0.8719125611186592,5.764048318801079,2.9227017265326647,0.2305589427922423,2.7593830865890454
0.6B,1047,6.922504673351422,0.8865847206022969,6.035919952749125,2.902314154011179,0.21552373138563702,2.7549346235680634
0.6B,1048,6.925050176279319,0.8849027170486822,6.040147459230638,2.853541627446308,0.2087119850189359,2.7026573930265525
0.6B,1049,6.8099477799439985,0.878185674552219,5.93176210539178,2.964734203205394,0.22220355002522776,2.81045571172812
0.6B,1050,6.975654484993062,0.8892045980803543,6.0864498869127095,2.7968308624870533,0.20697904851278756,2.65329563774879
0.6B,1051,6.869923540409753,0.8927726694570504,5.977150870952705,2.8024638155241233,0.19907354602190602,2.6662505872685336
0.6B,1052,6.860397501803531,0.8765600072671725,5.983837494536357,3.014909601221611,0.22336819985718895,2.857352759454024
0.6B,1053,6.649052830721595,0.8670597036130465,5.7819931271085485,2.9394132589072957,0.2270215138295002,2.7739811491903708
0.6B,1054,6.8630738822558275,0.8785622784409065,5.984511603814921,2.854441563088786,0.22352828610455103,2.691304621850401
0.6B,1055,6.889259864765975,0.8797590569729585,6.0095008077930165,2.973071066408244,0.22428321675136537,2.8140731964420804
0.6B,1056,6.934830668433238,0.8935119677035186,6.04131870072972,2.881898673354114,0.19777960454550628,2.7492258786498236
0.6B,1057,6.832141205345322,0.8826533805119128,5.949487824833409,2.8649174421168517,0.21782920360035013,2.7094739922585007
0.6B,1058,7.058333699491178,0.8825987315519963,6.1757349679391815,2.9476644406272294,0.2247575011428266,2.7834806885379497
0.6B,1059,7.004850877468474,0.8849048931210938,6.119945984347381,2.928195620965965,0.21337114366481988,2.7775363660982246
0.6B,1060,6.9094275213442815,0.8846491217080434,6.0247783996362365,2.8292360899214235,0.20849504577104266,2.6792562248559513
0.6B,1061,6.863246684208192,0.8908925950911052,5.972354089117085,2.9047686191644453,0.20241612720067195,2.768250698686473
0.6B,1062,7.076609098317852,0.8910100730596314,6.18559902525822,2.8582848028305956,0.20599716820820088,2.713031120911254
0.6B,1063,6.935956834266076,0.8851953525643096,6.050761481701767,2.8893769685661637,0.21460073125971077,2.7396905382984795
0.6B,1064,6.9447668536232,0.8768287157540974,6.067938137869103,2.956253645505836,0.2267324088340355,2.7884112491854536
0.6B,1065,7.001966710473733,0.8898845866387263,6.112082123835006,2.951321137926415,0.20521389871021847,2.8091503063848204
0.6B,1066,6.986867947960109,0.8949300987526104,6.0919378492075,2.852131607822836,0.1942148870911682,2.717136323018375
0.6B,1067,6.893120093661708,0.8860181551883927,6.007101938473317,2.816973330353035,0.20649924532363179,2.673619659541128
0.6B,1068,6.85450745684015,0.8780003160315863,5.976507140808562,2.8394007186649532,0.2084021579438897,2.686521039753224
0.6B,1069,6.721095609264608,0.876247206983719,5.844848402280889,2.908993172637972,0.21920003358064755,2.7554621677736146
0.6B,1070,6.8016556788961555,0.8708671893539836,5.930788489542172,3.047239305788898,0.23376557056580793,2.8801441450885
0.6B,1071,6.849321942266844,0.8796508704234093,5.969671071843433,2.9447736285937975,0.21971460429209297,2.7911992302707387
0.6B,1072,6.9289251795746,0.8786951898242695,6.050229989750331,2.8869987989502643,0.22146474565244811,2.7286879683831904
0.6B,1073,6.919322907388683,0.8822502164536885,6.037072690934991,2.9357192717365566,0.20980348994327355,2.7870677254631606
0.6B,1074,6.963179710110945,0.8819986935149298,6.081181016596016,2.915734580091565,0.220802300492334,2.7536673726032217
0.6B,1075,6.9163279867724805,0.8958817095475149,6.0204462772249645,2.770364467909957,0.19619336801263026,2.6403775199593333
0.6B,1076,6.873704930739177,0.8775151841901712,5.996189746549004,2.9523724777173888,0.21682724982512447,2.798014044031685
0.6B,1077,6.847424995216353,0.8790334997283604,5.9683914954879915,2.9607009187621984,0.2165489286762682,2.8066691322054265
0.6B,1078,6.896411729345608,0.8861417577204352,6.010269971625172,2.9961255250840013,0.20529853517609375,2.8572141152335595
0.6B,1079,6.793561897767226,0.8861289537819015,5.907432943985325,2.905912386092813,0.21074570236621543,2.7630999125443063
0.6B,1080,6.851906027708234,0.88062045940252,5.9712855683057136,2.9284685509788755,0.2135993700818714,2.7762465039654862
0.6B,1081,6.8066845163769925,0.8792278107843469,5.927456705592645,2.997594627957455,0.22063594476205167,2.8448213534290816
0.6B,1082,6.934899572275269,0.8944185484231664,6.040481023852101,2.79593879928724,0.1919636441411853,2.6648588900892056
0.6B,1083,6.837457387723789,0.8842583885501127,5.953198999173678,2.851199209613006,0.21500890843030898,2.7028117206243634
0.6B,1084,6.753466808151033,0.8759871426022843,5.877479665548747,2.950222161387179,0.21821405937832608,2.79585745904004
0.6B,1085,6.7579019616860165,0.8808681000975614,5.877033861588456,2.877026981437567,0.2091961281024903,2.7297346853462896
0.6B,1086,6.792391713838006,0.8752481549500264,5.917143558887977,2.857103805104035,0.2240564669696812,2.6965836253724
0.6B,1087,6.917963871737115,0.8880936907064702,6.0298701810306445,2.920872033552261,0.21694251546401713,2.7715788125179923
0.6B,1088,6.762796925782772,0.8755162071937024,5.8872807185890705,2.8765479499596527,0.2267632803920092,2.7124683075919376
0.6B,1089,6.862024204370066,0.8754631283139267,5.986561076056138,2.9922373462934413,0.2279913808371114,2.829100601204806
0.6B,1090,6.870484927025178,0.8875132327560248,5.982971694269153,2.8982906944939892,0.21236950821493586,2.754028651329833
0.6B,1091,6.966956251976686,0.8798149672261607,6.087141284750527,2.9077465234963094,0.22876345374958218,2.7421242569250492
0.6B,1092,6.741802964725215,0.8621538906103133,5.8796490741149015,3.041862515307198,0.2396000883377537,2.8649109965494572
0.6B,1093,6.876244626963352,0.87408868683712,6.002155940126232,3.0281979139115136,0.22410194704372682,2.867298157143595
0.6B,1094,6.800875067173355,0.8791228562954643,5.921752210877892,2.8662988833331005,0.22430082504171492,2.7084121438827706
0.6B,1095,6.688753690794996,0.873706940212312,5.815046750582685,2.8957491856230364,0.21217444115193165,2.7435995101139397
0.6B,1096,6.996795494182468,0.8989633714603238,6.097832122722142,2.688773645742428,0.1841009615876233,2.5608785840209474
0.6B,1097,7.056806124495559,0.8888431819121103,6.167962942583447,2.8807695484252998,0.2104181976961071,2.7313348311931223
0.6B,1098,6.9670797975036285,0.8830663944617394,6.0840134030418875,2.9618358648619023,0.21627896171648425,2.8087577061247786
0.6B,1099,6.963616261203245,0.8873922203779512,6.076224040825295,2.93725752170735,0.21874660035458465,2.787450147645549
0.6B,1100,6.972671112273131,0.8842656653433952,6.088405446929735,2.965926084536532,0.21960917377649564,2.809080307126764
0.6B,1101,6.792960672151958,0.8771471408290461,5.915813531322912,2.9137382326923733,0.21843371624048297,2.758639744342595
0.6B,1102,6.929920403720913,0.8848188226568624,6.04510158106405,2.9522018322562125,0.21402808837822007,2.7993951607981673
0.6B,1103,6.915185144751742,0.8776770820558943,6.0375080626958475,3.0415476368471457,0.2296887251654383,2.8789422028966487
0.6B,1104,6.823692171652436,0.8776484055469258,5.94604376610551,3.0273517008651107,0.22735598167817955,2.8686458183578356
0.6B,1105,6.9403568105171844,0.8835571271009441,6.056799683416241,2.9533002050080848,0.2157884745360725,2.801219499408168
0.6B,1106,6.936960028046103,0.8889483137707327,6.048011714275374,2.8326305489450667,0.206892459546183,2.6916907907876184
0.6B,1107,6.700015747911331,0.8876974641000619,5.812318283811269,2.7956261449568873,0.20811955621592967,2.6584607552674835
0.6B,1108,6.76017390295395,0.8794923602405705,5.880681542713381,2.9551283209622197,0.21675701593940586,2.804704920466653
0.6B,1109,6.889028615932269,0.8777673126159029,6.011261303316366,2.848446222840001,0.2258004495617873,2.682382717080326
0.6B,1110,6.980402195333017,0.8927288155677019,6.087673379765316,2.878154248199479,0.20753801414677753,2.7351600902908904
0.6B,1111,7.131952011739146,0.8918216519637204,6.240130359775425,2.9216802691064903,0.2109925573756321,2.776318389427529
0.6B,1112,6.974937102550437,0.8778549731158896,6.097082129434546,2.981563742585961,0.22453519331949248,2.822793496420668
0.6B,1113,6.805753234040855,0.8793647164556853,5.926388517585169,2.960911308950298,0.22235870321420378,2.80250741504857
0.6B,1114,6.7908429074071135,0.8757972967524706,5.915045610654643,2.9549877817480152,0.2125026177085953,2.8070546932948557
0.6B,1115,7.022408842293922,0.8928213029492383,6.1295875393446835,2.9266265829744254,0.19886290126433698,2.7938425321050597
0.6B,1116,6.89833185897421,0.8832995804570861,6.015032278517124,3.006432920891497,0.22096730495251923,2.852272789330052
0.6B,1117,6.640690052902295,0.8736961892824748,5.76699386361982,2.891461256816839,0.22366912352899246,2.734232320079803
0.6B,1118,6.919219560158933,0.8881244221533431,6.03109513800559,2.8485090449613413,0.2016350755865594,2.7065163954995297
0.6B,1119,7.000889135240017,0.887461633859454,6.1134275013805635,2.8694369651027682,0.2138994526200383,2.716458366232024
0.6B,1120,6.886328864733863,0.8798834197272885,6.006445445006575,2.957545399468254,0.22591579648467933,2.796888778949557
0.6B,1121,6.820457913462637,0.885157258065434,5.935300655397204,2.881042871977764,0.20940218313824624,2.7342098242608186
0.6B,1122,6.804290649136023,0.87223397627626,5.932056672859761,3.0254262994955194,0.23835973399632357,2.853743757485971
0.6B,1123,7.01822988496963,0.8782388726749794,6.139991012294652,2.9570186682961768,0.2272012080486403,2.790162993214291
0.6B,1124,6.971408342575128,0.8865314095340029,6.084876933041124,2.9847273154185188,0.21919140227186185,2.8305555426658344
0.6B,1125,6.961427674230414,0.8811826860789153,6.080244988151499,2.874660946867038,0.21799468885391604,2.7222209485883333
0.6B,1126,6.794293335862159,0.8617247033905936,5.932568632471565,3.061233379300624,0.24141479724580436,2.880801577440512
0.6B,1127,6.634289356888387,0.8613100467593063,5.772979310129084,3.030176191508706,0.2475532945110884,2.847296494691085
0.6B,1128,6.895801924459402,0.8794625410026585,6.016339383456742,2.9694259781080867,0.23233645981799628,2.8064305048759035
0.6B,1129,6.852010929486476,0.872908949604493,5.9791019798819836,2.955331068092558,0.2335443195423816,2.780584638745823
0.6B,1130,6.862051449924282,0.8812942210527989,5.980757228871484,2.96936816354667,0.22127310946500195,2.8168986085169756
0.6B,1131,6.983985992619388,0.8822426281070904,6.101743364512297,2.957438460938966,0.22144187679504165,2.7971626989931213
0.6B,1132,6.997404390602105,0.8869948086819918,6.110409581920114,2.896449198849803,0.21330764167485397,2.7457431494862954
0.6B,1133,6.906488561493724,0.883548155401555,6.022940406092171,2.980796937273455,0.22065420810414718,2.8230389989085083
0.6B,1134,6.898266834157705,0.8877712358978138,6.010495598259893,2.8966006583452906,0.21351085307775103,2.748743605195003
0.6B,1135,6.9490652352719735,0.8870514528424145,6.062013782429558,2.82573418420638,0.2135500365504969,2.675077762927182
0.6B,1136,7.042801798760855,0.8818179358086331,6.160983862952222,3.0338961692592723,0.22493236891712745,2.8715524963323347
0.6B,1137,6.974564592706531,0.8811142806122766,6.093450312094254,3.0437239295504948,0.22448100033184645,2.8814712106995497
0.6B,1138,6.897456491158773,0.8830632301113299,6.014393261047444,2.966067974955323,0.2197207507170319,2.810936072369696
0.6B,1139,6.882169968671779,0.8799471954400584,6.002222773231721,3.0611756372416306,0.2254197130457676,2.9034341948418145
0.6B,1140,7.016881085988455,0.8925240314165036,6.124357054571953,2.819413622991504,0.2071908126959092,2.6753344283020195
0.6B,1141,6.815608444093551,0.8782156367710536,5.937392807322498,2.928557353782959,0.21787024633329266,2.7705782215873707
0.6B,1142,6.834359195451451,0.8822962878849632,5.9520629075664875,2.8903888801488002,0.21260351183630816,2.7439335221862855
0.6B,1143,7.026718525659572,0.8911708523958164,6.135547673263755,2.914490604831305,0.20452189263679704,2.770854492224959
0.6B,1144,6.9927513622240856,0.8930719630853619,6.099679399138726,2.8983154826115816,0.20157746147746852,2.7615469496244582
0.6B,1145,7.202683909406364,0.8945276157632709,6.308156293643092,2.9701321490795283,0.20436417486395822,2.827252887136091
0.6B,1146,7.150806093090235,0.9077246706287309,6.243081422461506,2.733753934538826,0.19040509557548288,2.6079364872085296
0.6B,1147,6.956695328435182,0.8890110772353239,6.067684251199858,2.8654804858227267,0.20660267959245412,2.7207327717315377
0.6B,1148,6.9864043968371545,0.8854302910100778,6.100974105827076,2.8474528928753173,0.20832567603833965,2.6986056679892445
0.6B,1149,6.716601792503845,0.8690283191025423,5.847573473401302,2.9707649804388785,0.22099763376358258,2.815133906397825
0.6B,1150,6.850638221403112,0.8806182867861811,5.970019934616932,2.930400672329462,0.21446815936889452,2.778008285818982
0.6B,1151,6.9501662223492655,0.8984441764405657,6.051722045908701,2.8115821406850654,0.1867453293722461,2.688642162078818
0.6B,1152,7.055116028785324,0.905849759712904,6.149266269072419,2.7275778647235125,0.17980238708857163,2.608663801538096
0.6B,1153,6.928254383903626,0.8951630166976909,6.033091367205934,2.798985048478966,0.19212979205165998,2.6665761987269896
0.6B,1154,6.90507317658702,0.886501825545015,6.018571351042006,2.8556878792547224,0.21256817443037265,2.7073934557353905
0.6B,1155,6.973893025753323,0.8942991830049861,6.079593842748338,2.947544129623396,0.20319338916419824,2.8100779861522116
0.6B,1156,7.131545383933369,0.8961956785902808,6.235349705343088,2.8848028276463222,0.19998928319278386,2.7471121317510483
0.6B,1157,7.138406822445334,0.8838227094898505,6.254584112955484,2.9667339031124786,0.22022413331166682,2.804099821817313
0.6B,1158,6.912984444566704,0.8950411717124067,6.017943272854296,2.896284657187251,0.1999371655639994,2.761034126061742
0.6B,1159,6.903847277384457,0.8856794630269712,6.018167814357485,2.9897465742872678,0.22220149287883048,2.837375872238747
0.6B,1160,6.845093755416043,0.8841946807404802,5.96089907467556,2.825096047873628,0.2053619040568784,2.6837400570217382
0.6B,1161,7.226997828487243,0.8939597028199409,6.333038125667302,2.9118799865476377,0.20295491052139822,2.7692405087519103
0.6B,1162,6.716038990185351,0.8705136662281808,5.845525323957171,3.119073022652813,0.23753091840914184,2.9526914457507454
0.6B,1163,6.735218729881044,0.8772912209049171,5.857927508976125,2.866696809597428,0.22204745682146732,2.7083625009101118
0.6B,1164,6.930850048424308,0.8900798728533157,6.040770175570993,2.9239594934658,0.2066682037619514,2.7831855691290235
0.6B,1165,6.815088454274066,0.8761907620147513,5.938897692259315,2.9185922875759354,0.22709541524098992,2.756928732703396
0.6B,1166,6.862374285998294,0.8778507134161192,5.984523572582173,2.9749287003990417,0.23924210485048422,2.8042679501496894
0.6B,1167,6.816761596359497,0.8726105833462775,5.944151013013218,2.961014630176147,0.2342238463271244,2.791462538793581
0.6B,1168,6.957829514566415,0.8818939879999007,6.075935526566513,2.9682821251993667,0.22561160458050633,2.806856890370443
0.6B,1169,6.979460423567378,0.8867370116194488,6.09272341194793,2.839192317955409,0.21966380358774631,2.686147807723189
0.6B,1170,6.966854046354004,0.8912560882253182,6.075597958128685,2.933259480594236,0.2033636406805172,2.7924987498425278
0.6B,1171,7.01257064759806,0.8889102420563921,6.123660405541666,2.8381766900561347,0.20291796939349957,2.691325045217636
0.6B,1172,7.0928217554721655,0.8916311973117979,6.201190558160367,2.9049462644709028,0.20516508915431458,2.761497610762198
0.6B,1173,7.032710276799957,0.8914142607924488,6.141296016007508,2.898180016779485,0.20687778054225078,2.7545817065461105
0.6B,1174,6.799226542867636,0.8742164676404915,5.925010075227147,3.0434070894903638,0.22955775699880024,2.8785176949858746
0.6B,1175,7.029972707373417,0.8836722838966428,6.146300423476773,2.8490125812343847,0.230302884908814,2.6834954800231796
0.6B,1176,7.132512489180546,0.895736689135874,6.236775800044673,2.898900586159996,0.20482816040923466,2.755805718456644
0.6B,1177,7.083004819711173,0.8931335460265791,6.189871273684593,2.9272397052265284,0.21531637138007081,2.7785451268889294
0.6B,1178,6.899571464222718,0.887099419335412,6.012472044887307,2.9037404411205054,0.21189329899557477,2.7583602191036705
0.6B,1179,6.88228313762565,0.8752236668669694,6.007059470758681,2.8911213802640456,0.22463330362664902,2.7251385602277853
0.6B,1180,6.804501699867695,0.8736982393205333,5.930803460547161,2.904160628812084,0.2205727167380421,2.7465470872198576
0.6B,1181,7.048002048676032,0.9025985242233535,6.1454035244526795,2.777108948011343,0.18443062258852522,2.656051859140188
0.6B,1182,6.908582535114336,0.8927056245488841,6.015876910565451,2.8678706941096346,0.1971292178283617,2.7365502713334395
0.6B,1183,6.766625982675113,0.8847916563849155,5.881834326290198,2.8372792413479457,0.20864706317902595,2.6909687254037546
0.6B,1184,6.945266767616873,0.8969570814369969,6.048309686179878,2.906188336987176,0.19257165057121392,2.78071369014701
0.6B,1185,7.021269924111611,0.8904820253936475,6.130787898717965,2.9807295989838147,0.2175676208187824,2.830753190596751
0.6B,1186,7.085357221928461,0.8904107322826392,6.19494648964582,2.9580207528113918,0.19755524690446288,2.8188433790050897
0.6B,1187,6.992290945419778,0.8849150677402008,6.107375877679577,2.9116365061879654,0.20722148257092363,2.7607580575306967
0.6B,1188,6.864203458193584,0.8746615061876423,5.989541952005942,3.019638066245113,0.22825759929793102,2.8581163346436944
0.6B,1189,7.023729047040846,0.8822788356139913,6.1414502114268545,2.968749953548186,0.21360325457305637,2.8130504179049893
0.6B,1190,7.332849990560388,0.9093808145088345,6.423469176051552,2.8220649568022425,0.18672293838510334,2.6969369685323565
0.6B,1191,7.137032137391168,0.8952291585514274,6.24180297883974,2.871351025344137,0.20998014225796888,2.726900555834275
0.6B,1192,6.944601344121724,0.8713641679200432,6.073237176201679,3.0617068712053803,0.23370369618859632,2.8909368697516733
0.6B,1193,7.0889853663157005,0.8940484859597236,6.194936880355977,2.889441980065968,0.2047564895612407,2.746987039290962
0.6B,1194,7.105288909952164,0.9025728006475223,6.20271610930464,2.7820304055879377,0.19147950799148458,2.649796870075777
0.6B,1195,6.888927747682451,0.8804343446301748,6.008493403052277,2.9472328363171107,0.21664176027374207,2.7936814861920265
0.6B,1196,6.964477731975442,0.8817728671498044,6.0827048648256365,2.920514617847132,0.22406786052433084,2.7597725341464954
0.6B,1197,6.930329316836428,0.8857772306392223,6.044552086197205,2.945746091031669,0.21704732409979724,2.7928299632963807
0.6B,1198,7.1189720328441775,0.887030092051299,6.231941940792878,2.9365465831883206,0.21691844532459337,2.782782765400314
0.6B,1199,6.911084362265266,0.8801099914907635,6.030974370774502,2.9519920805230306,0.21878910147800254,2.7974706788815564
0.6B,1200,6.980589174624235,0.8872793704831976,6.093309804141037,2.9728497526875826,0.2249654783714425,2.815667347566565
0.6B,1201,6.801297155587519,0.8795152180675919,5.921781937519925,2.929482940340801,0.21560074085260628,2.7774152257945333
0.6B,1202,6.944011583382518,0.8863517076983926,6.057659875684127,2.9752235194305165,0.2182124414777604,2.822884902354119
0.6B,1203,6.925768815611297,0.8794727052648177,6.046296110346481,2.8952001314929006,0.22958150103153713,2.731221968892687
0.6B,1204,6.912856458137678,0.8780430732757627,6.034813384861915,2.971313979718325,0.22055321332154085,2.815599617681051
0.6B,1205,7.002646223704605,0.8789425315691816,6.123703692135424,2.988362771666213,0.2209373205805833,2.827527742859082
0.6B,1206,7.151289904711336,0.896344946203134,6.254944958508202,2.9709503730249263,0.21228473948446944,2.827806674002225
0.6B,1207,6.991587333999853,0.875195391548493,6.116391942451359,3.0448230714555895,0.22994682647381304,2.8769029308580376
0.6B,1208,7.092267169236177,0.8846639757124506,6.207603193523723,2.908165507042654,0.21624685735771715,2.752072221168594
0.6B,1209,6.817669346840077,0.8913891250811246,5.926280221758951,2.9004715209911103,0.20521306211368254,2.7634347808644053
0.6B,1210,7.043869725024017,0.8941935902542696,6.149676134769749,2.9462182105439587,0.2036545469407131,2.806561093873986
0.6B,1211,6.957776314406154,0.8869861775316483,6.070790136874508,2.9217877600311257,0.20960255281102833,2.779153122913416
0.6B,1212,7.111074615682433,0.8959126121170348,6.2151620035654,2.9425742535465695,0.194175146614587,2.812286001905799
0.6B,1213,6.944975774735863,0.8717204710014755,6.0732553037343875,3.0341707057638505,0.23115242789049514,2.8662226216894693
0.6B,1214,6.926636927866411,0.8809821097034792,6.045654818162931,3.009999106849126,0.2155649119694951,2.8590515868897888
0.6B,1215,7.171736574971454,0.902469472528965,6.269267102442489,2.8412820192567723,0.19308193364337542,2.710599225085657
0.6B,1216,6.946260459064884,0.8778918601622286,6.068368598902656,2.925175626586672,0.21937245448106873,2.76822758309261
0.6B,1217,6.969677267956355,0.8978870683880884,6.071790199568266,2.7956516906909332,0.19601725547991658,2.665831879407706
0.6B,1218,7.025037427019552,0.8843249531288622,6.1407124738906935,2.9549639577437605,0.22571231548585444,2.795081783201689
0.6B,1219,7.0189920603154246,0.8891323428869805,6.1298597174284435,2.9159469901185884,0.2119196300340332,2.7685967252649
0.6B,1220,6.967083986569703,0.8882329450600486,6.0788510415096555,3.0077717078063744,0.20725821875832154,2.8631547161869
0.6B,1221,7.066977627641258,0.8860234281356233,6.180954199505634,3.049735584837012,0.2240529033973139,2.8921601496361595
0.6B,1222,6.881037603320515,0.8796189358108686,6.001418667509646,3.0292843579838755,0.22246537430796787,2.869740402637343
0.6B,1223,7.003407201072305,0.8911128481578788,6.112294352914426,2.8981024925507617,0.20935142507221355,2.7577973927698647
0.6B,1224,7.021499776175455,0.8878207923475818,6.133678983827874,2.906054232224989,0.20408225168335503,2.7635946020221347
0.6B,1225,7.016608966968093,0.892701897205314,6.1239070697627795,2.8426576967819988,0.2069639356884394,2.699947358645343
0.6B,1226,7.1032415928778985,0.8967494591409741,6.206492133736925,2.897307256423971,0.19766525220668052,2.7619412832318737
0.6B,1227,7.127924785442733,0.885234923777311,6.242689861665423,2.9488686254872043,0.22432740152083794,2.788381685418017
0.6B,1228,7.122835836786639,0.8962944805367947,6.226541356249845,2.7712635899801885,0.19823403529328093,2.637710177632214
0.6B,1229,6.948930562527983,0.8775177367079656,6.071412825820016,3.000364334791267,0.22496351121747482,2.839394665326481
0.6B,1230,7.012543848508139,0.8864402875998737,6.1261035609082635,2.853777964550877,0.20849224497737714,2.708920154377944
0.6B,1231,7.058517717109048,0.8794630904772293,6.179054626631819,2.9877037026053057,0.2260879575022404,2.821338905201001
0.6B,1232,7.1621955312803465,0.8988313531075784,6.263364178172768,2.8535219405681933,0.20745602514698505,2.7094308344174456
0.6B,1233,7.21819462790691,0.8945963878887587,6.323598240018151,2.895012876466213,0.20977785589601572,2.74707089467917
0.6B,1234,6.962084061442316,0.8959623874543569,6.0661216739879595,2.7738133684323336,0.19553221298208914,2.642674644133685
0.6B,1235,6.906068224925747,0.8816624725937197,6.024405752332028,2.94283952248736,0.2190002411059071,2.789653801517243
0.6B,1236,7.061226184862329,0.8918253962471184,6.169400788615207,2.970992319862544,0.20719984154301918,2.8320369157339873
0.6B,1237,7.148729273231303,0.8981613097653123,6.250567963465992,2.8649808307759885,0.19838543786587406,2.7301966989666075
0.6B,1238,7.048713419335104,0.8996730205438787,6.149040398791223,2.7545516748648624,0.19179331598929625,2.622691695019486
0.6B,1239,7.126719329398671,0.8924996547664866,6.234219674632185,2.8972698537872614,0.20591156482329492,2.7557639608155613
0.6B,1240,7.064152643209681,0.8862351866379046,6.177917456571777,2.9082439057255294,0.2119050259843856,2.7553879428405366
0.6B,1241,7.050060600756442,0.8840060437333319,6.16605455702311,2.9083138090605916,0.2181858548981073,2.7528715055597157
0.6B,1242,7.073966616925413,0.8870692315657317,6.186897385359683,2.9401520757550834,0.21730296197946242,2.785765667728336
0.6B,1243,6.976477013335914,0.8855031419967548,6.090973871339159,2.9694192686668357,0.21510336806335414,2.816365441133786
0.6B,1244,7.051334508209609,0.8937359290343239,6.157598579175286,2.9491584795876307,0.20312379325018123,2.8090308731060945
0.6B,1245,7.2401070665773775,0.8950320186321666,6.345075047945211,2.9068454925741616,0.2012051892088428,2.765124556429834
0.6B,1246,7.185560563356769,0.8784314959025586,6.307129067454211,3.0271148344847636,0.23488747245962763,2.851194913776856
0.6B,1247,7.05642224539896,0.8982479925436669,6.158174252855292,2.935744663292553,0.206651624480812,2.7990157042013144
0.6B,1248,6.982751427911574,0.8843668683229532,6.098384559588622,2.910658801462149,0.22419139254257445,2.7506331929434884
0.6B,1249,7.204152650061865,0.8996008150662298,6.304551834995636,2.85926899586733,0.20110337198097802,2.7240091685230556
0.6B,1250,7.229371113460144,0.8984826300680532,6.330888483392091,2.883682203374452,0.20280959243241545,2.743831152859299
0.6B,1251,7.065550977065592,0.8915309605137373,6.1740200165518555,2.8058560544788165,0.2060931989421624,2.6599123377796934
0.6B,1252,7.109478867499094,0.8847333675030438,6.22474549999605,3.009597958230349,0.2286764253662577,2.8430718883131494
0.6B,1253,6.987027301956157,0.891038381156523,6.095988920799636,2.9148797754454785,0.20974551317549792,2.7705539391059224
0.6B,1254,7.089152741795883,0.8842690334169988,6.204883708378886,3.050426087469904,0.2141945430231887,2.900028801143658
0.6B,1255,7.08253017241386,0.8931015766384416,6.189428595775417,2.9265664720572766,0.2066233235380271,2.782528868059765
0.6B,1256,7.061272460027278,0.8920943451184103,6.169178114908867,2.9266937402286497,0.20598638882036288,2.7850658048146135
0.6B,1257,7.105028235664847,0.8931726782797583,6.21185555738509,2.901264603051881,0.2052519591153722,2.7604640758584913
0.6B,1258,7.1744301407219515,0.892240094316528,6.282190046405424,2.9667436114139245,0.2140918477502163,2.81905973989573
0.6B,1259,7.0952620204199235,0.8832131319693979,6.212048888450524,2.987348154597708,0.21830246570115552,2.829147886834773
0.6B,1260,7.042158448099463,0.8837135066894299,6.158444941410033,2.9594096109229286,0.2287283934623279,2.794813913842619
0.6B,1261,7.169253004535484,0.8875356774892935,6.28171732704619,2.8971945904997303,0.2125694637126569,2.7440074433206276
0.6B,1262,7.258871695590078,0.9112279105010243,6.347643785089051,2.735180233089067,0.17120049381120714,2.6237940570946585
0.6B,1263,7.127540589817903,0.89245489966344,6.235085690154463,3.0577909368378213,0.21465384191309755,2.9066873136845923
0.6B,1264,7.067217876159804,0.8919963397870476,6.175221536372757,2.9457421325414996,0.20501210391141272,2.8056382657097996
0.6B,1265,7.131771662364596,0.8987075494503922,6.233064112914204,2.8353987035470363,0.19214661467319039,2.703256701977374
0.6B,1266,7.2790001672086095,0.8990960967300401,6.379904070478568,2.820774253781117,0.19388977163324086,2.6834670262316376
0.6B,1267,7.209433842714454,0.894118552330023,6.315315290384431,2.8361327059324917,0.20999835867785868,2.6832086519745526
0.6B,1268,7.104552684939067,0.8968514202838176,6.207701264655249,2.8632061065341716,0.20297812367493512,2.7251689071405916
0.6B,1269,7.240031620822536,0.8924419859438539,6.347589634878682,2.95361298830111,0.2085857789942974,2.805150221976565
0.6B,1270,7.117791912051842,0.9045307658984392,6.213261146153404,2.7592503812281923,0.1901617461939158,2.628613646251381
0.6B,1271,7.2400959943645455,0.8983793748193799,6.341716619545166,2.832582889227633,0.19744624318228285,2.696876152918609
0.6B,1272,7.247197191282241,0.8924424875516607,6.35475470373058,2.7733364349244796,0.21266183688666285,2.6202795305603033
0.6B,1273,7.27687847867694,0.9002634609164408,6.376615017760498,2.919738292988103,0.21128605210052043,2.7763385217035372
0.6B,1274,7.1011428495849644,0.8999399872489688,6.201202862335996,2.8196085496181635,0.1871219707988198,2.6924922157319773
0.6B,1275,7.147143967450461,0.897828645754294,6.2493153216961685,2.7591317789985905,0.18902698943467441,2.6256970708373553
0.6B,1276,7.135845285168957,0.8929001205818251,6.242945164587132,2.9390010611593493,0.20758636241422412,2.7937104259893157
0.6B,1277,7.19874326095316,0.9032848357134599,6.295458425239699,2.8898145314612047,0.1948263585285834,2.7561721746202745
0.6B,1278,7.186039310125753,0.8953625427453697,6.290676767380383,2.8972986084130246,0.2051306748988989,2.7523878245895785
0.6B,1279,7.314468965823274,0.9080959368930386,6.406373028930235,2.7592653080274325,0.1864406353864872,2.6350688389328236
0.6B,1280,7.137847614667031,0.8881921002520156,6.249655514415015,2.8392295498463413,0.2055393815372401,2.69013194146889
0.6B,1281,7.224639471623595,0.8883483239019098,6.336291147721687,2.9465084527762833,0.21307181268397665,2.7894604963022642
0.6B,1282,7.017416381420499,0.8803305937230617,6.137085787697436,3.011346482615608,0.22215597610778007,2.8484306089915963
0.6B,1283,7.29779155091027,0.9094822047229699,6.3883093461873015,2.8065248862203713,0.18687232429252273,2.683881830454772
0.6B,1284,7.356506107149176,0.9036519844620121,6.452854122687164,2.827066628280071,0.18506022020370602,2.6999606583828664
0.6B,1285,7.156402079789695,0.8918519212595667,6.264550158530128,2.911942378871756,0.2040880514882138,2.7693246489761156
0.6B,1286,7.026710136731647,0.8964197322320442,6.130290404499603,2.8532263528320985,0.20151783287055372,2.717749942919626
0.6B,1287,7.256436093971546,0.9026608896541297,6.353775204317417,2.8701894257602913,0.18892187085197512,2.7437922278438793
0.6B,1288,7.265156768936181,0.8960134216347136,6.369143347301468,2.954777487496348,0.20451859089590996,2.8116762657255605
0.6B,1289,6.978552097422321,0.8841202057677293,6.094431891654592,2.879974456971969,0.2163663064137424,2.725998856354726
0.6B,1290,7.293743863347967,0.9008957757075774,6.392848087640392,2.7526899592344147,0.19123407843689014,2.619315083581722
0.6B,1291,7.20872552318011,0.8942178453105065,6.314507677869604,2.85934939346957,0.19487593238277556,2.7223854278962505
0.6B,1292,7.446014494707042,0.9106308619643599,6.535383632742681,2.7205040012388033,0.179697941691809,2.6002095224857653
0.6B,1293,7.336412855112932,0.8981254814210347,6.438287373691898,2.9073493600709477,0.20579548544185575,2.7584715710570875
0.6B,1294,7.1714761736666235,0.8929504067112878,6.278525766955337,2.8891073557765483,0.19530067796932346,2.7504935185243395
0.6B,1295,7.238280650359727,0.8977818413667786,6.340498808992948,2.8660284986350684,0.20182065697512006,2.727018059594845
0.6B,1296,7.1100965846112025,0.8923462279749843,6.217750356636217,2.911745056802658,0.20698447075471846,2.76858945288789
0.6B,1297,7.344225966378545,0.902871429221806,6.441354537156738,2.8378675034945307,0.1882376849890141,2.7111224660205826
0.6B,1298,7.095287944554154,0.8835638883889428,6.211724056165212,3.0300968121848757,0.22338559307343375,2.870243335563974
0.6B,1299,7.294636875988246,0.9084210738326813,6.386215802155564,2.7951385717062593,0.19083056961311765,2.666858308010972
0.6B,1300,7.266679246078495,0.8968447633694574,6.369834482709038,2.877833246751596,0.2069888533360739,2.7335796020541383
0.6B,1301,7.179498787558382,0.905087985378737,6.274410802179644,2.795020305784859,0.1859881208092325,2.6723109762221195
0.6B,1302,7.3025899394913685,0.9020350401587959,6.4005548993325725,2.9277125107829707,0.18499972142545626,2.800357095437094
0.6B,1303,7.188816716662426,0.8950634881949013,6.293753228467525,2.768549249767682,0.18982501486846332,2.6339972339556494
0.6B,1304,7.3691017329614805,0.9073427150590617,6.461759017902417,2.8323770610815293,0.18323381919887957,2.7097664588892934
0.6B,1305,7.298225479615981,0.8996034035155576,6.398622076100422,2.872842872400364,0.18686753409567275,2.7451080629501607
0.6B,1306,7.213706568280501,0.8853917529479775,6.328314815332524,3.0323612687891877,0.2201198982413053,2.8743320032663995
0.6B,1307,7.20207617460659,0.9036985583254747,6.298377616281114,2.8692911314497365,0.19924961329855675,2.736995141809946
0.6B,1308,7.053242456989604,0.8975780180144237,6.155664438975183,2.8484816145119316,0.18435548110264705,2.7242023131958555
0.6B,1309,7.356750324465043,0.8992379160673587,6.457512408397684,2.8993859914048206,0.1960122889318393,2.7656320883489696
0.6B,1310,7.172939238273562,0.8974526778516715,6.27548656042189,2.869360796551887,0.2032176286392474,2.726007368381692
0.6B,1311,7.057931913181529,0.8890223013624865,6.16890961181904,2.9136160950940875,0.21697972768962295,2.762461966145794
0.6B,1312,7.1554481289797955,0.8820122057392294,6.273435923240566,2.9529898152772374,0.22544547712169885,2.7871071974735373
0.6B,1313,7.240188088055653,0.8869171031417312,6.353270984913922,2.924815894885294,0.22084302463209043,2.7631945679743883
0.6B,1314,7.367751878577024,0.9041568668851622,6.463595011691863,2.864157468994438,0.19384198297032443,2.731236059657555
0.6B,1315,7.456200855531361,0.9036589588552688,6.55254189667609,2.8013404286386923,0.20983389444176997,2.6513197715648777
0.6B,1316,7.121320730992724,0.8917401201465566,6.229580610846169,2.8956643355156153,0.20336031232679713,2.7527750636478037
0.6B,1317,7.143091374758296,0.8875364698919854,6.255554904866311,2.962747759969939,0.2050557899054878,2.8150963644559557
0.6B,1318,7.409788547475593,0.9136251922190749,6.496163355256516,2.772983342681375,0.18012629776040986,2.653716824716224
0.6B,1319,7.280438620226833,0.9135911189177542,6.366847501309078,2.7231340674793656,0.1768497517031172,2.6075916077995043
0.6B,1320,7.264852853225711,0.899664282571634,6.365188570654078,2.7871620822293264,0.19182846099059925,2.653411384434429
0.6B,1321,7.33452730455696,0.9029492175750293,6.431578086981928,2.8453022990345467,0.19366496064161662,2.7136452344924034
0.6B,1322,7.164464493210524,0.8992725686921169,6.265191924518406,2.8243355221776754,0.20080289627717365,2.687473434720517
0.6B,1323,7.29787157858235,0.8970984706103637,6.400773107971983,2.8304288161154356,0.2040027960890013,2.687692986920858
0.6B,1324,7.231522091670703,0.8968228898785485,6.334699201792155,2.856687265976802,0.1920295829151843,2.7215393731147515
0.6B,1325,7.306084461560647,0.8956846684045656,6.410399793156081,3.086953471580339,0.21324234732434466,2.9401320411598815
0.6B,1326,7.289790573131647,0.8919193611218941,6.397871212009752,2.9450152150893634,0.20972915824632263,2.7971165819346973
0.6B,1327,7.333739055897671,0.8970251968279155,6.436713859069758,2.8036820954269124,0.19336563786283129,2.665749736215351
0.6B,1328,7.299535679910072,0.9055712458293242,6.393964434080747,2.818584681525661,0.18895370996618913,2.6889918459620126
0.6B,1329,7.386298218877159,0.906908637962089,6.479389580915072,2.7854833662243497,0.18723550484461698,2.6563011025976593
0.6B,1330,7.327781027001951,0.9016527065498572,6.426128320452093,2.944753251923625,0.2048306911722053,2.8054750860265956
0.6B,1331,7.3439536219958255,0.8996531858359514,6.4443004361598755,2.8774342322769733,0.20231557485620683,2.7366259176925047
0.6B,1332,7.30171546795386,0.9003915276216442,6.401323940332216,2.937755878884078,0.19189036584347252,2.8055302151062698
0.6B,1333,7.2390434911331,0.8967480909510503,6.342295400182049,2.921553071409709,0.19335178778162462,2.7873515196185124
0.6B,1334,7.3536678912570865,0.903020400764076,6.450647490493011,2.9019251231804666,0.1977700101686713,2.765012055382884
0.6B,1335,7.380167305315817,0.9048786681686134,6.475288637147203,2.861934030989636,0.200583563703113,2.7218247006012675
0.6B,1336,7.085820383526499,0.8965310224135897,6.189289361112908,2.9085895929901766,0.19351477951771023,2.7781030439626897
0.6B,1337,7.202123836748386,0.8872252720580989,6.314898564690287,2.9725722735981597,0.2142086534201418,2.8189610024255956
0.6B,1338,7.288945821859938,0.8946723775991896,6.39427344426075,2.903869879492161,0.21250109587986551,2.7533882005657655
0.6B,1339,7.477899020858571,0.9126612698967239,6.565237750961847,2.7261325886395915,0.17447464620775327,2.6077448733690742
0.6B,1340,7.539171776659397,0.9126136606991377,6.626558115960261,2.7070182956755335,0.16436121110316299,2.5941406180665103
0.6B,1341,7.278840057581126,0.9067004578327155,6.3721395997484125,2.765621997971873,0.18818350283756444,2.6376376681674976
0.6B,1342,7.38324697589944,0.9016320572077153,6.481614918691724,2.802557081890552,0.19048613697058933,2.670624664299839
0.6B,1343,7.48001657696352,0.909491028439971,6.570525548523546,2.852267766852965,0.1802442059965808,2.7310600732730332
0.6B,1344,7.283007684895548,0.8975130121459283,6.38549467274962,2.8520298512848115,0.1887289383499028,2.723411954557965
0.6B,1345,7.256271075585897,0.9002475843212101,6.356023491264684,2.9511744396830277,0.19432859050367626,2.8162800205269027
0.6B,1346,7.252342263556392,0.8947027652766023,6.35763949827979,2.8758630805228576,0.20357240733285822,2.7292304145672195
0.6B,1347,7.232396364060909,0.8967540517428544,6.335642312318054,2.9202394750434753,0.2013156287753006,2.7787340610921607
0.6B,1348,7.2219368732999785,0.8939195025026916,6.328017370797286,2.8703206794417198,0.20429336111120652,2.726536518797474
0.6B,1349,7.52748218357155,0.9023545421276432,6.625127641443906,2.843359538185041,0.19653447752375527,2.701903607211845
0.6B,1350,7.24411705022324,0.8875279891663685,6.356589061056871,2.9968798750051246,0.22440555151495378,2.830975273643529
0.6B,1351,7.3256080835240365,0.8967375288358251,6.42887055468821,2.8508458845605906,0.20421587674792566,2.7006766988707915
0.6B,1352,7.299120359035391,0.8971042886246816,6.402016070410711,2.9146457409219138,0.19712622189990964,2.7723456382457616
0.6B,1353,7.27707435551436,0.9093199745030033,6.367754381011356,2.839802660692175,0.18325415438480744,2.7206805999777517
0.6B,1354,7.331688374040048,0.8956721099701251,6.436016264069923,2.914754700169252,0.20427843896222014,2.766865621209614
0.6B,1355,7.068024186138175,0.8858639984982343,6.182160187639942,3.0027136159157193,0.2191077663080794,2.8459397753438735
0.6B,1356,7.420596442378872,0.8986811980112839,6.5219152443675865,2.915525508681699,0.20067426729096216,2.7743812745980656
0.6B,1357,7.369889111122773,0.8976503866560185,6.472238724466755,2.955371855471651,0.2006493322241128,2.812286205993174
0.6B,1358,7.30198022237371,0.8989317905975104,6.403048431776201,2.9703072435548603,0.20154300128091981,2.831593073247987
0.6B,1359,7.066311513280598,0.8885859374201905,6.177725575860408,2.917710614664064,0.21536376908608748,2.7664315470486547
0.6B,1360,7.265679315976114,0.9022634309443105,6.363415885031803,2.840895891761299,0.20041428429873065,2.7040157611503295
0.6B,1361,7.295159748678168,0.8939254164091736,6.401234332268994,2.8494952359177597,0.20616844981102858,2.6978381423928
0.6B,1362,7.310893277209697,0.8970549942223234,6.4138382829873715,2.873229121500006,0.1942047666383047,2.7376583496970692
0.6B,1363,7.056231701228981,0.8838338313510075,6.172397869877972,2.9257415083129272,0.21775985892000285,2.7691551920372444
0.6B,1364,7.2684700767899075,0.8948949622215864,6.373575114568321,2.9298087253354446,0.2079591758782404,2.782489159145478
0.6B,1365,7.1786858551346615,0.8985464741345018,6.28013938100016,2.8680256241107736,0.20272491333182718,2.73099918857712
0.6B,1366,7.124321951792942,0.8929013289727782,6.231420622820163,2.9180335491779474,0.2043848814480285,2.7758909642039518
0.6B,1367,7.175350528613344,0.8854091395176822,6.289941389095662,2.988610064308953,0.21931852286893513,2.8286075620689144
0.6B,1368,7.224695130779034,0.8958279961981315,6.328867134580902,2.894254837241096,0.20014703575799905,2.754597549649008
0.6B,1369,7.437783814012835,0.9046107768381947,6.53317303717464,2.8582962116087844,0.19464849659317032,2.724910181330351
0.6B,1370,7.372774428628104,0.9054374424480798,6.4673369861800225,2.8594215325140087,0.1981965124992846,2.7222244583763167
0.6B,1371,7.380428953374276,0.9051662281845391,6.4752627251897374,2.797294884843367,0.190078838987515,2.665269745510418
0.6B,1372,7.401785682870876,0.8863788162155019,6.515406866655375,2.945715460577076,0.224449276313915,2.778088841439979
0.6B,1373,7.463754188297081,0.9036154932548719,6.560138695042209,2.930793965198903,0.19425746220187365,2.796657249397766
0.6B,1374,7.228997547683782,0.8960213279269638,6.332976219756819,2.966141460043825,0.2007168140298535,2.8268696636568773
0.6B,1375,7.381194555522171,0.9163138124185441,6.464880743103626,2.73689722747868,0.16757288536359577,2.6313232410118674
0.6B,1376,7.176629068441025,0.888522784268835,6.288106284172189,3.0245907751436123,0.20970587149578873,2.874848398501035
0.6B,1377,7.330616027664839,0.9030679440115978,6.4275480836532415,2.893734184575036,0.19381373213775768,2.7609815110227074
0.6B,1378,7.315628697357916,0.9044195997908886,6.411209097567027,2.845571851414033,0.19456029378623563,2.7157012210709155
0.6B,1379,7.424545456073253,0.8971481027111061,6.527397353362146,2.904404325741762,0.203391819837627,2.7577015161945098
0.6B,1380,7.353886550947902,0.8952994123182123,6.45858713862969,2.9749466885001756,0.2110759050750278,2.826669283695597
0.6B,1381,7.322314776252072,0.8925756439719094,6.429739132280163,3.0507848788606284,0.21065210346701574,2.8974641673789234
0.6B,1382,7.035866089132432,0.8780345797627152,6.157831509369718,3.037468564434578,0.22253975860626285,2.8758136522272997
0.6B,1383,7.43783915777006,0.902311898831122,6.535527258938939,2.852411357799031,0.19632605387046884,2.712450005144816
0.6B,1384,7.495804002356352,0.9075236620631125,6.58828034029324,2.907800388809322,0.18694568199818443,2.7808196027057983
0.6B,1385,7.380017521476771,0.9086489494708954,6.471368572005875,2.6836870730143536,0.18193892985791413,2.557499465732757
0.6B,1386,7.477761513333952,0.904339355651113,6.573422157682839,2.818239235836622,0.19804151821193636,2.674758851086288
0.6B,1387,7.507200574377753,0.9125031020326008,6.594697472345151,2.842007988473044,0.17684934972216107,2.7203389789956245
0.6B,1388,7.2960651053413015,0.8973512056569921,6.398713899684307,2.862180854947278,0.19557518298023852,2.7276755904978227
0.6B,1389,7.422818890937628,0.9083659315573961,6.514452959380231,2.8344017344377983,0.1976872355124013,2.697879416513112
0.6B,1390,7.411406069542662,0.9075626116754804,6.503843457867179,2.8804773548892006,0.1943354250643793,2.750056712811051
0.6B,1391,7.17188088799703,0.8866204933933376,6.285260394603693,2.9276207236624954,0.21375314215233332,2.774189466112686
0.6B,1392,7.361027237511132,0.9014947977583256,6.459532439752806,2.8598784152224628,0.20493626095981335,2.7166669305532625
0.6B,1393,7.342193451364903,0.8945995166499479,6.4475939347149565,2.984897719250176,0.21092044016330264,2.835763600413242
0.6B,1394,7.355852785817303,0.9076261339859737,6.44822665183133,2.8886717549722465,0.18497054123969944,2.765227378387312
0.6B,1395,7.424480176205806,0.908614845197596,6.515865331008211,2.8347679243164645,0.17898522121282878,2.714945881976523
0.6B,1396,7.436302789139429,0.9000463335799701,6.536256455559459,2.922735388287382,0.1920636374512904,2.7909568011712937
0.6B,1397,7.30557857965453,0.8957089012307105,6.409869678423819,2.9835179415320585,0.20261261640974143,2.8404156070931608
0.6B,1398,7.381413944976437,0.8979756780584731,6.483438266917965,3.0191798158744034,0.1993098501220965,2.877817911019866
0.6B,1399,7.393049544650508,0.9053275433361614,6.487722001314347,2.778741242957703,0.18669968059968634,2.6462420577098764
0.6B,1400,7.392766707372472,0.9025006634811943,6.490266043891279,2.9050060873815133,0.19535669755775523,2.772455661244637
0.6B,1401,7.435468113112408,0.9081611864111901,6.527306926701218,2.884092558335686,0.1881980210961467,2.761052884092512
0.6B,1402,7.402211911097904,0.9067618602344407,6.495450050863463,2.7943326942542144,0.1756038959644289,2.6721960451179054
0.6B,1403,7.550300608120135,0.9100857400047644,6.640214868115371,2.863553704341767,0.1816118349882406,2.738142440332482
0.6B,1404,7.4439067746192515,0.9028739093815905,6.54103286523766,2.908581157297039,0.19259073104560714,2.774571361427191
0.6B,1405,7.333172577733032,0.8988904324382417,6.43428214529479,2.879149022087527,0.19395133027957825,2.7415208044775454
0.6B,1406,7.387951996551328,0.886393955853382,6.501558040697946,3.0463318603165277,0.21554431591170717,2.887600887040532
0.6B,1407,7.5540938172563745,0.9123095009747103,6.641784316281665,2.8321066051635606,0.18561269691366897,2.704917894094126
0.6B,1408,7.333300295931305,0.902450698496989,6.4308495974343165,3.007400071261039,0.19677398334438773,2.870853767376114
0.6B,1409,7.355082799675528,0.9032355810331144,6.451847218642413,2.9268804940448296,0.18996495049170573,2.796889363441205
0.6B,1410,7.447953855655258,0.8964839609414114,6.551469894713846,3.011168197875642,0.20667248846847797,2.8640108027985223
0.6B,1411,7.37478192745406,0.8913650534945042,6.483416873959556,3.0697717526859605,0.21460777718536625,2.9147920884460072
0.6B,1412,7.307747789193472,0.8983845032090884,6.409363285984384,2.8794737952316636,0.19654124520492253,2.739421825832066
0.6B,1413,7.382032791391209,0.9118200346684024,6.470212756722806,2.80058639325989,0.18088909557132504,2.682178591331326
0.6B,1414,7.511418749267645,0.8978264741965059,6.61359227507114,3.053759199732028,0.2062861598692591,2.9067088613401273
0.6B,1415,7.211426202294617,0.8991979594971586,6.312228242797459,2.8516283872611234,0.2046659139573997,2.709708870918408
0.6B,1416,7.446243452184986,0.9006038199868084,6.545639632198179,2.894639832232581,0.19432129666375345,2.7577196084649955
0.6B,1417,7.323298953230528,0.8874927406430836,6.435806212587444,2.9240018779530135,0.2154061793400543,2.7636536837979366
0.6B,1418,7.223983176492972,0.8913376601311291,6.332645516361847,2.8411138047817937,0.1994245049434642,2.701848933614362
0.6B,1419,7.399400313012542,0.905108221065743,6.494292091946801,2.910323251833783,0.1929762280994622,2.781629073897952
0.6B,1420,7.2449570518996245,0.8945176221719824,6.350439429727643,2.892400877674241,0.20073146568409958,2.752489371335161
0.6B,1421,7.348940937353909,0.8980236098708048,6.450917327483104,2.8848250869699608,0.19475991980184487,2.7481336350155274
0.6B,1422,7.454836908246583,0.9116119591853336,6.54322494906125,2.8166040510665,0.18342385907739817,2.694985182850954
0.6B,1423,7.417291140378465,0.8932581916931134,6.524032948685352,3.0091260962756365,0.20900790286334323,2.860591393904975
0.6B,1424,7.335279437385403,0.8927128507555051,6.4425665866299004,2.973297223751117,0.20823591055396373,2.824184625634253
0.6B,1425,7.32042618563755,0.9017251913138491,6.418700994323699,2.7951848238908092,0.2057124677786627,2.6511185101034624
0.6B,1426,7.336264172051531,0.8952576863778845,6.441006485673646,3.014463778582239,0.2155076642208708,2.862321710873965
0.6B,1427,7.168821079252241,0.8885538267170745,6.280267252535166,3.0321762534107615,0.21661431897667785,2.879509215602149
0.6B,1428,7.3945957675909355,0.8986268770496478,6.495968890541287,2.966315142852321,0.20721348158959219,2.8211079109947232
0.6B,1429,7.558970453471899,0.9106162039993173,6.648354249472581,2.8789543266993562,0.1984925567765895,2.7459067931069936
0.6B,1430,7.268465728115411,0.8961286113896252,6.372337116725783,2.8918108441308394,0.20427026031049664,2.7479078615034895
0.6B,1431,7.524337915281856,0.9059501826826099,6.618387732599247,2.868423538573817,0.1950753192673069,2.731069443375787
0.6B,1432,7.351936281154585,0.9001648395757836,6.451771441578802,3.0011373739936706,0.1990200171803278,2.8615636007290837
0.6B,1433,7.440542121338012,0.9005176485220521,6.54002447281596,2.870523261885361,0.20940501042138046,2.7210097635423853
0.6B,1434,7.306913299683652,0.9027215962648515,6.4041917034188005,2.873881468057243,0.19004113912491238,2.7473403749495318
0.6B,1435,7.415557924428438,0.9007971449608285,6.5147607794676095,2.888119035191902,0.21340036943834145,2.738362274120357
0.6B,1436,7.424934167356862,0.8967620909841995,6.528172076372661,2.9768315920996953,0.1990965522891544,2.8357053198005358
0.6B,1437,7.311885553852046,0.90326326702834,6.408622286823706,2.9267537075931505,0.19365388552966473,2.7962375968798385
0.6B,1438,7.497759585557111,0.9012433261181557,6.596516259438955,2.9308629823348835,0.20526240868669376,2.7854258474663878
0.6B,1439,7.33528660178493,0.8976214266263889,6.43766517515854,2.8766684243927916,0.20959442935358782,2.7311832430258867
0.6B,1440,7.325775383603935,0.8928520185871858,6.43292336501675,2.9173540264490385,0.1975783499348667,2.7760369486014955
0.6B,1441,7.445786398154427,0.8935215305679947,6.552264867586433,2.999551004064915,0.21928111652931762,2.8391415684799344
0.6B,1442,7.3824506433045824,0.8927837623530926,6.489666880951488,2.9625420625361256,0.20981850338260008,2.811482133240982
0.6B,1443,7.49109595183068,0.8979690023767647,6.593126949453914,3.027474574184363,0.21313879059484916,2.8788762012366558
0.6B,1444,7.170502629461711,0.892468730382502,6.278033899079208,2.903378557823214,0.20764320069290954,2.7530907119276016
0.6B,1445,7.322691258911757,0.8904412202765006,6.4322500386352575,2.9182279616029607,0.21892098866692616,2.75699824549214
0.6B,1446,7.334034819270419,0.8973242686238001,6.436710550646617,2.956384845802132,0.21225269329232657,2.808420665835313
0.6B,1447,7.350842387120014,0.8885384659559008,6.4623039211641125,3.046671307871864,0.22801992131142146,2.8794782883174443
0.6B,1448,7.146915947429623,0.8831965684582792,6.263719378971345,2.9603526314251365,0.22016007593734374,2.7997522946796787
0.6B,1449,7.337150203422733,0.8876135988308012,6.449536604591934,3.0269290994553453,0.23302570672494624,2.8580478084472243
0.6B,1450,7.386986505571613,0.8941783385579657,6.4928081670136475,2.88851931220424,0.219994994199833,2.7266552510540616
0.6B,1451,7.336243154636954,0.8845302545342388,6.4517129001027165,3.0011418516278634,0.22458837168058748,2.8341007550335107
0.6B,1452,7.476571190050814,0.8922517494665637,6.58431944058425,2.989173719775116,0.22204457601226202,2.8243347491135937
0.6B,1453,7.396070386289045,0.894338506526578,6.501731879762468,2.9745106863574122,0.21062716364573522,2.823544981609907
0.6B,1454,7.525634313256519,0.8975899021443284,6.628044411112191,2.912007040342204,0.20577525659001658,2.760346397439058
0.6B,1455,7.3409345172770095,0.8905290035092328,6.450405513767778,3.0233892988984445,0.21535246853928636,2.867937558784912
0.6B,1456,7.431563687496785,0.8972662746156387,6.5342974128811475,2.887519914269174,0.20361810699512806,2.7429319907219423
0.6B,1457,7.369298564419673,0.8992087628767773,6.470089801542897,2.8983044082137273,0.2019774282896729,2.75505424022498
0.6B,1458,7.353790366997691,0.8795644031758459,6.474225963821845,3.0329472667339608,0.23107165518682385,2.859153661948638
0.6B,1459,7.477385308591767,0.9032563633602326,6.574128945231532,2.976318398981665,0.19844801122528322,2.8394112825114464
0.6B,1460,7.377779875201898,0.8936917792794551,6.484088095922442,2.9767838315584587,0.21304977157366164,2.8273677858275037
0.6B,1461,7.3600081217137685,0.8938274905326925,6.466180631181075,2.905334132673379,0.21453163656939295,2.750375015627402
0.6B,1462,7.553708670889782,0.9012451756433072,6.652463495246478,2.9577283824338765,0.20668385028951294,2.8131108247199648
0.6B,1463,7.464196777072784,0.8907623518925896,6.573434425180194,3.0204557958250304,0.22197824075083752,2.8607787130153968
0.6B,1464,7.3681441850766625,0.8955918670431315,6.47255231803353,2.9996450083792046,0.20237684855943852,2.8574763707717197
0.6B,1465,7.300872729180139,0.8974547214376729,6.403418007742465,2.9092762813945012,0.20021380956524903,2.770085364790486
0.6B,1466,7.347375891008751,0.8893173847469283,6.45805850626182,3.0669026824919285,0.21740860218822272,2.908143459290376
0.6B,1467,7.1680478027074015,0.8903250665593073,6.277722736148093,2.8925869284894166,0.21580606286187032,2.7394173336915943
0.6B,1468,7.522044182106926,0.9055915159181215,6.616452666188805,2.8837403278076708,0.20461570086265304,2.7443859046868035
0.6B,1469,7.335066904472312,0.9033609806150543,6.431705923857258,2.877732303047501,0.2026779891584065,2.739580520316008
0.6B,1470,7.472759569652744,0.9014894830756754,6.571270086577066,2.945453956685026,0.21335459979947696,2.7932934546495694
0.6B,1471,7.382930390067109,0.9014788847258243,6.481451505341285,2.9299245353792087,0.1991101330602621,2.791176467175127
0.6B,1472,7.357884481207564,0.8969513903089237,6.460933090898641,2.908444242916317,0.21293450277016748,2.7552505718772617
0.6B,1473,7.2133500117761225,0.8934234563106551,6.319926555465466,2.9637782951128346,0.2123789734192915,2.814479314714686
0.6B,1474,7.5701175020797145,0.8996458178110954,6.670471684268618,2.9450415067267413,0.21398726995235387,2.7903509341080492
0.6B,1475,7.532630671656658,0.9092017667836089,6.623428904873049,2.8250878333397873,0.1982963752535286,2.6847889762479085
0.6B,1476,7.507765805255029,0.9064470953062568,6.601318709948772,2.8168611096452136,0.19115641612406903,2.6810198597286123
0.6B,1477,7.417421083174975,0.9054089085146031,6.512012174660373,2.7877798049245808,0.1832837370216647,2.6584273615559737
0.6B,1478,7.16438840465377,0.8856344394485074,6.278753965205262,2.999651484888466,0.209693224091921,2.848062383773885
0.6B,1479,7.1370804357811855,0.891016781875104,6.246063653906082,3.0110307481825993,0.21463815641823925,2.8633621621357266
0.6B,1480,7.273473179466275,0.8981076115690654,6.375365567897209,2.937928293819689,0.19590383939279066,2.799971693676514
0.6B,1481,7.227295669805502,0.895882047040254,6.331413622765249,2.7806411239760993,0.20189841133294495,2.6382327349198635
0.6B,1482,7.354203833772929,0.8968944024930993,6.457309431279829,3.0288715192734204,0.20545326717470264,2.8876613316600865
0.6B,1483,7.513878460526979,0.9080158961874811,6.605862564339501,2.8922366637067882,0.19130959780734946,2.761059963108721
0.6B,1484,7.3766621370925085,0.897833562388823,6.478828574703686,2.9201300321919264,0.1999819545725732,2.7817957774796715
0.6B,1485,7.442059421746775,0.9026213313298523,6.539438090416922,2.798546514936525,0.1984498583857722,2.6583258197942095
0.6B,1486,7.385724928621285,0.8947309124178284,6.490994016203455,2.991105043683274,0.2071395529286897,2.8451563296912887
0.6B,1487,7.398384432003499,0.8979783046315203,6.5004061273719795,2.9894197435061507,0.20632745367664904,2.847389968438244
0.6B,1488,7.406140355219146,0.897846651724047,6.5082937034951,2.9555716504606773,0.19511250093933002,2.8185273962317563
0.6B,1489,7.351184975696463,0.889607627734083,6.461577347962381,2.9294948419878653,0.22179084687188827,2.76722871692227
0.6B,1490,7.534748616207934,0.9022582560346446,6.632490360173289,2.941268329670815,0.2031122364181212,2.7971817217184585
0.6B,1491,7.394577599663815,0.8969780257829141,6.497599573880899,2.8963695294097542,0.21112360346679676,2.7460080533465607
0.6B,1492,7.335138005200906,0.8962148685247691,6.438923136676137,3.0183079977070455,0.20973134825444992,2.8733058284828417
0.6B,1493,7.595185163436108,0.9134724163666544,6.681712747069456,2.827367004187132,0.185450837605585,2.7000425144941373
0.6B,1494,7.5489898076128075,0.9066090837442031,6.642380723868604,2.9474607353120614,0.19236023731830224,2.8153408931840067
0.6B,1495,7.3778098492275115,0.8934076711386522,6.484402178088858,2.9355687049019044,0.2083570479010522,2.785744272480474
0.6B,1496,7.466214840572673,0.9066564816084671,6.559558358964206,2.92005187591536,0.1910791014987304,2.790208469282819
0.6B,1497,7.527312448509634,0.9092498138290669,6.618062634680566,2.835736050618799,0.1860124380481549,2.710057100145566
0.6B,1498,7.317327393481832,0.8840579728536263,6.4332694206282035,2.9599793668538577,0.2254494235150974,2.7903789959161656
0.6B,1499,7.611762946087886,0.9037343229279982,6.708028623159889,2.929767255485517,0.20745825806507218,2.7814791655325832
0.6B,1500,7.518699704018341,0.9059122740035422,6.612787430014797,2.953227961880071,0.19908756052216425,2.815672792741726
0.6B,1501,7.391485276435142,0.904653776212168,6.486831500222974,2.8626389758462256,0.20902997100926776,2.7188129900581535
0.6B,1502,7.390421168250249,0.9008783494961036,6.4895428187541455,2.881948078180834,0.1970977221925713,2.745160222916278
0.6B,1503,7.320788418311835,0.891500873669278,6.42928754464256,2.972723631059868,0.2179049993611904,2.8183932917253762
0.6B,1504,7.565837906622004,0.9058209759323634,6.660016930689641,2.9255046542769114,0.20061791524609446,2.7842586187272658
0.6B,1505,7.488240242326177,0.8981505894132807,6.590089652912896,3.0015382013987395,0.20759471964389037,2.8547754665459095
0.6B,1506,7.2996727363033695,0.9038186297502182,6.395854106553154,2.845615677025441,0.20094731215076886,2.7097864148504023
0.6B,1507,7.477366358524495,0.9031250790848026,6.574241279439695,2.897292993984606,0.1986206247825992,2.760257828824793
0.6B,1508,7.375928289223361,0.8850107442619849,6.490917544961377,3.018086828364705,0.22201268004552444,2.851114930381926
0.6B,1509,7.573222341410655,0.8993660865914616,6.673856254819192,2.938915356881643,0.20547561798416764,2.7909027515657354
0.6B,1510,7.340662138802092,0.8952923833861084,6.4453697554159834,2.9788210675240623,0.2082234929144575,2.830282208233575
0.6B,1511,7.213694499107755,0.8863972042990725,6.327297294808684,2.9710548144338147,0.21357373327767729,2.814016651716389
0.6B,1512,7.249629940375654,0.9004123274380631,6.349217612937593,2.78877455261805,0.18976743518954922,2.6581211459038117
0.6B,1513,7.2514386597542115,0.8897097390040786,6.361728920750133,3.0243568053555516,0.2129214581960274,2.8726701453281405
0.6B,1514,7.36654859381376,0.895599847234943,6.470948746578819,2.867598304646516,0.2020522783188368,2.72461591866262
0.6B,1515,7.337580631113227,0.8882993845945893,6.449281246518638,2.9233873655492437,0.21640204126491394,2.7635823820330025
0.6B,1516,7.286322508352474,0.8843421490211784,6.4019803593312945,2.959905924203578,0.22184526628470502,2.796709540040192
0.6B,1517,7.588218853661157,0.9144788073087198,6.673740046352437,2.838905476212413,0.17710167482138162,2.7206462873399744
0.6B,1518,7.414246720089721,0.9074395892282071,6.506807130861515,2.790356806378238,0.18075580618475606,2.66820360472048
0.6B,1519,7.452585550352725,0.9049308193998521,6.547654730952872,2.8106006928751257,0.1932006206256004,2.6765967089890714
0.6B,1520,7.228720847909209,0.8872405561036978,6.341480291805512,2.894338414575284,0.2152917770426522,2.735902930960258
0.6B,1521,7.582425299928333,0.9031771797070498,6.679248120221282,2.8395876505584696,0.19305024999992385,2.704283741746123
0.6B,1522,7.572109195929816,0.914465905959033,6.657643289970781,2.8254321581069375,0.18960709143861001,2.7009490908911906
0.6B,1523,7.356879735751354,0.9115189096209938,6.445360826130358,2.7346067674680445,0.18597640167744142,2.610636858684305
0.6B,1524,7.457383812546393,0.9048594510624036,6.5525243614839885,2.8384983307869986,0.18738981275071284,2.7082492968870793
0.6B,1525,7.63619871054215,0.9050043139734375,6.731194396568712,2.9153633309570113,0.2014324008271021,2.771629670244302
0.6B,1526,7.443846585917018,0.8984420715980272,6.5454045143189905,2.9623874918359956,0.19976189026545155,2.820421548986473
0.6B,1527,7.243562046130711,0.9034776765732065,6.340084369557504,2.743942326366475,0.19666549222641952,2.6112431124129714
0.6B,1528,7.499790084621946,0.9005710457163988,6.599219038905547,2.9271932486022987,0.2092677556724693,2.7790589719155148
0.6B,1529,7.475428921027141,0.8997560036220864,6.575672917405055,2.8206398399094312,0.21101161398335605,2.6666153796889858
0.6B,1530,7.514267179606408,0.9060433787994201,6.608223800806985,2.8841942070392945,0.20260732171122284,2.7432990982155676
0.6B,1531,7.373927829687613,0.902963986279979,6.470963843407634,2.830691023804654,0.1992106371430878,2.6919300330775005
0.6B,1532,7.472642489815071,0.8975293837553541,6.575113106059717,2.9212507503763803,0.20963875816440997,2.7710031562973283
0.6B,1533,7.534304097787559,0.9107838405177134,6.623520257269847,2.7511803369783303,0.18685026519631895,2.62102200887376
0.6B,1534,7.224163093329645,0.8908587841071526,6.333304309222493,2.953825545738508,0.2086809095225537,2.8071370314094963
0.6B,1535,7.379019234376887,0.8859464577690175,6.493072776607869,3.0683647926057747,0.22273848658804485,2.9059892490573334
0.6B,1536,7.603222862053648,0.903540357888081,6.699682504165568,2.8955293753050544,0.19770164647977678,2.755253011817636
0.6B,1537,7.45881092921425,0.907567532534674,6.551243396679576,2.8130106865086053,0.19487899857214083,2.6808436473353767
0.6B,1538,7.436549496826515,0.9011581714155259,6.535391325410989,2.801339690479009,0.1886026310011477,2.6687754224088405
0.6B,1539,7.693652542602923,0.915586107254721,6.778066435348202,2.771165000156128,0.16879186854211156,2.657071374067357
0.6B,1540,7.6824642170223285,0.9124162088991663,6.770048008123163,2.7019657064467966,0.18171571559907912,2.573474979415814
0.6B,1541,7.47416851997695,0.9078208218782265,6.566347698098722,2.8745425774788385,0.1928700983167498,2.7448182981242377
0.6B,1542,7.495907340648378,0.9029636696061596,6.592943671042217,2.914538465117593,0.19944251443417807,2.7747201601002214
0.6B,1543,7.36993791301138,0.9104869880974932,6.459450924913886,2.732831737065755,0.19030741273584884,2.603337390512643
0.6B,1544,7.393476409950649,0.8960243328317453,6.497452077118904,2.9078311508271817,0.2141112564547542,2.754061854419339
0.6B,1545,7.430819524881698,0.8938686879779332,6.536950836903767,2.936051841262306,0.21354145518383758,2.7798196123441654
0.6B,1546,7.486163523211878,0.9011393694559158,6.5850241537559615,2.855096831838838,0.20590401419877072,2.708349939190036
0.6B,1547,7.427597920573371,0.9017467538286714,6.525851166744698,2.8474004714672803,0.2103247262935168,2.697011187250149
0.6B,1548,7.488310116556129,0.9088138161805986,6.579496300375531,2.856501089843163,0.18968621955157255,2.7282530337665873
0.6B,1549,7.37105269350002,0.8934918111848312,6.4775608823151885,2.923037773280642,0.21004245777886613,2.7690900619057017
0.6B,1550,7.267429598670855,0.8872971537202687,6.380132444950586,3.0061382745861605,0.21217668267671347,2.8534034477032253
0.6B,1551,7.4263978599241876,0.8976988052527354,6.528699054671452,2.925520690008649,0.20649508432969138,2.780501731028122
0.6B,1552,7.2900956395564505,0.8992629722457968,6.390832667310655,2.931799521142647,0.20065408481008892,2.79239355183386
0.6B,1553,7.598004608735113,0.916535120452391,6.681469488282724,2.860737993260996,0.17989717715574116,2.7419310294063726
0.6B,1554,7.454651249228309,0.8938489365783152,6.560802312649992,3.0088295130354488,0.21128155602281798,2.8580918176512804
0.6B,1555,7.500686636950357,0.9010749882420305,6.599611648708327,3.087853905887132,0.2048427352583585,2.944540117724433
0.6B,1556,7.47431444986559,0.9084000490925402,6.5659144007730506,2.818611035662187,0.18597776003569783,2.6895869813628472
0.6B,1557,7.303183917313581,0.8910456721293811,6.412138245184199,3.0236899572490596,0.22681239635428918,2.8591343920438366
0.6B,1558,7.6464084876081175,0.903496962631652,6.742911524976464,2.8963097964248417,0.2071166337338577,2.748291282194813
0.6B,1559,7.484029103234481,0.9009080414728954,6.583121061761586,2.9294480401388587,0.19798368207265657,2.790668847374953
0.6B,1560,7.464849263093866,0.9072703446453921,6.557578918448474,2.8996142829834577,0.18589250622299916,2.77280525088538
0.6B,1561,7.456116791520101,0.8970007473704069,6.559116044149693,2.9767182891014268,0.21320500582218085,2.824887976812584
0.6B,1562,7.35089025059425,0.9076052313351506,6.443285019259099,2.819401533703814,0.18729835283117563,2.690973163833738
0.6B,1563,7.2782142007488275,0.8871210389095544,6.391093161839272,3.0005149307263217,0.21361215338759057,2.8446375469170326
0.6B,1564,7.612400129649622,0.9061695314754814,6.70623059817414,2.797922117088416,0.19796831949251653,2.6555413727548913
0.6B,1565,7.491152699954229,0.9012068280297454,6.589945871924483,2.8883231190917726,0.20955117196923545,2.736596761460199
0.6B,1566,7.38448315320577,0.8906010805450306,6.493882072660739,2.969437848045869,0.2201829077163418,2.8086300287201267
0.6B,1567,7.365709728424569,0.9002323243910847,6.465477404033483,2.9480791074711172,0.20219537596281237,2.8074385247562903
0.6B,1568,7.2785134604597355,0.8908043719513019,6.387709088508434,2.9139059323656475,0.20807929600741593,2.765395162397669
0.6B,1569,7.364717228605547,0.8979469174939252,6.466770311111622,2.9044143537354503,0.20382359160677288,2.763370060919955
0.6B,1570,7.5964030602939046,0.9084271110809702,6.687975949212934,2.8840819625494323,0.18149017708474038,2.757365902248705
0.6B,1571,7.682790981182962,0.9140341448421412,6.76875683634082,2.854043985960975,0.18097189804001584,2.734926599391357
0.6B,1572,7.566471483456464,0.9066488166237223,6.659822666832741,2.957216435416495,0.19578727421039682,2.8232044401792997
0.6B,1573,7.5475339031628685,0.9025418852587567,6.64499201790411,2.8554325391754554,0.1951151180508879,2.714003570971481
0.6B,1574,7.363584201009727,0.8942366654699451,6.469347535539784,2.979635789567088,0.20622709685067112,2.8304802551772617
0.6B,1575,7.501649025549561,0.9047958751170492,6.596853150432512,2.8811920330132716,0.18946147752984613,2.7515632144009103
0.6B,1576,7.315993861473466,0.8954913517561888,6.420502509717276,2.8671647406737963,0.20686537957326986,2.722500760390256
0.6B,1577,7.459595081747568,0.9059483791383954,6.553646702609171,2.80146392583926,0.1866414501887786,2.6733495565838807
0.6B,1578,7.3366294369527765,0.8955166902040225,6.441112746748753,2.9224432373584475,0.20274253434163161,2.7801101019067405
0.6B,1579,7.321789573137106,0.8949936101510354,6.426795962986068,2.8994335480629956,0.20790633179395432,2.749319857180315
0.6B,1580,7.524400320326443,0.9076494080951913,6.61675091223125,2.760056788672656,0.18914854020884658,2.6288745371001356
0.6B,1581,7.585457787072195,0.9125880556296565,6.672869731442537,2.8730321828321035,0.1831344575647253,2.749848900184681
0.6B,1582,7.545741031660835,0.9053325523137148,6.64040847934712,2.7960098037373995,0.19096892650113687,2.6580840943034936
0.6B,1583,7.607201103990949,0.9067580410888177,6.700443062902132,2.889271602750576,0.1957020859546156,2.7474484708080387
0.6B,1584,7.5758768775258325,0.8968386699416961,6.679038207584135,2.848433657672408,0.21216841424429714,2.689686508350064
0.6B,1585,7.472412859282349,0.9047096482227855,6.567703211059564,2.919924471464642,0.20260527400442319,2.781806103734477
0.6B,1586,7.331751019376392,0.8929799555405543,6.438771063835838,2.8995557289478717,0.2098627839616094,2.7508733539591974
0.6B,1587,7.439787266326852,0.8953872821530716,6.54439998417378,2.954559951263263,0.2133369558481635,2.8043076791156722
0.6B,1588,7.628493513497098,0.915483517358648,6.7130099961384495,2.787619581629758,0.17676941436978344,2.668777466032733
0.6B,1589,7.556207731370213,0.9041258483993698,6.652081882970842,2.8628771219206253,0.1892542739969657,2.7307048926777564
0.6B,1590,7.527677405745589,0.9002764345363503,6.627400971209238,2.967840644371209,0.20447524916705642,2.8197259973181783
0.6B,1591,7.442135699975117,0.8983858172418555,6.543749882733259,2.9738865235209495,0.21194251994137117,2.8243588827020334
0.6B,1592,7.511416584021814,0.9062874106295579,6.605129173392258,2.928351312383849,0.18872790265744271,2.797678786346892
0.6B,1593,7.529129455096521,0.896582548972926,6.6325469061235935,2.896384339730843,0.20802257095278573,2.7410371114691845
0.6B,1594,7.730348743281752,0.9098940596104855,6.820454683671265,2.798176998171635,0.19115464026880633,2.6602902550927556
0.6B,1595,7.490049823564885,0.9032720872187324,6.586777736346153,2.833082877232936,0.19168516887301962,2.6979554418936336
0.6B,1596,7.408744842723581,0.8937941462956788,6.514950696427901,2.954341409908373,0.20676714955696207,2.805702492264276
0.6B,1597,7.568669962369846,0.9079780755488548,6.660691886820992,2.803253712805533,0.19574813921687675,2.6673257641546453
0.6B,1598,7.528096380438041,0.9041839615926414,6.6239124188454,2.9327003657877273,0.19802227003740244,2.7943930550139746
0.6B,1599,7.2596932636409255,0.8998581705758728,6.359835093065052,2.8065183030630707,0.18738887724018125,2.6746458719898767
0.6B,1600,7.47577942891437,0.8989884735280675,6.576790955386301,2.9235926501833887,0.20104025467237113,2.7769854768840374
0.6B,1601,7.318643370491942,0.9046275554479045,6.414015815044039,2.875319714647664,0.18697039425823622,2.7525379136539905
0.6B,1602,7.326933078478292,0.8997970070631239,6.427136071415166,2.864137022267088,0.19753024045135498,2.7283932332311944
0.6B,1603,7.601458194066074,0.8993189976957328,6.702139196370344,2.913646650769704,0.20882657917846528,2.7603956689693243
0.6B,1604,7.592030465758242,0.9110053213139632,6.681025144444279,2.8907657244459513,0.1916328802383148,2.761045688504834
0.6B,1605,7.424666803688034,0.9029289386940695,6.5217378649939635,2.8470233597407426,0.19821507276651995,2.706490709993068
0.6B,1606,7.216731383102462,0.8834578155011015,6.33327356760136,3.0906733641279533,0.22127942249897145,2.928904862791859
0.6B,1607,7.486608324239301,0.8975018093107322,6.589106514928568,2.8531771910635904,0.20681674634584526,2.7055842026310244
0.6B,1608,7.527736713837109,0.8951590149792659,6.632577698857844,3.0171141406655297,0.21288846725402624,2.864773475155628
0.6B,1609,7.395894362296387,0.9007384845675983,6.49515587772879,2.934676905648957,0.21008951074499344,2.7862530758403983
0.6B,1610,7.319749983495607,0.892652555917646,6.427097427577959,2.9986273357121465,0.22177030620379876,2.8376898564117896
0.6B,1611,7.531563924657808,0.900155838189336,6.631408086468473,2.997848759761794,0.21317514829347703,2.8455853912162303
0.6B,1612,7.438113758895184,0.89682561615725,6.541288142737932,2.9017930832432492,0.21065071505040187,2.7497767157601043
0.6B,1613,7.439630220444459,0.8868314699175467,6.552798750526912,3.02729019176215,0.22787422154099368,2.8576555587231534
0.6B,1614,7.368536093523125,0.8944048342513533,6.474131259271769,2.9975397270246367,0.21558579763073893,2.8455359722493347
0.6B,1615,7.375847122120792,0.8941249058283259,6.481722216292465,2.9820350808312703,0.221371226081906,2.8228503802932146
0.6B,1616,7.429459472547807,0.8904336450976671,6.539025827450139,3.0590164447201684,0.22417783866708904,2.896807938256815
0.6B,1617,7.459971578395012,0.8929053349296032,6.56706624346541,2.9970201099290863,0.23038376987777726,2.829469160148235
0.6B,1618,7.593246320763406,0.8988958033053305,6.694350517458075,2.970562899258156,0.21031279550656887,2.8203566504158855
0.6B,1619,7.55857724440613,0.9000222992759919,6.658554945130138,3.020108520476715,0.21602697585746844,2.867280247605335
0.6B,1620,7.326431622837341,0.893153619795599,6.433278003041742,2.9429745388208675,0.204679376095203,2.7949591442186654
0.6B,1621,7.563768844778185,0.9043178188355033,6.65945102594268,2.9012614243938617,0.1999903749545554,2.7589483882127808
0.6B,1622,7.377018766027026,0.8904652842108557,6.486553481816171,2.892411485736576,0.21981213229533392,2.7330272068408186
0.6B,1623,7.393282893024567,0.8921860164593224,6.501096876565243,2.9765786202500983,0.20651308471568122,2.829077292631458
0.6B,1624,7.555304934016179,0.9057422821327723,6.649562651883406,2.99855210723104,0.19626961915362914,2.864523835363477
0.6B,1625,7.553258521320075,0.902244297201113,6.651014224118961,2.923193489185239,0.206510345283117,2.7741915434256357
0.6B,1626,7.479608482182436,0.9010838737297366,6.5785246084527005,3.0031617315206067,0.20801811385389898,2.857464453610449
0.6B,1627,7.36159758106638,0.8922351950455455,6.469362386020833,2.887745615994502,0.2001834234531966,2.7378217331582952
0.6B,1628,7.241848305216259,0.8982094827306205,6.343638822485638,2.921883563877948,0.19538301935432464,2.783650344349546
0.6B,1629,7.591583265031497,0.9040854346449139,6.687497830386585,2.986924573040305,0.2048237662584674,2.846263492955114
0.6B,1630,7.4020136676841455,0.9049011648848774,6.497112502799267,2.945542899530472,0.19449217136426733,2.814121574789494
0.6B,1631,7.457130654264032,0.9065499172811762,6.550580736982854,2.8841464152850755,0.19401873848375698,2.7514681314679685
0.6B,1632,7.4810199838690155,0.9015395692843309,6.579480414584686,2.9326624312606886,0.19013724585843164,2.801557279734252
0.6B,1633,7.437962375013528,0.8991365750377457,6.5388257999757835,2.9364636009674925,0.1931080955822227,2.7980084222855353
0.6B,1634,7.517653492583901,0.907841625904919,6.609811866678982,2.8299766580741594,0.18303783365996767,2.70446167602166
0.6B,1635,7.3962378381746205,0.9017824840471195,6.494455354127503,2.856574113654324,0.19790540909485946,2.7187201566442227
0.6B,1636,7.405340166084801,0.8998648655611416,6.50547530052366,2.850073906793939,0.19487803072772214,2.7148480464162605
0.6B,1637,7.478006992477963,0.9030458467464837,6.574961145731479,2.861699417649171,0.19524520644444016,2.726649932396895
0.6B,1638,7.458170365889538,0.8997530259941132,6.558417339895422,2.8800403388675906,0.1951029106133075,2.7450826573454186
0.6B,1639,7.482336935182009,0.8910903944214738,6.591246540760535,3.0357819339326326,0.21788894888304572,2.876949853573095
0.6B,1640,7.384092732833484,0.8918043924696614,6.492288340363824,2.9774827348394273,0.21930600490465452,2.820203490411213
0.6B,1641,7.695618432852388,0.9063462097562304,6.789272223096157,2.901269593457958,0.19432040594817526,2.7639673328329124
0.6B,1642,7.603919791536485,0.9132210703587255,6.6906987211777595,2.8253137728798214,0.184595477610359,2.697182777975917
0.6B,1643,7.52349996338162,0.8924791046372615,6.631020858744358,3.0580130517059545,0.22320291810487408,2.893184112149574
0.6B,1644,7.658015687997328,0.9039945990312392,6.754021088966089,2.991816774187354,0.20297130144966744,2.8471659654034256
0.6B,1645,7.457521716966043,0.8949261781168424,6.562595538849202,2.925267173601054,0.211880410498544,2.7707717035884647
0.6B,1646,7.5270103880925205,0.8983380096161634,6.628672378476354,2.9352030696241513,0.20362466663401696,2.7905469627598136
0.6B,1647,7.482484814283742,0.8983776288243195,6.584107185459423,2.811733734714421,0.20659682383283798,2.6611684734021464
0.6B,1648,7.403716715502541,0.8971094582033953,6.506607257299147,2.9378236534976856,0.20814640278424304,2.787627930039143
0.6B,1649,7.669548905186727,0.9123871089711343,6.757161796215595,2.861161079648796,0.1928950217969015,2.731543152404368
0.6B,1650,7.435732898909012,0.9022439399874699,6.533488958921543,2.884716735174913,0.1964221025021078,2.7469137401290693
0.6B,1651,7.623562582703501,0.9065755310061309,6.71698705169737,2.8234780188032014,0.19103748537355497,2.68612117706043
0.6B,1652,7.70156159174957,0.9220142564389293,6.779547335310641,2.832633168928529,0.1764665437668371,2.7163787665023564
0.6B,1653,7.587111298130762,0.910824465381447,6.676286832749313,2.805318897416636,0.19014059371889044,2.673443921624431
0.6B,1654,7.476238423444326,0.9105408885163654,6.56569753492796,2.771700546566311,0.18060344420890342,2.6486436928790025
0.6B,1655,7.610634824826753,0.9120198972694309,6.698614927557321,2.816452691082983,0.18241113855265878,2.693193220081086
0.6B,1656,7.493580672499961,0.9098547369392745,6.583725935560687,2.8483854991233564,0.17765218230827629,2.727036963064205
0.6B,1657,7.450545726264948,0.9009087094273661,6.549637016837583,2.961825591321124,0.19989262593152643,2.8265275960718292
0.6B,1658,7.330940839280385,0.8997253047133977,6.431215534566987,2.8737788574310827,0.19254608894323974,2.7401401954508953
0.6B,1659,7.467917116085131,0.9048251632566172,6.563091952828514,2.883307488211824,0.18720833424250938,2.7552713655469727
0.6B,1660,7.4507172501796335,0.9049310336894435,6.545786216490189,2.939136637779606,0.19190933075045538,2.8065334628039245
0.6B,1661,7.374513828568217,0.9019655380297823,6.472548290538434,2.8747017385112965,0.2013696501586004,2.7354185338791592
0.6B,1662,7.260366478767192,0.8981790136331927,6.3621874651339985,2.892335705951807,0.19712788487876717,2.756273127275313
0.6B,1663,7.408397414217607,0.8904606005378599,6.517936813679746,3.0101093689220844,0.22213001493157475,2.847955281160268
0.6B,1664,7.562608583054278,0.8912978072723642,6.6713107757819134,3.002655021625157,0.22028335946757238,2.8396017514181078
0.6B,1665,7.483549879592037,0.8927431697555605,6.590806709836477,2.9595271478283314,0.22502782534145974,2.792865264623459
0.6B,1666,7.44655031434363,0.8977651653304722,6.548785149013159,2.951560427381491,0.2108632708017712,2.8048074239580125
0.6B,1667,7.486220604151165,0.8994323391954824,6.586788264955682,2.868431732658489,0.19780550359788893,2.7248159738010416
0.6B,1668,7.393294490448848,0.9029970605775921,6.490297429871256,2.860708434947357,0.19894445420633552,2.7220959046113453
0.6B,1669,7.512603882196047,0.9024626427800246,6.6101412394160235,2.9449967258414147,0.20261797562841322,2.804477594874317
0.6B,1670,7.62142885906446,0.9026519896913058,6.718776869373156,2.961443322600948,0.20911544447290156,2.811581566297284
0.6B,1671,7.552049272888593,0.9081495986830689,6.643899674205521,2.8388379147386793,0.1923422725528236,2.7044628765250933
0.6B,1672,7.561468975671822,0.9160717138464054,6.6453972618254165,2.848572239709388,0.18819591170773037,2.7226392219119537
0.6B,1673,7.526539100890529,0.9106733753663495,6.615865725524179,2.8411765218236895,0.1889396825100256,2.713103896573016
0.6B,1674,7.643628566405616,0.9047470030054336,6.738881563400181,2.813788501543421,0.19156478442315528,2.6763774473535196
0.6B,1675,7.688663387218098,0.9191448987278904,6.769518488490207,2.687583815774186,0.17844028102287077,2.5642661499104413
0.6B,1676,7.611645354560681,0.9094276607696753,6.702217693791006,2.8420701684521066,0.18917167336536497,2.7088384149524254
0.6B,1677,7.663605813536108,0.912418028286919,6.751187785249188,2.679804002064637,0.17960552927915913,2.553821422996069
0.6B,1678,7.637374088488925,0.9122470464411138,6.725127042047811,2.809234554598967,0.18107006999456848,2.685841194093755
0.6B,1679,7.543864369534093,0.9108561285180403,6.633008241016054,2.81538437853495,0.18256866469418578,2.692617558218877
0.6B,1680,7.64200403091252,0.9076026284451235,6.734401402467396,2.9242844044077057,0.19682573787329635,2.784753835497858
0.6B,1681,7.539551618074216,0.8997990786972194,6.639752539376997,2.955405451834045,0.20761141385959314,2.8061586690550335
0.6B,1682,7.482882332590769,0.9033669030517264,6.579515429539041,2.878247004625412,0.19245810614181674,2.74463276971568
0.6B,1683,7.331291267761047,0.888819081191008,6.442472186570038,2.9062508442146777,0.2188820177760763,2.74583759171941
0.6B,1684,7.440583590902597,0.896645900190838,6.543937690711759,2.9600464951354057,0.20833741904165776,2.8104876739763296
0.6B,1685,7.555494820907977,0.9048035311943767,6.650691289713601,2.762395046370732,0.19774557831554881,2.6208746481907146
0.6B,1686,7.519604942265957,0.8998334954609921,6.619771446804966,2.917778982868084,0.20451680126093358,2.770964494829261
0.6B,1687,7.271234119450595,0.8929299206885524,6.378304198762043,3.0093895554004675,0.2100635902256802,2.8596860573524263
0.6B,1688,7.492053280443791,0.8947737886240675,6.597279491819722,2.897874124488506,0.20841267542501934,2.744131742436362
0.6B,1689,7.364424420282885,0.9003894593089711,6.464034960973914,2.916879112403176,0.20114527080312397,2.7783258331506944
0.6B,1690,7.309733067364504,0.892272383074769,6.417460684289735,2.969779263570775,0.2192756185936675,2.8147125422653145
0.6B,1691,7.494694473633061,0.900431536281884,6.594262937351178,2.8801282805643744,0.21076361519610548,2.7288771909805263
0.6B,1692,7.4056345720508885,0.9008890046187691,6.504745567432119,2.860462579377138,0.20018832268320572,2.722367217128117
0.6B,1693,7.541246042006606,0.9004510948982778,6.640794947108331,2.946943667038079,0.2151011801338838,2.7949984809635597
0.6B,1694,7.689945250119903,0.9094636219646146,6.780481628155289,2.8154570903337413,0.19993344698540172,2.6727198888202865
0.6B,1695,7.554258457821209,0.8998751971767934,6.6543832606444155,2.922618341137186,0.20751994258024672,2.7741408944032044
0.6B,1696,7.675358236990706,0.9112445853406018,6.7641136516501055,2.849105884596474,0.19069912174281842,2.7179733315998664
0.6B,1697,7.408225165290007,0.8922592443201757,6.515965920969832,3.0272806524678666,0.21688326620884146,2.8713105197607924
0.6B,1698,7.419912935523243,0.8988613122157434,6.521051623307498,2.8303769261215197,0.20991770447324923,2.6797010330393505
0.6B,1699,7.467462374649181,0.8911848363708823,6.5762775382782985,2.9585308836114526,0.21304949073651716,2.802316668075963
0.6B,1700,7.42817481465607,0.8994971401653414,6.52867767449073,2.905161815853515,0.20563090539579362,2.7607600687745357
0.6B,1701,7.433381982363343,0.8960455401615822,6.53733644220176,3.002488460028596,0.2041653409408191,2.8583017032252442
0.6B,1702,7.538946284329261,0.9059008144470014,6.633045469882258,2.981235908750613,0.20244784552172676,2.841251259847797
0.6B,1703,7.433090375205471,0.8888472342043525,6.544243141001119,3.1112051274707833,0.23058652700851898,2.943703752036728
0.6B,1704,7.723614568956042,0.9070164625507866,6.816598106405255,2.9194349680183067,0.19194197678446173,2.7817024050169605
0.6B,1705,7.5149479406068505,0.9024024665589743,6.612545474047876,2.9302294364316257,0.20351308788202993,2.78782575155013
0.6B,1706,7.519069116905548,0.9004084717929257,6.618660645112624,3.0405490901875174,0.21129623556369942,2.890935413111252
0.6B,1707,7.5978657321062455,0.9002705457305593,6.697595186375688,2.9731219802188305,0.21494023643658114,2.8211920121052434
0.6B,1708,7.848870871733522,0.9133474779867483,6.935523393746775,2.9317338751361293,0.19297863957267478,2.7987487831281905
0.6B,1709,7.601480783049425,0.9082648637661012,6.693215919283324,2.8133797608594016,0.1897113883193181,2.68082922718126
0.6B,1710,7.579835996799853,0.9118835458511674,6.667952450948686,2.8124538077474655,0.171827300003216,2.696991113886474
0.6B,1711,7.447750843275875,0.896824503111813,6.550926340164062,2.9439546532985807,0.21575132796687996,2.7882778858354427
0.6B,1712,7.351966051866054,0.8986889205207479,6.453277131345307,2.9260270238322614,0.19803447416788536,2.7856746249604045
0.6B,1713,7.561514477435915,0.9012240515960854,6.660290425839828,3.012136269503227,0.2130455217253345,2.8622059253622716
0.6B,1714,7.560992960424935,0.900942972472129,6.660049987952804,2.9400985306414693,0.19809485276031785,2.7984731256215944
0.6B,1715,7.616716373315491,0.9047608859251798,6.711955487390311,2.874103026846943,0.20527811537235618,2.727805378361362
0.6B,1716,7.533177434289667,0.9040426091068637,6.629134825182801,2.9410746174745706,0.19768281322599862,2.8040060895633294
0.6B,1717,7.401480921616357,0.8936072142081463,6.507873707408209,3.056338492893872,0.21399606771364243,2.9055537653673804
0.6B,1718,7.491554548958946,0.896935926507351,6.594618622451596,3.0048002757991648,0.20330389326751555,2.8591865873725815
0.6B,1719,7.612852237188016,0.9042682523905362,6.708583984797479,2.82739878321118,0.1941247511866435,2.688878135510019
0.6B,1720,7.809383089758734,0.9166461468911441,6.89273694286759,2.84096121242529,0.1803213777096261,2.7124890948289186
0.6B,1721,7.39411471267706,0.8919450685681837,6.502169644108874,2.9469885116328727,0.20782442821314856,2.7964976659470357
0.6B,1722,7.679068239387269,0.9072982649111485,6.771769974476119,2.8891257224655047,0.19338631960162003,2.755530565261956
0.6B,1723,7.628537734712384,0.9069229172656939,6.72161481744669,2.9244860706649423,0.1972826005241013,2.788041092090281
0.6B,1724,7.663456635214719,0.9098178606454148,6.753638774569305,2.8909006972779303,0.18534297335561897,2.762335934537031
0.6B,1725,7.562802267581943,0.8968562143158145,6.665946053266127,3.0076670439977544,0.20553892129548154,2.861292708362164
0.6B,1726,7.679683536705705,0.9080335626031619,6.771649974102544,2.8074447887665994,0.18221608651861898,2.6769624355896537
0.6B,1727,7.504447945036069,0.9017074740254508,6.602740471010618,2.899468514666837,0.20887733580975407,2.750965926826534
0.6B,1728,7.455171395084762,0.8946328570534919,6.560538538031271,3.036662586401899,0.21128209496738712,2.8858132425216447
0.6B,1729,7.555605263596262,0.9071428130200908,6.6484624505761705,2.939481372207637,0.1960461552320432,2.8054957527917685
0.6B,1730,7.496678045569641,0.8982348655113686,6.598443180058271,2.9555621527367757,0.208210179024652,2.8065111701109693
0.6B,1731,7.4450729549774435,0.8877433024722612,6.557329652505181,2.9784874817427736,0.22499069290031246,2.808103513455883
0.6B,1732,7.404142227614216,0.894640647145276,6.509501580468938,3.0220370280605833,0.20793537050874697,2.8742172574845855
0.6B,1733,7.584922523902184,0.8999839869546843,6.684938536947499,2.8095865706542584,0.2050858293045429,2.658918465912569
0.6B,1734,7.616619212011948,0.8936131342757269,6.723006077736221,3.082621900445447,0.21644783361672584,2.9235682232490565
0.6B,1735,7.443690897361595,0.8962671128563195,6.547423784505273,2.9297247682385104,0.21252293629241834,2.777299566311166
0.6B,1736,7.592111892449529,0.9064522047092046,6.685659687740325,2.88332817143719,0.1944136671072891,2.7482232178883024
0.6B,1737,7.578565906750046,0.9044243492097835,6.674141557540261,2.8736478765210256,0.20021754415544976,2.7341479957386485
0.6B,1738,7.616533801968088,0.9018654713269757,6.714668330641112,2.9616859254386343,0.2034075411933979,2.8197638345736222
0.6B,1739,7.437671442305411,0.891105535290036,6.546565907015374,3.00908101622065,0.21193035257731177,2.852375036962711
0.6B,1740,7.499056471217032,0.8982784127365072,6.600778058480525,2.89994397888924,0.21126249304547792,2.74942907742223
0.6B,1741,7.567060702273852,0.901413769167558,6.665646933106293,2.9282751282825377,0.19928824434052975,2.786942797930527
0.6B,1742,7.478326929734912,0.901541784259711,6.5767851454752,2.9344962070144884,0.20546288212191952,2.792352865769785
0.6B,1743,7.422642909853948,0.8906805600396993,6.531962349814249,2.970031306936596,0.21495900968775145,2.810635771838445
0.6B,1744,7.4393495422996025,0.9040966396110339,6.53525290268857,2.9481234243993826,0.19475011532623487,2.8182789629438623
0.6B,1745,7.714091920807672,0.918340863702615,6.795751057105056,2.7907844593911313,0.18678761682766365,2.6681301127084085
0.6B,1746,7.489626455821162,0.900019805699153,6.589606650122008,2.9451460406835883,0.20356985979437095,2.800549676565336
0.6B,1747,7.622878981065279,0.9031692880277203,6.719709693037559,2.9280370235293582,0.20762087708980084,2.7822115276532555
0.6B,1748,7.6824524095255535,0.9011802259503748,6.781272183575178,2.927699674295137,0.2079229398607218,2.7770889021341696
0.6B,1749,7.628183022499651,0.9006538836761747,6.727529138823478,2.9390375561798177,0.2050706499467291,2.7911366567592952
0.6B,1750,7.668167368780593,0.9030345522140923,6.765132816566501,2.9256660648260095,0.20595365046320407,2.7760340927139775
0.6B,1751,7.637945123963904,0.9044703959376504,6.733474728026255,2.8866393496201574,0.2059487098422735,2.737622601872007
0.6B,1752,7.5290031683337375,0.9000634331217411,6.628939735211997,2.972035217986303,0.19504899300319228,2.8358077999257554
0.6B,1753,7.55202484260969,0.8935133125275269,6.658511530082164,3.0068995500663576,0.22056065095458816,2.847832853620771
0.6B,1754,7.644277831311749,0.8997979036740297,6.744479927637719,3.075529645898609,0.21666144514896066,2.9214729358486795
0.6B,1755,7.37599502072725,0.9005005038498318,6.47549451687742,2.972697990229731,0.20613777245211543,2.8269267890591245
0.6B,1756,7.520194026207297,0.8977354954210753,6.622458530786221,3.038334924349418,0.20966920722773114,2.8896826591097766
0.6B,1757,7.463175111018695,0.9027402346531154,6.56043487636558,2.951068211185911,0.19709208370131495,2.8150316479849233
0.6B,1758,7.620493402855673,0.9198754781859525,6.7006179246697215,2.7756574220149512,0.17740775084774707,2.6586779178086286
0.6B,1759,7.6698645308553735,0.9047751339027856,6.765089396952587,2.903505592206088,0.19841306608772666,2.759120060510606
0.6B,1760,7.441662062639381,0.8902037966976654,6.551458265941715,3.023243065180868,0.22630996041416587,2.8535287568589593
0.6B,1761,7.587569117750761,0.8978480248049799,6.689721092945781,3.027815326446553,0.2139145496710567,2.8753440051037944
0.6B,1762,7.58271466381134,0.9074743082574396,6.6752403555539,2.914130663476968,0.19881682074188492,2.7762870638461457
0.6B,1763,7.443672720803953,0.8909804480220129,6.552692272781939,2.9317829459803675,0.22074553795672502,2.7712358414112748
0.6B,1764,7.69963930113654,0.902998959842574,6.796640341293966,2.9415862921618423,0.2124059521204813,2.7878339459243406
0.6B,1765,7.698218374764054,0.9113519779523667,6.786866396811686,2.8897739643258475,0.20042788489371582,2.7505525600587655
0.6B,1766,7.58154724563783,0.9051869136828556,6.676360331954973,2.8577388027695,0.19924228412650624,2.7179518077783102
0.6B,1767,7.666455422048947,0.9141387594969704,6.7523166625519755,2.8449262269102604,0.18055487310097337,2.7212821876057895
0.6B,1768,7.630818790872622,0.902427306238276,6.728391484634345,2.866393154315058,0.2072751013105251,2.712835467597242
0.6B,1769,7.577244950832951,0.9006837690625031,6.676561181770449,2.9374784767894915,0.2070228125335054,2.7887523939207663
0.6B,1770,7.684969747065499,0.9099472452573879,6.775022501808112,2.8965200884104676,0.1968593257384808,2.761450172868859
0.6B,1771,7.371736645990578,0.8918573630451669,6.479879282945409,2.9887707654505022,0.2146835096400954,2.8346291178764464
0.6B,1772,7.545594420859709,0.9037124467859192,6.641881974073788,2.8897066062836125,0.19963021491072291,2.751960516841405
0.6B,1773,7.625365116456582,0.9055088770971265,6.719856239359457,2.9733792167006583,0.20529255081390033,2.8291885401068755
0.6B,1774,7.62934865361588,0.9056117907656467,6.723736862850234,2.8555008172613254,0.2061513228914633,2.7085464388537357
0.6B,1775,7.860795658894782,0.9175829557533071,6.943212703141474,2.878730844396755,0.18830692700074533,2.751126828975523
0.6B,1776,7.619690375133504,0.9092354889775296,6.710454886155974,2.842917023872464,0.19112843339150734,2.7121049513833744
0.6B,1777,7.473675081726646,0.9011506677268728,6.572524413999773,2.9188793971659517,0.20446072040654936,2.7717588774565893
0.6B,1778,7.656701258402123,0.9095621354495408,6.747139122952581,2.847261468251473,0.1925513877585207,2.714493502924919
0.6B,1779,7.797816828474077,0.9112771328211797,6.886539695652894,2.8257990094864094,0.19119522999723215,2.6913807109877865
0.6B,1780,7.739694405433694,0.9086782086136239,6.83101619682007,2.849418607557095,0.18870661318819895,2.7132786667200026
0.6B,1781,7.568067311643498,0.9046031719133156,6.663464139730182,2.871608671749287,0.19508090904937428,2.7340084978389263
0.6B,1782,7.8297395795597495,0.918510074082654,6.911229505477094,2.776086531877979,0.17341785087271738,2.654461440939477
0.6B,1783,7.661726538281417,0.9108072383367202,6.750919299944698,2.856086482535187,0.1851855290306343,2.7295429426293976
0.6B,1784,7.658869901438231,0.9048005330608723,6.754069368377361,2.912611735663794,0.20208173278236316,2.7692836799125256
0.6B,1785,7.70218935914478,0.9116144527196803,6.7905749064251,2.875756739075114,0.18461156198570236,2.746340286115868
0.6B,1786,7.715916552676935,0.9071737081289979,6.808742844547937,2.9541347415953205,0.19275995365549264,2.8170455998128143
0.6B,1787,7.5074353842660875,0.9047349959981315,6.602700388267956,2.8599960346726454,0.1866764159207089,2.7292898110896116
0.6B,1788,7.8213905520220255,0.9211209117394026,6.900269640282622,2.7184895677350447,0.17453006561171733,2.598911605256288
0.6B,1789,7.791054845230146,0.9087480579169686,6.882306787313179,2.8813374512899297,0.2007423314957138,2.7417396233477667
0.6B,1790,7.811166066584493,0.9172055065620962,6.893960560022401,2.668824067617251,0.17738255498021074,2.5410660677934773
0.6B,1791,7.862368300284697,0.920891837335518,6.9414764629491765,2.6726832336914215,0.1741615654898409,2.552804460529756
0.6B,1792,7.639979069795189,0.9058432469363027,6.734135822858887,2.929886966974745,0.20423787467316887,2.7865785880810527
0.6B,1793,7.629313328541886,0.905274883156263,6.724038445385622,2.925270589292734,0.19936878155527626,2.782852993676695
0.6B,1794,7.6056071551100475,0.9048985297233321,6.700708625386716,2.9233987977940723,0.19401809134675124,2.785940886503785
0.6B,1795,7.528716702137471,0.8883429422535631,6.640373759883906,2.9674987920081306,0.21339804918681565,2.8070867993182893
0.6B,1796,7.637562958807567,0.9160381864152553,6.721524772392311,2.824059131545727,0.18743861856646762,2.6981551757036124
0.6B,1797,7.833018458781456,0.9127535370114506,6.920264921770007,2.8287764054806663,0.19534733860629094,2.6904507099583532
0.6B,1798,7.694772090672803,0.9136940629387009,6.781078027734102,2.873382165051896,0.18080806948674827,2.749345755120229
0.6B,1799,7.621232828954221,0.9010690572447613,6.7201637717094584,2.910049022909995,0.2015413408934646,2.765961405196934
0.6B,1800,7.615064126510628,0.9062738322558734,6.708790294254754,2.9866579825721717,0.19128932626732698,2.8534705958815114
0.6B,1801,7.6632547469927985,0.9071355600384603,6.7561191869543356,2.849276993584738,0.19204745079530908,2.712540612015315
0.6B,1802,7.6302943730590735,0.9136686298067378,6.716625743252334,2.7979652293117954,0.17779186421663706,2.678618917154642
0.6B,1803,7.72036887834001,0.9245943108613294,6.795774567478682,2.7145641930453825,0.15983657748949132,2.611348108975816
0.6B,1804,7.6809218648964315,0.9097467326219981,6.771175132274434,2.8827530935166856,0.19281181057784094,2.7483775288911967
0.6B,1805,7.680731347368605,0.911138257445215,6.769593089923391,2.817187621700921,0.19207461395964776,2.682163166038438
0.6B,1806,7.47362038221157,0.9030155917481637,6.570604790463407,2.877812708554212,0.1982519626222941,2.737286368537669
0.6B,1807,7.6808373204012526,0.9132194355718989,6.767617884829353,2.7469454943956997,0.18193451127862373,2.6225953427883466
0.6B,1808,7.704535137622934,0.9062697014770252,6.79826543614591,2.9056931029392765,0.20242062115255258,2.7600569415376874
8B,1,3.327550974209036,0.678809188635425,2.6487417855736113,2.269823586509167,0.3397944107546931,2.017298264853379
8B,2,3.4416925037141772,0.6895718354276431,2.7521206682865347,2.2221708129702185,0.340585415702315,1.9768682983364905
8B,3,3.565888788257842,0.6960505227269678,2.869838265530874,2.3125461358152366,0.339666070223663,2.054805095725132
8B,4,3.8932982703748276,0.7327359958926625,3.1605622744821655,2.3582566678583405,0.31974283125823505,2.1197710892110484
8B,5,3.6816161271316816,0.7098991540851881,2.9717169730464934,2.23919536908604,0.3296781795803664,1.990574305558243
8B,6,3.6227516243389473,0.6915854675161351,2.931166156822812,2.3676815661887693,0.3396213636526209,2.1084841783576636
8B,7,3.687144490663627,0.706016700042493,2.9811277906211338,2.3334290498381836,0.3366832210376402,2.0798313527671173
8B,8,3.447056138111453,0.6886393182159777,2.758416819895476,2.2143380540985977,0.33680926244212406,1.9641523670532852
8B,9,3.696598695297569,0.703196278746089,2.9934024165514805,2.405878473313482,0.34228472957630796,2.1474397174299384
8B,10,3.7900166141365537,0.7286627813131771,3.0613538328233756,2.241318647884977,0.314995610431825,2.0143512557239855
8B,11,3.6805109665773705,0.7113779947606644,2.9691329718167063,2.2647240941634488,0.31616538722040366,2.028373756606626
8B,12,3.4627654422535854,0.6860958786726707,2.776669563580914,2.3164794541530074,0.34600136920792024,2.0537866853829216
8B,13,3.6314659275201846,0.6931487906421002,2.938317136878085,2.340282129166852,0.33540116271894327,2.0843888835584083
8B,14,3.7310467366068623,0.7177461947021938,3.0133005419046683,2.300514778897088,0.324986015692185,2.061804537205411
8B,15,3.5504802920183867,0.7113993543000652,2.8390809377183213,2.193440992915417,0.3175416912041992,1.9662581624987157
8B,16,3.7920425979481807,0.7241681940982136,3.0678744038499675,2.2791443584455573,0.3232653885891645,2.037011613925017
8B,17,3.6903293084402105,0.7196025386844686,2.9707267697557413,2.2489498062697337,0.32533231718219774,2.0153787825531375
8B,18,3.6258556945772145,0.7018300133923676,2.924025681184847,2.3105463329048233,0.3393762719275783,2.0587871512404163
8B,19,3.716660733056162,0.71020622720428,3.0064545058518823,2.299647309327273,0.3405627854307491,2.041537977054227
8B,20,3.6464446799199366,0.69453556804034,2.951909111879597,2.426981236217348,0.3469513903629647,2.1630100146725453
8B,21,3.5768382470641518,0.6961469874538108,2.880691259610341,2.267162020249744,0.33594553469780397,2.0068409048450415
8B,22,3.6998998441095465,0.7185348802360346,2.9813649638735122,2.3076979193295832,0.3327765941505234,2.06321581749234
8B,23,3.6876970635949076,0.6906889233005233,2.997008140294385,2.323478822261905,0.3341727050170406,2.064376344853242
8B,24,3.813205337868356,0.7191929457868992,3.0940123920814573,2.3136835587135014,0.32253323613271445,2.071531740168403
8B,25,3.739689244618581,0.708328155419511,3.0313610891990703,2.340034493125879,0.3263285431252706,2.090734276159885
8B,26,3.8061815534998096,0.7271213605451695,3.07906019295464,2.3053082121122257,0.3140345874394058,2.081394057514843
8B,27,3.8586976724131965,0.7145447035813791,3.144152968831817,2.3192462285516577,0.32206033906659864,2.080803842273136
8B,28,3.7816203314569865,0.7226921816832571,3.0589281497737306,2.327713777454605,0.31923147032475374,2.0978091855708176
8B,29,3.915965744566344,0.727224597282592,3.1887411472837526,2.360786320669985,0.32606123226023487,2.116091178326059
8B,30,3.7968548710560137,0.7149930357600939,3.081861835295918,2.3774427127845636,0.3312314236750612,2.1311900303364424
8B,31,3.8608028222444264,0.7271233747461902,3.133679447498236,2.243630432476254,0.3196487223677964,2.007540096928293
8B,32,3.766554950892241,0.7152588382140327,3.051296112678209,2.3271256104069216,0.32956117139633745,2.0774054027986155
8B,33,3.83632397559697,0.7276571091015018,3.1086668664954673,2.257766994950764,0.32650653895697307,2.009197448649052
8B,34,3.890581495319866,0.7393478232533854,3.1512336720664806,2.3387760130007647,0.3183768807183691,2.1140214436304414
8B,35,3.835148015979823,0.7228233996329188,3.1123246163469043,2.333554045290321,0.32462584693512814,2.0876696197987967
8B,36,3.8333759635785007,0.7255643146012365,3.1078116489772647,2.284576430439584,0.3163009895033629,2.0508690449970004
8B,37,3.699776458155975,0.7028943609472532,2.9968820972087213,2.3040380638437363,0.33674909220950205,2.0454616373158028
8B,38,3.766339947323431,0.7168058383226924,3.0495341090007386,2.3046262392106778,0.3268555066708836,2.060014182364758
8B,39,3.653323006312201,0.7023805665186813,2.95094243979352,2.2657575164240207,0.33011196698721795,2.0158392066173456
8B,40,3.720406425210056,0.696892553807937,3.0235138714021192,2.4082089302892142,0.34037098653752146,2.1587291393421064
8B,41,3.8930311956029535,0.738614789515731,3.1544164060872224,2.391832394883524,0.3112839796257173,2.1623442336726852
8B,42,3.6852724631488076,0.7048109281809332,2.9804615349678745,2.365197918662331,0.3288662865695303,2.124620461825874
8B,43,3.943475452027561,0.737370148441298,3.2061053035862632,2.326088936236476,0.3166450896125436,2.0972934133890493
8B,44,3.824134325105032,0.7190094571406392,3.1051248679643932,2.460919077861339,0.3345800029890329,2.2146909473300083
8B,45,3.589596299459882,0.7018066689025315,2.887789630557351,2.4342651517450746,0.3395359085322613,2.1838700173933363
8B,46,3.6436305875325226,0.7138448232363992,2.929785764296123,2.3369155956650953,0.33884631510092716,2.0843166158229858
8B,47,3.6168473055537005,0.7044823838474721,2.9123649217062284,2.3209974032504466,0.33356446039358073,2.071565286769588
8B,48,3.8430005989499416,0.727660111208364,3.1153404877415785,2.363400777072635,0.3227641611945994,2.1282493962228646
8B,49,3.8822339424076873,0.7336625233066997,3.148571419100987,2.291799116423431,0.31178083970365655,2.063724476054223
8B,50,3.79497137891734,0.7110159493591263,3.083955429558214,2.3694477026331393,0.32820364574895816,2.123795362143823
8B,51,3.8209416238461706,0.7264937853558603,3.0944478384903116,2.271487595643732,0.3231846253104118,2.036091118946854
8B,52,4.096941816601102,0.730376291120917,3.366565525480185,2.4567299201154915,0.3231117626491493,2.215127339312125
8B,53,3.862933282338905,0.738934832206262,3.123998450132643,2.263591863301931,0.31292167000257554,2.039282388498035
8B,54,3.7981524053569884,0.7165258935606483,3.0816265117963395,2.393988322466211,0.3248773071966348,2.1575107047861963
8B,55,3.9019837527499766,0.7260036915420595,3.1759800612079165,2.316851713120111,0.3103602613921024,2.0831776309971644
8B,56,3.7975557283944217,0.706624421915801,3.0909313064786206,2.395552528639686,0.33750357780911805,2.1377996904320424
8B,57,3.6539572561140523,0.6927463741743878,2.9612108819396643,2.4585847988366747,0.3412842527026177,2.2048241856426243
8B,58,3.8375192416613135,0.7209748096732723,3.116544431988041,2.4143507497442496,0.3328376901785387,2.1687428723866793
8B,59,3.970723696301662,0.7349732532846377,3.2357504430170247,2.408985942364682,0.32372182890201334,2.169167913701033
8B,60,3.928986894052854,0.7267542650222004,3.2022326290306533,2.3926077429664754,0.31874297903233406,2.1547219246522515
8B,61,3.781989381889939,0.7126852634220212,3.0693041184679184,2.3568283000257986,0.3281877187308803,2.1115348352427135
8B,62,3.9718494327521476,0.7354120309527026,3.236437401799446,2.3966611685088965,0.31626822595650356,2.1636798669277937
8B,63,3.833018764150776,0.7298447493909362,3.1031740147598397,2.324752504269464,0.324609758741355,2.084695313166339
8B,64,3.719078168091073,0.6996291788905479,3.0194489892005247,2.4099891072622754,0.3451696494036239,2.1458360079300145
8B,65,3.919961752196177,0.7194986840011618,3.200463068195016,2.4227990593308304,0.33174081969501135,2.171047020543272
8B,66,3.828809532066476,0.7208890363666872,3.1079204956997883,2.3509759389187552,0.32698380366359225,2.107648195471694
8B,67,3.883106073750148,0.7255435183766641,3.157562555373483,2.3485448024695765,0.3165186702342337,2.1147452563255693
8B,68,3.824885759757337,0.7090442806103351,3.115841479147002,2.4642592759264144,0.3440313985330245,2.205023776136245
8B,69,3.689657619958176,0.6981168176846997,2.991540802273476,2.413080373643571,0.3396230004113965,2.1624498598964337
8B,70,3.8828043058924084,0.7159080189051781,3.16689628698723,2.333883703575241,0.3199208044042754,2.093714236735814
8B,71,3.841421963707562,0.7262070689147465,3.1152148947928153,2.297444309102321,0.31961929932871835,2.0609040569323906
8B,72,3.983589157670476,0.7322311685276022,3.251357989142874,2.376677178456341,0.3232160496037072,2.129392545476434
8B,73,3.8558060694551592,0.7227343132366632,3.1330717562184964,2.3310091970632008,0.31634365072391346,2.100212852071083
8B,74,3.9146234498384875,0.7369400235066362,3.177683426331851,2.444803589747402,0.3214082405425119,2.2132345061474386
8B,75,3.967507527002221,0.7400980768212395,3.2274094501809825,2.4012612922006236,0.3138024444757519,2.1675819363084656
8B,76,3.8164719769809228,0.7226863190238649,3.0937856579570577,2.3197171249818163,0.3182989389111967,2.0860255082312333
8B,77,3.8117325461148517,0.7193979380503193,3.0923346080645318,2.3282898444989684,0.3238995136143272,2.08579074369451
8B,78,3.709134526234586,0.692251617361213,3.0168829088733733,2.383318590755416,0.33886759757780616,2.1193111440389343
8B,79,3.834757717293749,0.7002263576412003,3.1345313596525486,2.4449237189024684,0.33728451499612844,2.1828318467894965
8B,80,3.8261946880631656,0.7293290149845982,3.096865673078568,2.305004974175473,0.32659257446722784,2.068395919425767
8B,81,3.825130339275899,0.7306440202551036,3.0944863190207954,2.2477243399111484,0.305157409090566,2.0280175651020453
8B,82,3.976839729569154,0.7306252080736456,3.2462145214955083,2.411854851912828,0.3177430916161411,2.1735978754952403
8B,83,3.8413974841371057,0.7294249667863173,3.1119725173507873,2.395148527530336,0.3248350266558773,2.154558742398663
8B,84,3.9273278233649993,0.7386867798380785,3.1886410435269203,2.3295453977156595,0.3151193104312505,2.1014809416637115
8B,85,3.8622156793378526,0.7201600065678377,3.1420556727700153,2.3608305398742813,0.3262709357050655,2.107494621954019
8B,86,3.9301045351950963,0.7128699284612634,3.2172346067338333,2.4544895421393735,0.32912415626921687,2.201488399758121
8B,87,3.7659358219724672,0.7062983769475367,3.0596374450249306,2.417455606029511,0.3313611713678191,2.173677195286486
8B,88,3.8607522234605276,0.7285992685650389,3.132152954895488,2.3133569972298873,0.32086406194670536,2.0753557185188414
8B,89,3.815149551808099,0.7134879856849843,3.1016615661231146,2.335972495335501,0.33384850507164693,2.0844339675860977
8B,90,3.943302489941547,0.7437886355945257,3.1995138543470203,2.2850741853976326,0.3174658068732122,2.0475489132119895
8B,91,3.7952378124126915,0.72747855636506,3.0677592560476312,2.312650977374571,0.32164184755422814,2.077671139114018
8B,92,3.9826487602410854,0.7461044994156808,3.2365442608254043,2.3187547493186256,0.31783652606673574,2.084707461636613
8B,93,3.863767852819408,0.7340361401060235,3.129731712713384,2.3905514738549165,0.33039072778879724,2.1493815531541793
8B,94,3.7725705707460873,0.71562992025643,3.0569406504896577,2.402331884172449,0.3334631638661517,2.1498481257202298
8B,95,3.751282571024087,0.721165019568406,3.030117551455682,2.2369220389706026,0.31955284713786436,2.0013530407851365
8B,96,3.7248778238289577,0.6935824555530388,3.0312953682759187,2.3619771631825452,0.33332763027418455,2.099354749172992
8B,97,3.934676627322362,0.7338776885689156,3.2007989387534463,2.339342858951574,0.32095824819445096,2.1015067332977453
8B,98,3.919607192850439,0.7231100446325954,3.1964971482178433,2.396305015591648,0.32544209685634456,2.151917887711795
8B,99,3.75711895435059,0.6915277287230468,3.065591225627543,2.425687789757692,0.3314412476811146,2.1698455643947567
8B,100,3.9643098531972645,0.7461633001801138,3.2181465530171502,2.4140785945126297,0.31909163957523107,2.1845904534849154
8B,101,3.8633994642531033,0.715336716814237,3.1480627474388663,2.403442556730923,0.33282926855690426,2.1506381962171286
8B,102,3.768000128936139,0.719754925185848,3.048245203750291,2.338134452770546,0.33216689918370323,2.0907630623335893
8B,103,3.7779222204285907,0.7268391522943843,3.051083068134207,2.220295058831686,0.32166631872330326,1.9788310210248354
8B,104,3.7842824144483456,0.7109500397634851,3.0733323746848606,2.3612933236306675,0.3345402763470087,2.10880108446738
8B,105,3.915026142448585,0.7389863932175821,3.176039749231003,2.316028534060164,0.32453412901301676,2.0752451911850773
8B,106,3.955993492529087,0.7446806408113177,3.211312851717769,2.332577063880664,0.3185259723570711,2.0998855866464257
8B,107,3.8634697733688372,0.7294254752445335,3.134044298124304,2.332930064517895,0.32223564216964196,2.09703780392867
8B,108,3.799411038243681,0.7270609612764385,3.0723500769672425,2.3075095353742596,0.3200908114876669,2.0724942212960693
8B,109,4.06548435359291,0.7678022230552373,3.2976821305376727,2.2863532579396937,0.2987521540233062,2.0803048000669855
8B,110,3.9353034053370357,0.7193287796023488,3.215974625734687,2.3774346850568304,0.3286658535031687,2.1282856915511394
8B,111,3.7640078266702623,0.7124158132489588,3.051592013421304,2.3127404596620273,0.32269799400526594,2.0684878666119846
8B,112,3.8690838818082502,0.7348324739758773,3.134251407832373,2.376057875735154,0.31577924515043565,2.154132979475217
8B,113,3.8965255849430287,0.7288135419216146,3.1677120430214134,2.3500925945691797,0.3244321927116203,2.110730783144635
8B,114,3.9270349679486243,0.7355878359739407,3.1914471319746847,2.341614444317503,0.31918961523288036,2.1071308531042825
8B,115,3.892629446596533,0.723684881019589,3.1689445655769433,2.4036342487701607,0.3271293022669308,2.1548518088764226
8B,116,3.8386058031427672,0.7142632567300093,3.1243425464127577,2.4334841592436987,0.32618763562695746,2.189858529010672
8B,117,3.833334777530457,0.726017264327697,3.107317513202761,2.301290855273498,0.32090444758491743,2.061134231129009
8B,118,3.8075167509297607,0.7146122351739027,3.0929045157558583,2.4047054612739256,0.32688232111974974,2.158269228778044
8B,119,4.010960396285278,0.7383246390878008,3.272635757197477,2.373327030334984,0.3081192833528644,2.1481951833274646
8B,120,3.68804731487995,0.7126904804495063,2.9753568344304435,2.2877862751753217,0.31857407635905644,2.0536799914585027
8B,121,4.10490097813413,0.7435025301428565,3.3613984479912733,2.364350852315634,0.31587451430972713,2.1252975112494696
8B,122,3.665964128600608,0.7066935196351455,2.9592706089654626,2.292080507164521,0.321628846459116,2.0525327111184573
8B,123,3.865454242085747,0.7300657989156298,3.1353884431701173,2.3242122616736713,0.31822324478797137,2.0859764894046027
8B,124,3.8683891299896205,0.7363556071360042,3.1320335228536167,2.3958713543296972,0.3334359951663281,2.1527027383308934
8B,125,4.0300490702646785,0.7429171640897566,3.2871319061749222,2.3685692050853264,0.3196576067783689,2.1305982095939218
8B,126,3.6292832129217385,0.7060866918302828,2.923196521091456,2.3284406981638943,0.3357238439465552,2.0822595286020067
8B,127,3.982600144378841,0.7432397023110473,3.2393604420677935,2.3102221657247606,0.3150072530364884,2.0769271321518477
8B,128,3.824749293943023,0.7319369427543541,3.0928123511886683,2.3462868082740047,0.32222525096346283,2.1136227353538746
8B,129,3.8065590544780714,0.7228574335076217,3.0837016209704493,2.3160497433182066,0.3286012633419437,2.0667767738837868
8B,130,3.919760470714478,0.732365939986173,3.1873945307283047,2.3972546293755435,0.32089154544926385,2.1561789638120272
8B,131,3.900589474519482,0.7287252385069473,3.171864236012535,2.37799103192256,0.32288865985535137,2.1430279186771624
8B,132,4.071189505472983,0.7502014075346203,3.320988097938363,2.322638421714103,0.30528309610801846,2.0984271343196186
8B,133,4.0031205930126275,0.7395331265611836,3.263587466451443,2.4034966869895333,0.3144607094733262,2.174191428462916
8B,134,3.97462418041031,0.733889948968536,3.2407342314417744,2.381992037743755,0.31497705592993147,2.152734090525331
8B,135,4.056178577719897,0.7397590094603472,3.3164195682595494,2.4896740893709137,0.3145248065081453,2.2477896377176125
8B,136,3.7250406959835236,0.7012016342962623,3.0238390616872617,2.3754383659673017,0.32925168917092373,2.1226682735519655
8B,137,3.8980262298246817,0.7206459448488258,3.177380284975856,2.4555795311798523,0.326268155928043,2.21037137569788
8B,138,3.9415176481235212,0.7063780125981576,3.235139635525363,2.529406045747128,0.33737255784646225,2.268852924741925
8B,139,3.9539633122539435,0.7438720104273501,3.2100913018265937,2.369918745567739,0.32242209698007096,2.1359466684672834
8B,140,3.8931740586020442,0.719655934197113,3.1735181244049313,2.4394619017891905,0.3306418482498409,2.190646296486134
8B,141,3.9227502994318275,0.7060318893343144,3.2167184100975126,2.4747960797607518,0.33684503841754665,2.213927465923949
8B,142,3.9520074695890064,0.7383895973233935,3.213617872265613,2.3972585528693475,0.31940840810229043,2.1633290014685667
8B,143,3.95253473549732,0.7335373810171474,3.218997354480173,2.370743077522734,0.31151945396932584,2.1409115045193254
8B,144,4.112234880758624,0.743206041274008,3.369028839484616,2.4535822118097523,0.31317955769731365,2.2188295002634506
8B,145,3.8741620154430274,0.7254248064347825,3.1487372090082455,2.3380130432034614,0.32913757286723744,2.089054315893535
8B,146,3.8731652686311002,0.7139604987591617,3.1592047698719394,2.386828668341534,0.3297590796019465,2.135249574589544
8B,147,3.9601556220530183,0.7488174546802348,3.211338167372784,2.3076388730967836,0.3096946462886432,2.086343011061186
8B,148,3.9772218170081106,0.7254568720020277,3.2517649450060837,2.4392240283863855,0.32336342392934525,2.1954889808837645
8B,149,4.028658287823854,0.7447118848625922,3.2839464029612615,2.396087990778284,0.31145976231115263,2.170663073807986
8B,150,3.912026456350529,0.7178570006361329,3.1941694557143956,2.4207198248129815,0.33582747379295924,2.163570379701857
8B,151,3.956889322221712,0.7363492942364798,3.220540027985232,2.3709703210601054,0.3178723504399408,2.1395604463190714
8B,152,4.010019942382816,0.7423729905831966,3.26764695179962,2.398456720683189,0.32153524837584924,2.1657712062798296
8B,153,3.869009220853215,0.7308307634158911,3.1381784574373244,2.37708240205756,0.31928739622750957,2.1421189436818753
8B,154,3.9476802425219213,0.734218174526565,3.213462067995356,2.3739841371541655,0.3207690405898045,2.139757405415615
8B,155,3.897136245923104,0.7400853177298341,3.1570509281932693,2.3182353381760428,0.31885795532094324,2.0829977015762418
8B,156,3.86902447675255,0.7251148608951787,3.1439096158573716,2.457334999584969,0.32802605882873753,2.212810270899681
8B,157,3.8527856609387725,0.7155015532233951,3.1372841077153777,2.402682761347773,0.33342695657799526,2.1440325574163843
8B,158,3.8684502966937506,0.7227166785246932,3.145733618169057,2.364933572208093,0.3273605663086837,2.1216923639570338
8B,159,3.8143574435273186,0.7081217891055578,3.1062356544217606,2.478449529389518,0.34596818890785164,2.2166182996715307
8B,160,3.735103108841387,0.7044718669759485,3.0306312418654384,2.4897706203335326,0.3465025279571848,2.2296602440002347
8B,161,3.946583276037829,0.7259596550619442,3.2206236209758843,2.3650641539522397,0.32260726088138486,2.121372230934446
8B,162,3.8640282541183755,0.7132067518964841,3.1508215022218913,2.39938023521705,0.3331521811264603,2.143521960423916
8B,163,3.87674385591712,0.7169576952630373,3.159786160654083,2.406325667965164,0.3249061523013833,2.160147921964205
8B,164,3.8814041344245784,0.7292230416924635,3.152181092732115,2.3630984340765475,0.3241669619569379,2.1240937823535564
8B,165,3.7314178488418785,0.7023819250172733,3.029035923824605,2.456428243080735,0.3444919739338774,2.195092612454559
8B,166,3.9122985129688677,0.7068216230023349,3.2054768899665333,2.540950469298061,0.3352060713248032,2.289127023097337
8B,167,4.004128339367337,0.7382359870564859,3.265892352310851,2.408018140044258,0.3171142680400665,2.1748422195215955
8B,168,3.951251589401858,0.7408328477061571,3.2104187416957015,2.333375776958203,0.31452910200955575,2.1020928544487
8B,169,4.0149157640979505,0.7435340957042064,3.2713816683937433,2.3435498477552508,0.3152534996422027,2.106366174724306
8B,170,3.8989019383851553,0.7363303206719689,3.1625716177131866,2.231021029391092,0.30892447004373624,2.0025504791377524
8B,171,4.023294761245537,0.7363600250125724,3.2869347362329644,2.4150023741073237,0.3215745860369894,2.1777022354757243
8B,172,4.1132528217249975,0.7438848531113696,3.3693679686136284,2.4010218840214126,0.32603613764765826,2.1600532654397635
8B,173,4.0292203221909295,0.7310069987881185,3.2982133234028113,2.465014310821205,0.3273197637907836,2.219281247944361
8B,174,4.078208206385257,0.7046514437143103,3.373556762670947,2.6325359173897,0.3457915204861236,2.3602126318755063
8B,175,3.913465566233975,0.713015600273887,3.200449965960087,2.5303257881265946,0.3406547989791851,2.2668461884682127
8B,176,3.783643300330383,0.717506734894294,3.0661365654360893,2.3159062235545402,0.32208560312160567,2.0732369327587414
8B,177,4.012272683242,0.7348932885595003,3.2773793946824994,2.423680158500941,0.3221478318342576,2.1872084923589514
8B,178,3.8475460813090177,0.7226283901204482,3.1249176911885694,2.391221747210739,0.3287161529453481,2.1453523187563097
8B,179,4.0218669280684844,0.7334247331469214,3.288442194921563,2.4898124059003996,0.3239585345968295,2.252218809419555
8B,180,4.002819529102222,0.7309904911197181,3.2718290379825037,2.476555443663266,0.33079219968578755,2.226104682518718
8B,181,3.854254861579535,0.7202685792462509,3.133986282333284,2.3828601753890983,0.3312630188662899,2.1347552073070504
8B,182,3.9971917906904317,0.7283401431390722,3.268851647551359,2.4948883937215167,0.32922809940030995,2.2479621089002007
8B,183,4.17981656142704,0.7426506570509217,3.4371659043761187,2.5409212900258114,0.3170285714276005,2.3051948055124205
8B,184,3.851515199195781,0.7142329582690864,3.1372822409266945,2.4620672609760517,0.33973969665423454,2.20269131343001
8B,185,4.016089826730045,0.7358830253419673,3.280206801388078,2.4599523249576896,0.326937345820886,2.21696407860937
8B,186,3.8277791930162306,0.7290393053133217,3.0987398877029095,2.3416614425625517,0.3280443264112536,2.09252360506213
8B,187,3.9735594091914828,0.7311337091061387,3.2424257000853447,2.4242005848521933,0.31351237066582277,2.1940251626082783
8B,188,4.053906019091333,0.7464518464216485,3.3074541726696847,2.3908202479378655,0.31457624895387515,2.1609261917680707
8B,189,3.8321906123657246,0.7293331085869363,3.1028575037787878,2.4515615824303514,0.32982631765807036,2.2133190452238787
8B,190,4.099404438829622,0.7420991303684858,3.3573053084611355,2.4552876536007804,0.30790347087931225,2.2263509066022125
8B,191,4.094829373133005,0.7387944039965955,3.356034969136409,2.4155290527001534,0.31308198214341376,2.181516294511645
8B,192,3.826052501734113,0.7071880112761053,3.1188644904580083,2.4800221536101064,0.34015943089227724,2.2266935072915093
8B,193,3.8884715425125322,0.7283032976866524,3.1601682448258797,2.368060445419954,0.3195545786363172,2.133839980403463
8B,194,4.100533624573611,0.7254125149139637,3.3751211096596463,2.527928564806574,0.3267299093513356,2.279216273942315
8B,195,3.863069740417614,0.7234692464232337,3.1396004939943807,2.4961145559352937,0.33452455403729,2.2519730973075913
8B,196,3.87290029775328,0.7148551707434838,3.158045127009796,2.420456620174323,0.3363278082437893,2.166202691078122
8B,197,3.9419396919086576,0.7152107376219058,3.226728954286752,2.543626017143559,0.33193575311307294,2.297889495034061
8B,198,3.950750368009568,0.7182631291262017,3.232487238883366,2.4763450883740385,0.3327568693226187,2.222628575120413
8B,199,3.9048681118694804,0.703369295665077,3.2014988162044036,2.4196775936402686,0.33120882000812135,2.16377191172611
8B,200,4.10819857935654,0.7413921260954878,3.3668064532610527,2.474991661451929,0.31919245289012266,2.238374678972604
8B,201,3.8585702910924375,0.723486703959732,3.1350835871327054,2.448627604185986,0.3316378725826353,2.2046223735012576
8B,202,3.917253875765804,0.7187388125954987,3.1985150631703063,2.450961856535646,0.3264760095057723,2.2067337744528386
8B,203,3.8326843364241068,0.7096858208201209,3.122998515603986,2.451380409169962,0.3319761752094203,2.1991454952464387
8B,204,3.853340960037367,0.7058549988483296,3.147485961189038,2.477501845351679,0.3322841214733867,2.2290840251858817
8B,205,3.8960912084873964,0.7166327730863655,3.1794584354010307,2.4918045540209985,0.33300445899612247,2.2455876809778954
8B,206,4.1132815908799945,0.7339046617035129,3.3793769291764835,2.433680409560134,0.3185168782375879,2.191288845807708
8B,207,3.974511160847147,0.7304505096305591,3.244060651216588,2.5548714267074137,0.3287995806970715,2.313752442742763
8B,208,4.159069582157268,0.7481810999135986,3.41088848224367,2.425120562663931,0.32375323213202817,2.1857410940488577
8B,209,4.045201279080218,0.7416090916058377,3.3035921874743805,2.3789221834095926,0.3235639343578571,2.140385016103235
8B,210,4.115992143029319,0.7418716373462614,3.3741205056830585,2.5132777150371948,0.3127341234724125,2.2903416642217955
8B,211,4.015272303532941,0.7124073551522921,3.302864948380649,2.4829511680538094,0.32813374161845993,2.228508090151884
8B,212,3.9451202130693854,0.7209208761371935,3.224199336932193,2.481241092365346,0.3298014385988761,2.240766897225003
8B,213,3.866612722178923,0.7141888434273127,3.15242387875161,2.3823528947927644,0.33145680991770593,2.132368884629148
8B,214,3.8717748950152937,0.7197999352003746,3.1519749598149196,2.45792144649625,0.3291173046195036,2.210647224761784
8B,215,4.0805547978359344,0.7245030037343116,3.356051794101623,2.5174362170633553,0.3284809488092448,2.266973525772084
8B,216,3.9575763956938035,0.7241058537034369,3.2334705419903673,2.4329347496923908,0.32356177229712046,2.190437927576963
8B,217,3.975819826122766,0.7055279972229679,3.2702918288997984,2.483706010801959,0.3411490796534717,2.216380796256167
8B,218,3.8587660260831544,0.721997306982115,3.1367687191010387,2.3162188411279208,0.3213052822421194,2.0756044356046552
8B,219,3.9128475927843738,0.7197085823843553,3.193139010400018,2.433462153451127,0.33685983220265886,2.1799729474363
8B,220,4.0517671699547915,0.7267709832878197,3.3249961866669717,2.5335405208852784,0.3307188410515772,2.283273972462918
8B,221,3.9760151065699394,0.710539788174168,3.265475318395772,2.579923014601446,0.3444168198902806,2.3158118654331794
8B,222,3.7659455769568018,0.6882978600910218,3.07764771686578,2.5021357229035823,0.34350916982807606,2.235777083672129
8B,223,3.9250453355245134,0.7203279830208025,3.2047173525037125,2.4515527437112343,0.33251075855783974,2.202843445064855
8B,224,4.0659134667268155,0.7440937188559339,3.3218197478708817,2.4922364751797597,0.3203547442739246,2.2638162861687805
8B,225,4.044851642399328,0.73231755631977,3.312534086079557,2.4942141397708824,0.31949874027434694,2.2519029676972004
8B,226,4.224730407823979,0.7358899214651285,3.488840486358851,2.596083033579011,0.3298450426805095,2.3436775005026025
8B,227,4.036151344594076,0.7253387648839431,3.3108125797101335,2.4637590932417486,0.3221265033223121,2.220250073889272
8B,228,3.9732580957029797,0.7414301731135885,3.2318279225893907,2.2689200308022106,0.3110837833222428,2.041397008219162
8B,229,4.016986756023194,0.7309503975249354,3.286036358498259,2.426842263686528,0.3285751974511888,2.1790396608509663
8B,230,4.056785488832074,0.7242847754296953,3.3325007134023785,2.5991314209486034,0.3266781475369583,2.3543744415942833
8B,231,3.895283997400573,0.7136642191277334,3.18161977827284,2.4746440780599963,0.33479570989673996,2.217116715168431
8B,232,3.9707111210275254,0.7325848907582473,3.238126230269278,2.43393062593105,0.3300492841157171,2.1908879554578933
8B,233,3.908889026217177,0.7132355217434344,3.195653504473743,2.5108416069439157,0.3277204985980737,2.2599549819671356
8B,234,3.990447429839678,0.7243778501129952,3.2660695797266834,2.466576542481288,0.3322747634360461,2.2147470401766745
8B,235,3.783045624781662,0.7093162252432998,3.073729399538362,2.3950117959545993,0.326382125261996,2.149887403771252
8B,236,3.9628497609786137,0.7042109486967039,3.25863881228191,2.5626917315841324,0.34444424190154094,2.293878400256475
8B,237,4.126808025115123,0.7414312225808625,3.385376802534262,2.560452017815058,0.3276962986487934,2.31787911512761
8B,238,4.046185234882997,0.7217655422523982,3.3244196926305993,2.5109158259561553,0.33112872833946666,2.2570473100918726
8B,239,3.957101975245554,0.7157614659712395,3.2413405092743144,2.495549654817431,0.32811228130266573,2.2493732940857223
8B,240,3.9759127874182596,0.7176424070530745,3.2582703803651847,2.533717426963116,0.33481353005713843,2.27607714356121
8B,241,3.8279750095077034,0.7190210678012611,3.1089539417064427,2.483379883913075,0.33344194990069054,2.23569563011219
8B,242,3.9075301331170884,0.710363567951125,3.197166565165963,2.575178368930706,0.33295766348897615,2.326096955980361
8B,243,3.815441602674144,0.7023525145201952,3.113089088153948,2.486543760286166,0.3405185919596638,2.2227453642956476
8B,244,4.032474971782,0.7397853648540271,3.2926896069279734,2.379477404729812,0.3152227948255396,2.142240507226022
8B,245,4.068192768359786,0.7235088095158504,3.344683958843936,2.4618438181615407,0.3260410889437335,2.2162227744168868
8B,246,3.8682136983848467,0.7085260904581548,3.1596876079266916,2.467404919632069,0.3315895848697689,2.2172521510045016
8B,247,3.896343321412016,0.7116339941811217,3.1847093272308946,2.4615688310998562,0.3329980065593778,2.213279057066808
8B,248,4.162509832211641,0.7544575599272583,3.408052272284383,2.4274162528462875,0.3127102331603556,2.1977868416737127
8B,249,4.072226605500009,0.7326161593386958,3.3396104461613123,2.447970802995944,0.32177338555407503,2.2053341410249527
8B,250,4.214746649409092,0.7450187721518154,3.4697278772572764,2.4956796124612137,0.3105802420703787,2.2664669812426346
8B,251,3.9968795186976314,0.7229747914085615,3.2739047272890693,2.488485265142274,0.33282455095033214,2.2341493749239048
8B,252,4.123303323643762,0.7437114640841471,3.379591859559615,2.5201733426686217,0.32144283137959345,2.279032077721939
8B,253,4.084997627920384,0.7299068962805256,3.3550907316398586,2.541261270886214,0.32530898587077617,2.2997385848236576
8B,254,4.021925588834401,0.735617235172176,3.2863083536622253,2.4345457755948443,0.3154162578200476,2.1986348589794082
8B,255,3.9681302581916262,0.7147282719926105,3.2534019861990155,2.465273486142872,0.3334188678684246,2.208314581418519
8B,256,4.155935839832673,0.7434361696769237,3.41249967015575,2.4867352130023983,0.31826853407331124,2.252720586804918
8B,257,4.007812407878584,0.7175297890250892,3.290282618853495,2.5244352436535085,0.3292144807426579,2.273897402244003
8B,258,4.028040084048131,0.7336239129060406,3.2944161711420903,2.5359994045879413,0.32863941888258613,2.295695539866818
8B,259,4.198977654543895,0.7285643711109274,3.470413283432967,2.6659535692285417,0.33015353191487645,2.4193394775768136
8B,260,4.008894555200997,0.7308491233462091,3.2780454318547876,2.4142178137066606,0.32213197234025154,2.1738186648119937
8B,261,4.082927938699125,0.7292403759709989,3.353687562728128,2.504896711997827,0.32180258219244534,2.258549631378276
8B,262,3.9955976706380025,0.7138521259010648,3.281745544736938,2.5648543351045268,0.33609707259426225,2.3090857039616206
8B,263,3.987204083609366,0.7277961304733805,3.2594079531359843,2.525154261455057,0.3212987928700976,2.2868440647581547
8B,264,4.163988563485822,0.7617485818274492,3.4022399816583717,2.4323233582590227,0.30090444967421376,2.217896563136426
8B,265,4.039922125303366,0.7357700603893702,3.3041520649139957,2.465187488068104,0.3297072558409191,2.2187471679592883
8B,266,3.958536733193898,0.7161658872612027,3.2423708459326948,2.5883809808501987,0.32596454965716637,2.339508390411493
8B,267,4.16769051721725,0.7551387907808031,3.4125517264364467,2.488402235131608,0.31349011729751264,2.256518478793786
8B,268,4.016483376740515,0.7293989605030342,3.2870844162374806,2.563848585591671,0.33099730045087056,2.3151524750023
8B,269,4.21660756559016,0.770024622498647,3.446582943091514,2.43497668408285,0.2995632327954307,2.225332003109604
8B,270,4.0151274353810305,0.7413108784499733,3.273816556931058,2.4461771452401773,0.32219447904688886,2.20734299385747
8B,271,3.93385296592277,0.7178749072238844,3.2159780586988864,2.455056578093636,0.33545087181914984,2.200675611742695
8B,272,4.0187983970124375,0.7173447413816461,3.3014536556307923,2.525790366366302,0.3269939664314863,2.281132346270835
8B,273,4.084336453927982,0.7310301006160156,3.353306353311967,2.534794467860271,0.3159781309797142,2.297722497519408
8B,274,3.948056346202854,0.73613302163208,3.2119233245707735,2.3795671861375194,0.31630607570802355,2.1526353782364236
8B,275,4.11859163084509,0.7308199652885577,3.387771665556533,2.5217957094069643,0.32504906408188433,2.2711138554065453
8B,276,3.992985593914455,0.7261854711906951,3.26680012272376,2.478362117643247,0.32829508603779084,2.2318121138453173
8B,277,4.183441343209757,0.7562474822200588,3.4271938609896995,2.422055557090131,0.3039279664509371,2.197950313812225
8B,278,4.0408305053429645,0.7322195295111265,3.3086109758318383,2.441753644787427,0.31834752392605997,2.1993074623674382
8B,279,3.939160588895479,0.7198538807487729,3.2193067081467057,2.525048538489567,0.32399805564506107,2.2864844168059317
8B,280,3.8889203937885313,0.7035093589876129,3.1854110348009184,2.4893236566158454,0.3350653801790774,2.229675055301038
8B,281,4.07490506741532,0.7381334940004325,3.336771573414887,2.4129563455632757,0.32193127158806634,2.1699992593979625
8B,282,4.187460860726045,0.7476883845006659,3.439772476225379,2.48936854589956,0.32970959833352276,2.2424769138041327
8B,283,4.070869444217518,0.7389950894024618,3.3318743548150564,2.462703450037036,0.3299542670067424,2.2112878573746975
8B,284,4.1368744686054235,0.7400998421987122,3.3967746264067116,2.557978318246055,0.31865947672788925,2.3236473979449066
8B,285,3.9668010450307047,0.7250863065419784,3.2417147384887253,2.419118183456357,0.31255724266424983,2.1893545306392483
8B,286,4.129309237025824,0.7513287614251906,3.3779804756006335,2.4120447843626622,0.30587907616116883,2.191562261494717
8B,287,4.07413558425638,0.7357987803520069,3.3383368039043733,2.4878276668893013,0.312305354483788,2.255170072542302
8B,288,4.021088833804053,0.7352086969446716,3.285880136859382,2.4823187068930164,0.3196298005078691,2.2516931642016433
8B,289,4.137372350996651,0.7444253739185541,3.3929469770780973,2.41024297087934,0.3245917587896841,2.1669511354512325
8B,290,4.031831508646573,0.715233009520637,3.316598499125936,2.5452224136173665,0.3408229865412674,2.2880382447023964
8B,291,4.094944028834594,0.7298087533922957,3.3651352754422974,2.4707033770482663,0.3230433952578775,2.2185407976980818
8B,292,3.9324927039127435,0.7264499730703972,3.206042730842346,2.423217776415256,0.3155997505593908,2.1885359103331727
8B,293,4.18444534048736,0.7445195129851225,3.4399258275022375,2.455812449872713,0.3192413223945771,2.218056098744059
8B,294,4.101536209831042,0.7386752281885353,3.3628609816425072,2.434948863212314,0.32550726902743427,2.1886504155305446
8B,295,4.152407960903358,0.7258757025133918,3.426532258389966,2.5647808521331696,0.3345091184817376,2.3095388089646423
8B,296,4.140917028662195,0.7361062546396906,3.4048107740225046,2.526992465338664,0.32480284465725606,2.2833699484609395
8B,297,4.21462295518662,0.7464249530112799,3.46819800217534,2.5122733861424718,0.31848440893698243,2.2703608332557423
8B,298,4.29581458495623,0.7410034250106086,3.5548111599456216,2.579532017649987,0.31111860548532216,2.3446347296416308
8B,299,4.151804250653251,0.7243735775365188,3.427430673116731,2.520236032895845,0.3279889142611436,2.270977934215501
8B,300,4.238028025964159,0.7523834669376438,3.4856445590265146,2.487323420859933,0.3048002261207226,2.2687279644017466
8B,301,3.955324212289117,0.7172598392651337,3.238064373023983,2.497841175928106,0.3260297062277937,2.2553382683138485
8B,302,4.1758758662678614,0.7144944637263294,3.4613814025415315,2.610412368576682,0.3405996579066403,2.3406915447846846
8B,303,4.328556043863582,0.7552997015440395,3.5732563423195423,2.659279139785647,0.3173844590179962,2.4246830380664375
8B,304,4.1873023814105546,0.7333770975467588,3.4539252838637964,2.507105573105267,0.31863281793150716,2.2660159702278677
8B,305,4.133422582023966,0.7243965005416116,3.4090260814823545,2.537563105658382,0.3324500788918664,2.2840152502772937
8B,306,4.3151078385902215,0.7510166544704241,3.564091184119798,2.6053991098421787,0.3115833024577813,2.3777044002738905
8B,307,4.000613561353647,0.725670606153156,3.27494295520049,2.452066377785556,0.32051871207825733,2.2205578873958793
8B,308,4.3792814066964985,0.7603549534721868,3.618926453224311,2.5896478938297673,0.2980367160442638,2.3739665385690873
8B,309,4.2736812521724135,0.7611584830468106,3.512522769125603,2.427578845853823,0.29821848121466377,2.217155618580926
8B,310,4.184573765419306,0.7418252375657127,3.4427485278535936,2.4842332014942654,0.31784903000804954,2.2477531016714414
8B,311,4.1074626512769825,0.729532446543628,3.3779302047333553,2.579451066746313,0.32725024896118876,2.338252134086104
8B,312,4.158851048132161,0.7302849978453363,3.4285660502868245,2.547311807212673,0.32677729613554246,2.2980362020409713
8B,313,4.205079039162345,0.737899406928751,3.467179632233594,2.5303580549885303,0.3202444491188098,2.287961466753627
8B,314,4.170394578393788,0.7257538153736618,3.444640763020126,2.5872072801572057,0.3315524700600604,2.3344796392326423
8B,315,4.034653253363078,0.7278665227078603,3.3067867306552174,2.546040859070915,0.32162880486829976,2.3109093323133325
8B,316,4.232573686367817,0.7445818405994085,3.487991845768409,2.532459254150892,0.31940551607958817,2.2927634292268344
8B,317,4.183278425581695,0.7360083425791005,3.4472700830025946,2.5282127873661038,0.32568999057584247,2.2813927234975715
8B,318,4.154836584635762,0.7433801612125855,3.4114564234231777,2.532725436138498,0.3329133078284235,2.2854784877503764
8B,319,4.112763275875781,0.7247037311634869,3.3880595447122936,2.605225220305794,0.3436509173713437,2.34298604574838
8B,320,4.214609514302975,0.7481429973509208,3.466466516952054,2.575174636923588,0.31658858846883764,2.346427423536499
8B,321,4.342504376832163,0.7635860063392704,3.5789183704928926,2.539839608064069,0.30112363073205506,2.3275677427675565
8B,322,4.362628183813879,0.7421463449713838,3.620481838842495,2.6502100804780175,0.32617000119251394,2.400488951231815
8B,323,4.268877981551333,0.7312530919291461,3.5376248896221876,2.6384856533682384,0.32843282866516915,2.3864614438123417
8B,324,4.223475509709635,0.7543428302991966,3.4691326794104382,2.5477489903218364,0.3104209043855948,2.31944672090973
8B,325,4.197278127058107,0.756276019722278,3.4410021073358292,2.5254454534599784,0.31612823132092527,2.29320089110988
8B,326,4.229324659082544,0.7415250425134239,3.4877996165691205,2.5531583965400144,0.3211276477543843,2.3117677187867645
8B,327,4.270179166363087,0.7514044954773857,3.5187746708857017,2.4080981333873357,0.30452858737397864,2.182617991818843
8B,328,4.23205168567723,0.7646797294706486,3.4673719562065815,2.4384580445444413,0.2976046284606491,2.227828155362575
8B,329,4.263484249127272,0.7375923595629278,3.525891889564344,2.595875323251368,0.32104758544509354,2.3568715809685403
8B,330,4.243738380820723,0.7418705916899053,3.501867789130817,2.5950126423427413,0.319046784420258,2.35740363375815
8B,331,4.060853609242422,0.733827605673476,3.3270260035689456,2.511015282884761,0.32629136529419356,2.26869776262693
8B,332,4.109243552902696,0.7228739518516504,3.386369601051046,2.6015251888187065,0.34100533529324345,2.3380968676434613
8B,333,4.061062950933229,0.72774747615931,3.333315474773918,2.511621763106475,0.3300163657275703,2.2578684935199655
8B,334,4.17011528467742,0.7337815149239328,3.436333769753488,2.547584187623506,0.32259727100259683,2.3040144580506197
8B,335,4.2476511367709096,0.7425528715034856,3.5050982652674243,2.5655825918339903,0.32440694756248145,2.319223806713496
8B,336,4.298417857499415,0.7505569286353924,3.547860928864022,2.6038295271643555,0.31692855013245674,2.3715419462610132
8B,337,4.31272238516204,0.7567349564761119,3.5559874286859277,2.6474469904785805,0.3196558536229886,2.4109768929544484
8B,338,4.309546795521856,0.7587370469821412,3.5508097485397148,2.576918714162942,0.30590488065057947,2.3543091250104555
8B,339,4.121480571852862,0.7307150494189882,3.390765522433874,2.6230881115955005,0.3233426799380187,2.381123794503875
8B,340,4.034231354376839,0.7196131363335116,3.314618218043327,2.5500149965841863,0.33357355945482003,2.294686316665899
8B,341,4.2215052901227175,0.7424168964164237,3.4790883937062946,2.4820125379542994,0.31326117227354283,2.2473421961478195
8B,342,4.2373317318002375,0.7557984010189917,3.481533330781246,2.610788302504938,0.31185929034281173,2.3854027661859947
8B,343,4.092305307522664,0.7364089337755141,3.355896373747149,2.4758985226627863,0.3118448535625328,2.2502982998159173
8B,344,4.119406301681884,0.7206627966741646,3.398743505007719,2.6418275737540546,0.34042649406212694,2.3833283487702923
8B,345,4.057865556002559,0.7246410633247916,3.333224492677768,2.5140432194319504,0.3258423340103974,2.2714562738994055
8B,346,4.136415502471866,0.7307103611021957,3.4057051413696713,2.5966555494009276,0.3233706051520399,2.3566778280281744
8B,347,4.232171735514146,0.7582788157293372,3.4738929197848085,2.495751446493583,0.3077012157141385,2.271238605176209
8B,348,4.2402987708888835,0.7507745872924785,3.4895241835964046,2.5289758252364742,0.3043072575484683,2.3084125866379996
8B,349,4.2540513181413155,0.7324856640324898,3.521565654108826,2.5961569167344742,0.3218869099289144,2.355649372871335
8B,350,4.259402290147879,0.7387748314122171,3.520627458735661,2.5894844603183214,0.3253793838843508,2.347882086332811
8B,351,4.441843016953247,0.7633494595492296,3.6784935574040167,2.574262213185473,0.3117485244523584,2.339843356113546
8B,352,4.2464886951659775,0.7383120565145286,3.5081766386514497,2.6285762278895555,0.3247267709314768,2.3855656414316813
8B,353,4.099529412223031,0.7121118958171219,3.38741751640591,2.6276324885555784,0.34375566065948826,2.3562524266328877
8B,354,4.173501864297475,0.7388049422038961,3.43469692209358,2.564633405205515,0.33163322649478866,2.3159773991139505
8B,355,4.153682440016808,0.7320136102034062,3.4216688298134024,2.516147811666727,0.32087881189970574,2.274331240173617
8B,356,4.459180338899885,0.777243996259054,3.681936342640831,2.519814241061003,0.2982654367502257,2.3035737656802224
8B,357,4.2931659924199685,0.7530673765880546,3.5400986158319143,2.667928002917901,0.3205083507720508,2.4342024110229272
8B,358,4.208789960512972,0.733338658763641,3.4754513017493296,2.5735451177038224,0.3290570188878978,2.3199946411249934
8B,359,4.259998948727696,0.7392068272401421,3.5207921214875535,2.584858914174444,0.3239852620980672,2.3442069109587216
8B,360,4.098044621349749,0.7289144956195549,3.369130125730194,2.4994200807837066,0.3171000096302316,2.2588334840373463
8B,361,4.034448427398415,0.7308050917895346,3.303643335608881,2.417495332983185,0.32300204050716247,2.1770178334887187
8B,362,4.172524571870085,0.7380677300646196,3.4344568418054653,2.5503523903212995,0.32192702755373287,2.3084658806833556
8B,363,4.1180363662776,0.7553573763977071,3.3626789898798934,2.512041017083546,0.31545110374061575,2.286085129993374
8B,364,4.108483969389926,0.7370285873526571,3.37145538203727,2.5168985291840973,0.3220837062865235,2.2744832554400225
8B,365,4.115561918154665,0.7331232916861976,3.3824386264684674,2.579352848397486,0.32021710117877067,2.3429349645532374
8B,366,4.343409248001422,0.7551865122113338,3.5882227357900893,2.6133726183364994,0.30850823918045583,2.3886483801014373
8B,367,4.166897661195195,0.7386362259447922,3.4282614352504024,2.538590065857715,0.31499773017434857,2.3052007832780266
8B,368,4.213325108026736,0.7330090687767632,3.4803160392499732,2.610315625544129,0.32986590130272647,2.3548648895128057
8B,369,4.2321206005841665,0.7403989431638681,3.4917216574202983,2.6100926392210924,0.31400369088444263,2.378459390470536
8B,370,4.401808052891913,0.7534795121924382,3.648328540699474,2.624343007772396,0.319903531826022,2.3841211537336853
8B,371,4.174375379322855,0.728174873373416,3.4462005059494394,2.6361564338503567,0.33176905339198065,2.386564574014592
8B,372,4.320929826106891,0.7379281412484896,3.5830016848584014,2.690156463871925,0.33783559324567636,2.4255136354886284
8B,373,4.201682967232495,0.7330509447765006,3.4686320224559934,2.6282501642899345,0.3302282623683263,2.3762995916155947
8B,374,4.162355378467357,0.7414248139901124,3.420930564477244,2.592275802313362,0.3196884364046739,2.358058726124733
8B,375,4.379538757905944,0.7374994973662667,3.642039260539678,2.6217495079949855,0.3143934478995691,2.378620815811395
8B,376,4.311508514897961,0.7408238406708819,3.570684674227079,2.698351373956786,0.33113346283002015,2.4512244963088303
8B,377,4.388190441929138,0.7525988594911946,3.635591582437944,2.6696514149160757,0.3214173492006012,2.4256282274958605
8B,378,4.346381606185693,0.7582324905050326,3.5881491156806598,2.5614268693250755,0.3066528711779909,2.341792552161307
8B,379,4.273885501623305,0.749448118455232,3.5244373831680726,2.442609874839757,0.3020489354678912,2.220752187831673
8B,380,4.37247945298961,0.7436010153110032,3.6288784376786065,2.6227637829251256,0.31673739436113935,2.38397682156787
8B,381,4.268767829709914,0.7318829862774069,3.536884843432506,2.6858857422968394,0.31717001274120754,2.4472397038628397
8B,382,4.1494713302976995,0.7454418550630163,3.4040294752346836,2.516944253113814,0.3107210307106086,2.291231594765693
8B,383,4.4182568170759335,0.7653051441679014,3.6529516729080327,2.5731476854234887,0.30581178018792465,2.3494467865250654
8B,384,4.411893435140035,0.7447875152800846,3.6671059198599503,2.7245881860580967,0.32882532964293565,2.4776606032933297
8B,385,4.392991871123624,0.7438902910492455,3.649101580074379,2.6106191296415386,0.3193293486796604,2.368435539440163
8B,386,4.188864099015046,0.7473888647245717,3.4414752342904738,2.608709715766481,0.3041721378941743,2.392243317229235
8B,387,4.256654224086175,0.7606228329341048,3.49603139115207,2.5626238890862014,0.309631854380797,2.3456818232232575
8B,388,4.227086548324805,0.7399337567375542,3.4871527915872518,2.5911637413643374,0.3130785355802456,2.358538639191442
8B,389,4.26519799037735,0.746270609372112,3.5189273810052377,2.5704073619635093,0.3201135279436295,2.3329096702903698
8B,390,4.339702288109862,0.744117648226046,3.5955846398838163,2.6314279346813794,0.31110240104600784,2.401987065471332
8B,391,4.121381104793203,0.7339284492339403,3.387452655559262,2.618965478786595,0.31435523869673676,2.3890078787804216
8B,392,4.327686458705644,0.7534934674076993,3.574192991297945,2.5682183300526478,0.3142620418742814,2.333199451406826
8B,393,4.437167119514546,0.7711448199599688,3.666022299554578,2.596874511515016,0.302309646408325,2.3875022924773295
8B,394,4.326072460147519,0.7589021100817981,3.567170350065721,2.5692769387389736,0.31229330306329023,2.341370165686068
8B,395,4.478409719484312,0.757776659174184,3.720633060310127,2.685942135569129,0.3123667436877256,2.4544762367722712
8B,396,4.252938680796185,0.752330926403477,3.5006077543927088,2.5084032522573896,0.3084888897234933,2.2846760419092984
8B,397,4.350366725987987,0.7564593054890777,3.5939074204989097,2.5824859401595854,0.3126572619861238,2.3510493360608202
8B,398,4.1573343565120595,0.74309814632634,3.4142362101857198,2.5391551338498384,0.3193654893750495,2.3048282469376673
8B,399,4.342876630446546,0.7487752876636965,3.5941013427828503,2.6330965905955472,0.3169843773215928,2.4024516057237193
8B,400,4.2415740081953714,0.7222645439416788,3.519309464253693,2.707687491179582,0.32815989501031695,2.455720019466597
8B,401,4.211256260023886,0.744747825231386,3.466508434792499,2.579877212676757,0.31063600692831905,2.352967985158446
8B,402,4.24690733212966,0.7333069537165279,3.513600378413132,2.7291121940122376,0.3176280022171326,2.4979992235426547
8B,403,4.309363591910631,0.7510442681984426,3.558319323712188,2.6135040793738433,0.3134844344378856,2.381742127994961
8B,404,4.223232176620376,0.7319141105284537,3.4913180660919227,2.5970669579156684,0.32444747183424694,2.346346465628662
8B,405,4.349990912188226,0.7323832643517642,3.617607647836462,2.7367378353265917,0.3349433564248869,2.479005937463252
8B,406,4.142540234326502,0.7234880009435289,3.4190522333829727,2.6464262755297696,0.327536394237598,2.399074572835325
8B,407,4.274099232732086,0.7491270148129696,3.524972217919116,2.6040375123803314,0.3203091560662312,2.3657117238402368
8B,408,4.3144162862910305,0.756770264608531,3.557646021682499,2.5989504299122,0.32036715760529416,2.364184187835009
8B,409,4.390582460401594,0.7620747747886276,3.6285076856129663,2.6327225494791593,0.3150527830227602,2.4042904335876334
8B,410,4.2452400628912015,0.7336548703161045,3.511585192575097,2.624398962992739,0.33018875330841413,2.3784116738342873
8B,411,4.4200570475741365,0.7498723783786322,3.670184669195505,2.6396802326800177,0.31435065802135426,2.408007578247459
8B,412,4.172025405726985,0.7330979507641324,3.438927454962853,2.6250803704550667,0.33513013341193887,2.3732343842505528
8B,413,3.989710669124381,0.7338855119501236,3.255825157174257,2.5884778212787722,0.3235490223840612,2.3519750957415737
8B,414,4.146339771517552,0.7434017660418665,3.4029380054756864,2.612045295266849,0.31668865141365266,2.3803585256547968
8B,415,4.293683985594587,0.7534009748794553,3.540283010715131,2.6330486420194874,0.32027376007852437,2.3949366581027136
8B,416,4.171668226398295,0.7263277768051647,3.44534044959313,2.62709937203805,0.3311005305701593,2.375194431459873
8B,417,4.167627472703545,0.7227746225752448,3.4448528501283007,2.661921046511092,0.33354213254855114,2.4121645606726827
8B,418,4.399261937062954,0.7313528306960677,3.667909106366887,2.7265000206443686,0.3216123723955236,2.481100891399007
8B,419,4.271416211823612,0.7267750065909505,3.5446412052326624,2.789190223433327,0.3297472226676366,2.544402630550494
8B,420,4.300070393293189,0.74480802392846,3.555262369364729,2.58058772216569,0.31446837727050697,2.3436352173620945
8B,421,4.465938797527928,0.7557854275232976,3.7101533700046296,2.6826722079075433,0.31952660971003344,2.4423651512061584
8B,422,4.4212985505130495,0.743892188991246,3.6774063615218027,2.6914901093449943,0.3254073645170993,2.444521110806365
8B,423,4.126006263830742,0.7185755071583881,3.4074307566723543,2.738860816402992,0.34181706450164334,2.476419874938291
8B,424,4.416282666714367,0.7474109052846606,3.668871761429706,2.692764287149237,0.3231364532937944,2.4476618605649505
8B,425,4.2436848261878515,0.7343935428516101,3.509291283336242,2.7472500811137763,0.33500285895452764,2.499736735004157
8B,426,4.412836022043688,0.7417805241823968,3.6710554978612913,2.6873528291144684,0.3340902703428675,2.437017123314047
8B,427,4.220800228476663,0.7297428275245893,3.491057400952074,2.704579086767435,0.3372204786724733,2.4468778894081717
8B,428,4.1929561884906725,0.72076726536929,3.4721889231213825,2.70542190742213,0.33302916935613197,2.4494722411520766
8B,429,4.293950912719276,0.7389861992585757,3.5549647134607008,2.8167208385921523,0.3342276276946731,2.5674604093486706
8B,430,4.342668784014997,0.7355276128666307,3.6071411711483665,2.685899577264948,0.33014142802523483,2.4320385520083168
8B,431,4.172274226159294,0.7326757608928804,3.439598465266413,2.6552328292501146,0.33129759283438,2.4076135899029456
8B,432,4.456156925930793,0.7473831142313233,3.7087738116994706,2.6858177944593358,0.3229556475908175,2.444462489024766
8B,433,4.143202996620181,0.7121260507325842,3.4310769458875967,2.789349649999746,0.3446042467664983,2.525937872702416
8B,434,4.305578341051703,0.7327173231515793,3.5728610179001246,2.797165476375703,0.33645073719607704,2.5431533809502547
8B,435,4.3572745702185784,0.7515383754715135,3.605736194747065,2.7205825103717673,0.31726948644433456,2.4809682166180287
8B,436,4.294195633466388,0.7495541515947841,3.5446414818716034,2.6692246343884363,0.31503711432431347,2.4370698411381944
8B,437,4.321457199785425,0.7403258579756714,3.5811313418097535,2.667183389553525,0.3201613972439601,2.433186876994484
8B,438,4.562890118513713,0.7626146554314256,3.8002754630822864,2.7693647802291776,0.3109027368600453,2.5399388289912492
8B,439,4.45953627513419,0.7544571162826552,3.7050791588515346,2.683480537534212,0.3137031195196086,2.451353887224705
8B,440,4.3150997215084805,0.7412644625492524,3.5738352589592277,2.632378433497146,0.3292349221966671,2.3813206955834
8B,441,4.2110746473942395,0.759412244347294,3.451662403046946,2.475611746568314,0.3098686339635152,2.252375660735191
8B,442,4.1696503983475255,0.7411423075118383,3.4285080908356886,2.605450449250317,0.31927904497670234,2.37514036895527
8B,443,4.2281492050674565,0.7418935029144712,3.486255702152985,2.5858092745642205,0.3205824141762932,2.3476637322563167
8B,444,4.008546659819391,0.7150109341174823,3.2935357257019096,2.648573070084393,0.3421598544785038,2.3901479292943746
8B,445,4.203481043604676,0.7295544253956894,3.473926618208987,2.6642065591277397,0.32965009276230506,2.4190088817666084
8B,446,4.308923089011954,0.7533786332458987,3.5555444557660563,2.6113828560078995,0.3159187576922637,2.38234825891529
8B,447,4.270729692007737,0.7317371618364013,3.5389925301713356,2.732541141293002,0.3248318835517579,2.48894445244361
8B,448,4.309544561500685,0.7399948771094095,3.5695496843912746,2.7476589460005902,0.3195409884012373,2.5131556909874164
8B,449,4.284181727869518,0.7398871042691728,3.544294623600346,2.7114224371584643,0.325108517489756,2.467146999094033
8B,450,4.382063855004075,0.75137780080637,3.630686054197704,2.7288049547747777,0.32655418246212276,2.484361315876479
8B,451,4.385481217199791,0.7518351315087557,3.633646085691036,2.6171715715690413,0.31838656498056667,2.383092924870137
8B,452,4.314135726094255,0.7403923339508548,3.5737433921434003,2.6484741450358755,0.3270075981435048,2.399901223532743
8B,453,4.334874295327729,0.7477796274880297,3.587094667839699,2.640624596260026,0.3156405068649443,2.408530859389696
8B,454,4.490065434191001,0.7568675388909425,3.733197895300058,2.7686930410660695,0.3215753244492548,2.5294894834048223
8B,455,4.351384472103355,0.7254693198087123,3.6259151522946427,2.8217195752626285,0.33476142249402757,2.563408474457441
8B,456,4.267558490928066,0.7472215202149435,3.5203369707131227,2.656058716741369,0.3236515143592277,2.414277118411536
8B,457,4.2251916440132335,0.7295963082439748,3.495595335769259,2.6405510069650826,0.3308584735447611,2.3915984815213776
8B,458,4.288452954064578,0.7289914400353669,3.559461514029212,2.7356404701512926,0.3327969975486541,2.485137693132706
8B,459,4.499112125240874,0.7735168219889589,3.7255953032519153,2.5717240989115537,0.3038731846287793,2.351364971628284
8B,460,4.306389246980267,0.7264858237681746,3.579903423212092,2.6883018162667613,0.33644929236707594,2.4261705794617017
8B,461,4.331140371781116,0.737143292025045,3.5939970797560696,2.797026080371993,0.3280345736481772,2.553071905669089
8B,462,4.145681202260498,0.7218755499553701,3.4238056523051283,2.73123883268844,0.33434358672439124,2.475229840062726
8B,463,4.244074036711305,0.7298011002897086,3.514272936421597,2.737989820998711,0.3285896972867432,2.4943970755137297
8B,464,4.337484981936204,0.7535794269979449,3.583905554938261,2.698202051511608,0.3259347250940534,2.4580265990619856
8B,465,4.29160732205804,0.7426154056943279,3.548991916363712,2.721182161126017,0.33161986587761205,2.477806197396696
8B,466,4.218567950255794,0.7352692462715743,3.4832987039842203,2.688562505283622,0.32978663012335685,2.4417784244576928
8B,467,4.1870817661519615,0.7339886286381283,3.4530931375138336,2.6658886833345625,0.32912150144005703,2.4246992518389665
8B,468,4.1242411925252345,0.7201845251940189,3.4040566673312154,2.7043443944121117,0.33324898381826645,2.449015311698522
8B,469,4.225377846133658,0.7177049485704281,3.5076728975632294,2.723781736133582,0.34453296366595315,2.4519965762110756
8B,470,4.415659406816655,0.7336056092113119,3.682053797605344,2.753409495540317,0.32789876688839736,2.5060511094888795
8B,471,4.357948571269846,0.743483983761964,3.614464587507882,2.693755853977368,0.32383477104202113,2.451495817332908
8B,472,4.357699823604066,0.7443932219754971,3.613306601628569,2.7048692495995295,0.3243810579512859,2.46112351639016
8B,473,4.337643912710868,0.7341891653831135,3.603454747327754,2.7374905999445986,0.3334574504361547,2.4883007555750654
8B,474,4.246918023379955,0.732062655674133,3.5148553677058216,2.594360083695815,0.32873935090276857,2.3432004171357503
8B,475,4.1691429588696085,0.7356439995695766,3.4334989593000325,2.744499670202057,0.33125766487845737,2.4963963284404644
8B,476,4.229684652044135,0.7239375531940139,3.505747098850121,2.680962073446746,0.33498321547407434,2.4212687360419447
8B,477,4.347664041814318,0.7351060529074341,3.612557988906884,2.7394702369336486,0.32691822413259114,2.491131333820165
8B,478,4.246900300155042,0.7266147492800226,3.5202855508750193,2.7085276990286595,0.33494537487321907,2.455327156345817
8B,479,4.361274011873072,0.7411843431328882,3.6200896687401842,2.61107150731095,0.31920331668232615,2.3635124997071624
8B,480,4.414873498691608,0.7464767004559201,3.668396798235688,2.8422456864516024,0.3291318576876852,2.601010622918291
8B,481,4.1881266199768055,0.7287205379151558,3.4594060820616486,2.6020995947959618,0.331874723139423,2.349765142021471
8B,482,4.113670944195637,0.7226486947924771,3.3910222494031608,2.7104034182411234,0.33304281832075483,2.4625161101500055
8B,483,4.174239241343315,0.7247448081236078,3.4494944332197073,2.601079729855237,0.33144402641364273,2.3495382442375297
8B,484,4.21716547802843,0.7289815537526684,3.4881839242757615,2.711397431701344,0.3353140639196817,2.4610355946820337
8B,485,4.29218524413064,0.7330815737772188,3.5591036703534207,2.7852743888387512,0.33050887635405884,2.5415946288706763
8B,486,4.2916534013744165,0.7453105556276968,3.5463428457467208,2.6120441563447034,0.31214179059397595,2.381418686205892
8B,487,4.358464828606866,0.7206680025701345,3.6377968260367313,2.762702089490461,0.33650173499592667,2.4968398942413415
8B,488,4.141536626694316,0.7191435075298751,3.4223931191644423,2.807129249346854,0.3383396106519026,2.5551971688520494
8B,489,4.295015739670329,0.7319451003299282,3.563070639340401,2.76985475120289,0.32749759907293097,2.52682743612047
8B,490,4.347849707369823,0.742543504217306,3.6053062031525176,2.7266509337729663,0.3286871113989729,2.4787855600109014
8B,491,4.294854341983831,0.7257387865575927,3.569115555426239,2.800575229814954,0.34261232744235154,2.537779202948403
8B,492,4.464175807670058,0.7543915424987747,3.7097842651712827,2.786524585913936,0.3194835658309251,2.5523770190429773
8B,493,4.305046187643693,0.7281631747929234,3.57688301285077,2.7302989153523103,0.32998054060233156,2.4820142742932267
8B,494,4.409552179225658,0.7428923392380565,3.6666598399876014,2.7491826241770583,0.3225789759911139,2.5038076977496164
8B,495,4.384455265454899,0.7388955300674764,3.645559735387422,2.832984778838933,0.33149328827098534,2.586914485438792
8B,496,3.9887782979606827,0.7052107630952473,3.283567534865435,2.727954962728136,0.33874021392696296,2.472636345807496
8B,497,4.109500122407291,0.7269250161579437,3.3825751062493477,2.6550982359522766,0.32870692946231334,2.4135915966352
8B,498,4.532510864393786,0.7669014545871569,3.7656094098066295,2.682285527422688,0.3117272370030432,2.4515622773414565
8B,499,4.213067310605502,0.7376227911669136,3.4754445194385895,2.619019129833576,0.31761332813136034,2.3831131783495447
8B,500,4.434057429951014,0.7371057088462192,3.696951721104794,2.8336857620815454,0.32926871385080353,2.5923919489909832
8B,501,4.375053289034921,0.732405963658511,3.6426473253764087,2.7251436339084796,0.33625798901273257,2.462468316133617
8B,502,4.174840029647704,0.7233477116427345,3.451492318004971,2.7031113715945,0.3384442075541773,2.4484967165874973
8B,503,4.381969976914939,0.7416402264340206,3.6403297504809182,2.758922137966385,0.3241361581782909,2.517355313065449
8B,504,4.529564612948016,0.7527305035269323,3.7768341094210833,2.800746760490857,0.3235675481102081,2.562688020259508
8B,505,4.330115135073325,0.7314480109548228,3.5986671241185024,2.7819744163186084,0.344582267166452,2.5167407166191045
8B,506,4.259427569731233,0.7353184578000923,3.5241091119311405,2.7282417201456144,0.3232031957651012,2.485639676954149
8B,507,4.277127393840896,0.7209093542414917,3.5562180395994036,2.9016084933745585,0.342582360025589,2.647747324892833
8B,508,4.153325815286829,0.7243575596530413,3.4289682556337886,2.744464291706845,0.3369249431373831,2.488914133379332
8B,509,4.335873892459257,0.7302273907916808,3.6056465016675765,2.801295824123646,0.3400765715661612,2.543235561755572
8B,510,4.221721930712498,0.7171809672080841,3.504540963504414,2.779145192402324,0.3474507233985686,2.508024069587138
8B,511,4.393157571409342,0.740846011130536,3.652311560278805,2.790000875713987,0.3321550160981885,2.535784780983179
8B,512,4.371910621827561,0.7360194562491589,3.635891165578401,2.7899376088051637,0.3347953893387271,2.534422858717613
8B,513,4.3193758535968865,0.7283367869320634,3.5910390666648233,2.707561576780649,0.33071666214992024,2.4530712441424805
8B,514,4.488339055715454,0.7483162199419454,3.740022835773509,2.7411159959975056,0.3206063596853876,2.499055809087193
8B,515,4.371969134139479,0.7365695101401039,3.635399623999375,2.7869348377618293,0.3346228486744714,2.5362483539821357
8B,516,4.354340690004505,0.758880422357957,3.5954602676465477,2.6355166987469696,0.3153232541169739,2.4067669097985247
8B,517,4.6128984978729894,0.76305856279447,3.8498399350785193,2.7533235422796465,0.31439015887224847,2.5243364157458226
8B,518,4.4150025999817695,0.7501755646357421,3.6648270353460277,2.6958179575203487,0.32140645413411606,2.4571084282198123
8B,519,4.392542219962186,0.7428708199005707,3.649671400061615,2.814288145226525,0.32571302492388915,2.5776692302638167
8B,520,4.4128814485042955,0.761125529283081,3.651755919221215,2.5729825406112625,0.30749420579645853,2.341539612280858
8B,521,4.378201590240191,0.7395635679869634,3.638638022253227,2.7127987901699107,0.32474244436813293,2.4671887602915747
8B,522,4.396147143927869,0.748972949369235,3.6471741945586342,2.7072173962665476,0.32714412707750407,2.4669183746181353
8B,523,4.614451001684734,0.7568605979203232,3.857590403764412,2.8062490388108796,0.3248108903054598,2.5623834383816293
8B,524,4.318931048060598,0.7267157835202414,3.5922152645403562,2.786098442380911,0.33414221687319595,2.5328456268913895
8B,525,4.495484893928244,0.7553985168055449,3.7400863771226986,2.721472498376301,0.31793661351892044,2.488046911217795
8B,526,4.360313164092564,0.731256679433897,3.629056484658667,2.7542274493887686,0.3381857981256057,2.497108216270413
8B,527,4.29701656242185,0.7234325700422046,3.5735839923796457,2.7379017566339208,0.33211882071584437,2.485102026859192
8B,528,4.510799341856203,0.7362831191655631,3.774516222690641,2.758214164121317,0.3283516887710719,2.4979814913331264
8B,529,4.433171676626753,0.7293097189526646,3.703861957674088,2.762658092090819,0.33310541275078315,2.5068305022639903
8B,530,4.258087817728778,0.7225157241650655,3.5355720935637125,2.7591390991173887,0.3422450327750605,2.4963563051044515
8B,531,4.275275538183409,0.7373919375667063,3.5378836006167025,2.6227343267206207,0.32062496758818443,2.3840631560892236
8B,532,4.1616931532362615,0.7151625808593363,3.4465305723769246,2.659394691043529,0.339493026264323,2.3983033912427105
8B,533,4.298652453260103,0.7223590809336261,3.576293372326477,2.7261782065433375,0.33271148563021075,2.4657261325727227
8B,534,4.391474196242596,0.7225700707581904,3.6689041254844055,2.856431576442868,0.3428853732164585,2.5847709116855664
8B,535,4.525312788245403,0.7618638298166255,3.7634489584287762,2.7453720561737107,0.3232639918678562,2.5052462686222934
8B,536,4.302264510506098,0.7405980317955382,3.5616664787105603,2.625113600362453,0.3236871688375515,2.3819208673615107
8B,537,4.349311827168958,0.73663665897847,3.612675168190488,2.721872925601694,0.3286125913510368,2.4701592630632194
8B,538,4.449837592693592,0.7539709187753061,3.695866673918285,2.7332950653362427,0.3143138885383469,2.4991921258961307
8B,539,4.398379810931742,0.7398759086297013,3.6585039023020403,2.8108024112574768,0.3273171064982731,2.5664305563071337
8B,540,4.598508532064807,0.7557892112457746,3.8427193208190324,2.633164571378235,0.30734122738854996,2.397952629312347
8B,541,4.2122022559087124,0.7060284588778689,3.5061737970308435,2.80260481552771,0.3532078217101022,2.5287066728114933
8B,542,4.285743613737446,0.7314599267005808,3.554283687036865,2.7413202272141737,0.3225128547919372,2.497848041495331
8B,543,4.348155568525211,0.7488132937148089,3.5993422748104034,2.7644519489148793,0.32852418791923804,2.51998223689635
8B,544,4.158917796544054,0.7144921725625065,3.4444256239815485,2.732495036599683,0.3409661820733474,2.4730118499713534
8B,545,4.413338125137608,0.7325123096538595,3.680825815483749,2.752813686695744,0.3388067056034088,2.486217123748982
8B,546,4.4643048906619045,0.7479630865859568,3.716341804075947,2.812320149577663,0.31686128286228177,2.577621587857927
8B,547,4.461794377173079,0.7365826689825783,3.7252117081905007,2.78399594540091,0.3219332963919002,2.5415192302060055
8B,548,4.242218549066228,0.7182400510142406,3.5239784980519886,2.723953972066146,0.34051831977815983,2.4600377389910326
8B,549,4.413028513087769,0.7378435470753294,3.67518496601244,2.78638808171689,0.33375295958515255,2.53126895769823
8B,550,4.453598611713962,0.743542985363055,3.7100556263509064,2.7923178576529746,0.32861750290129776,2.544453430566884
8B,551,4.3808003618428595,0.7572212403272559,3.6235791215156046,2.6665380278313147,0.31806451063682056,2.4334683751838813
8B,552,4.174862013946491,0.7219108614050224,3.4529511525414693,2.6878371554175673,0.33054809188507933,2.4423955370627453
8B,553,4.2588808804911915,0.7228393308912687,3.5360415495999225,2.832832008704496,0.339584719887333,2.5748783029552325
8B,554,4.071514897997087,0.6917189456833984,3.3797959523136893,2.8096521562926866,0.35230719849236086,2.5384147383707956
8B,555,4.447157907843631,0.7478441321396349,3.6993137757039967,2.6599896057240255,0.3155225835886746,2.4246014214484846
8B,556,4.385815831581416,0.7282962349611385,3.6575195966202774,2.7220920722829103,0.3402119421223167,2.4593001469990994
8B,557,4.478934497893322,0.7420118575881746,3.736922640305147,2.7985617650389107,0.3192703256144764,2.558252819075265
8B,558,4.376623310610725,0.7327731496514475,3.6438501609592766,2.7868919738196225,0.3320159066756118,2.529738225478524
8B,559,4.465487467325773,0.7495021716110305,3.715985295714742,2.6815002458890254,0.32009535126204636,2.441025666003823
8B,560,4.544147824706764,0.7638056873243275,3.7803421373824375,2.69781210028558,0.3122512180703232,2.471781872991065
8B,561,4.338036406790587,0.7388927048418513,3.599143701948736,2.777686728193082,0.32535771093547833,2.535288207495075
8B,562,4.429925276553938,0.7610902519973058,3.6688350245566315,2.6494330367566636,0.3116046484410763,2.42166723037654
8B,563,4.617747661603746,0.7535940885327583,3.8641535730709875,2.843243556898534,0.3131100031525971,2.6141540825265404
8B,564,4.517143573998633,0.7522822281667176,3.7648613458319153,2.7381312606916266,0.3177603387406961,2.504005138863437
8B,565,4.582101103725635,0.7542705618654413,3.827830541860194,2.7799278752474397,0.32463558627507527,2.532095886416968
8B,566,4.425306537216829,0.7427205543121352,3.6825859829046954,2.7718661770078126,0.3323024725760757,2.521509411073514
8B,567,4.389976957050316,0.7508817417215194,3.6390952153287963,2.775303632021862,0.32062654353269254,2.5418874382683327
8B,568,4.399379311017074,0.7308748224074157,3.6685044886096576,2.775502458509518,0.32753625030510297,2.5217667109443593
8B,569,4.2758313229927,0.7346159678587171,3.5412153551339833,2.7448356152058637,0.33232005824642735,2.4941814761993353
8B,570,4.368046268860578,0.7427311812118552,3.625315087648722,2.6949622005816427,0.3272833608611297,2.4544448029837493
8B,571,4.4653511269894075,0.7406310236846343,3.724720103304773,2.790607445889392,0.3289508223528249,2.547877905608709
8B,572,4.262741725894149,0.7361680023654837,3.5265737235286667,2.772126101316454,0.32722019576519895,2.5305919800987584
8B,573,4.424559853014633,0.7502088307840684,3.6743510222305646,2.7201740656863547,0.3221433182857922,2.4791100598093645
8B,574,4.308001502204861,0.7375348037074589,3.5704666984974027,2.7302274290806623,0.3325760043418562,2.476151840239955
8B,575,4.235416461308385,0.7164985880548026,3.518917873253583,2.752044909114692,0.33793620049267364,2.4907120152504127
8B,576,4.252551063226172,0.722904610310592,3.52964645291558,2.781177024260909,0.33279505105334495,2.5301311575432335
8B,577,4.367807740472379,0.7317298726219561,3.6360778678504233,2.8353783399307577,0.33634656978985294,2.5823086373267934
8B,578,4.390654146427026,0.7236742569087757,3.66697988951825,2.841866437641868,0.3411928431649779,2.5736421293310787
8B,579,4.463712600537289,0.7515338119116612,3.712178788625628,2.711023942617499,0.32271460744271974,2.4704521507386317
8B,580,4.416271676681528,0.7317429975652789,3.684528679116249,2.851924381667318,0.3418922844664001,2.584506706944575
8B,581,4.347400016543484,0.7439333682774016,3.6034666482660827,2.7124930696369947,0.32794481505783,2.4684150743142177
8B,582,4.486765550895008,0.7515752325495174,3.735190318345491,2.781316096379317,0.3241088162589741,2.5487047607502373
8B,583,4.364315075361983,0.7360356060294033,3.6282794693325795,2.652658518001525,0.32871871020026544,2.396422220108707
8B,584,4.258609326030713,0.7356562359066541,3.52295309012406,2.712610215871022,0.3289803960657381,2.4650214469288936
8B,585,4.323696812783964,0.7189491347659008,3.6047476780180623,2.8743618392864168,0.343521390332435,2.6065747836424067
8B,586,4.36047258380813,0.7340550531461623,3.6264175306619686,2.7755276862478913,0.33140209553444216,2.5254335755970163
8B,587,4.456284903190903,0.733653476952691,3.722631426238212,2.892300231544747,0.3286125853324218,2.6409852566576375
8B,588,4.43014982110453,0.7413078740637545,3.6888419470407743,2.7580827430064945,0.32382468732190495,2.5155380631730537
8B,589,4.196213438770603,0.7327832357242969,3.463430203046306,2.6612505997108764,0.33337468653812335,2.412990398697522
8B,590,4.3176456483037775,0.732713337292239,3.5849323110115376,2.7879551982854203,0.3339804755930263,2.5352839017428566
8B,591,4.269054840782604,0.7201947055174734,3.548860135265131,2.7356056690517354,0.3354313730213339,2.4787859640470633
8B,592,4.600803857016675,0.7699818183936301,3.8308220386230447,2.7618966950518553,0.306787248699305,2.5417587892410722
8B,593,4.466693022226353,0.7467400967686171,3.719952925457735,2.7396664997072757,0.31524054446260485,2.5045174007479467
8B,594,4.515520275244416,0.7587495808773055,3.7567706943671113,2.8083251385004306,0.31703151650914,2.579235989616101
8B,595,4.550717324685841,0.7609522966141028,3.7897650280717374,2.8005659206800226,0.32153239354765006,2.5619529101628657
8B,596,4.444385736242606,0.7500097878536337,3.694375948388973,2.7009481899106724,0.317830565307194,2.463505570697347
8B,597,4.451455680485335,0.7308358929260838,3.720619787559251,2.791441208516728,0.32843823196525385,2.536328353602916
8B,598,4.416783892735875,0.746221472126147,3.670562420609728,2.786165090855127,0.3285203103659015,2.5447198545875955
8B,599,4.15645143831437,0.716402307486842,3.440049130827528,2.7108852816750213,0.33883546166066164,2.4537943332923366
8B,600,4.348702207951282,0.7417178104206896,3.6069843975305926,2.6816072253288255,0.32069194756978187,2.439167038228651
8B,601,4.1972509498494475,0.7061996056359542,3.4910513442134934,2.780321901164174,0.3451385992460634,2.508443770094848
8B,602,4.585497808387596,0.7629991740919337,3.8224986342956617,2.7951037461727672,0.3145894088403578,2.5630233644627176
8B,603,4.5351644693887705,0.7550351029475306,3.78012936644124,2.8127116704227633,0.3125076271585716,2.5822274053944003
8B,604,4.47083957552493,0.7349952519674836,3.7358443235574454,2.8536219423522096,0.32776751809737026,2.6054456264834447
8B,605,4.36376558588985,0.7390685839954705,3.6246970018943796,2.8157727407680833,0.3271952986039172,2.577629064453468
8B,606,4.4838591198065005,0.7455848840660582,3.7382742357404433,2.836527487924424,0.3187722584955978,2.5990077790371426
8B,607,4.489939773789003,0.7479294503487863,3.742010323440217,2.7889395654934535,0.3263427728531235,2.5441658356674135
8B,608,4.550901587624459,0.7421557009205786,3.808745886703881,2.8979771746904146,0.32980604190377694,2.6484722248326165
8B,609,4.429326137176404,0.7317892799306114,3.697536857245793,2.822611428516561,0.33542795531768765,2.565748450527588
8B,610,4.47694622853898,0.7490420925867822,3.7279041359521985,2.7933715399964436,0.31908701239969,2.558708701603574
8B,611,4.600231281368657,0.7277064366631993,3.872524844705458,2.9712742738253253,0.3366132944670011,2.7092153616568195
8B,612,4.400917739818178,0.7196948755258807,3.6812228642922973,2.901184510605136,0.3380070524211118,2.639894602426612
8B,613,4.456206858785595,0.7201795948143838,3.7360272639712115,2.841940673335241,0.33870127658219645,2.575357006642803
8B,614,4.51748051842572,0.7410802784275311,3.776400239998189,2.879366214375834,0.3381271335451953,2.6311919607601038
8B,615,4.651145270053558,0.7497478777977474,3.90139739225581,2.9207325130552264,0.3301298539964642,2.668043764875271
8B,616,4.594320983458034,0.7575159491837188,3.8368050342743145,2.933466118953147,0.3234164199293567,2.6991997939764945
8B,617,4.7269971217168285,0.7580935122180392,3.96890360949879,2.96283066898083,0.3204765621834548,2.726631602379673
8B,618,4.6097878912900345,0.7445047350140124,3.8652831562760213,3.000993370252355,0.33216305363922866,2.753164876052665
8B,619,4.382613698083624,0.7295587371655613,3.6530549609180625,2.8715450781313208,0.3420760641268793,2.612060675818047
8B,620,4.543674182845978,0.7336654233638674,3.8100087594821104,2.9195219065000817,0.3342833546620175,2.6589604332100394
8B,621,4.506390027508686,0.7510979971609717,3.7552920303477135,2.8228203212228764,0.32239678008166206,2.583340732222347
8B,622,4.390958978594601,0.7452397114689226,3.645719267125678,2.7461756310896015,0.32319242521336883,2.5038048492709826
8B,623,4.409504569245948,0.7463408505962252,3.663163718649723,2.7951158169607546,0.32204254555131956,2.562441865150322
8B,624,4.473997770111309,0.7442804023028168,3.7297173678084916,2.8413377870581886,0.32324312338136646,2.603051392794086
8B,625,4.553198653464515,0.7524817351546621,3.800716918309852,2.864123366552411,0.32567558273056263,2.6195533048051214
8B,626,4.3954518304079135,0.7414595680539805,3.653992262353933,2.8300162297711737,0.3317521689631476,2.5791443284005435
8B,627,4.432236060448545,0.7218139787420784,3.710422081706467,2.8872874812773937,0.3346145920339969,2.6263724337248187
8B,628,4.428272776321524,0.7408518426314017,3.6874209336901225,2.9026366139866133,0.3296485806574722,2.6602064766733555
8B,629,4.569362381690551,0.7467080786208473,3.8226543030697036,2.8718988268984003,0.3376241901041934,2.6181731285119434
8B,630,4.366254634349923,0.7221294349837135,3.6441251993662096,2.903792375923864,0.33667528599836,2.650698322395737
8B,631,4.368542448517888,0.7297833513582818,3.638759097159606,2.8991614431204575,0.3402989836092867,2.6438711458399196
8B,632,4.280062212660307,0.7218515642944017,3.558210648365906,2.912234832052906,0.3406950920246246,2.6599496324577876
8B,633,4.243595851214712,0.7304510573743607,3.5131447938403517,2.857594920747597,0.3311565453918364,2.617412036023152
8B,634,4.438469886899169,0.75316888612154,3.685301000777629,2.798190896425182,0.32942809398351836,2.5577339264874386
8B,635,4.515596807707461,0.7566690134799824,3.7589277942274792,2.817231577640423,0.32355884286611786,2.5828394367121645
8B,636,4.374999924493743,0.7282312508482633,3.6467686736454783,2.7900288624803005,0.3285474536307188,2.537633032165098
8B,637,4.393497994471334,0.7446169492606953,3.648881045210638,2.7500953265959813,0.3178055651238869,2.514637563930741
8B,638,4.471335358421191,0.7509243200379736,3.720411038383217,2.8765480242433195,0.3295108850770442,2.632753263808972
8B,639,4.48057760228368,0.7472039141413106,3.7333736881423696,2.8930475275860896,0.3298948364642237,2.648952919711394
8B,640,4.452540809022099,0.7394533967649,3.7130874122571993,2.875234645610774,0.3344188507119231,2.6275317083983807
8B,641,4.533247426927063,0.7352423414573427,3.7980050854697187,2.915807038421044,0.3391603924002571,2.653924574030548
8B,642,4.473957453694997,0.7254957534865876,3.74846170020841,2.947956462186693,0.34534976239856896,2.679848333895185
8B,643,4.381835398333962,0.7328772899722464,3.6489581083617155,2.7493582146467235,0.3256821172656196,2.5022129589565427
8B,644,4.384483998106443,0.7242841753476467,3.6601998227587975,2.918236494294975,0.3394967911476927,2.6607814243964407
8B,645,4.312031262801786,0.7173047663799273,3.5947264964218575,2.830912984831587,0.33882237176970803,2.569669278068914
8B,646,4.366709903107752,0.7247457694648326,3.6419641336429196,2.8930615707897935,0.34260667922588683,2.6376095043534202
8B,647,4.46146746870413,0.7414092230346931,3.7200582456694367,2.8588024340770763,0.3278801453649958,2.6135805344144933
8B,648,4.396966806643924,0.7317968603147844,3.66516994632914,2.853412365326909,0.3366399675554224,2.5977157645217477
8B,649,4.3002937572033035,0.7301577955011673,3.570135961702136,2.872572785376344,0.3340142237460663,2.6192195958424156
8B,650,4.384279460617141,0.7303930749280996,3.6538863856890416,2.758302810306325,0.33203379293855695,2.5072301463639275
8B,651,4.416037900381758,0.73545175810832,3.6805861422734374,2.885443336580847,0.3345858498493174,2.634445218930558
8B,652,4.285562107353369,0.7234997477299084,3.5620623596234613,2.8619381027284976,0.3346975216445987,2.613837882199505
8B,653,4.439893885039077,0.7249960791799446,3.714897805859132,2.94596628324237,0.3396587204569813,2.682282003674385
8B,654,4.283104846206632,0.7100925042304324,3.5730123419761988,2.9182022308636424,0.35062185620145675,2.6438702168863313
8B,655,4.484181286058636,0.7551312087793856,3.72905007727925,2.798487775196719,0.3159426856875956,2.569341192263959
8B,656,4.5440056624404805,0.7616227097572604,3.782382952683219,2.80767626843529,0.32345524968134987,2.571674759159915
8B,657,4.469748034624273,0.753679923576217,3.716068111048057,2.8103109673106688,0.3099294176606412,2.58547119531268
8B,658,4.475578150470139,0.7322895924168823,3.7432885580532567,2.847748404855293,0.3335498709169605,2.5951541608400177
8B,659,4.345011863878341,0.739078249915858,3.605933613962483,2.6947425154612814,0.3319918438143723,2.4480667335861144
8B,660,4.271450700724438,0.7115616543637263,3.559889046360712,2.7736051646189868,0.34689509262500984,2.506074342260698
8B,661,4.428819590498761,0.7260890204362316,3.7027305700625286,2.875885580280936,0.33718713657843447,2.61698189504785
8B,662,4.413860529571564,0.7380139374876525,3.6758465920839107,2.8918981872486955,0.3324885618018017,2.6409779496965675
8B,663,4.357796284124837,0.7520996357031701,3.6056966484216675,2.7503261479514993,0.31181492768642316,2.5280753687005055
8B,664,4.534427597739817,0.7567299514093447,3.7776976463304717,2.742724932278488,0.3130559574560772,2.5120733844521594
8B,665,4.434287808808654,0.7534257121563402,3.6808620966523145,2.80611953589167,0.32039228228982203,2.574542597419574
8B,666,4.398840053564702,0.7392937504605919,3.65954630310411,2.798254879690978,0.324377861235734,2.5594020056021063
8B,667,4.3597481611080795,0.7347554269974267,3.6249927341106525,2.7999521999927115,0.32270348845097574,2.5596574512095787
8B,668,4.631834365480764,0.746807484177453,3.8850268813033115,2.9721527987083816,0.32673831543497905,2.725653556368366
8B,669,4.399542334029044,0.7472180756928554,3.6523242583361886,2.8364945111610487,0.32445857004522793,2.6036401227229926
8B,670,4.629298093874482,0.7569906099376,3.872307483936881,2.8211344363742206,0.324384130861705,2.5800251363184334
8B,671,4.459401735919047,0.7329919251741469,3.726409810744901,2.782490204686549,0.33020691677988323,2.536154449362627
8B,672,4.535697429617276,0.7518799244807787,3.7838175051364966,2.785479137103643,0.31575587406253824,2.550070957862279
8B,673,4.439596207174706,0.7423005087414803,3.6972956984332246,2.805070900613299,0.33037378359075215,2.5603832328477814
8B,674,4.541441384239677,0.7639020952102386,3.7775392890294386,2.8091954573814824,0.309373716831761,2.5873895330970273
8B,675,4.452578465779421,0.7362724900284128,3.7163059757510086,2.84414624373198,0.3381644704613377,2.5932096897678187
8B,676,4.520076422008263,0.7460912874490928,3.7739851345591715,2.8022848087774492,0.3148839707565397,2.563518903978226
8B,677,4.474004018264155,0.7420287864380873,3.7319752318260675,2.8273986138682337,0.3317874329166014,2.5740905132788074
8B,678,4.354208721143958,0.7484224095025487,3.6057863116414093,2.767936515149731,0.32434791727476364,2.534896291074161
8B,679,4.336583170085461,0.7375700745497678,3.599013095535693,2.7533884818500023,0.3256746058668087,2.5139909943691894
8B,680,4.423303694116259,0.7372869204584974,3.6860167736577614,2.778768941653731,0.3199317730262743,2.5403032503379683
8B,681,4.37691202181275,0.7325400015958184,3.6443720202169305,2.8368108257934965,0.3317317967260577,2.5870564409786896
8B,682,4.248838846072971,0.7220927921775587,3.5267460538954114,2.8454254091835063,0.3407675962502412,2.5903224649588332
8B,683,4.424835319168622,0.7375757946971969,3.6872595244714255,2.905665666641287,0.3272190584505326,2.6605419917914186
8B,684,4.451047368687065,0.7294466132162543,3.7216007554708104,2.9353560745251652,0.34341513820840364,2.673188022449991
8B,685,4.24659436809317,0.7451302814558348,3.5014640866373345,2.5983651748046976,0.32877587572275724,2.3521227676399943
8B,686,4.387398209415291,0.7315757759808037,3.6558224334344867,2.7981989928205513,0.3427437396336076,2.534882206521211
8B,687,4.34729177605921,0.7214753305123811,3.62581644554683,2.8597658580297916,0.3337667346169994,2.604629819167708
8B,688,4.331138603026505,0.7334631290364222,3.5976754739900834,2.8091812516212586,0.3236432231820433,2.5734976139209524
8B,689,4.407054474773568,0.7384807312701581,3.6685737435034094,2.8777508654371933,0.3399260189125128,2.620944505660925
8B,690,4.534228492087782,0.7369320371329494,3.7972964549548323,2.9837731482872063,0.3350432181172462,2.7312979911652464
8B,691,4.271361557127582,0.7288802038599594,3.5424813532676223,2.8513148839048905,0.3322250539586895,2.606698007278354
8B,692,4.401387759710318,0.7310221820942677,3.6703655776160504,2.891962709870888,0.3381238538793968,2.6391551509260114
8B,693,4.568703396719007,0.7512567033258531,3.8174466933931543,2.907002371339024,0.31599017899473636,2.6749957446509316
8B,694,4.3033357973960555,0.7172775494626412,3.586058247933415,2.900525355080839,0.347817014078308,2.633903835579322
8B,695,4.573770691020707,0.7335796611241162,3.8401910298965913,2.8781502618504406,0.33269295191361237,2.6211656053214774
8B,696,4.485328954042667,0.733928218276188,3.7514007357664787,2.9645236748911037,0.3350216426816609,2.710436607643852
8B,697,4.502113119849351,0.7488982357259614,3.7532148841233903,2.7933231075933445,0.31711660173971234,2.5615426305641904
8B,698,4.558183838674225,0.7535837884339759,3.8046000502402486,2.811117914258773,0.31498960156691397,2.5763323822026356
8B,699,4.32894701625576,0.728152631945265,3.600794384310495,2.837208725862859,0.34007345973937364,2.5771186739694034
8B,700,4.567096774336609,0.7598985673289199,3.807198207007689,2.817068676047925,0.32289729047073906,2.5752594088577325
8B,701,4.479107937964524,0.7343557274086886,3.7447522105558346,2.966924905385847,0.33421285723390876,2.714474159292444
8B,702,4.5732249446461894,0.7290552759445245,3.8441696687016647,2.918268319996791,0.3385682555071881,2.6537259273003677
8B,703,4.421316308728128,0.7451213191533885,3.6761949895747392,2.7667531597835175,0.3199544972122545,2.5314408096609045
8B,704,4.402623938720291,0.7284740449192663,3.6741498938010246,2.9233200765076197,0.3339699097490221,2.6751343570632184
8B,705,4.325782567354763,0.7374889330482113,3.5882936343065515,2.819043109015847,0.32791234681723536,2.5780871856902863
8B,706,4.439437546833273,0.7431080810793128,3.69632946575396,2.8117320220136306,0.3286718760406248,2.569458549866506
8B,707,4.4221339525775845,0.7408305202526099,3.6813034323249747,2.7975279610415758,0.3310080081337702,2.5467956343283364
8B,708,4.650751736944811,0.7614217679395964,3.889329969005214,2.8782654907594476,0.3223156248061508,2.641731793031125
8B,709,4.455472671926092,0.730846504701196,3.7246261672248964,2.9638955520682293,0.3420199471402199,2.7069380277539925
8B,710,4.472350763235685,0.7492166347259505,3.723134128509735,2.8348386083057595,0.32748006480221964,2.5952161850604956
8B,711,4.50255589424516,0.7511306271691094,3.7514252670760504,2.8428150250054145,0.3217318949339264,2.608272041018263
8B,712,4.631372136762873,0.7518798432879574,3.8794922934749163,2.8915307322730643,0.31969282412875827,2.6538639909859945
8B,713,4.43932197690694,0.7369238167677962,3.7023981601391442,2.8511137670088416,0.32961486690522307,2.6052819527552376
8B,714,4.312088227215618,0.7358907032435764,3.5761975239720414,2.8160433168146786,0.33466864007426367,2.5659807952605767
8B,715,4.462949351943854,0.7296656701371089,3.733283681806746,2.8916312501573165,0.3390554534408411,2.630963103521486
8B,716,4.399402720805844,0.7266733721229143,3.6727293486829296,2.981775041005786,0.34116319970683684,2.725332151413994
8B,717,4.652536576896411,0.7461495957341616,3.90638698116225,2.9269942101367774,0.3309389345575471,2.6799813298822115
8B,718,4.59081524235294,0.747056154901273,3.8437590874516667,2.823840780417138,0.3235985735672058,2.576880795654777
8B,719,4.44029563464403,0.7442806769629015,3.696014957681128,2.827067873334432,0.333672627320061,2.5795426583222265
8B,720,4.5273395021386085,0.7458255441796998,3.781513957958909,2.901484856065354,0.3308498535947045,2.6551682422503733
8B,721,4.5447651255311365,0.7400577874139398,3.8047073381171965,3.0798950111632006,0.34378193388016115,2.826954628021318
8B,722,4.5359866137424065,0.7327446732985144,3.803241940443892,2.982680544284653,0.3385318395763747,2.728045121128638
8B,723,4.3613890298021465,0.7276360903185914,3.6337529394835544,2.7597603079024036,0.3385905690190531,2.503054270063194
8B,724,4.585569060493679,0.7279450338901674,3.8576240266035127,2.9893054536135804,0.34760544371607827,2.7152214726345854
8B,725,4.513611927296402,0.7333315708972594,3.7802803563991434,2.826700072028474,0.32777432229423975,2.577305225932657
8B,726,4.420395414635066,0.7264086876090751,3.6939867270259916,2.9366317220685088,0.34248288785639397,2.680172519663254
8B,727,4.418143404750179,0.7347585420604467,3.6833848626897328,2.828614163303958,0.33847460689470643,2.5718236143770516
8B,728,4.394824280350979,0.7153339086472549,3.6794903717037237,2.8809211090396927,0.3419768626734151,2.6132629347071017
8B,729,4.175007473358297,0.7083257712077509,3.4666817021505456,2.8603028480434074,0.3491178624009281,2.5914084270606095
8B,730,4.368535647620412,0.7259901459359793,3.642545501684434,2.8086729315319,0.3339639541125415,2.554093679437111
8B,731,4.505468169182642,0.7439106410099134,3.7615575281727285,2.8321118321238004,0.3321972456375777,2.5836583351899827
8B,732,4.400037345434683,0.7290929772695277,3.6709443681651552,2.9097194630245764,0.34448866556913726,2.6477991841201907
8B,733,4.4508092898408265,0.7309361624535289,3.719873127387298,2.949000058225724,0.3378827374100608,2.696582050968681
8B,734,4.561814681194601,0.7430342379801312,3.8187804432144685,2.8400626196532994,0.332885308684619,2.58283061545929
8B,735,4.602442584269185,0.7381900006355447,3.8642525836336405,2.9662736571920743,0.33496701513938965,2.707024390165109
8B,736,4.460864335702472,0.7220060327275123,3.738858302974959,2.980756172383348,0.3408131976748846,2.719287197410346
8B,737,4.339890549187279,0.7235549403933834,3.616335608793896,2.8690667676901165,0.338061521013413,2.6101336421383667
8B,738,4.447381373112439,0.7316641596496345,3.7157172134628045,2.863473941778883,0.3415556357389773,2.6020325045482986
8B,739,4.283317067206281,0.7206960574525724,3.5626210097537085,2.8783039788991704,0.348232767604319,2.616057132016632
8B,740,4.141463023583394,0.6977996978285037,3.44366332575489,2.798799994209476,0.34329278728261947,2.5350006504760736
8B,741,4.538289199909213,0.7479702754952918,3.790318924413922,2.8234716149090238,0.3330386650115954,2.569275250362184
8B,742,4.401160009959087,0.7400786225973178,3.6610813873617696,2.850070875062781,0.3221554331382053,2.6105709356070848
8B,743,4.241425635075102,0.7140951285289714,3.5273305065461313,2.8073449385197877,0.33800516764589006,2.5473392882289
8B,744,4.339242826470631,0.7320717519246999,3.6071710745459313,2.879632783165374,0.329854815646937,2.634240114444678
8B,745,4.345273296823622,0.7189008094124505,3.6263724874111714,2.8743148785660875,0.3488997067493435,2.610797678124879
8B,746,4.277365051869288,0.7328747283484551,3.5444903235208325,2.7101397076389464,0.3226709189052573,2.468363854184189
8B,747,4.427232417728447,0.7117978829345822,3.715434534793865,2.9497042009732426,0.3512020297125708,2.6765213495741547
8B,748,4.310537436311993,0.7316857822746909,3.578851654037301,2.822351694548574,0.33257748052954567,2.5757008094022216
8B,749,4.314850497937563,0.713459612925541,3.601390885012021,2.9378204554714866,0.34782026472852107,2.6721759114714105
8B,750,4.390917287807624,0.7435266932755098,3.647390594532114,2.8224730310088924,0.32797356568798336,2.5784780987376976
8B,751,4.411353905179797,0.7339855474434921,3.6773683577363054,2.8391249888376984,0.33652894438555153,2.585055181756571
8B,752,4.415497803461247,0.7442913752608891,3.671206428200358,2.8801269629896775,0.33187657333022574,2.6367548385664406
8B,753,4.467122459667455,0.736074703196005,3.7310477564714497,2.975622856259814,0.3378697354157721,2.726372662146164
8B,754,4.500271043371613,0.7443486519401842,3.755922391431428,2.919963992739067,0.3237034017729073,2.676684325042202
8B,755,4.565923456259596,0.7471555317453745,3.8187679245142214,2.9270251088112773,0.323277473959237,2.6858684494278973
8B,756,4.559478804007443,0.7604746910087167,3.7990041129987273,2.7636167532502802,0.31481446516644596,2.5335494525877267
8B,757,4.583470046294724,0.7528428169804119,3.830627229314312,2.8979408604511976,0.31689873984384787,2.6629713187829966
8B,758,4.53125910933136,0.7430914401737596,3.7881676691576005,2.9227958439234234,0.3343158192992315,2.676554832295059
8B,759,4.314394922277882,0.7388555845867228,3.5755393376911586,2.9030242677272002,0.3319250063739851,2.663049998809531
8B,760,4.207485908374848,0.7153977411674111,3.4920881672074375,2.745649222987047,0.3334865492890949,2.491362391576615
8B,761,4.428367892338767,0.719525505006226,3.708842387332541,2.931608710020628,0.34316291169792323,2.6623693344034542
8B,762,4.463562583103171,0.7477502749832101,3.7158123081199594,2.7830854205948095,0.3197825329183377,2.5471557599603654
8B,763,4.504001821408703,0.7255281589538412,3.7784736624548625,3.0278230368724888,0.3478108862389237,2.7617194321802545
8B,764,4.489214734950306,0.7180140764177714,3.7712006585325364,2.9225481942719367,0.3381312642439678,2.66096418862491
8B,765,4.447267328853647,0.7233653734901718,3.723901955363474,2.952544090515053,0.34002383201636843,2.6921622868630846
8B,766,4.590939536963453,0.7487779719600991,3.842161565003354,2.9167628292773,0.3303744900209326,2.6681738422775663
8B,767,4.45039663832733,0.7409566612899284,3.709439977037402,2.9114456998562552,0.329132033051769,2.6685608005102934
8B,768,4.551822154533627,0.7427468923691641,3.8090752621644635,2.807523986443845,0.33082619489595605,2.5533125538623
8B,769,4.655762368364951,0.7337120226628344,3.9220503457021163,2.9618674984999003,0.33595515409668564,2.7048180042034144
8B,770,4.674200523257289,0.7482160647007294,3.9259844585565595,2.9587960342675657,0.3280181016945006,2.711341454202304
8B,771,4.536498793058132,0.742665646996662,3.7938331460614694,2.9878912446572428,0.32814249895547587,2.749670985444088
8B,772,4.333691669443718,0.7114530406450386,3.6222386287986796,2.9200680167098585,0.34608807394919283,2.6580631395643834
8B,773,4.496315956334847,0.7328907847781888,3.763425171556659,2.8311144536389583,0.334902723780849,2.5721399003411207
8B,774,4.354760166590475,0.7093230893826281,3.6454370772078484,3.003252140380209,0.35154348603700186,2.731945658426201
8B,775,4.5622630446418615,0.7465028302307942,3.8157602144110676,2.8843822606011003,0.32108158094495237,2.642197971787589
8B,776,4.367287465587797,0.7240048978367886,3.6432825677510077,2.8409727836742227,0.340447898582933,2.5840881301151253
8B,777,4.537659373935742,0.7293316022526521,3.808327771683089,3.0230482011568554,0.3336253240551219,2.769066862949126
8B,778,4.632558278974892,0.7493868787961814,3.8831714001787105,3.0052513001793666,0.33338667580575854,2.757510341482503
8B,779,4.5148634350984285,0.7405783214468391,3.7742851136515894,2.89854570662488,0.3309638117015293,2.651084072887457
8B,780,4.401762698668557,0.7464600614208848,3.6553026372476727,2.792760799008629,0.32427937257198247,2.551734596101934
8B,781,4.607118807562662,0.7494760271020912,3.8576427804605706,2.947800196072609,0.33588667468048483,2.696075007422997
8B,782,4.545438677902916,0.7488695561553665,3.796569121747549,3.01530542897416,0.3312192644749808,2.7781890831417844
8B,783,4.477035646716019,0.7194289628686517,3.757606683847367,2.9928970514767217,0.3378248975479259,2.7333642433620255
8B,784,4.651880805345353,0.7376197676672893,3.914261037678064,2.9890803770717302,0.33853911539443343,2.7292892389757184
8B,785,4.460939074097361,0.7235428630683407,3.7373962110290204,2.929216514190679,0.3347341427741732,2.6753958137454728
8B,786,4.425189370157393,0.7389553697988245,3.686234000358569,2.9261207670960903,0.32579475758063153,2.6888273771953313
8B,787,4.438695851966767,0.7387326197331628,3.6999632322336047,2.856866880333671,0.3377492871693648,2.601067444778516
8B,788,4.462487539689256,0.7435993556918825,3.7188881839973744,2.813443617803866,0.33573484218633787,2.562686640468852
8B,789,4.226324491570598,0.6993808010230034,3.526943690547594,2.95839268447296,0.34591231220204904,2.6935448604532817
8B,790,4.308268124274895,0.7230858642924134,3.585182259982482,2.9366870878497964,0.33700491692817564,2.6854156727535425
8B,791,4.441551505889921,0.7440397956395944,3.6975117102503257,2.804395457990181,0.32101322453560166,2.5643613271013086
8B,792,4.448383976395617,0.7343984837488752,3.7139854926467413,2.7870361749030836,0.3259530106579398,2.53138490149912
8B,793,4.347487718296827,0.7254623629827253,3.6220253553141006,2.995268783179857,0.33732780557446346,2.7471421087437817
8B,794,4.389235613924805,0.744564928246165,3.6446706856786406,2.839054553738907,0.3309492744523165,2.5901896982415082
8B,795,4.284326831349929,0.7169719816181684,3.5673548497317613,2.8520836893436834,0.3414976287696765,2.593456467112324
8B,796,4.462900526952561,0.7327750304144827,3.7301254965380783,2.889652933880077,0.33065597835749466,2.6423056785627566
8B,797,4.6154644297841525,0.7445725961001802,3.870891833683971,2.905202999566807,0.33305048449124425,2.6537516433503905
8B,798,4.493620912080047,0.7290280282524263,3.76459288382762,2.8472537991451268,0.3395176096242164,2.5841277163415417
8B,799,4.691422053094837,0.7489940598304129,3.942427993264425,2.8705220799644673,0.3338093497338154,2.612244494225655
8B,800,4.557954451837906,0.7475085259594574,3.8104459258784487,2.858408198944073,0.31700596431053485,2.626014008636165
8B,801,4.430102817967649,0.7201448819235964,3.7099579360440518,2.967424054982218,0.3496745133400895,2.6961783665746863
8B,802,4.722988598425029,0.7475556633910272,3.975432935034002,2.9289691098598376,0.33190820109233643,2.669495526591491
8B,803,4.691391458908556,0.7472033633900002,3.9441880955185566,2.908713334323775,0.3223115079851516,2.6632698142810476
8B,804,4.625450491575977,0.7499385257856357,3.8755119657903405,2.9258027320709195,0.32361637430913726,2.6806560976973923
8B,805,4.674805598839125,0.7441058389274435,3.9306997599116817,2.9202634591483023,0.331612747373375,2.665899584054244
8B,806,4.539384921827262,0.7423108874996915,3.7970740343275704,2.8437273458700796,0.3246301048514043,2.596953787565444
8B,807,4.69194017902733,0.7539646497939068,3.937975529233422,2.8809769918871386,0.3263309516722774,2.637625024837895
8B,808,4.635651145550551,0.7571918088997982,3.878459336650753,2.8562361452994955,0.3202585011083423,2.6193425159221944
8B,809,4.4313673742863156,0.7330014349924647,3.698365939293851,2.9563088271056848,0.33364880632584665,2.7063199884804336
8B,810,4.624510296738703,0.7471700499562529,3.877340246782449,2.919430608432129,0.3338831248346058,2.6669097905946235
8B,811,4.531579770180488,0.723519517271674,3.8080602529088137,2.996963349720469,0.34252359220033074,2.7363768601062417
8B,812,4.563404519623637,0.7407966058442291,3.822607913779408,2.960981314915243,0.3367638269303629,2.709558544426435
8B,813,4.651717100850627,0.747784033431126,3.903933067419502,2.958378125450343,0.3332025244527585,2.703226379484438
8B,814,4.469123120715048,0.7444006612884091,3.7247224594266397,2.913024907975549,0.32188211265365285,2.684792680894722
8B,815,4.627356786638891,0.7442670775921519,3.8830897090467382,2.9120759133525063,0.331250679440401,2.665599464016737
8B,816,4.659899901103116,0.7439226300624072,3.915977271040708,3.0328452752549953,0.33490603714229683,2.78559021902428
8B,817,4.498620832531084,0.737223647207647,3.7613971853234363,2.8939045329950623,0.33690518877271236,2.642455808695853
8B,818,4.605205211513589,0.7685227241352014,3.836682487378387,2.7711797057929584,0.31775239240461356,2.541480725990968
8B,819,4.733258192049994,0.7583714440268734,3.9748867480231205,2.845747497907817,0.31697389691159733,2.605725210435815
8B,820,4.675189570699644,0.7648026974714486,3.9103868732281954,2.942731104056804,0.317836157712968,2.712161093534783
8B,821,4.675460707803919,0.7671416861985906,3.908319021605328,2.8219602539072315,0.3129600920844445,2.5905769556169855
8B,822,4.736190517703588,0.7653963166096717,3.970794201093916,2.895488559503714,0.3110618712556549,2.6618228508277757
8B,823,4.631699050519223,0.7524755838092009,3.879223466710021,2.860585756615575,0.31892858017068554,2.6223132322780147
8B,824,4.62713934056215,0.7512977520813009,3.8758415884808484,2.954996946056613,0.3201212035985135,2.7192910339027416
8B,825,4.6246842106900745,0.7524968304564275,3.8721873802336475,2.8868094369953883,0.31754773171165285,2.652309778748437
8B,826,4.649242717064238,0.7460867722539488,3.90315594481029,2.9367261639542104,0.3250130015516093,2.695039816854726
8B,827,4.75990450402505,0.7671918435367202,3.992712660488329,2.8631776925935264,0.3117154112458716,2.6357418579401757
8B,828,4.5887376962764685,0.7459877578221455,3.8427499384543227,2.9142694488387053,0.31756168388161427,2.6793960606641334
8B,829,4.6780280644052326,0.762683628551548,3.915344435853685,2.949183827203657,0.31765878476194415,2.715269541649171
8B,830,4.428787357928493,0.7249241241113284,3.7038632338171653,2.863837557689996,0.32910352555574024,2.6112049957088797
8B,831,4.52095630826673,0.718886516918959,3.802069791347771,3.0789601119954026,0.3424584367756063,2.820930099918453
8B,832,4.633065583813892,0.7395311086191272,3.8935344751947643,2.9648439255773202,0.3312178360905207,2.7084961625131356
8B,833,4.64320548687153,0.7554611357641996,3.8877443511073304,2.896076297390489,0.32508214408205893,2.6571230974018265
8B,834,4.592701934980028,0.7424854292710898,3.850216505708939,2.901275205415745,0.3207115096132232,2.6668445038487083
8B,835,4.6983684322920585,0.7499075110406269,3.94846092125143,2.9441863174657015,0.31256667043333525,2.7099637534283825
8B,836,4.660094715477797,0.7545199350763895,3.9055747804014076,2.925931415877767,0.3217040626552408,2.68677331950275
8B,837,4.7539546506681765,0.7530983328141678,4.000856317854008,2.9207439922230645,0.3249326831394421,2.6748858424867166
8B,838,4.387398009786522,0.734535763734868,3.652862246051655,2.8580378658058967,0.32814620648001486,2.6167980860395925
8B,839,4.658244257493055,0.758492320388529,3.899751937104526,2.957454110830015,0.32220586678621105,2.720651348659195
8B,840,4.74257620473776,0.7586572512062377,3.9839189535315227,2.9388201629086192,0.32076727016450546,2.697268417386122
8B,841,4.569035831666908,0.7325378875159684,3.83649794415094,2.967463842948101,0.3288515840741947,2.712336081837331
8B,842,4.581285674413863,0.7403925938146204,3.8408930805992423,2.9008675086569995,0.33273572930787854,2.644655916432427
8B,843,4.459428769198752,0.7065197245810911,3.7529090446176605,3.0094267112192927,0.3574359665300538,2.7250058097024463
8B,844,4.563564936012874,0.7351935657614548,3.828371370251419,2.9688389106929094,0.33693371992006954,2.713513698848616
8B,845,4.603980188371148,0.7472430101416693,3.8567371782294786,3.021948558235988,0.33155972713611825,2.779083773773432
8B,846,4.469891161746971,0.7359869896269033,3.733904172120067,2.929337181918749,0.3371105811809785,2.679714181409497
8B,847,4.530590535689502,0.7380804083858076,3.7925101273036943,2.8629037656716947,0.3303829636240966,2.612129113153329
8B,848,4.690456015796277,0.7369742180431047,3.953481797753173,2.974024024239971,0.34039192680801433,2.711698993700601
8B,849,4.646360640323104,0.7397932106110923,3.9065674297120125,3.082546341704701,0.3402117415295112,2.8265116356407107
8B,850,4.670732984306068,0.7476033879730306,3.923129596333038,2.992886729960793,0.33057405949888663,2.7418707947313914
8B,851,4.536688323830138,0.7379075620724344,3.798780761757704,3.0003426032458105,0.3376135445201887,2.748112311387726
8B,852,4.452869863878706,0.7242342201809009,3.728635643697805,2.986060567370261,0.34022605316432647,2.7307229310940726
8B,853,4.326335472065088,0.7143600802063566,3.6119753918587314,2.975988200477796,0.3446295101955764,2.709679469947809
8B,854,4.564671516859751,0.7562450857888512,3.8084264310709,2.84231047503163,0.31520276166694794,2.613936328507278
8B,855,4.660413142571959,0.7533445220017434,3.907068620570215,2.884846893608927,0.3285313971902405,2.6362343533940558
8B,856,4.670952708499875,0.740111195904102,3.9308415125957734,3.025478974474073,0.33035783067292435,2.7787969088313296
8B,857,4.5232776476378005,0.7349237144189623,3.7883539332188376,2.9595787722372933,0.3326978662696075,2.709276467789335
8B,858,4.648880785941248,0.7459076822094712,3.9029731037317763,3.070953886348731,0.3261900737472909,2.828782177963618
8B,859,4.625395274556081,0.7280770472046459,3.897318227351435,3.0232807269976316,0.34371868925419785,2.7555348420098684
8B,860,4.4449115960745695,0.7188899264357215,3.7260216696388473,2.9209775946924723,0.3430851375316863,2.658611505594279
8B,861,4.597817537891289,0.7409509181869888,3.8568666197043,2.939492799370776,0.3329445960531298,2.684900592179348
8B,862,4.6706914397225425,0.7523709042333484,3.9183205354891943,2.923327270960296,0.3275801816538878,2.6768439171257907
8B,863,4.543070953255258,0.7296827254319267,3.8133882278233315,2.9610291106920057,0.3404475640623115,2.7032679843140115
8B,864,4.609170677903225,0.7429173418563766,3.866253336046849,3.0010522282535463,0.3278584023549598,2.751812342055352
8B,865,4.776703582865088,0.7665223069313621,4.010181275933726,2.946927144642967,0.3203087556900947,2.713433818185687
8B,866,4.655250821508894,0.7407986520501231,3.914452169458772,2.9964165797753974,0.33208945135486756,2.748804041665463
8B,867,4.799340781541436,0.7595329216558133,4.039807859885621,2.924329143978628,0.32423300989291787,2.678471473604339
8B,868,4.600095942440137,0.7367276428811824,3.863368299558955,2.980305618750787,0.3400937393314795,2.7216792046731033
8B,869,4.676690700694719,0.7522857466389622,3.9244049540557553,2.88273307868249,0.32817584133027405,2.637901062339205
8B,870,4.727777549262202,0.7490939391920117,3.97868361007019,3.0013229844550096,0.31988582611591926,2.7658602872241302
8B,871,4.6583756483401135,0.7436063353352915,3.914769313004823,2.9847405355709595,0.33043594470013044,2.737891542990563
8B,872,4.735672032924645,0.7590272019729213,3.9766448309517246,2.9664245315310374,0.32091970871928543,2.7262453779650806
8B,873,4.61554541408733,0.7326406910319956,3.8829047230553337,3.0149481043307724,0.34037699914933833,2.754751557235051
8B,874,4.6068346591673635,0.7500859199058741,3.8567487392614894,2.9119186908618246,0.3188977254371223,2.6779597612625823
8B,875,4.704289338207609,0.757285707788559,3.947003630419051,2.9291513068187522,0.3156417422670641,2.6948312599880873
8B,876,4.692322280394485,0.7576376854103706,3.934684594984115,2.8994552913584095,0.3227759488704459,2.657498052683855
8B,877,4.619741333393447,0.752180443199247,3.8675608901942007,2.9072589963911253,0.32595899253271626,2.666464783565689
8B,878,4.588800200507442,0.7470595327924892,3.8417406677149524,2.9243442942388356,0.32699523360963717,2.682933202793613
8B,879,4.580381366640917,0.7422371973206011,3.838144169320315,2.93143508098211,0.33330093688085394,2.6826131144017276
8B,880,4.531653516469225,0.730509069174738,3.801144447294487,2.9849838895400085,0.3400330219063535,2.7222955168649685
8B,881,4.3637330163246055,0.7329774467471732,3.6307555695774325,2.8658116936190448,0.33371694985390876,2.620628958701762
8B,882,4.472586283453405,0.7316045676441185,3.740981715809286,3.0585410975264766,0.3436706899424506,2.8003841575534048
8B,883,4.485257320445424,0.725585326306276,3.7596719941391474,2.9690236370740752,0.34146279654431294,2.709978771219594
8B,884,4.469263536663695,0.7174699719837672,3.751793564679926,3.137719270041703,0.35360480996308635,2.8638749794765257
8B,885,4.411834290591512,0.7243126953954122,3.6875215951961002,2.8840003172293427,0.34324272346951595,2.6176888231496545
8B,886,4.611797310865092,0.732324736080042,3.879472574785049,2.9863356516636137,0.34331774895057676,2.7193707804621385
8B,887,4.488707889037392,0.7360314824073672,3.7526764066300258,2.9060086663844915,0.338405535672887,2.6488049828255953
8B,888,4.455784171905238,0.7288064420180274,3.7269777298872104,2.8445911852515353,0.3326637167109844,2.589507240338578
8B,889,4.475692183010893,0.7292939859680079,3.746398197042886,2.93323882557274,0.3427988872135406,2.6702760637401006
8B,890,4.564309865845687,0.723528352858178,3.840781512987509,3.0378403044398787,0.34903506003886464,2.768689630690891
8B,891,4.569558265485019,0.7407550958075523,3.828803169677466,2.9415072776403184,0.32948136840465414,2.6903062350389857
8B,892,4.532631631860446,0.7391379571057741,3.7934936747546724,2.948282726481068,0.3258614571510612,2.700659213543641
8B,893,4.534099350549933,0.7390824156897214,3.7950169348602123,2.992677838082611,0.33903718903472374,2.738263366950353
8B,894,4.527851434201024,0.7368329510220769,3.7910184831789464,3.0113468699353545,0.3424162630689401,2.7512082975664884
8B,895,4.421772402618633,0.7282374014753356,3.6935350011432964,2.9154415127038407,0.3402978447778902,2.659618604925806
8B,896,4.509774165662957,0.7141703718519555,3.7956037938110008,3.0375759489372656,0.3531321840705676,2.7578227096556773
8B,897,4.501487178847699,0.7323227307301646,3.769164448117536,3.0104129462373934,0.3406702109083965,2.7499841856538936
8B,898,4.612698550244142,0.7362805054509568,3.8764180447931853,3.028443323466328,0.33831162619487676,2.7744617818835473
8B,899,4.375404035900806,0.716084707067808,3.659319328832998,2.9757701785700417,0.34583271141142785,2.7094117300765057
8B,900,4.710370653213275,0.7508584996636222,3.959512153549652,2.9380602681179595,0.33034228929817855,2.684756308616695
8B,901,4.60292997069337,0.7422781192309289,3.860651851462441,2.9619434183173157,0.3295075753825372,2.7093401340431273
8B,902,4.691462460519077,0.7483419000156859,3.9431205605033903,2.9698305386140884,0.3278542403082374,2.723140576092129
8B,903,4.4739662413488634,0.7508492891731474,3.7231169521757153,2.8603395600366497,0.32351598779099383,2.6245548929293716
8B,904,4.654599692446238,0.7554714334295072,3.8991282590167304,2.915914912649806,0.3164228003804005,2.677445739957469
8B,905,4.539638904243416,0.738703420269601,3.8009354839738156,2.985508782268497,0.3357819551988142,2.734554540987292
8B,906,4.784584868385191,0.7587325956301054,4.025852272755086,2.9453610215067902,0.3211984957388216,2.7052537254160396
8B,907,4.753243265021301,0.7645605894527804,3.988682675568521,3.064159165563747,0.3268474828242337,2.828394220724498
8B,908,4.470763608295471,0.7352795816559705,3.7354840266395,2.9710588928177994,0.33470746362752213,2.7185655003672378
8B,909,4.659138335511102,0.7396951655691776,3.9194431699419248,3.0232876661615062,0.33405003697776575,2.7721625160200154
8B,910,4.589998171753199,0.7436826634395042,3.8463155083136953,2.911158415108404,0.3310867701715498,2.6610321771736167
8B,911,4.606320043778964,0.7394164373472567,3.866903606431707,3.078878541834171,0.3455838161640654,2.820568264435026
8B,912,4.611773973864477,0.7483391370523533,3.8634348368121243,2.974915250464286,0.3290786510534799,2.730507106613933
8B,913,4.732610199235322,0.7698802155060985,3.962729983729223,2.865779008945897,0.31468101831994383,2.6350863174468224
8B,914,4.510966242288782,0.73880212005047,3.7721641222383115,2.893390565504318,0.3404342757259177,2.6374114887336013
8B,915,4.742208730967424,0.7500731569901543,3.9921355739772704,2.9916532870059482,0.3291484012518266,2.743364649564523
8B,916,4.59443639769109,0.7564094421028776,3.8380269555882127,2.891239460355233,0.3275940451802636,2.6510726829059394
8B,917,4.659926604662643,0.7558356582797189,3.9040909463829245,3.0495846154916135,0.3286599738166999,2.8068461013594797
8B,918,4.507512071723759,0.717254488762473,3.790257582961285,3.042121564521548,0.34613148046915165,2.7752686697797997
8B,919,4.528812425745036,0.7387245862145605,3.790087839530476,2.9413204374604094,0.33284721384187965,2.692938471207516
8B,920,4.536678602103813,0.7314474179896512,3.8052311841141617,2.9920180225044373,0.3375399330825143,2.7375162216967706
8B,921,4.6161836348758225,0.739887373405608,3.876296261470215,2.943333382067105,0.3368921123588194,2.683791335816033
8B,922,4.607488579184922,0.731017423346537,3.8764711558383853,3.0413603204666524,0.347153150965778,2.771371916860018
8B,923,4.415198680458461,0.7159606264079293,3.6992380540505327,3.0558737844724546,0.34629623667569764,2.7979532470605366
8B,924,4.511180965462045,0.7325619694276286,3.7786189960344165,2.9558340687006437,0.33750808424588313,2.6974702690706387
8B,925,4.658247187787041,0.752244806407679,3.9060023813793623,2.9991256279720906,0.32222093603414104,2.7578315723946005
8B,926,4.657142198019341,0.7562124424372327,3.9009297555821085,2.9607849352136157,0.32705388952809955,2.7199783077269895
8B,927,4.621716541246511,0.7413630478866925,3.8803534933598183,2.9965908080244086,0.3362239404018073,2.743364289826068
8B,928,4.66243200338988,0.752030916202159,3.910401087187722,2.914496897474761,0.32667115738560226,2.6642035759077514
8B,929,4.721887118282338,0.7519328200150621,3.9699542982672753,2.8941706926716773,0.32811504545468645,2.645558576258119
8B,930,4.704997278829706,0.7565361402630291,3.9484611385666764,2.9300151475668095,0.32309897495875367,2.692723257502697
8B,931,4.622518816873286,0.7427506537985195,3.8797681630747656,2.980873091888414,0.3313066434198416,2.7366123836776364
8B,932,4.518795224982012,0.7276310223870128,3.7911642025949988,2.9636941734207327,0.34082971737431744,2.7025980960177822
8B,933,4.267748644246091,0.707920754908412,3.5598278893376794,2.890940403185182,0.3462439371392604,2.6252472614852485
8B,934,4.547558938607999,0.7174069088485197,3.8301520297594793,3.018109068065004,0.3478345709259675,2.747517568305435
8B,935,4.556772657871062,0.7462515906637007,3.810521067207362,2.9521658548966867,0.33291159250455793,2.704691812235271
8B,936,4.572654197323746,0.7287665281713055,3.8438876691524397,3.0036474422963755,0.34585889609612325,2.7361568031169434
8B,937,4.51526716864323,0.7271874003871713,3.788079768256058,3.0670227431059636,0.3425516340366603,2.8080603991796305
8B,938,4.547595204213707,0.7380964117311472,3.80949879248256,2.9807813390567,0.33503240884306024,2.7264255382827005
8B,939,4.400717768189011,0.7095657187148777,3.6911520494741348,3.1002693859927586,0.3489107496446937,2.8339371790637644
8B,940,4.594043109649395,0.7475686378065882,3.8464744718428077,2.9910917832121218,0.33041649146618757,2.745782730945887
8B,941,4.5052672785036965,0.7226661517776239,3.7826011267260733,3.0080242880966437,0.34082547950592124,2.747270487321976
8B,942,4.557847401699004,0.7327965636208996,3.8250508380781048,3.0487931658748484,0.34304607564778244,2.7884586361674972
8B,943,4.659751978675333,0.7361041000551504,3.9236478786201827,3.0299693428141827,0.3400727647445458,2.7695669746656235
8B,944,4.812784547484185,0.7448863411480664,4.067898206336118,3.0568017791133792,0.34083154906178437,2.7901715874857755
8B,945,4.482700502091647,0.7151189760106891,3.7675815260809573,3.039026647320461,0.34974162924986696,2.7631899744550386
8B,946,4.482275094526092,0.7219115712649571,3.760363523261135,3.0946185792695333,0.3529928996769636,2.825285896143822
8B,947,4.550428136453545,0.733251008383589,3.8171771280699556,2.8970838902240557,0.3397055249547968,2.6363867060558572
8B,948,4.503946796175642,0.7288770853536043,3.7750697108220375,3.1180362428740147,0.3480712905016607,2.8578791884980386
8B,949,4.541015553532556,0.7303362132935752,3.810679340238981,3.029922312266834,0.34383056393306577,2.7664321785404398
8B,950,4.724008643934103,0.7331539788591529,3.9908546650749503,3.0039839546905873,0.340120187388853,2.735855895177924
8B,951,4.440966969651971,0.7255088878238876,3.715458081828083,2.9626692706021824,0.33605036980219044,2.708739304038749
8B,952,4.439762211230751,0.7199237505992863,3.7198384606314647,2.994159934763404,0.34548018201142494,2.732196005446461
8B,953,4.723314757424268,0.7478519927505687,3.975462764673699,2.971901961052668,0.3297591219616568,2.721211264667491
8B,954,4.723759131042618,0.7427147588689025,3.981044372173716,3.01523622786231,0.33793591502983517,2.7538398248105573
8B,955,4.603942577936541,0.732112599567777,3.8718299783687637,3.0132534765805663,0.3390996442788074,2.752919429661427
8B,956,4.83312106274092,0.7394431806518414,4.093677882089079,3.1412484527648292,0.3397411089675994,2.8791169398611323
8B,957,4.534370189430462,0.7345204048870376,3.7998497845434245,2.9497748883585477,0.33588865974738824,2.69714382216288
8B,958,4.6149332547028825,0.7243216425764902,3.8906116121263925,2.989824488003464,0.3407194432749103,2.720410195115483
8B,959,4.586706483046559,0.7377888239907253,3.8489176590558327,2.946976257948569,0.34135305040928526,2.6865146804855167
8B,960,4.618584160543198,0.7333239097542826,3.8852602507889147,2.976520157368784,0.3418712569060755,2.7108384433769976
8B,961,4.449540535739623,0.7027240999715147,3.746816435768109,3.1490920347615954,0.3546387012806989,2.8723661234501696
8B,962,4.652381863375564,0.7379437439050281,3.9144381194705367,2.986721852244413,0.3393498814830033,2.7248719177261176
8B,963,4.583736301562978,0.7294698238782374,3.8542664776847406,3.099392622025835,0.351024121041064,2.8300786516957244
8B,964,4.684497302712946,0.744887506316478,3.9396097963964682,3.044701361923083,0.33519038462529305,2.7901987261825543
8B,965,4.580535648191755,0.7366066144948131,3.843929033696942,3.0512810371261843,0.347324646938552,2.794601865807935
8B,966,4.74188615986488,0.7375716541189288,4.004314505745951,3.1779868280352566,0.3448550890545053,2.916030445973162
8B,967,4.6072349285899685,0.7256221508288203,3.881612777761148,3.060014957573544,0.34763665551426537,2.7897457290228562
8B,968,4.4640331522016234,0.7189354124068663,3.745097739794757,3.0232330001554475,0.3430969541764882,2.756470345681036
8B,969,4.72530845996199,0.73620091246412,3.9891075474978703,3.0683503932344287,0.34410601911052435,2.7990574186643067
8B,970,4.591482470047136,0.7263029501687365,3.8651795198784,3.047698316460219,0.3485200074702061,2.778778432409945
8B,971,4.7266113610553315,0.7487969897699654,3.9778143712853664,2.9749563533588166,0.3367129440664708,2.721775714887682
8B,972,4.659775293029008,0.7389876801718663,3.9207876128571417,3.0272499267874977,0.33295342872022077,2.7740518240279255
8B,973,4.504993812364689,0.7062301558843442,3.7987636564803453,3.1084428050595334,0.34602994667625225,2.8399055825117276
8B,974,4.625550550205435,0.7390735939474253,3.8864769562580093,3.07188365721719,0.33642447515529394,2.8199932500218376
8B,975,4.473776967767152,0.7152051081414624,3.7585718596256887,3.0090738768242375,0.34479100420175673,2.743537327502175
8B,976,4.778010771655161,0.7492841570820541,4.028726614573107,2.9793326527710047,0.33338291375528617,2.7236321277483917
8B,977,4.581838100410047,0.7168442290030145,3.864993871407033,3.0697211321319346,0.3511785772690256,2.7954687130926406
8B,978,4.558661714120275,0.7244145767735505,3.834247137346724,2.9900549194431747,0.34392123520481294,2.7227015712275158
8B,979,4.591863540491046,0.7311007105266507,3.860762829964395,2.9671177659627115,0.33776895429768233,2.7109558472655664
8B,980,4.654929064992739,0.7457811723626293,3.9091478926301093,2.984650665213974,0.32475864970894547,2.734160921233756
8B,981,4.599397095703483,0.7292764552473249,3.870120640456158,3.0307797163936523,0.343063892069424,2.7734201011698603
8B,982,4.7572453251510085,0.7374319466871291,4.019813378463879,3.1972739963758676,0.3419618252973534,2.939804198049683
8B,983,4.717361979195284,0.7404856451450706,3.9768763340502145,3.07216734724981,0.340233472550482,2.8115384624610886
8B,984,4.495035498514721,0.7229349281738108,3.772100570340909,3.0627733965605333,0.35028706971824236,2.7967633530992
8B,985,4.492158358220339,0.7222627834206893,3.769895574799649,3.135766597195633,0.34188698297448167,2.8785334993801355
8B,986,4.733206655221124,0.7494271994884342,3.983779455732688,3.0414749556071294,0.33890454446306106,2.786746811359651
8B,987,4.5673497976286415,0.7221627713097171,3.845187026318925,3.128608611218126,0.3507632949601823,2.8605214862823525
8B,988,4.590192059661553,0.7287924470936465,3.8613996125679066,3.0673623477291647,0.3423102780393883,2.8100513628596184
8B,989,4.633733677951008,0.7250962814176991,3.9086373965333086,3.062580365142446,0.3438941776978024,2.7970521050736785
8B,990,4.656169464348615,0.7409800076205337,3.915189456728082,3.0786529901579156,0.3300541738214487,2.830800116455827
8B,991,4.690416103252927,0.7320568303690401,3.9583592728838872,3.0231879670338593,0.3331750888240011,2.763290740324599
8B,992,4.461505613749497,0.7217162880929182,3.739789325656579,2.9839303027072184,0.3438706857875892,2.723799003522835
8B,993,4.658382538475402,0.7421860457527352,3.9161964927226665,3.0355666859820003,0.32678592968073716,2.7902057677876386
8B,994,4.6720393969368885,0.7428116603621157,3.929227736574773,2.9677491062321,0.3291499401026748,2.712907692309593
8B,995,4.502423908314289,0.7018915097406616,3.800532398573627,3.110889789088127,0.3574519663012306,2.8292712859037104
8B,996,4.644338403159787,0.7397383467396214,3.9046000564201653,2.983282125094327,0.33928272041380925,2.721949676783018
8B,997,4.581985994080045,0.7358285580802307,3.8461574359998143,2.991760112077063,0.33806758290820754,2.7325171753963016
8B,998,4.68998741311644,0.7399174563173592,3.9500699567990805,2.993664768416668,0.3370386645711686,2.7339197307286174
8B,999,4.641709078909814,0.7357217422998543,3.9059873366099604,3.0894348650860026,0.3480146842726045,2.8198426408988295
8B,1000,4.610422021645522,0.7396360363461688,3.8707859852993534,3.0051302625230747,0.3387600185312737,2.747950786645182
8B,1001,4.528803423543941,0.7191784936417075,3.8096249299022333,3.082582462295221,0.3470494810297701,2.8121188734252054
8B,1002,4.529338210167325,0.7149994535091181,3.814338756658208,3.0780869960103345,0.35627123259517895,2.7984892877511243
8B,1003,4.482215718490468,0.7041659714138844,3.7780497470765844,3.098837963691125,0.35712372301280115,2.8160503705253417
8B,1004,4.508474316223467,0.7305290685614612,3.7779452476620055,2.9789300170264714,0.34708137974658754,2.716661831016138
8B,1005,4.502596616642172,0.7273176149668036,3.7752790016753677,2.974346295025865,0.35043970211793896,2.704587139204834
8B,1006,4.42855993930508,0.7242289738615831,3.7043309654434973,2.9944840016930945,0.34552243522974996,2.731599796368067
8B,1007,4.47059068785649,0.7315713365775203,3.7390193512789693,2.8903678664982997,0.341550113460754,2.629587283553292
8B,1008,4.7003067207962665,0.7411449565953009,3.959161764200966,3.0883118061249712,0.33907630774888226,2.830115510096757
8B,1009,4.487556150705488,0.7396269788497312,3.747929171855756,2.9832756593978567,0.33740037871365736,2.7316000566184733
8B,1010,4.617215202957854,0.7231992899995139,3.8940159129583396,3.0712428719717773,0.3442336267965856,2.8058013226599727
8B,1011,4.678948262471593,0.7354444540823815,3.9435038083892113,3.083626086597826,0.346762789494635,2.8236546540056944
8B,1012,4.654750061767059,0.7381747933506901,3.9165752684163695,3.034658679223108,0.34197060837813437,2.7694240460041892
8B,1013,4.468541825263696,0.7296780488008503,3.7388637764628445,3.0606478181176753,0.346160384917265,2.797364282546672
8B,1014,4.630785131782152,0.720794238641943,3.9099908931402076,3.080166393667923,0.35047620422302994,2.8047022112356976
8B,1015,4.627939165260684,0.7367350887139275,3.8912040765467557,3.0276483976782194,0.335050457687084,2.7763839506846986
8B,1016,4.720677191379166,0.7324644502727499,3.9882127411064165,3.0703468454184297,0.33865144431550553,2.8043731430463734
8B,1017,4.749981333717157,0.7377493762928241,4.0122319574243335,3.0889464372573796,0.3359009221125152,2.8319783922602424
8B,1018,4.624708834480727,0.7418351779769575,3.882873656503769,2.9788827700109266,0.3312205337083646,2.730108876052036
8B,1019,4.83788684744788,0.7480253985346405,4.08986144891324,3.0512068575577365,0.330975349339747,2.797972090905439
8B,1020,4.716862611956331,0.7394364289858117,3.977426182970518,3.0976598295196895,0.335528110521228,2.839603315691857
8B,1021,4.564300421760234,0.7263533968551042,3.83794702490513,3.021239648966067,0.34491721358875455,2.752309772061542
8B,1022,4.7255905442176775,0.7364544791826608,3.9891360650350163,3.1179758338491608,0.34352273691843555,2.857010089607208
8B,1023,4.562739613229161,0.7417817627327764,3.8209578504963853,2.8703045756743957,0.32707424161255033,2.625188407429258
8B,1024,4.777119968499741,0.737732154509482,4.039387813990259,3.1317778175584476,0.34117985338142226,2.869561945324679
8B,1025,4.602357408231183,0.7447571165854855,3.8576002916456975,2.9806764376446773,0.33321361428158636,2.7369900865926766
8B,1026,4.623366774397531,0.7439222563304224,3.8794445180671087,2.9676437487543805,0.33499341579491776,2.7162643773174526
8B,1027,4.671902298275578,0.7480499757826159,3.923852322492962,3.0270261650342323,0.3305273375756243,2.7816877044475596
8B,1028,4.794822929859445,0.7596281256566129,4.035194804202832,2.927684096099254,0.31952401917283507,2.6880856022274315
8B,1029,4.65753382284713,0.7347347287121132,3.9227990941350175,3.081878253993142,0.3385073656027972,2.825887250464484
8B,1030,4.673875027775503,0.7487533389979916,3.925121688777511,3.052400071682399,0.32643380493768365,2.808470345444243
8B,1031,4.727942586792284,0.753365473890199,3.974577112902085,3.025091144240347,0.323571381085962,2.781080432971706
8B,1032,4.796201769578402,0.7448244404270852,4.0513773291513155,3.041691550188018,0.3335353299424665,2.786250780478352
8B,1033,4.735322673254616,0.7503620703496349,3.9849606029049816,3.011558152280777,0.33164866007443555,2.762562405392879
8B,1034,4.842797778056082,0.755072765060604,4.087725012995478,3.000924606170349,0.33199027627765815,2.7495974957976634
8B,1035,4.441374440081723,0.7171724176467276,3.7242020224349948,2.95777785410145,0.33723532013716284,2.6951781469788005
8B,1036,4.806411879581167,0.7456368954764592,4.060774984104707,3.0975568402563973,0.32876392326487874,2.8453972833006618
8B,1037,4.79447776030234,0.7590490464695274,4.035428713832811,2.932502697452003,0.32714106063537873,2.6821853997650176
8B,1038,4.629303680611539,0.7370153799112175,3.8922883007003217,2.988104581715302,0.34017318778441075,2.730622161200535
8B,1039,4.666377979698795,0.7543694628374091,3.9120085168613854,3.0162795642594773,0.326282011186448,2.77381684798963
8B,1040,4.68416233755906,0.7347164421088219,3.9494458954502383,3.0753162065087776,0.3392226286885232,2.8212198125560217
8B,1041,4.726497080397635,0.7549092028531544,3.9715878775444806,3.056964788099326,0.3374480904772514,2.8069953020813854
8B,1042,4.5884514213716745,0.736599846517653,3.851851574854022,3.013819205085802,0.3339635691842889,2.763044481484931
8B,1043,4.756671312524595,0.7483464565436119,4.008324855980983,3.0499602714494145,0.3311077630133739,2.800225702375466
8B,1044,4.769477174829656,0.7513846098324903,4.018092564997165,2.9762901085642675,0.32097917944655124,2.7321675652124173
8B,1045,4.700494061603087,0.7400065828219741,3.960487478781113,3.0320623797170874,0.33169051700105917,2.7771255624735005
8B,1046,4.771268567615596,0.7351849750442621,4.036083592571335,3.121803540139446,0.3459529571562357,2.855662205942327
8B,1047,4.769232665925308,0.7369526502847217,4.032280015640586,3.0405977468418697,0.336178239557085,2.7781176516788926
8B,1048,4.707713765287135,0.7536860649560108,3.954027700331124,3.0072701694530672,0.32948203426264305,2.7658858163539777
8B,1049,5.026011184762667,0.7858218601993489,4.240189324563318,2.948653806139823,0.305509438934325,2.7280025141165662
8B,1050,4.728506173711198,0.7396532025003564,3.9888529712108403,3.04563756470816,0.3366329776349741,2.788585944571738
8B,1051,4.679422935460534,0.7238118081569735,3.9556111273035612,3.0943083088936834,0.34986432812011126,2.8209242098663996
8B,1052,4.655844295754478,0.7502263862301864,3.9056179095242913,3.0994844140613016,0.33554682055723073,2.8467914773999485
8B,1053,4.7907516406411625,0.7407396561718167,4.0500119844693465,3.1019679012583734,0.3380826034514185,2.8429987509851524
8B,1054,4.633365142198491,0.7283481636464252,3.905016978552065,3.1296969617722983,0.34653893399142466,2.8621593523392566
8B,1055,4.668927392327152,0.7298931946289609,3.9390341976981897,3.0744406179070136,0.3393488218444769,2.806024266948057
8B,1056,4.753025629396755,0.7460840041189384,4.0069416252778165,2.995985588441901,0.3281912642860933,2.7402903350696333
8B,1057,4.737094364391332,0.7482207521280909,3.988873612263242,3.023939837190878,0.3325486420790016,2.771393398259016
8B,1058,4.751904622127316,0.7506386066714985,4.001266015455817,3.072975584868311,0.3338171034495268,2.8184611880464074
8B,1059,4.84449357052441,0.7500284275819418,4.094465142942468,3.0949500488774366,0.3291900802405007,2.8432701412293433
8B,1060,4.681219910231809,0.7424648544840659,3.9387550557477433,3.026013739985653,0.3425140147199419,2.7699681977104285
8B,1061,4.661302324571092,0.7372652636924822,3.92403706087861,3.0497979435690334,0.3339683552251025,2.79848997290363
8B,1062,4.706917113240524,0.7330992485148674,3.9738178647256563,3.0671904162903108,0.3418112982041995,2.7994183527599517
8B,1063,4.739451221696277,0.7368220759401141,4.002629145756165,3.1211028861881953,0.3457071110699628,2.852075943837464
8B,1064,4.753235641108022,0.7463083863298013,4.00692725477822,3.0913620749664936,0.33955169592864803,2.831678416749313
8B,1065,4.714873704682783,0.7410996584078061,3.9737740462749764,3.0189123437267256,0.3371732551367325,2.756839098172715
8B,1066,4.9307178418051425,0.7727195546287171,4.157998287176426,3.014542684106735,0.3179360913683669,2.7820205110906198
8B,1067,4.765813774020271,0.7602673463172488,4.005546427703022,2.999848298568331,0.3220382900146534,2.760600446415016
8B,1068,4.666435214042574,0.7249165794119337,3.94151863463064,3.068519290822081,0.3448609112876073,2.795843130032038
8B,1069,4.7484445052215305,0.7480487771106739,4.000395728110857,3.0289396374041466,0.33557617338903933,2.775902118595784
8B,1070,4.613901111123192,0.7268187985502084,3.887082312572984,3.171449894550553,0.35178905842096786,2.904637421881376
8B,1071,4.734080226101143,0.7418587955928214,3.9922214305083226,3.106609633447752,0.34160584260770205,2.8469485977235873
8B,1072,4.6470818449887235,0.7562620956724961,3.8908197493162278,2.9328868708126947,0.32776077687538274,2.6874147525543743
8B,1073,4.679735251042934,0.7380063243872639,3.9417289266556694,3.044323549702725,0.3355478229336139,2.7904842842511357
8B,1074,4.6888487634612845,0.7363894575966629,3.9524593058646222,3.0118349670710414,0.33626591936131767,2.75602169907671
8B,1075,4.840904868294476,0.7512356681301151,4.089669200164361,3.069309685374549,0.3363337974732952,2.812999263870515
8B,1076,4.650040485042427,0.7335944035135126,3.9164460815289144,3.064591715705211,0.34103128945797145,2.8056023261235095
8B,1077,4.599363690386418,0.738741924112774,3.860621766273643,3.0232253813859247,0.336462263487605,2.768795287454528
8B,1078,4.682166256623035,0.7424250272743218,3.939741229348713,3.032156141306579,0.33210835661500515,2.7827157443260804
8B,1079,4.641172433305001,0.737719995808405,3.9034524374965955,3.1021665179420337,0.3358987652408288,2.8499582123176257
8B,1080,4.617866205574528,0.7277500157401249,3.8901161898344028,3.0999715025073096,0.34476348388140865,2.834428179361208
8B,1081,4.681952717371687,0.7378550116809032,3.944097705690784,3.018321150999709,0.3417088933706846,2.7566720876717192
8B,1082,4.570458624903314,0.7360598802592825,3.8343987446440324,2.990543848966425,0.3355758976231688,2.733660970144782
8B,1083,4.535984791854794,0.7241040677497732,3.811880724105021,2.983484009376366,0.34289261735273324,2.7221781270856362
8B,1084,4.7232743920106515,0.7402116397652115,3.9830627522454405,3.13529308333057,0.3366985737245967,2.879793108811231
8B,1085,4.664573653013891,0.753949987525324,3.910623665488568,3.0338824177730395,0.32542426014058584,2.7907199971250543
8B,1086,4.65933062701776,0.747931490717926,3.911399136299834,3.0197402455112505,0.325668511661411,2.7763718898621272
8B,1087,4.853193907206419,0.7558050452167577,4.0973888619896615,3.1422372854391756,0.32804732354946414,2.8946746974078823
8B,1088,4.691822603864039,0.7378829527213818,3.953939651142657,3.056501941458545,0.33362071982160557,2.802182968692236
8B,1089,4.819012151713441,0.7591813798581472,4.059830771855294,3.0695695954541997,0.31612302273419535,2.835551909082962
8B,1090,4.700868639329623,0.7523154652143504,3.948553174115272,3.0469855993854913,0.32472583343218137,2.803166541057403
8B,1091,4.6233822519381045,0.7369490988609505,3.886433153077154,3.089041745952579,0.33527458165448026,2.8394314803161422
8B,1092,4.7717558231445665,0.745094715387483,4.026661107757084,3.056060653326526,0.3328344444237357,2.799856030421272
8B,1093,4.770892194173998,0.7680932508955116,4.002798943278486,3.0306504685421407,0.3160368513203768,2.804144995469119
8B,1094,4.691978646035491,0.7364930174710024,3.955485628564488,3.091295697714808,0.33111814554261904,2.8395125459963415
8B,1095,4.743740322063422,0.7470006129966801,3.9967397090667434,2.999687321273435,0.3234074161618623,2.7558200627675378
8B,1096,4.736344757578193,0.7600202779093095,3.9763244796688837,2.915117905794025,0.3218350266973359,2.673732043734784
8B,1097,4.729435805115534,0.7498700329611917,3.979565772154343,3.0613501402951604,0.3341725974813223,2.8082381786777177
8B,1098,4.817871257431039,0.7476636678816346,4.070207589549405,3.1764407945765307,0.33396325618394884,2.922380054859315
8B,1099,4.87801807391569,0.759538100811732,4.118479973103958,2.9801786789371687,0.32438507034667075,2.7368442302972276
8B,1100,4.821300475574828,0.7662877802748259,4.055012695300002,2.982470751157045,0.3082836839118183,2.757707199121639
8B,1101,4.860354417026625,0.7465326185550235,4.113821798471602,3.0839468191377137,0.3251155509902611,2.8359989594688852
8B,1102,4.8754769153311175,0.7535980583757617,4.121878856955356,3.0844699222611585,0.32000454093173974,2.846145961493475
8B,1103,4.775790745372346,0.7409254333742485,4.0348653119980975,3.1860614087650214,0.3416169016952032,2.9273970096486255
8B,1104,4.828723846019042,0.7519165996970908,4.076807246321951,3.0828543548344336,0.3345746897214505,2.8329218290167577
8B,1105,4.76782828638627,0.7352611621705241,4.0325671242157455,3.1633635246938097,0.34091019529864336,2.8984611108310463
8B,1106,4.795255995648755,0.7508899969218074,4.044365998726948,3.096335981743931,0.3333744303970863,2.84677161857399
8B,1107,4.812558819365404,0.7432491431578864,4.069309676207518,3.1692879342144713,0.3360173698654819,2.91786739741919
8B,1108,4.732389197120277,0.7363800491738791,3.9960091479463964,3.183310985861719,0.3455127677429851,2.91714045797778
8B,1109,4.6789901702320496,0.7386747791818011,3.9403153910502478,3.055336567782214,0.3352278504743146,2.7980359847393164
8B,1110,4.733483597200113,0.7343883028214361,3.999095294378677,3.1021265273442613,0.3356680613307872,2.845056904938223
8B,1111,4.817446635247498,0.7672171748383282,4.050229460409169,2.99611511366602,0.31602528991308965,2.7689063046590467
8B,1112,4.964548925581421,0.771451882608048,4.193097042973372,2.978526630590931,0.31610200068414346,2.7443699917999025
8B,1113,4.671622802689541,0.7361232139686056,3.9354995887209347,3.014772018254189,0.33178052770016664,2.761716060488317
8B,1114,4.659990761354638,0.7563763209235548,3.9036144404310833,2.9648222467053387,0.33602703731734257,2.7168110516479267
8B,1115,4.609202160239071,0.742708714239837,3.8664934459992337,2.9842388619534796,0.3288209398668682,2.736468533176204
8B,1116,4.734628730885117,0.7454382530726945,3.9891904778124223,3.0648506393125454,0.3331313677832147,2.816240888465124
8B,1117,4.747304251852229,0.7438350800608995,4.0034691717913296,2.968930701420214,0.3308460269584459,2.7133122042116495
8B,1118,4.830977262690475,0.7603893907066851,4.070587871983789,3.000376330407665,0.3198028851856635,2.763683218296356
8B,1119,4.743287055262034,0.7328793419022115,4.010407713359822,3.06238469384226,0.3331032679001705,2.8040470704291383
8B,1120,4.753544360011605,0.7545934736925802,3.998950886319024,3.051668837096055,0.3198778781805012,2.815252533944292
8B,1121,4.764257738193865,0.7493309580180622,4.014926780175802,3.077855427481831,0.3298775008987796,2.8330986670929366
8B,1122,4.794040339172607,0.76215553044033,4.0318848087322765,3.060904547146655,0.32208150693591264,2.830417179486602
8B,1123,4.608441736125552,0.7442702443678145,3.8641714917577374,3.0207201410722297,0.32584232878819835,2.7794666046105894
8B,1124,5.015261352736918,0.7646705345730274,4.250590818163889,3.0027529188154154,0.3214492344685884,2.7538905520851134
8B,1125,4.758442652010253,0.7450673310271329,4.01337532098312,3.0056017092794756,0.33279687920699436,2.748094533600564
8B,1126,4.976353596530238,0.7595465712438824,4.216807025286355,3.1427179669335454,0.32484944061526544,2.900095634427831
8B,1127,4.8159145415384765,0.7439604579460096,4.071954083592467,3.011652029922277,0.32091192908658767,2.7655292435099255
8B,1128,4.90053011899119,0.7603775279641993,4.1401525910269905,2.944735799255928,0.3298143194033629,2.6927374235157586
8B,1129,4.673558837819011,0.7474193194892815,3.926139518329729,2.990389769537259,0.3279594087258318,2.7462769926936925
8B,1130,4.7634648401046364,0.7527059610141996,4.010758879090437,3.1012997489753182,0.32105551615090083,2.8654992926750387
8B,1131,4.791401711140063,0.7605872156049571,4.030814495535106,2.9759435635798503,0.3117660064727405,2.7456279599249056
8B,1132,4.720615703544042,0.7392436466698182,3.981372056874223,3.018759247285579,0.33212478232060566,2.7630625914139384
8B,1133,4.8205139181636785,0.7530672562679134,4.067446661895766,3.002168430089011,0.3277737897594283,2.74798849580866
8B,1134,4.707754513369624,0.7455578653179534,3.9621966480516706,3.058483693651333,0.33166111145535604,2.806261887311011
8B,1135,4.663696891685002,0.7354170891165144,3.9282798025684884,3.038395982245641,0.3291032364142525,2.7880001439166318
8B,1136,4.805153870597596,0.7687656720752929,4.036388198522302,2.9283258773829948,0.3113526006010642,2.7035475204161483
8B,1137,4.8861264628876215,0.7533834235171978,4.132743039370424,3.0238449820630153,0.3250120450003551,2.7775671142969625
8B,1138,4.655464728858436,0.7321187252260205,3.923346003632416,3.053664424201586,0.33889971462907353,2.7931031531569084
8B,1139,4.7980393107152235,0.7466445243629746,4.051394786352248,3.0599127543394022,0.32924244940877406,2.8085197681149836
8B,1140,4.78037221191846,0.7316575549000593,4.048714657018402,3.144991850267581,0.3401427780729666,2.877794678100069
8B,1141,4.729495496246061,0.7467963358279139,3.982699160418147,3.0487813983290977,0.330237459052258,2.7992298997873606
8B,1142,4.695522890406151,0.7476473903082471,3.9478755000979047,3.043398605207973,0.3328476990612562,2.7964470659330947
8B,1143,4.660850600818061,0.7223822266502624,3.938468374167798,3.122421560134506,0.3508531369200993,2.8508412625566795
8B,1144,4.769847683291306,0.7390679159456747,4.0307797673456305,3.0300273765600876,0.33182112433717237,2.771652594798529
8B,1145,4.939686208497856,0.7622369638456029,4.177449244652253,3.0591522006918943,0.3127865584853907,2.82415425053548
8B,1146,4.640512776919853,0.7330442136640335,3.9074685632558195,3.0390056290708665,0.3406205797864896,2.7798949985671553
8B,1147,4.906516703310444,0.7625436587393276,4.1439730445711165,2.9617387705992715,0.31386851269452987,2.7276047234848515
8B,1148,4.9038780612320405,0.7620738300859795,4.141804231146062,3.005451719082132,0.3235000057178069,2.767532282886146
8B,1149,4.921557779128086,0.7652895928247484,4.156268186303337,3.0510746190297806,0.32235499263318873,2.8119906897208677
8B,1150,4.678046587875062,0.7372530539485048,3.9407935339265574,3.084658250620799,0.33302622846266505,2.8347022196695915
8B,1151,4.792770538453485,0.7427654724468825,4.050005066006603,3.0795821545248034,0.3293363686590685,2.8272623493132096
8B,1152,4.670601425773148,0.7334668328551094,3.9371345929180386,3.0844363482554646,0.3315812895622123,2.8334466105663103
8B,1153,4.715503966611984,0.7431164467392538,3.9723875198727305,3.117334929028037,0.33447275532628773,2.8661220104779392
8B,1154,4.659396066183988,0.741838915629613,3.917557150554375,2.9904321529508473,0.33912709334808805,2.73721176138801
8B,1155,4.786169188656815,0.7414851893689794,4.044683999287836,3.0854024839566203,0.3341422595536412,2.832283625069047
8B,1156,4.9228028583225205,0.7746164224392376,4.148186435883282,3.0366932309322303,0.31872953895995887,2.8037722428262164
8B,1157,4.722032899568143,0.7370016065896956,3.9850312929784475,3.0859165770462704,0.3386922078424857,2.8245415933108853
8B,1158,4.728631984771182,0.7367198026768589,3.991912182094323,3.084011576902892,0.33283931490591434,2.8285279698027037
8B,1159,4.778063730612737,0.7539950282076254,4.0240687024051125,2.9612032244448376,0.3312312997896177,2.713631258111387
8B,1160,4.733801829462063,0.7434671977521502,3.990334631709912,3.086445282878247,0.33148644214411405,2.838622743592114
8B,1161,4.831943691975071,0.7514899995037435,4.080453692471327,3.0554908044345375,0.3209185149659571,2.815704899901544
8B,1162,4.695325633866973,0.7411729804393629,3.9541526534276112,3.0745922707634157,0.3333476658837376,2.821649274762083
8B,1163,4.576772145826326,0.7349761636178296,3.841795982208496,3.0188760024516057,0.33874902639721355,2.7651246987135476
8B,1164,4.836767869841118,0.7672306695781931,4.069537200262926,3.065894252902282,0.32002448581997206,2.8363250392744885
8B,1165,4.667313322556349,0.7353223733887975,3.9319909491675515,3.016828651864849,0.3379171159941975,2.7624857391895077
8B,1166,4.761449347281916,0.745734115831009,4.0157152314509075,3.0848796751221013,0.3279300901405182,2.8407030069900308
8B,1167,4.790616611896273,0.7488250399315445,4.041791571964728,3.077750817073868,0.33223770035125866,2.8207148407434097
8B,1168,4.671429292005374,0.7435863768726353,3.9278429151327385,3.0206043396502813,0.3335581859896542,2.7690062474278263
8B,1169,4.768471338545622,0.7522703999739596,4.016200938571662,2.9989594991843567,0.32513466542141806,2.7534845932141043
8B,1170,4.617020731651655,0.7325107124204011,3.884510019231255,2.9779734872682506,0.33877735074882315,2.715821218008098
8B,1171,4.774962166217648,0.7379502252426183,4.037011940975031,3.136843319961113,0.3462157008100515,2.8728533715535196
8B,1172,4.759718982362067,0.7462550072244106,4.013463975137657,3.105744173138053,0.32707190032260813,2.857160370823955
8B,1173,4.644317468854017,0.7384456671270451,3.905871801726972,3.0169630385779542,0.33205245245525056,2.7660916459801226
8B,1174,4.729702631397298,0.7401018170090727,3.9896008143882247,3.0660865623368694,0.3329169626225213,2.8124621084200188
8B,1175,4.901599839318023,0.743957691113677,4.157642148204347,3.173345247830262,0.33809777721928647,2.913773822146287
8B,1176,4.871196692065161,0.7419931824518773,4.129203509613284,3.1383538019225274,0.33245225645784143,2.884799842168222
8B,1177,4.576523871042674,0.7383921620501731,3.838131708992502,2.9793168083665056,0.3337624261948589,2.7327649633038362
8B,1178,4.72664791111861,0.7293708141885307,3.99727709693008,3.2108109013891757,0.34893492570718476,2.9404456066562696
8B,1179,4.788481176243397,0.7377361440073384,4.050745032236058,3.1796139733536117,0.33931626406322374,2.915920161679023
8B,1180,4.65327801631908,0.7339409507429588,3.9193370655761215,3.0946770795126928,0.34719783844661434,2.8281104079673915
8B,1181,4.81619986432454,0.7451835612036903,4.071016303120849,3.125745461311295,0.3386345584202373,2.8700197794902658
8B,1182,4.860274703760646,0.7541828998083878,4.106091803952259,3.205304118826123,0.33107562660608775,2.9582278431093005
8B,1183,4.9151731544435675,0.7633370817076841,4.151836072735884,3.1012984620717643,0.3157352504549259,2.869018425167127
8B,1184,4.88059948146758,0.7721967773120451,4.1084027041555355,2.9742533727977567,0.31139692854559003,2.746248355624845
8B,1185,4.820463152291013,0.7617790423426423,4.058684109948371,2.8943977694486303,0.3158882085260947,2.6570380720593763
8B,1186,4.746279772278464,0.7433526603111381,4.002927111967326,3.1058413183263385,0.328184036404795,2.862500955516794
8B,1187,4.790062487777805,0.761082636228818,4.0289798515489865,3.072268289083298,0.3253878736123151,2.8314956354757075
8B,1188,4.680526207799234,0.7276271274048066,3.9528990803944266,3.0611800868949204,0.34315681064104714,2.795947726251765
8B,1189,4.837071567482359,0.743675480190522,4.093396087291836,3.205024688395207,0.33892998224641935,2.9456145565296024
8B,1190,4.845865027478416,0.7518486256360035,4.094016401842412,3.0867221405239227,0.33414251915613113,2.835782290033064
8B,1191,4.8781105235596405,0.7677682542828204,4.11034226927682,3.021329009309151,0.3203382822464608,2.7848426275200704
8B,1192,4.683297361717352,0.7296072761493989,3.9536900855679518,3.0844441649606242,0.34020295046070775,2.821761400997196
8B,1193,4.885240160469519,0.7632623842404949,4.1219777762290235,3.083845521674339,0.3232081936261091,2.8501141305298585
8B,1194,4.702723080972252,0.7397232998778994,3.9629997810943527,3.1036086185278857,0.3373754461448849,2.8530349969834012
8B,1195,4.8010641278378605,0.7614193118828945,4.039644815954966,3.0661373596551753,0.3220658344648569,2.834448929834245
8B,1196,4.79262690069225,0.7560108903462613,4.036616010345989,3.04706561866987,0.3212686254569915,2.807103137185052
8B,1197,4.802792910316708,0.7335363946172099,4.0692565156994975,3.1766302244348203,0.34145109823119096,2.912724054610772
8B,1198,4.673330244889615,0.7333246098454007,3.9400056350442147,3.1210779122436008,0.3393080331945709,2.8633942489015043
8B,1199,4.806657411282963,0.7522194744033721,4.054437936879591,3.0996733667228313,0.32529539148440295,2.8550563151583797
8B,1200,4.757331238687112,0.7591911224891035,3.9981401161980075,2.9839512871981175,0.3140999346029625,2.751820998207748
8B,1201,4.750853644690811,0.7429832249766045,4.007870419714207,3.1537577323671147,0.3351909843764989,2.8999037664486456
8B,1202,4.827929052912649,0.7436879059591468,4.084241146953501,3.1052464200908125,0.3370864530572805,2.8471646486754203
8B,1203,4.749949637977772,0.747601005793583,4.002348632184189,3.110223978573409,0.332566936264161,2.8614473211846936
8B,1204,4.832763112789238,0.7584294142815908,4.074333698507647,3.127285157406866,0.3318409610537166,2.8876938219360984
8B,1205,5.042446241621503,0.7733990195670898,4.269047222054414,3.106993879835898,0.32307660512172837,2.8697469896249532
8B,1206,4.876033204356368,0.7435283514020159,4.1325048529543515,3.1982653897357647,0.340271431574976,2.933321990413918
8B,1207,4.778029084541725,0.7397161009016785,4.038312983640046,3.2014832885822018,0.3435757661194203,2.939589888216816
8B,1208,4.622746553403005,0.7272075070932212,3.8955390463097843,3.1445187312929557,0.3485529890960095,2.881186466658222
8B,1209,4.83030766225543,0.7343664647567164,4.095941197498714,3.244033423210991,0.3519112990994305,2.9724647948130682
8B,1210,4.739112778919556,0.7543133098836515,3.9847994690359045,3.0014567709776303,0.3226533391400035,2.7621650247319374
8B,1211,4.643390833910358,0.7179328318767034,3.9254580020336545,3.1329947763591526,0.3468923961638043,2.8592423946019316
8B,1212,4.834541927757749,0.7430447773342744,4.091497150423474,3.130817617182817,0.3432420091365528,2.8717724596804075
8B,1213,4.6499528034296524,0.7190756501097222,3.930877153319931,3.196108428174748,0.34624348294925666,2.9307990478801758
8B,1214,4.955333445790282,0.761153117852177,4.194180327938105,3.1612016632304414,0.3236870840577266,2.919093752670543
8B,1215,4.4984204659436875,0.7236946742178676,3.7747257917258192,3.05119765299499,0.3444716704711327,2.7841772694840055
8B,1216,4.91976050584095,0.7508866879728675,4.168873817868082,3.1824963791357623,0.3342083127121139,2.9302982709423326
8B,1217,4.666320304405388,0.714223406134764,3.9520968982706237,3.2007417898941806,0.35201626329729624,2.9230791090947115
8B,1218,4.834702377378555,0.7423384581541864,4.092363919224369,3.1739859719050365,0.3343541765850898,2.922250367626999
8B,1219,4.662924025010543,0.7411149215884618,3.9218091034220817,3.1359613969020135,0.33867180022702825,2.8815305692532056
8B,1220,4.607091539140913,0.7267562546205745,3.880335284520338,3.0755186907239755,0.3441960031775257,2.811774842514496
8B,1221,4.844229802899692,0.7482649548790798,4.095964848020612,3.1522577493626907,0.3357285393802433,2.89790766433611
8B,1222,4.9210000931782245,0.7658353233177122,4.155164769860512,3.0906753614678255,0.31645242273115953,2.862051939922302
8B,1223,4.679214332395175,0.7332022093699416,3.946012123025233,3.104117601231802,0.3337988932356439,2.848131270709885
8B,1224,4.863081098673134,0.7501911961246566,4.112889902548479,3.149726071068807,0.32813596964321845,2.898414265330505
8B,1225,4.873895640336472,0.7496788947807809,4.124216745555691,3.098466620177314,0.3284405662637085,2.847328534339365
8B,1226,4.7582696265783095,0.7383719819158668,4.019897644662443,3.1252368662325907,0.34514566033307176,2.8614203062395296
8B,1227,4.854104756407385,0.7485012681030465,4.1056034883043395,3.1000319347694836,0.3329764199357397,2.8450569022996715
8B,1228,4.765392943945757,0.7357295232139445,4.029663420731812,3.1822548532949044,0.3425240139797131,2.920149454578794
8B,1229,4.71481578757237,0.730057449244371,3.984758338327998,3.184238574817757,0.3468719295193165,2.9166053132004093
8B,1230,4.688932872534342,0.7489823336030171,3.9399505389313254,3.0525445116774095,0.3264100731834295,2.8087580675059822
8B,1231,4.714578877209429,0.7345023965160532,3.9800764806933766,3.102101378743394,0.3453346547524178,2.8320521438016533
8B,1232,4.996953512620799,0.7548036780446392,4.242149834576159,3.203747102816995,0.334182636994196,2.9505551501364695
8B,1233,4.8249344763618085,0.739289137442686,4.085645338919122,3.181255783201238,0.3434806619469135,2.9141569979279867
8B,1234,4.7473291979662555,0.7288894829873029,4.018439714978952,3.19030665549668,0.34263256511868023,2.925733427580153
8B,1235,4.921345705355568,0.7572059870098143,4.164139718345754,3.108201812198871,0.3346743334894227,2.8573672305582973
8B,1236,4.69773613292367,0.733032125274759,3.964704007648911,3.0996197575256104,0.3386844119426662,2.839564006375335
8B,1237,4.700076832982928,0.7385289453982276,3.9615478875847003,3.1653008738601685,0.33844877335275364,2.9094849399442833
8B,1238,4.861976901089496,0.7494990731996142,4.112477827889882,3.1351017375587897,0.32798763093553374,2.888617396999081
8B,1239,4.770123624052081,0.7385492754866525,4.031574348565428,3.1548677362408815,0.33665440818666764,2.899653266323848
8B,1240,4.766997986169494,0.7409825126216254,4.0260154735478695,3.103056223839018,0.3344970118217613,2.8501675205840695
8B,1241,4.739703309858025,0.7369194994046406,4.002783810453385,3.156046129111804,0.33742162918799284,2.8953523160191215
8B,1242,4.840195762595585,0.7613450174995001,4.078850745096085,3.103510879663479,0.3306245738528785,2.8604661289584192
8B,1243,4.909909089297929,0.7533434571402691,4.156565632157661,3.0776942246360033,0.33603620742309637,2.821913095862953
8B,1244,4.802171883741466,0.7293069330239664,4.0728649507175,3.222996857115227,0.3522029279729331,2.94884271677962
8B,1245,4.688721166733966,0.7386229518182761,3.95009821491569,3.0759637542861262,0.3384133008231549,2.8184274879484614
8B,1246,4.790152043346563,0.743316034272056,4.046836009074507,3.061015877131252,0.3340837644156849,2.803458158812512
8B,1247,4.837181167282411,0.7324229995008221,4.10475816778159,3.219640170171255,0.35331541520564386,2.94860036870281
8B,1248,4.991953340969128,0.7577171352139542,4.234236205755174,3.1555515492539032,0.3320353483727644,2.9018258599355935
8B,1249,4.836362160336481,0.7530293955082458,4.083332764828235,3.1336552213228566,0.33543542360356393,2.877816887321094
8B,1250,4.705172029912522,0.7510279074803141,3.9541441224322087,3.03272181525941,0.3297565310730643,2.7869417090867983
8B,1251,4.76642716477469,0.7565129082477116,4.009914256526978,3.021095033669686,0.32211804401648403,2.7845006246136426
8B,1252,4.8018292627776775,0.74266610022033,4.059163162557347,3.140090056745018,0.3377734032347079,2.884639902635639
8B,1253,4.7772010419314626,0.7427497806815463,4.034451261249916,3.1018053446779414,0.3324067131362606,2.8476450809670966
8B,1254,4.893438561934193,0.7571050620641518,4.13633349987004,3.084539176498659,0.32611461269222675,2.8397285407840656
8B,1255,4.9045375473102615,0.7748589639132525,4.129678583397009,3.09990718896627,0.3131138980940824,2.8771115428547405
8B,1256,4.791189975039478,0.7462908784641523,4.044899096575325,3.138334411203501,0.3310265251110139,2.890282320735562
8B,1257,4.9239772514886955,0.752795262851965,4.1711819886367305,3.1203256656668072,0.3374280733437083,2.8601267477902605
8B,1258,4.707943210606074,0.7358961054862021,3.972047105119871,3.1274380402676516,0.33252537823940054,2.877650730540831
8B,1259,4.8232636099908435,0.7512591493021589,4.072004460688684,3.0619261602388677,0.32518406155128504,2.8196623149795874
8B,1260,4.786137435961284,0.7324597666668649,4.053677669294419,3.1651883615599345,0.3400607525094279,2.9023247824525784
8B,1261,4.891327962441041,0.7606725481440612,4.13065541429698,3.1205008595250368,0.3240394699379396,2.8792112985629363
8B,1262,4.796791850824556,0.7516818411808925,4.045110009643665,3.086775886732636,0.3421524352072693,2.8312741099203005
8B,1263,4.785500371895505,0.7322473841536551,4.053252987741851,3.188695355699905,0.33609468097990164,2.9319341707901434
8B,1264,4.827687680870378,0.7511046419096692,4.076583038960709,3.07151572357762,0.32650490942537697,2.8300957274029908
8B,1265,4.8010025748359375,0.746538013158823,4.054464561677115,3.0336166763436427,0.3301224853705756,2.7835836273849415
8B,1266,4.852154385120809,0.7522813200823935,4.099873065038416,3.1478206965988296,0.33317478632326447,2.8968046618650822
8B,1267,4.637568532717902,0.7294291871651521,3.9081393455527493,3.15659782128844,0.34767428112979043,2.8896599429610226
8B,1268,4.872814682023776,0.7437143906291357,4.12910029139464,3.2214080806085237,0.3447607585169099,2.9581576536713814
8B,1269,4.813704292395006,0.7356224594770909,4.078081832917916,3.1449016930886504,0.33892219983767635,2.888033819726359
8B,1270,4.867020894547734,0.7665267487448665,4.100494145802867,3.0339981157438434,0.3227461625677747,2.795081336780466
8B,1271,4.876947085497608,0.7458542938195862,4.131092791678022,3.1059532957713363,0.3323398585038703,2.854576408521107
8B,1272,4.732507537446693,0.744928621690807,3.9875789157558867,3.1033867920160114,0.33589079551739565,2.851655358741384
8B,1273,4.983463578299215,0.7713825867675168,4.2120809915317,3.0449760076025387,0.3171997064033859,2.8133035052293844
8B,1274,4.8344491367671125,0.7471047552803987,4.087344381486714,3.09270837381747,0.3269934262791972,2.840122070232966
8B,1275,5.07053241529311,0.7588291563658259,4.311703258927284,3.1941109375345396,0.33279577295227164,2.9386931703798735
8B,1276,4.627522204745939,0.7402449774494039,3.8872772272965355,3.0428511667852276,0.3360116977762429,2.7888802806467985
8B,1277,4.809159081255488,0.7577656830324209,4.051393398223066,3.008873863405982,0.3224856195740587,2.7671638535931558
8B,1278,4.711786605893324,0.750046106808496,3.9617404990848284,3.1148062589095464,0.32809907826905316,2.872676297773964
8B,1279,4.656222041659437,0.7265602587540727,3.9296617829053657,3.1386237046845022,0.3483876677553983,2.8697978612364756
8B,1280,4.838917669539639,0.7432054589297995,4.09571221060984,3.2479803966619367,0.3447893648790962,2.99057852060641
8B,1281,4.668662472697056,0.7478711746785336,3.9207912980185218,3.004501650251438,0.3277573879321024,2.7643750378435743
8B,1282,4.6324366370142345,0.7293645826020408,3.9030720544121924,3.12242665485445,0.3468824407803413,2.8588325390085902
8B,1283,4.743911095082127,0.7370870331026248,4.006824061979503,3.1021840484148244,0.33651822725561104,2.8449446487571244
8B,1284,4.613034813130503,0.7376111782863853,3.8754236348441182,3.0617368802642964,0.3395833572216999,2.8093015449450225
8B,1285,4.70288506085406,0.7470246523682972,3.955860408485762,3.043041015106745,0.3277242120595785,2.796130377659525
8B,1286,4.7604985412923595,0.7521801068201666,4.008318434472193,2.9499082239463097,0.3208877644524152,2.7121408684249437
8B,1287,4.84942797920265,0.7714634686822877,4.077964510520362,2.961893103571914,0.3105798511163467,2.7450163772390788
8B,1288,4.690975023814624,0.7550105788796548,3.9359644449349696,3.0341366869407644,0.32738774634597817,2.792182097796366
8B,1289,4.908824571788016,0.7554783700980026,4.153346201690014,3.1416907204793763,0.3230824016627565,2.896045298616139
8B,1290,4.763741472847982,0.7482332974632953,4.015508175384686,3.041212377405611,0.3275551077496421,2.7953957829635807
8B,1291,4.556424074509632,0.742634880555746,3.813789193953886,3.041315780964388,0.3305954573080645,2.7992307587162983
8B,1292,4.924895135455732,0.775512525921641,4.149382609534091,2.955171891455805,0.31212584645340785,2.72770076661984
8B,1293,4.635184211051906,0.7442829793305712,3.890901231721335,3.0506643576276007,0.3353666298523902,2.79729368402948
8B,1294,4.5978820896361645,0.7515577032666446,3.846324386369519,3.046012084393525,0.3277540745910665,2.8093358927109335
8B,1295,4.737253615607921,0.7436994038841978,3.993554211723723,3.1220475024705197,0.33085457796427975,2.874301106298476
8B,1296,4.8458077872933245,0.7441761245604978,4.101631662732828,3.1497896513823256,0.3329892117784851,2.8971860835996326
8B,1297,4.74918868938941,0.7510609575217448,3.9981277318676645,3.0921464910657166,0.33728030052267033,2.8438483960029757
8B,1298,4.7117161670546555,0.7464300817657833,3.9652860852888736,3.050245837703035,0.3310611011104137,2.800920389177456
8B,1299,5.022520376758097,0.7680261002821726,4.254494276475924,3.1593379579240466,0.3239839830470868,2.917116389115944
8B,1300,4.656256009253215,0.7411763666972098,3.9150796425560053,3.090337403568592,0.3325908400341462,2.839368117233761
8B,1301,4.847168078119654,0.7345319954717655,4.112636082647889,3.2378987541218867,0.350363475342171,2.9681434777969966
8B,1302,4.7712593146154685,0.7367190473577347,4.034540267257734,3.2171094951218473,0.3475146996121964,2.954977757305271
8B,1303,4.737145965143625,0.7264886729655393,4.010657292178086,3.1852501498576284,0.348705811962795,2.9114240847027366
8B,1304,4.61680944414269,0.7456221959743291,3.8711872481683596,2.977377724203955,0.3229846029742551,2.737883014595637
8B,1305,4.694827642072676,0.7266268625095261,3.96820077956315,3.132607098822434,0.3527624358954167,2.86001896027049
8B,1306,4.667375194940914,0.7294329038172844,3.9379422911236306,3.0609409699429415,0.3415408088155434,2.799896473107024
8B,1307,4.666420771603349,0.7399334535619054,3.9264873180414437,3.175705030684192,0.33938612723436534,2.925974266024985
8B,1308,4.706024989035907,0.7142242176876972,3.991800771348209,3.2845774307363023,0.3636018416215335,2.9976072833048213
8B,1309,4.71173778254705,0.7272158109632164,3.9845219715838334,3.147725892099183,0.3525222102202929,2.8717017939083096
8B,1310,4.46767021723618,0.7349967397615479,3.732673477474632,3.0018145375760876,0.3389093426571826,2.7483990376639094
8B,1311,4.807390248144318,0.7536593951850524,4.053730852959267,3.1353168265608566,0.3324613691185049,2.893608664269814
8B,1312,4.674702038792574,0.7416651860388217,3.9330368527537525,2.9830284585780373,0.3326066863244822,2.731128738894148
8B,1313,4.829399215237996,0.7508441451219959,4.078555070116001,3.1991514723860495,0.3277744144847279,2.951785008508563
8B,1314,4.943016074760619,0.7646761989618278,4.178339875798791,3.122675620510232,0.3169516427019736,2.889340869167699
8B,1315,4.8402452714029405,0.7547336225211833,4.085511648881757,3.104373701606666,0.32070731142754383,2.8651877141694864
8B,1316,4.7756573939173625,0.7488591520352753,4.026798241882087,3.049995797491889,0.32919724983265963,2.80023065883591
8B,1317,4.697655976098557,0.7249320470399736,3.9727239290585836,3.1121815603823926,0.3503362807440447,2.8401447832657647
8B,1318,4.718325414650999,0.7491840567833743,3.9691413578676245,3.0601608428895593,0.32882462543567237,2.8135617358904415
8B,1319,4.862886701114097,0.7603995570095555,4.1024871441045425,2.987999885892613,0.3232107801895115,2.7404014011952307
8B,1320,4.735648329652047,0.7343331461244978,4.001315183527549,3.109151437497017,0.33275980308320174,2.8512908647494792
8B,1321,4.807765888928045,0.7610408442951462,4.046725044632897,3.0524680122184398,0.3233951752695037,2.81230983328829
8B,1322,4.819091881258472,0.7424684556520333,4.076623425606438,3.19946682864095,0.32829996999946043,2.9485471426693746
8B,1323,4.762987077373046,0.7432364642319103,4.0197506131411345,3.111970535180412,0.33807995123000933,2.8578179151209637
8B,1324,4.742315258125141,0.7180197633951754,4.024295494729966,3.280484085041166,0.3505180424211647,3.0062542049606757
8B,1325,4.772668899428604,0.7359340027084708,4.036734896720133,3.1473708361419357,0.3439039289923798,2.8839534917446112
8B,1326,4.8470872611634475,0.7523324708003868,4.09475479036306,2.990208766423836,0.33313790272849036,2.7318226912930452
8B,1327,4.862967667313841,0.7513282627544444,4.111639404559397,3.09958611616769,0.32795867738503237,2.8563431718058006
8B,1328,4.8712868620619,0.751303498881695,4.119983363180204,3.1095579729322553,0.3334587938640871,2.854808005464376
8B,1329,4.775587400959883,0.7367921964909219,4.038795204468961,3.100338718126403,0.33602888158942407,2.8423361655315826
8B,1330,4.830350631144702,0.7506688469272145,4.079681784217487,3.14246848507764,0.3382952832204787,2.8886240346193994
8B,1331,4.848078790775655,0.7416362405852668,4.106442550190387,3.105091624913403,0.33015809634693244,2.85462633471221
8B,1332,4.985696913056824,0.75700086032819,4.228696052728635,3.242784899245477,0.3324435079104516,2.993153561988546
8B,1333,4.895777388079023,0.7531218545434362,4.142655533535587,3.1613425443496297,0.33931503730965534,2.9050082884255093
8B,1334,4.775162872924675,0.7260572171166644,4.0491056558080105,3.257804903352385,0.34775675207828416,2.9833827213443422
8B,1335,4.771498468081281,0.7342107491883026,4.037287718892977,3.190806722416216,0.33814098443526125,2.932904662806688
8B,1336,4.9057790270917465,0.7489047173360753,4.156874309755671,3.202785454483253,0.33412081530607574,2.947646492401689
8B,1337,4.885122266486789,0.7565248377794883,4.128597428707302,3.090019020822693,0.3238565622401144,2.849731651286223
8B,1338,4.978411397264775,0.7778197416898653,4.200591655574911,3.1359068777323684,0.32587422578762876,2.9002804669287676
8B,1339,4.97827577771629,0.7502817722900965,4.2279940054261935,3.1903384022388774,0.3328002161065065,2.9338945027563974
8B,1340,4.830655573388445,0.7665764425096565,4.064079130878788,3.0192212628693693,0.3241756556429723,2.7868625348563905
8B,1341,4.8358824851593525,0.7413278055742044,4.094554679585148,3.194576154271708,0.34128683465663273,2.9329805419656236
8B,1342,4.881764730075121,0.7599970700341637,4.121767660040957,3.1144321643717507,0.3341441261269562,2.86609761533308
8B,1343,4.824250919473965,0.7525632424173935,4.071687677056571,3.052033718864202,0.32889244388542976,2.8050143468408275
8B,1344,4.87260255446217,0.7314034058479861,4.1411991486141835,3.224999560670678,0.3493422911546473,2.9527011502428726
8B,1345,4.900770435449292,0.7504919302160376,4.150278505233255,3.257312404481409,0.33745670236835723,3.0054141907350256
8B,1346,4.85448127251427,0.7447870334884387,4.10969423902583,3.109952402299313,0.328705605988587,2.853803997316706
8B,1347,4.915178941820199,0.7360747921724999,4.179104149647699,3.2283521616310153,0.34571434408206186,2.9591832233349056
8B,1348,4.958337517044201,0.7696619796657824,4.188675537378418,3.0578177136050875,0.3190990266587459,2.818376415606078
8B,1349,4.97476315354946,0.7532566029937363,4.221506550555723,3.134454351658837,0.3315049087183403,2.8811330609753463
8B,1350,4.765512394906309,0.7374506995603829,4.028061695345927,3.1915875922521537,0.3548823789760403,2.9217297260573707
8B,1351,4.738810076605765,0.7547688765812344,3.984041200024532,3.0125730917559146,0.32914735229176517,2.765147488229938
8B,1352,4.876402991919023,0.7559514622120332,4.12045152970699,3.0873451077447265,0.3354270718089627,2.831927184888742
8B,1353,5.049687028998656,0.7470424770822003,4.3026445519164565,3.242425199960666,0.3389088597829133,2.9815109625008365
8B,1354,4.9363823105670495,0.7547900556923687,4.181592254874682,3.18425637020048,0.33408061537742567,2.931778387348852
8B,1355,5.080513688643081,0.7578770560785609,4.322636632564519,3.175681109692224,0.3347815569525252,2.9187743388476792
8B,1356,4.793322133670159,0.7370825586110791,4.05623957505908,3.1295943824512187,0.33841042337035904,2.8681376087366415
8B,1357,4.884931564394697,0.7565880153956159,4.128343548999081,3.1840644434899734,0.3263801232389606,2.9430564671131014
8B,1358,4.991427514040837,0.7621690906474022,4.229258423393435,3.156513506272366,0.3214558961960941,2.917359512766784
8B,1359,4.866018475488587,0.7425339275436618,4.123484547944925,3.134992474152504,0.33345848506446807,2.875278959114942
8B,1360,4.825562316867046,0.7441492757512683,4.081413041115778,3.1929999988441975,0.3364797001042382,2.9390840089028147
8B,1361,4.854647475984976,0.7631707735208471,4.091476702464128,3.085131081563207,0.32353944120132583,2.84972440795143
8B,1362,4.961277176989596,0.7440545831171185,4.217222593872479,3.171428445186667,0.33899992031134435,2.9089026771592943
8B,1363,4.926102867951672,0.7537518012590042,4.172351066692667,3.104218833119503,0.32993293458750356,2.8502860455474717
8B,1364,4.878133390355748,0.7334823674802577,4.14465102287549,3.127398441015491,0.34261305746014953,2.857361410179506
8B,1365,4.8179878250824695,0.7479806303295529,4.070007194752916,3.079239338506979,0.33872572782626037,2.8213226529050206
8B,1366,4.761969074655541,0.752525360301791,4.00944371435375,3.0448017225328923,0.3213474511010673,2.808432463279187
8B,1367,4.7536714551783374,0.7482029111859981,4.005468543992339,3.14943221108717,0.33790591388348357,2.8975095313077004
8B,1368,4.924971523407072,0.75155645245024,4.173415070956833,3.131093393771744,0.3329372537196196,2.8756707081663784
8B,1369,4.951679398597087,0.7302878696786911,4.221391528918397,3.33282326465299,0.3499906136564373,3.057708863728163
8B,1370,5.033232361073984,0.7557828154533357,4.277449545620649,3.2381772548188175,0.32857875552152704,2.9871902367069563
8B,1371,4.788630549460627,0.7431973552329104,4.045433194227717,3.156173100024714,0.3339495465092636,2.900987874527486
8B,1372,4.803557636921031,0.7370192089276076,4.066538427993423,3.2026327788134883,0.34357288412885995,2.9384537387082323
8B,1373,4.892430101678183,0.7483890595957169,4.144041042082466,3.1381845092120972,0.33386150468958925,2.882814474980977
8B,1374,4.983780074894283,0.7595089053252133,4.22427116956907,3.107922027227833,0.33264316063060867,2.8521593736660846
8B,1375,4.774325743747804,0.7233306696630419,4.050995074084763,3.2840711330480326,0.35025243369032616,3.013113822846626
8B,1376,4.848276774977711,0.7379699401069051,4.110306834870806,3.233045922962526,0.3379103448658607,2.9776068790343713
8B,1377,4.838728526642288,0.7341761885860595,4.104552338056228,3.276480386634618,0.3520967411874362,3.0047717661475093
8B,1378,4.862992032653854,0.7367357159890625,4.12625631666479,3.2976545299425237,0.3525456092525236,3.0252631508217167
8B,1379,4.761672955891386,0.7429148858274094,4.018758070063977,3.1203901474399824,0.33113299561201753,2.8645423004038455
8B,1380,4.951131712393214,0.7437493446577091,4.207382367735505,3.320752559754989,0.343451641478158,3.0595973806898806
8B,1381,4.759521038665916,0.7335121956965898,4.026008842969327,3.1880145171528955,0.33221549044447746,2.9349214642186863
8B,1382,4.813189804993269,0.7425633776528175,4.070626427340452,3.190452142199187,0.3314396160313805,2.9404579593957547
8B,1383,4.757547436859968,0.742805955810871,4.0147414810490964,3.2400546498972402,0.3386911582873939,2.9859597134069693
8B,1384,4.859836140864523,0.7391865212236186,4.120649619640905,3.2124952350435785,0.34671242083821774,2.942822399646801
8B,1385,4.697719619524679,0.725444593596162,3.972275025928518,3.174573274664375,0.35033650670740507,2.9048530144858242
8B,1386,4.66632146037139,0.7242784356574266,3.9420430247139637,3.0743969819904047,0.34356686313448953,2.809787698094765
8B,1387,4.657802370035495,0.7128860058873676,3.944916364148128,3.132118828399202,0.35669028116947454,2.8480423584735
8B,1388,4.757635241382555,0.7330045992518596,4.024630642130695,3.239245476090171,0.34309775060421405,2.978731624504043
8B,1389,4.712828016515298,0.7374487780477453,3.975379238467552,3.149576871224612,0.34476444189679517,2.887625866695589
8B,1390,4.794973104546447,0.7438088330758363,4.05116427147061,3.1341596779168257,0.3355879275882723,2.8779522852557586
8B,1391,4.7750330030319015,0.7396981683284,4.035334834703502,3.1826154303310856,0.3349401647561548,2.9314287405536885
8B,1392,4.780190653966158,0.7489731486271133,4.031217505339044,3.0964543680424614,0.3360108119710818,2.844693584031891
8B,1393,4.841614400467862,0.749587117779206,4.092027282688656,3.0415143964983122,0.3328529582850758,2.7918778919762817
8B,1394,4.8899581463606,0.749883550721069,4.14007459563953,3.190912843115755,0.3297119267519658,2.941949065848257
8B,1395,4.839346844351717,0.7460750659308139,4.093271778420904,3.1843700255108085,0.3428413216157745,2.926745749429845
8B,1396,4.8962431875255685,0.7637950797746242,4.132448107750945,3.1067408805748014,0.3246908491487722,2.8673916811192863
8B,1397,4.867449769712751,0.7459902658740004,4.121459503838751,3.2241875511439364,0.33723946732311,2.971794197133065
8B,1398,4.889907805498045,0.7368523452891714,4.153055460208874,3.237953855021785,0.3435473389423357,2.971402057073812
8B,1399,4.837758942651036,0.7326708335074049,4.105088109143632,3.154177969684948,0.3483593292958246,2.882045413339724
8B,1400,4.9309349640829465,0.7656534728862201,4.165281491196726,3.107197488971311,0.3278831175589834,2.8624327433397307
8B,1401,4.841956818972088,0.746716141966404,4.095240677005685,3.14032457395089,0.33506715588418134,2.888871926169177
8B,1402,4.728630815551262,0.7324078707147816,3.9962229448364806,3.222879665825375,0.33568977958825313,2.965307977254181
8B,1403,4.69139188540816,0.7389361977258272,3.9524556876823334,3.0259546990358515,0.33516737850425277,2.7699332389863027
8B,1404,4.883423507464726,0.7305587782701518,4.152864729194573,3.298743476693288,0.34762209747178957,3.023631713607342
8B,1405,5.020512068184092,0.7444972728019204,4.276014795382172,3.2217960544051367,0.3422894856179979,2.9529787235401845
8B,1406,4.919476994743083,0.7526390995083131,4.16683789523477,3.226053595160164,0.33316450918822027,2.9745118100255667
8B,1407,4.737528536713406,0.7102909911906027,4.027237545522803,3.2877356523350327,0.34876517172285465,3.0094153737228
8B,1408,4.707262485458237,0.7255035029759779,3.981758982482259,3.272917777501391,0.3513164640449119,3.0060886639292654
8B,1409,4.796228418418721,0.7455369804887343,4.050691437929986,3.1670119840567876,0.34491563049924623,2.9082808149910107
8B,1410,4.806237421254078,0.7242057609166452,4.082031660337433,3.2635625103816737,0.348017973873419,2.9955151010079324
8B,1411,4.648488685846337,0.7253484716414913,3.9231402142048464,3.0842676881894207,0.33796904040536896,2.8242881291971753
8B,1412,4.770847553715959,0.7395201571579022,4.031327396558056,3.256119641283505,0.351464419187825,2.993365758977019
8B,1413,4.771315537415381,0.7558679011376088,4.015447636277774,3.1240732201545387,0.33638574720124326,2.8776907748283134
8B,1414,4.8858253402753,0.7612283127746818,4.124597027500618,3.1238834862832148,0.3189059445602643,2.887137974620433
8B,1415,4.787924052921151,0.7422627578741958,4.045661295046957,3.1793383985270554,0.33098729666053556,2.9310193559257174
8B,1416,4.710590078964962,0.7249165216771246,3.985673557287839,3.187506052590282,0.3434644215621081,2.921897101956934
8B,1417,4.768887579754939,0.72458682239396,4.04430075736098,3.2470732814740018,0.35198574952666944,2.9756795816205477
8B,1418,4.783172768698431,0.7331289591856757,4.050043809512754,3.1291887795363054,0.3379289242127944,2.8658133351169854
8B,1419,4.886928396022582,0.7413916818832241,4.145536714139358,3.202107950440642,0.33826831619691944,2.9447878068215383
8B,1420,4.824158383935683,0.7299797661044363,4.094178617831246,3.2477955986343345,0.35165357496115757,2.975501526890604
8B,1421,4.765343473163888,0.7355432161656538,4.029800256998235,3.1243982952869733,0.34453464055006044,2.8570881888539907
8B,1422,4.809306521503679,0.739332548169139,4.069973973334539,3.2041168077996427,0.3476516228556928,2.936154230939659
8B,1423,4.837564749117722,0.7411577686048304,4.096406980512892,3.17551041569505,0.3375148688738445,2.920643438613662
8B,1424,4.813906347422262,0.7392326023286363,4.074673745093627,3.173527060209093,0.3461382185261289,2.911450330366152
8B,1425,4.658176351361944,0.7285696310306731,3.929606720331271,3.143383750653862,0.3495917655205545,2.873671256533337
8B,1426,4.679389227146137,0.7301231497731074,3.9492660773730295,3.0812836420631546,0.34326326977227817,2.814360438584773
8B,1427,4.926574643907006,0.7503368413986932,4.176237802508314,3.160737066651196,0.3308486923026709,2.9114024551459807
8B,1428,5.077737213336601,0.7462643115417412,4.331472901794859,3.25056746535087,0.3378426886145355,2.989624536590467
8B,1429,4.952162403766042,0.7646950657432141,4.187467338022828,3.0780787239730203,0.31572402368281366,2.8430899579120523
8B,1430,5.004808079059847,0.7703622665604445,4.234445812499402,3.163082739723844,0.31716974095252953,2.9326826095094813
8B,1431,4.966367942272498,0.7577396109992953,4.208628331273202,3.1705762874662002,0.3330023594908015,2.922639108191293
8B,1432,4.90372626952055,0.7419470848538536,4.161779184666697,3.15247576131832,0.33468709638377925,2.894580512770676
8B,1433,4.773740107781807,0.7347165911268462,4.039023516654961,3.2024709292448956,0.34477439829195344,2.9400424074643117
8B,1434,4.804467969580664,0.7393156379349005,4.065152331645764,3.1852439853843793,0.3459292405827434,2.9202807777442583
8B,1435,4.761151125768409,0.7286215343977462,4.032529591370663,3.1952401064552536,0.3466171268058646,2.9247133946830797
8B,1436,4.787680839968608,0.7344894886202327,4.053191351348375,3.186662985596245,0.34079720667907143,2.9216696497362973
8B,1437,4.710825530362125,0.7372058604863891,3.9736196698757356,3.200579439222933,0.34041325770021236,2.946002199220932
8B,1438,4.780827257629713,0.7323140443562418,4.04851321327347,3.258842119709704,0.34728283941626426,2.9936756501500335
8B,1439,4.711121958596888,0.7247126760552356,3.9864092825416533,3.2022234122589226,0.35238993452714973,2.930763337538953
8B,1440,4.974642610597861,0.7455902272267493,4.229052383371112,3.3261350994594947,0.3499023518161677,3.0600808290452823
8B,1441,4.842126891903283,0.7448262396667886,4.097300652236495,3.187308738834942,0.34135078488032955,2.9275277410648863
8B,1442,4.669637520478415,0.7388286094582209,3.930808911020193,3.0937536410967144,0.33756678582255967,2.8353446274294445
8B,1443,4.896961367961106,0.7543264173292621,4.142634950631844,3.1729596171180203,0.3370244074662245,2.9225924387531768
8B,1444,4.855685738322244,0.7471649147808258,4.108520823541418,3.191516794238121,0.3342404641748771,2.938095968441576
8B,1445,4.931093523013234,0.7340468702200486,4.197046652793187,3.3278261703739096,0.3473684604634156,3.062214440205154
8B,1446,4.82362196111965,0.7380112092728288,4.085610751846822,3.1612959037052804,0.3370261957923329,2.9051130802434897
8B,1447,4.854242417351966,0.7328041965111359,4.121438220840829,3.21790961669262,0.3432950078749571,2.947390034356812
8B,1448,4.869247604534305,0.7294345284857797,4.139813076048525,3.31200417076486,0.35128231749812916,3.0397581527028956
8B,1449,4.947326807392634,0.7454150437120407,4.2019117636805925,3.3151906263383015,0.34444693298797385,3.0526252727005994
8B,1450,4.926537068485879,0.7511424282135984,4.17539464027228,3.195837068458246,0.3374773457639272,2.9365997913891433
8B,1451,4.802259957775688,0.7294793974145104,4.072780560361179,3.231173666046775,0.348851579033845,2.9624663555788215
8B,1452,4.867824886208962,0.7339693804555093,4.133855505753453,3.1854277902833044,0.35260113318299985,2.9052335749463523
8B,1453,4.870744387118113,0.7482169373736994,4.122527449744413,3.148728331319612,0.33474952326568436,2.8903166210883353
8B,1454,5.023553850769805,0.7597084281719555,4.26384542259785,3.2150849313665977,0.3332514421020088,2.9621668642641694
8B,1455,4.900992494066899,0.7359649345820858,4.165027559484813,3.2237422261973996,0.349002429595571,2.950998278380428
8B,1456,4.8627134269289165,0.7333729850369564,4.12934044189196,3.2840460182876203,0.3414402648421703,3.018127542519479
8B,1457,4.932217724928108,0.7349898896091359,4.197227835318973,3.2354486882991265,0.34087539040507603,2.9726308527384298
8B,1458,4.996281554594888,0.7367253934870018,4.259556161107886,3.297716041664602,0.3462060679729179,3.026898171670596
8B,1459,4.941985066486533,0.7632337857516588,4.178751280734874,3.2345382381903507,0.3323892718365057,2.985765852184795
8B,1460,4.935596087904804,0.7558015436405023,4.179794544264301,3.1236202682127816,0.33105749466780204,2.8715934010026194
8B,1461,5.086270643768072,0.7670007774251297,4.319269866342942,3.176443982865639,0.31923906450173917,2.9356442491695685
8B,1462,4.98887415383267,0.743241080018321,4.24563307381435,3.3423509029550167,0.34273492702558056,3.0753394592596663
8B,1463,4.987583084098086,0.7599255506249217,4.227657533473164,3.2115809486932707,0.32711751096211866,2.969149263569691
8B,1464,4.896359169260759,0.74128951863193,4.155069650628827,3.2156399347647313,0.3401916343828552,2.954622165749979
8B,1465,4.97716424457186,0.7389548016792498,4.23820944289261,3.231043439333746,0.34788974189736444,2.9585117133041696
8B,1466,4.883116165558327,0.7480709319778254,4.135045233580502,3.163372621740979,0.33114941522921537,2.9132530134955723
8B,1467,4.969768092247665,0.7572721091955251,4.21249598305214,3.169740370578626,0.3305123634341495,2.920954706988872
8B,1468,5.060522299139456,0.7601255675239135,4.300396731615543,3.1613460530794955,0.32619096538103576,2.9128387675019325
8B,1469,4.961461031313299,0.7457737208192069,4.215687310494094,3.240231864993006,0.3496303294737842,2.9743246711254727
8B,1470,4.900518781628801,0.738256978964505,4.162261802664296,3.3240357382397647,0.34441328408548144,3.064423964706905
8B,1471,4.958181213638704,0.7402078610965084,4.217973352542195,3.269840726907838,0.3456430688610193,3.0054088361462656
8B,1472,4.966784629893133,0.7302584568253049,4.236526173067827,3.3430060674749287,0.3513658600472408,3.067885250517176
8B,1473,4.861297534007805,0.7354751561474783,4.125822377860326,3.2329395435648673,0.3437222212775842,2.9656802353661513
8B,1474,4.924637319124311,0.7345384491754973,4.190098869948813,3.3097528146836486,0.3445360304681642,3.048332158812608
8B,1475,4.975080807275085,0.7456778209910353,4.229402986284049,3.2374895245136583,0.34098223570279446,2.977637861345909
8B,1476,4.978303078588608,0.7535147712451122,4.224788307343496,3.2232762733010736,0.33377547724007434,2.9722744739385654
8B,1477,5.040142518190423,0.745975090537246,4.294167427653178,3.27537449087416,0.3413735039023734,3.0139740369612404
8B,1478,4.9637413572772235,0.7509230968181244,4.212818260459099,3.220399809024001,0.33791257434307576,2.9665234059193435
8B,1479,5.0145560207494,0.756724162304402,4.257831858444998,3.2662173915860406,0.3334326546124669,3.0181385962317493
8B,1480,4.966800887416939,0.7353588020891882,4.231442085327751,3.244724252408603,0.3398466551523141,2.9764596164215247
8B,1481,4.9810819221953775,0.7457195495653124,4.235362372630065,3.273000281081172,0.3377994580103125,3.0144236290031925
8B,1482,4.944023494145172,0.7430314312080272,4.200992062937146,3.289676659342212,0.3411599930961148,3.0302632596580446
8B,1483,4.836308043602053,0.7490982217548853,4.087209821847169,3.2059183156951487,0.33580012583239166,2.953305050014991
8B,1484,5.026892951715015,0.7569859922686637,4.2699069594463515,3.27639062116875,0.3326503384823401,3.0222398765625584
8B,1485,5.041125755071756,0.7503878925024653,4.29073786256929,3.2612727764191582,0.3409882838780367,2.9981949151342726
8B,1486,4.988796900258602,0.7576536018830432,4.2311432983755575,3.202932639024514,0.33452354312808225,2.9499859354627818
8B,1487,5.127966784199031,0.772121763766295,4.355845020432736,3.130683446958534,0.3221375644685513,2.8862553243761293
8B,1488,5.03631145233827,0.764717863193593,4.271593589144676,3.175784769029455,0.32798533208656333,2.932540817108659
8B,1489,5.108325340090205,0.7515395517991426,4.356785788291062,3.3159086443109307,0.3325580018416694,3.058934254891798
8B,1490,4.9371476621154615,0.7400497444906398,4.197097917624822,3.246177747516619,0.33179384535909556,2.99122911360057
8B,1491,5.176140147681725,0.7791142218199796,4.397025925861743,3.1605280185722946,0.3175964814045746,2.928428528411048
8B,1492,5.203255709316029,0.7744904369025718,4.4287652724134565,3.2269256141566984,0.32019798224545076,2.985598806313565
8B,1493,4.998629946124293,0.7466522896136856,4.251977656510608,3.2105812495652426,0.3365345657143112,2.951258576433602
8B,1494,5.005006174927367,0.7438338409696704,4.2611723339576955,3.217208034658347,0.33251684176002505,2.9580613811741587
8B,1495,4.999529674279268,0.7395566775107302,4.259972996768538,3.3327513645272986,0.33750648912221,3.069673734979883
8B,1496,5.0300006710028695,0.740561061605815,4.2894396093970535,3.2307287800772477,0.3403710226985889,2.9657377353392786
8B,1497,5.024447976974683,0.7353105166719802,4.289137460302703,3.3214844553251,0.33931305210897444,3.05570144556736
8B,1498,5.012539086248988,0.7505140700709153,4.262025016178072,3.2772833885349795,0.33137929777826597,3.0262917940629226
8B,1499,5.05651492789049,0.7643694753297918,4.292145452560699,3.115895232754738,0.32804619655026246,2.870729572313114
8B,1500,4.959483122171041,0.7561571050715196,4.2033260170995215,3.2025933725661218,0.33571378475331315,2.949158352649525
8B,1501,5.029201729922431,0.761680607176148,4.267521122746285,3.16450421252748,0.32329795915564097,2.9237591032062937
8B,1502,5.118467959786152,0.7601420093647067,4.3583259504214436,3.276175882644965,0.3262078719491465,3.031626874941924
8B,1503,4.964162048040451,0.7412810338831066,4.222881014157344,3.2491796013233674,0.3396765357144484,2.985277063356712
8B,1504,4.991585795344243,0.7613454880951797,4.230240307249063,3.183399963518664,0.32300893954480125,2.9463714640417997
8B,1505,5.125882276967696,0.757140540715435,4.368741736252261,3.170301916768435,0.3393698827064798,2.9060864207050745
8B,1506,5.019205020955835,0.7674550298069898,4.251749991148844,3.120500099308181,0.3267389233196698,2.877332126739995
8B,1507,5.0331323280566105,0.7545393340722905,4.2785929939843195,3.2152145890886312,0.3326321885447967,2.9602985454480044
8B,1508,5.227267111226358,0.7630156002762171,4.46425151095014,3.284716704170703,0.33033067907065555,3.032161330789444
8B,1509,4.966516941963913,0.7471483555343847,4.219368586429528,3.1836569361629317,0.33666548252496176,2.9232271882804812
8B,1510,4.988126525995781,0.7553950976937919,4.23273142830199,3.1666105815095165,0.32515756361286896,2.916730313702084
8B,1511,4.928116447663165,0.7442703117397602,4.183846135923405,3.2182298916304095,0.34289285808987924,2.957364957487432
8B,1512,5.064941946493925,0.7566842447901836,4.308257701703742,3.2329714695348826,0.3335441972821548,2.979398067638523
8B,1513,5.103277123046505,0.7602507910305962,4.343026332015908,3.176803252856592,0.3264652558492456,2.924820274732964
8B,1514,5.0166514453079145,0.7512881247214754,4.26536332058644,3.2312880853294557,0.3353343529072861,2.9753933547290736
8B,1515,5.068294805531801,0.7627032329838374,4.305591572547963,3.2933974618828894,0.3331213545097298,3.045325747946665
8B,1516,5.003150436703989,0.7606901916979829,4.242460245006004,3.118597177527463,0.3284236795128976,2.8724253964845055
8B,1517,5.0102369332854195,0.7512080955516104,4.259028837733808,3.2223508790701145,0.33773321491108516,2.962830382765187
8B,1518,4.943579373877346,0.7319116105661858,4.21166776331116,3.2847177967717602,0.3538642143060817,3.0060619688164887
8B,1519,5.023501568930456,0.7516424941817793,4.2718590747486775,3.1954879503635145,0.33243152976431095,2.941373428171362
8B,1520,5.044568587409087,0.7670259957575575,4.27754259165153,3.1954942038399996,0.32959152554606636,2.9545389271420968
8B,1521,5.10534089568081,0.7748995348562043,4.330441360824605,3.1141250332774493,0.316620408251049,2.8848204878727217
8B,1522,5.003374172312772,0.7395026447010252,4.263871527611747,3.3437456311930482,0.34679033920072894,3.0795464390689196
8B,1523,4.9388660300301055,0.7381764320343888,4.2006895979957175,3.264167095203615,0.3421780235296999,3.0003395197502165
8B,1524,5.005429842915124,0.7536568748911974,4.251772968023928,3.2909748492177777,0.3425847420589258,3.034459627076528
8B,1525,4.893260679242749,0.739121971441848,4.154138707800901,3.3115633861832623,0.34854730221973274,3.044764599561701
8B,1526,5.032675417878733,0.7411632433771086,4.291512174501623,3.29930658597563,0.3416342763830635,3.0361362312439706
8B,1527,5.153669456861105,0.7690837190375457,4.384585737823561,3.217317726391064,0.3241201351940784,2.977235451017566
8B,1528,5.004449532797717,0.7348491015964118,4.269600431201305,3.336295193182178,0.34489480364202746,3.061290151158224
8B,1529,4.949576133961615,0.7493957792842632,4.200180354677352,3.1975663737145257,0.33790796694861586,2.9424213469535396
8B,1530,4.9471850946501075,0.7448001924662793,4.2023849021838275,3.292460929002526,0.3406325012493293,3.038059622370322
8B,1531,4.9055064719929815,0.7402664354851548,4.165240036507828,3.2886456636157284,0.3408381763973611,3.02917367088786
8B,1532,5.025353470625392,0.7520642051343961,4.273289265490997,3.28103573746395,0.33321015052674796,3.0234939285362463
8B,1533,4.798667397543469,0.7384778859545164,4.060189511588953,3.261505230754059,0.33596510904003535,3.011066290562195
8B,1534,5.124161558713586,0.7566542164554696,4.367507342258115,3.2155621237029215,0.335843491413463,2.9624898448076475
8B,1535,5.136523544302381,0.7372013741152598,4.399322170187122,3.4235049660655443,0.34638370589578704,3.1500424666255245
8B,1536,4.87810543826568,0.7418774654836819,4.136227972781998,3.253541429835482,0.3356849395645357,3.000210079645795
8B,1537,4.91404835785613,0.7370452116770531,4.177003146179076,3.312804915766174,0.34143037572957297,3.053675437559906
8B,1538,4.901475835636754,0.7400261291551462,4.161449706481607,3.235637420333159,0.3441267866560545,2.9687011632093387
8B,1539,5.09242467898019,0.7686788919170429,4.323745787063147,3.2013142456496375,0.3300567293895123,2.9535828862510742
8B,1540,5.081522319278725,0.7689071838397857,4.312615135438939,3.273061046595926,0.32192853300761914,3.035125926768325
8B,1541,5.039258717202408,0.7630930079377333,4.276165709264673,3.189338434574432,0.3209450270296156,2.9487191594469717
8B,1542,4.79101307060687,0.7351865731022073,4.055826497504662,3.1268975849748633,0.3434498131765863,2.8610388769937476
8B,1543,4.854496749188114,0.7493936352191712,4.105103113968943,3.092943123298525,0.33005524697203453,2.841293895036954
8B,1544,4.861428736456073,0.7381760635782559,4.1232526728778165,3.2605584429298227,0.3329168332817571,3.0117779267091795
8B,1545,4.934745227127745,0.7480274616427748,4.18671776548497,3.173873514520258,0.3343504226311719,2.917123972501
8B,1546,4.904917974837748,0.7548468280853692,4.150071146752379,3.124089882079515,0.3294435953242834,2.8790277616435533
8B,1547,4.910570037656935,0.7572913335300968,4.153278704126839,3.2381639398814825,0.33180688845334927,2.99496512291095
8B,1548,4.857588371921789,0.7382462723326845,4.119342099589105,3.216421555244821,0.34039597660742554,2.960707116703116
8B,1549,5.076363687161472,0.7505850109933349,4.325778676168137,3.3286979815040323,0.3398538638105141,3.071053794425563
8B,1550,5.102659925593442,0.7429558094904009,4.359704116103041,3.3284138200816566,0.34018659511678206,3.059873486759918
8B,1551,4.8346954046288735,0.7352647752154267,4.0994306294134475,3.2685670907889257,0.3457109050329277,3.0048957841620183
8B,1552,4.891793240479348,0.7397948949857799,4.151998345493569,3.2586804680728387,0.33969912835624655,3.0011871785862656
8B,1553,4.990246240405837,0.7493911228904909,4.240855117515346,3.2469046906047723,0.33295405725282884,2.993687315391911
8B,1554,4.999019402699401,0.748967398508198,4.250052004191201,3.266867290030487,0.3370304892003484,3.008805541292289
8B,1555,4.894130483558676,0.7333771599031038,4.160753323655572,3.3749664967677377,0.34639031296620365,3.108089122860863
8B,1556,4.866486487088921,0.7399813059140727,4.126505181174848,3.159956040639345,0.34614217862553026,2.8962496183582664
8B,1557,5.010125317394293,0.7456858282259108,4.264439489168383,3.1963299709498845,0.3319722171479974,2.9401151683165914
8B,1558,4.949465401045489,0.7394179849881167,4.210047416057373,3.240930444918581,0.33861752910638987,2.979583531811978
8B,1559,5.227510036231155,0.7510030176341549,4.476507018597,3.3552714646480597,0.3404878736921485,3.089875356516806
8B,1560,5.047409688701707,0.7536326189647005,4.293777069737006,3.2284381261235047,0.3385328976430301,2.969565695350434
8B,1561,5.06688023997773,0.760635435383084,4.3062448045946455,3.2935376581075637,0.32903844187416603,3.0454249789350256
8B,1562,5.023757805546658,0.7535795640997043,4.270178241446953,3.1908654656263935,0.3371471040173672,2.9329041892643044
8B,1563,5.1011364717455905,0.7610324677192125,4.3401040040263785,3.2318259922678796,0.33244814781796467,2.9834124632107044
8B,1564,4.902776725491687,0.753821633334037,4.14895509215765,3.1726546486816525,0.32953069793652184,2.9249838748693437
8B,1565,5.0075223536171,0.760487889138952,4.247034464478147,3.1280307021050926,0.32639967032565853,2.8797232928960876
8B,1566,4.900661642607447,0.7562954790828214,4.1443661635246265,3.083602623263401,0.3290899012293468,2.835509981214506
8B,1567,5.142937975559201,0.7522575038245536,4.390680471734648,3.3283649962761737,0.33995284938251435,3.064320601565442
8B,1568,5.094348011204096,0.749740680109123,4.3446073310949735,3.2608740263549345,0.33471237946254007,3.002245736776802
8B,1569,5.028985274282826,0.7535788708832847,4.275406403399541,3.309485929732704,0.33256492846759095,3.0638567216722414
8B,1570,4.9632758344506005,0.7440645713722032,4.219211263078397,3.2051360903823203,0.3361955816270854,2.947924481699259
8B,1571,5.010315201616073,0.7579499500062803,4.252365251609792,3.2382733672789636,0.33286048023260073,2.9891914942394693
8B,1572,4.973581448022749,0.7390158154268738,4.234565632595875,3.2859548030815104,0.3443333167530317,3.022046436222989
8B,1573,4.842461668764781,0.7396768758186719,4.1027847929461085,3.2162265673749326,0.3396732136220345,2.9614750522973283
8B,1574,4.9836978796592355,0.753815596232502,4.229882283426734,3.152593347172714,0.3288463836238847,2.89854467206224
8B,1575,5.112751936507106,0.7481823407812694,4.364569595725836,3.265079443940227,0.33783216721494924,2.9994359046069836
8B,1576,5.050795215982258,0.7552336887800633,4.295561527202196,3.249773468496333,0.3333486708078456,2.993278495000569
8B,1577,4.95337034902849,0.7458098502169913,4.207560498811498,3.242389437899736,0.33762908762531696,2.983500374987939
8B,1578,4.95526428445684,0.742800635872982,4.212463648583857,3.2129194724437364,0.343336360848707,2.9483776929086924
8B,1579,5.017620684213944,0.7600819007889421,4.2575387834250025,3.1794399766330708,0.33553247106028167,2.9267486703327648
8B,1580,5.000173066043396,0.7524096779405705,4.247763388102825,3.1689108199975204,0.3331602673110826,2.9147087848935187
8B,1581,5.09194374791076,0.7620476452581538,4.329896102652607,3.1920579729306016,0.33275939049392544,2.937738176706303
8B,1582,4.911538044399247,0.7574524078086451,4.154085636590602,3.0910356193462634,0.32126856042206026,2.8471420586559946
8B,1583,4.8513514437055685,0.7479306210712143,4.103420822634353,3.1532117202867664,0.3354117398814539,2.9002197794926428
8B,1584,4.94559075125074,0.7550988904647109,4.190491860786029,3.1364113893054855,0.32212561925924066,2.892149817313528
8B,1585,5.020946771390787,0.749076948096029,4.271869823294758,3.225356680019791,0.3285875657713357,2.9749531260131707
8B,1586,5.092438791209529,0.7492038280714557,4.343234963138074,3.2694654485384955,0.34202529360584843,3.002052210981727
8B,1587,5.030970543992957,0.7498578728914856,4.2811126711014715,3.281144811324103,0.33691128407722676,3.021834044283805
8B,1588,4.998696001991602,0.7487638745643083,4.249932127427294,3.243808853699399,0.3361039087414758,2.9888921319353345
8B,1589,5.010516151879561,0.7408587002058861,4.269657451673677,3.3235470135953413,0.3409930077767578,3.063385843926827
8B,1590,4.998120047792558,0.762456217627495,4.235663830165063,3.11683590543439,0.3244915383980719,2.8716016588853552
8B,1591,5.2446581600672975,0.7663458765252178,4.478312283542079,3.1597023710697094,0.32837620398790457,2.905554490641865
8B,1592,5.016271246836533,0.7446802777893814,4.271590969047152,3.160261193227463,0.3351620477772629,2.897589185119286
8B,1593,5.025559326133329,0.7561322334225621,4.2694270927107665,3.148734688953705,0.32924970519308683,2.898046057601737
8B,1594,5.1913759214609225,0.7668190350959239,4.424556886364998,3.2090205656119077,0.32418080730672905,2.962864496739726
8B,1595,5.247615577250403,0.7699238881522392,4.477691689098163,3.3301228708167727,0.3259632832009363,3.0902229924366402
8B,1596,5.02279068923396,0.7571037209471149,4.265686968286846,3.2432356007543532,0.3280253669633234,2.995839089910018
8B,1597,5.004407882759435,0.7545441367236041,4.249863746035832,3.1629292020085287,0.34507983621823957,2.899732033238899
8B,1598,5.18739720815004,0.7646654182431756,4.422731789906865,3.254895797146276,0.3273778539437245,3.0079738508543388
8B,1599,5.262680454256768,0.7614258358039837,4.501254618452785,3.224155808827859,0.32836385101147764,2.970653994158272
8B,1600,5.085262228923988,0.7624837970299009,4.322778431894088,3.265750833108477,0.33482162788316067,3.014960230373843
8B,1601,4.885930002342376,0.7440229905791869,4.141907011763189,3.1566076616195127,0.33325133836757137,2.8996649977257136
8B,1602,5.043409730433931,0.7549379678075885,4.288471762626343,3.2721276891622972,0.34049546449201257,3.011929994665383
8B,1603,5.156976894848115,0.7579370914149112,4.3990398034332046,3.228690505225139,0.33410863337759944,2.968159986779423
8B,1604,4.9854738021628835,0.754231571654878,4.2312422305080055,3.175741777257791,0.3319102566009281,2.9252960446669793
8B,1605,5.0602284003027656,0.7535978581138809,4.306630542188883,3.2363775707868934,0.34186545285273523,2.972871459201438
8B,1606,5.227531878434211,0.7702564494069641,4.457275429027245,3.200311486378246,0.32633000804672724,2.95165761249793
8B,1607,5.089856581040045,0.763452821592757,4.326403759447286,3.1823901404940242,0.3327889774326523,2.928774068434058
8B,1608,4.995444193653567,0.745407557785026,4.250036635868541,3.2165827119002044,0.3407976534134189,2.9525055110378564
8B,1609,5.057033151834643,0.7485066744491319,4.30852647738551,3.3054148389481046,0.35356033124827607,3.032862460384754
8B,1610,5.219905821151233,0.7751537376211884,4.444752083530044,3.2892858886320235,0.32546974625052794,3.0490599632481046
8B,1611,5.1263349805858,0.7645112470741441,4.361823733511654,3.213283713534446,0.3245825138908716,2.9691560506308416
8B,1612,5.183397101620668,0.7695182584773769,4.4138788431432925,3.1374789122210167,0.32908213333037806,2.8872961019141115
8B,1613,4.94128472579831,0.7614898316109899,4.17979489418732,3.1562252488992613,0.32959010364445535,2.9095454914935357
8B,1614,5.172494735326256,0.7824562268709446,4.390038508455312,3.1102596620313183,0.3080798610370026,2.8802449221652187
8B,1615,5.149000579821612,0.7713881463985797,4.377612433423033,3.1325030201736466,0.32531354159476017,2.8880556320739257
8B,1616,5.17124006420075,0.7777071770121948,4.393532887188555,3.0832500557858613,0.31438297353965433,2.846130068720172
8B,1617,4.985938243705439,0.7648920003258627,4.2210462433795755,3.1772020613614154,0.3128199453258319,2.9479598951427266
8B,1618,5.039556328339444,0.7607535249815772,4.278802803357868,3.1612358873431425,0.32284592783701777,2.9192354307645565
8B,1619,5.037394175769923,0.7691148200141996,4.268279355755724,3.123501607665963,0.3128615648922359,2.890083337373914
8B,1620,5.152494103470489,0.7776978677782963,4.374796235692193,3.0817040206008763,0.31590919915130755,2.844889642955905
8B,1621,4.865484352955404,0.7394788140684311,4.1260055388869725,3.244510605075635,0.34218327555966294,2.9828922683849997
8B,1622,4.95630216905516,0.7485858468874524,4.207716322167707,3.215601975469881,0.3321194161902009,2.9629282200664706
8B,1623,4.891763959876206,0.7475488032345815,4.144215156641625,3.224981364960136,0.33092850570867693,2.979061021135249
8B,1624,5.032505344861875,0.7522038192062216,4.280301525655653,3.222098910942905,0.32892770698751383,2.9728645552816273
8B,1625,5.087540767692852,0.7536489888613682,4.333891778831484,3.18984996819083,0.333511355426498,2.934840859113512
8B,1626,5.257502937640455,0.7837382552936322,4.473764682346823,3.2275611232787225,0.3129487608626808,3.000287620577821
8B,1627,4.932992008070586,0.7516104663392557,4.181381541731329,3.161858251775069,0.33272528197499107,2.9057327609839616
8B,1628,4.82642791970614,0.7418258591894632,4.084602060516678,3.1882336187891775,0.329048195995849,2.9378532312644383
8B,1629,5.00504929719221,0.7538466004392329,4.251202696752976,3.1751378229775584,0.3420949599392147,2.913777556994376
8B,1630,4.922589961387401,0.737255345539789,4.185334615847612,3.274195617797025,0.3477029222323783,3.0051789237587556
8B,1631,5.106180887879829,0.7696685613519672,4.3365123265278624,3.1445198460527948,0.32101744732158743,2.9044305892818363
8B,1632,5.146900868680097,0.7532964288786274,4.393604439801469,3.280201928803787,0.34508292519863665,3.014459652521451
8B,1633,5.101662392741786,0.7550990424670517,4.346563350274733,3.2503383496754004,0.33314840063218104,2.9988294571870604
8B,1634,4.896903291234708,0.7339324266580051,4.162970864576703,3.256600829834677,0.34251355960374547,2.991761728386952
8B,1635,5.0942084052016146,0.7601400385607993,4.334068366640815,3.2014435637616123,0.33239355579635826,2.948378425837204
8B,1636,5.086441999160894,0.7542830519552022,4.3321589472056905,3.256344492122219,0.33728028783117175,2.997569195299733
8B,1637,5.084182414373492,0.7657422497672081,4.318440164606283,3.1335976455860868,0.31768916120699586,2.8925927766018344
8B,1638,5.11518879823186,0.7534820126266557,4.361706785605205,3.338259942429551,0.3417789833352912,3.07930950875868
8B,1639,5.2316394699682425,0.7545225363920249,4.477116933576217,3.2847844482102673,0.3343897290329236,3.0219901749935176
8B,1640,5.0727877234013246,0.7624646719066298,4.310323051494695,3.200998812636673,0.3315942263470398,2.95188193326721
8B,1641,5.123524222117429,0.7656123470095114,4.357911875107917,3.228508444327808,0.32054275621303807,2.9870561596763694
8B,1642,5.237784799107231,0.7607924928500598,4.476992306257171,3.1832511632928586,0.32582812295953917,2.92765901020372
8B,1643,4.957146984318838,0.7417146904561406,4.215432293862697,3.2571071570207386,0.3372834496617506,2.9979664263492203
8B,1644,5.119530370270949,0.7684136659636904,4.351116704307258,3.266237044326778,0.3264690964909416,3.0224421053518253
8B,1645,5.026752817963549,0.7624836131675465,4.264269204796001,3.1847986218160025,0.3224329201291497,2.9386700964828862
8B,1646,4.966447342457851,0.7538966796540604,4.212550662803791,3.2102750911786555,0.3303838838813489,2.9628122190226462
8B,1647,5.166353249824595,0.7620605224847148,4.40429272733988,3.257506705636209,0.34117677714674094,2.995982045287177
8B,1648,4.9067924172734525,0.75025015562272,4.156542261650733,3.166350184855859,0.33908912979971445,2.9118917329096456
8B,1649,4.984440353912973,0.7484683476515435,4.235972006261429,3.2829831061761827,0.3356377834458582,3.0247562233547796
8B,1650,4.995542082725191,0.739521639674963,4.256020443050227,3.280353961079071,0.3435910838108086,3.011224584443753
8B,1651,4.7935769411332405,0.7362932730221279,4.057283668111111,3.2140978029498006,0.3364314967713564,2.961246457664105
8B,1652,4.938596022231046,0.7398415236173206,4.1987544986137255,3.217554538213127,0.3399362432078423,2.9546525092687004
8B,1653,4.913887495370462,0.7209675645897863,4.1929199307806755,3.292577119467387,0.3534656879730096,3.0091360140255228
8B,1654,4.942025010315823,0.742695781224199,4.199329229091624,3.2181580088228197,0.3465370494531941,2.949482164426392
8B,1655,4.965761347779056,0.7399683476578897,4.225793000121166,3.305368632570776,0.3425506918956437,3.0466147424054424
8B,1656,5.029310264342144,0.7582348410665108,4.271075423275635,3.174445724855865,0.32740976311239467,2.925211779707969
8B,1657,4.820348339795357,0.7342619290460495,4.0860864107493065,3.2148754205012975,0.3392644877334244,2.9544722249510262
8B,1658,4.972419794541401,0.7410796230611215,4.231340171480278,3.2856225875390765,0.34012462069295973,3.025340721908962
8B,1659,5.1229425456072315,0.7497848261902925,4.373157719416939,3.2428516858742613,0.3385066153163937,2.9770097670608076
8B,1660,4.81698746372459,0.7357658642994227,4.0812215994251675,3.2246614094485624,0.33665512746812293,2.966174062530779
8B,1661,5.020937219583575,0.7529656970018447,4.267971522581729,3.2277533600897748,0.3359758243180815,2.9697244133671514
8B,1662,5.0834907516571235,0.7554380369938923,4.328052714663232,3.176550035756739,0.3295034548027986,2.923344870030544
8B,1663,5.084792344042177,0.7739447914416563,4.310847552600521,3.1662108552184924,0.3133368639051082,2.935959659188022
8B,1664,5.154151576688028,0.746906450825219,4.407245125862808,3.272791968246971,0.3339825493058403,3.0093781787238867
8B,1665,5.183218959704517,0.7688173420447371,4.414401617659782,3.223243122428917,0.3198196914730343,2.9845863182879486
8B,1666,4.948591632986631,0.748569595077838,4.200022037908792,3.2137072524682644,0.3379067190754327,2.956496141391208
8B,1667,4.936976614678195,0.7523527271834516,4.184623887494743,3.1571654792912582,0.3300702900615159,2.9098777689430464
8B,1668,4.973154064124524,0.7455934897806219,4.2275605743439035,3.2384672347113974,0.3314682002551478,2.9881502710646264
8B,1669,5.206834143265996,0.7621677220590041,4.444666421206993,3.2548316044671766,0.3248515007522655,3.004213146493557
8B,1670,4.9602593918388065,0.7554655711871682,4.204793820651639,3.1786471301555537,0.3271061225709463,2.9351760334564694
8B,1671,5.285994344120114,0.7758772431407001,4.510117100979415,3.2196517321965326,0.32062914005702514,2.9784386186296667
8B,1672,5.046631882653287,0.7499325145807989,4.296699368072488,3.246636358531644,0.33619118909298973,2.9817114893234944
8B,1673,5.177509282871666,0.7771858653852702,4.400323417486396,3.219114116969552,0.3173652639729518,2.9889915670663982
8B,1674,5.286756078721197,0.7668988862026087,4.519857192518588,3.261415583645122,0.3317191176250986,3.010610073214589
8B,1675,5.2301487537631095,0.7733075344774794,4.4568412192856295,3.319478943095817,0.31725409587136705,3.087725810317637
8B,1676,5.049350981607444,0.7486370469727707,4.300713934634673,3.289562583905769,0.33535133148185325,3.027275984785022
8B,1677,5.069863071753894,0.7610573652702569,4.308805706483637,3.1648627998308774,0.32866024760678203,2.9184837881490764
8B,1678,5.102023000034654,0.7637168715080099,4.338306128526644,3.154286270616431,0.32441516751839333,2.911072403103209
8B,1679,5.012953714017727,0.7501542780130307,4.262799436004696,3.222760926133623,0.33461055948487345,2.9650247030194454
8B,1680,4.957623215203897,0.7449449597438884,4.212678255460008,3.1972140750629894,0.3426456020287899,2.9390380283758226
8B,1681,5.07028906551905,0.7448455161700168,4.325443549349033,3.3092786194403527,0.34140113603501876,3.046295046514428
8B,1682,4.918982255524814,0.7479576839124844,4.17102457161233,3.185871744454374,0.3370337908159519,2.9320993397625172
8B,1683,5.011920917400239,0.7521196045046233,4.2598013128956165,3.352380289636558,0.3442775538021924,3.0927740136367023
8B,1684,4.859061014969527,0.7320089135078034,4.1270521014617225,3.2291687438264294,0.3415659947119791,2.9602760596420796
8B,1685,5.176507944420594,0.7492279937647665,4.427279950655827,3.3909393113547805,0.34309343832570777,3.1274330919388866
8B,1686,5.099054591702443,0.7536578065895511,4.345396785112892,3.292727517978484,0.3448280317206694,3.027938666794275
8B,1687,5.160403514915061,0.760123309308411,4.40028020560665,3.259294232705242,0.33771788115213924,3.000946190167919
8B,1688,5.180456439207413,0.7616862483308433,4.418770190876571,3.317100993142668,0.33786157773901665,3.060731547092861
8B,1689,5.036551894636723,0.75128614809215,4.285265746544572,3.262407621210543,0.3416611973208573,3.000643324020094
8B,1690,5.028231919146343,0.7500052599233348,4.278226659223007,3.2334599974638047,0.34935392497454204,2.9612545899774556
8B,1691,4.978201228541213,0.7386871303203848,4.239514098220827,3.2033456919779995,0.34619492454594053,2.9299171715025674
8B,1692,5.1815545181079665,0.763433071476067,4.4181214466319,3.290656197125632,0.33857379910686725,3.0295103645763923
8B,1693,5.0021846087734,0.7433401108606614,4.258844497912739,3.2685302091947,0.34696779114667287,3.0014835198553493
8B,1694,5.135482409307491,0.7588909352058533,4.3765914741016365,3.235271838829873,0.33108993769718204,2.9843378863633947
8B,1695,5.201670450465629,0.7670654272685368,4.434605023197092,3.1891444565904328,0.32983651276703874,2.9327049154576024
8B,1696,5.1541605443916705,0.7650128334544337,4.389147710937237,3.237254136302372,0.33504382615503053,2.9799521131154925
8B,1697,5.222883100674471,0.7561801726995995,4.466702927974871,3.317290408472758,0.33500822739611225,3.0574410547937085
8B,1698,4.876249784913784,0.7415472075455963,4.134702577368187,3.135586495659099,0.3362446688769633,2.8777591319809406
8B,1699,4.867597587160304,0.7375531043006321,4.130044482859671,3.2191720899129597,0.3450778412076624,2.953404865787046
8B,1700,5.006453471941662,0.744123568469894,4.262329903471768,3.291460687453605,0.3419917267718614,3.0280989571509918
8B,1701,4.952179792499633,0.7354512846088037,4.21672850789083,3.3214570514415303,0.34660608351300404,3.0519332475174634
8B,1702,5.044334448636542,0.7390114670319895,4.305322981604553,3.276199642972141,0.343032537987096,3.010108756473488
8B,1703,5.020091458574702,0.7612350542995971,4.258856404275104,3.1838133270341427,0.33566378483071146,2.933253320804611
8B,1704,5.054121429859023,0.7476878027833388,4.306433627075683,3.2829706416951185,0.3416685859819485,3.021945690887557
8B,1705,5.1330286288058415,0.7490997117065991,4.383928917099243,3.2893249989021824,0.3335566843050187,3.030398897125932
8B,1706,4.896755882956521,0.7276951138389465,4.169060769117576,3.330275709119999,0.3520186036677697,3.0520302426885313
8B,1707,4.9824180916791985,0.7451075977444556,4.237310493934743,3.173930800259041,0.3374764588638245,2.9120166692463467
8B,1708,5.194252055444116,0.7729740881021201,4.421277967341996,3.282414341820878,0.320617646031336,3.0452220629516007
8B,1709,5.146240053527305,0.7692235649804489,4.377016488546857,3.292720732648818,0.3260382450126822,3.0514531385379393
8B,1710,5.099509163363357,0.7660851009467927,4.333424062416564,3.2518921178262086,0.32853692310535165,3.0063638581177203
8B,1711,5.029506388871413,0.7482126887489058,4.281293700122507,3.236146121480476,0.3281309743771448,2.98073227693602
8B,1712,5.167724673735409,0.7520629967018272,4.415661677033581,3.3002098733163314,0.3399316812755348,3.0385691904885967
8B,1713,4.9808327789918545,0.7410601680656889,4.239772610926167,3.2845044828987797,0.34965352349846485,3.0153749333778674
8B,1714,5.073591321261291,0.7402236942689987,4.333367626992292,3.37090739935884,0.33957992629526723,3.1049884790608946
8B,1715,5.079562098715543,0.754374543278339,4.325187555437205,3.2883205674774953,0.33209492472858815,3.035526033596509
8B,1716,5.221298184920155,0.7676799943022806,4.453618190617876,3.2429743477857387,0.32736521454594397,2.9985055321459417
8B,1717,5.05959967128362,0.7637083803188861,4.295891290964734,3.1966969945191077,0.32650606722992565,2.9523138368315642
8B,1718,5.135276342568265,0.7585871487614205,4.376689193806843,3.2425391234752445,0.3281681090918086,2.9883715655690293
8B,1719,5.052448277621253,0.7527173806009456,4.299730897020307,3.2264387209620162,0.3310980677760583,2.9709925432009228
8B,1720,4.971576590415169,0.7461059996076179,4.22547059080755,3.2540479264780204,0.33690397371037006,2.994244556859852
8B,1721,5.050949425871142,0.7538333758850112,4.297116049986132,3.262522427361246,0.33874426122525664,3.006152295348439
8B,1722,5.070321667708578,0.753610404698614,4.3167112630099655,3.234356733581572,0.33453945425431725,2.9744656287805773
8B,1723,5.081166177240578,0.7504945903081736,4.3306715869324055,3.213890271401072,0.3403486669073084,2.9522282764992003
8B,1724,5.106963834889115,0.7545435506651019,4.352420284224013,3.290776642938829,0.3402158578928751,3.0324601269719955
8B,1725,5.379955939376054,0.7859857013826606,4.593970237993393,3.167877733812369,0.30742676806809777,2.939746669424211
8B,1726,5.28206177351564,0.7773521424510907,4.504709631064549,3.2321828014669816,0.31997697156531835,2.991589963305722
8B,1727,5.131729564681047,0.744785028564533,4.3869445361165145,3.297066578739832,0.3396452614748442,3.0286840723513095
8B,1728,5.260479836120853,0.7665156618361388,4.493964174284714,3.2235754027357584,0.3178279520255905,2.9830321535051953
8B,1729,5.187552091228388,0.7645785366880044,4.422973554540383,3.251233278079719,0.3240176244666092,3.006611374177518
8B,1730,5.106788551155803,0.7496740350736741,4.357114516082129,3.326438940689876,0.3433358624309968,3.059745201762166
8B,1731,5.136891358084522,0.7669354419751975,4.3699559161093235,3.171460038010512,0.31834587813971255,2.9328760448456843
8B,1732,5.0665052991400605,0.7657796251772021,4.300725673962858,3.2157623713803547,0.33034997009652545,2.9714888384883467
8B,1733,4.98687707190804,0.7388515942772222,4.248025477630819,3.300006388036712,0.3347190990069823,3.04269046886704
8B,1734,5.101361001357967,0.7752576666356771,4.32610333472229,3.1133795877986166,0.31682670015787556,2.8819117027220313
8B,1735,5.1224465901429435,0.7551505499819623,4.36729604016098,3.3002468347903946,0.3256617757734,3.050380993621004
8B,1736,5.162190954304768,0.7524938413747663,4.409697112930002,3.3122152186044427,0.3412801407469869,3.050388045692131
8B,1737,5.270905855185077,0.7745349217337133,4.496370933451364,3.2643285054450497,0.32489392630191255,3.023214430869111
8B,1738,5.2579593237035676,0.7767086074654691,4.481250716238099,3.1992376328626357,0.31513639647726494,2.9635760916599976
8B,1739,4.883011836956342,0.7302353046444674,4.152776532311876,3.2865130842173245,0.34470595489451833,3.0198083417955734
8B,1740,5.449547180044799,0.770407597759257,4.679139582285542,3.438782502614663,0.32059757566346325,3.196664853014056
8B,1741,5.162609910501951,0.7686053320821722,4.394004578419779,3.2866863752231135,0.3251194639494436,3.040075862633103
8B,1742,5.005975444303854,0.7498900263827096,4.256085417921145,3.251938883142728,0.3386396379005796,2.9934010490597256
8B,1743,4.984177441466012,0.7426179347681563,4.241559506697857,3.3642174046084876,0.3432087768843764,3.1025490896105
8B,1744,5.233571839002071,0.7742429054375478,4.459328933564523,3.3087243615036934,0.3342043310760225,3.0608669392093035
8B,1745,5.104253516669938,0.7600447541691894,4.344208762500749,3.226655100815242,0.3224658749085775,2.983833952823391
8B,1746,5.191385529826934,0.7591835464047545,4.432201983422179,3.2926979386552415,0.33229997766873637,3.041154892750459
8B,1747,5.1324961956701625,0.7506500099528461,4.381846185717318,3.261652188407382,0.3407160491689027,2.996221722779908
8B,1748,4.891691948929914,0.72666384171466,4.165028107215254,3.3561624565629304,0.34893585518453907,3.0829638003937343
8B,1749,5.100031017717323,0.7558097004341662,4.344221317283157,3.296535799242902,0.33857481534048767,3.0396969343564666
8B,1750,5.15435230483985,0.7581674177521316,4.396184887087718,3.266810143517187,0.32520187489502905,3.015306439113853
8B,1751,5.221507679454713,0.7680394436864504,4.4534682357682644,3.307728629952693,0.33306652214409216,3.058183213843668
8B,1752,5.256341853590162,0.7602067248692181,4.496135128720944,3.293110402327498,0.3350315621668915,3.0365128584824457
8B,1753,5.059255096328303,0.749983685909227,4.309271410419075,3.2631794169311217,0.3406677754327605,3.0035778318734287
8B,1754,5.189983714614031,0.7509100152747814,4.439073699339249,3.3839303732084023,0.33662009230102213,3.1299253658786452
8B,1755,5.102690390958909,0.764229643042882,4.338460747916026,3.2251984715052164,0.322783083023123,2.9795975949060933
8B,1756,5.03914341247029,0.7510790286099323,4.288064383860357,3.2455988408634058,0.33095147500506655,2.994178560806353
8B,1757,5.331561937239987,0.7548618969065086,4.5767000403334785,3.3792572291578313,0.3415555580054729,3.1124806646994
8B,1758,5.183566699163647,0.7535454734884578,4.43002122567519,3.358574967453677,0.3391559281645108,3.0985666067999755
8B,1759,5.146686926819472,0.7520167398464693,4.394670186973002,3.311169076829748,0.33242547276641976,3.05123409111422
8B,1760,5.26909636794031,0.7666958693252767,4.502400498615034,3.2789908091249624,0.32758685829501105,3.0266612747098285
8B,1761,5.114624510173422,0.7591930598599191,4.355431450313504,3.298469474104446,0.3350123292028783,3.045067032412554
8B,1762,5.032892466134156,0.7422075313576798,4.290684934776476,3.2810110068775775,0.33626799251130873,3.023242411667168
8B,1763,5.089897454953841,0.7662987478138029,4.323598707140038,3.1969132636351025,0.32058935919873105,2.9587049897353297
8B,1764,5.3079664173106424,0.7701139396860744,4.537852477624567,3.2232216902642823,0.32805218938036534,2.9662334003008537
8B,1765,4.935038109543286,0.7393637576654173,4.1956743518778685,3.2652693287977286,0.33440764580581817,3.0099040656103697
8B,1766,5.102603109779455,0.7500793338786848,4.35252377590077,3.2827900983363327,0.33493008471197605,3.0222212667947446
8B,1767,5.1339441989426415,0.7407755792126739,4.393168619729967,3.344204924298213,0.3428392445986036,3.074638298197049
8B,1768,5.276881198201759,0.7599001132629306,4.5169810849388305,3.3089632058072542,0.33640642235941326,3.046464063928116
8B,1769,5.237770872318247,0.7644743755969996,4.473296496721248,3.330892829150984,0.3312159388952856,3.0800151931154356
8B,1770,5.280077971835452,0.7605059922469902,4.519571979588462,3.2529495897940857,0.3313078186116853,2.995015486886815
8B,1771,5.249168675952879,0.7624970861454679,4.486671589807411,3.174906916422571,0.3276604960466713,2.9177458275423063
8B,1772,5.048408542088022,0.7487395111898714,4.2996690308981504,3.22173888715986,0.3382371972975482,2.961403904711019
8B,1773,5.1450652083397435,0.7672796709408554,4.377785537398887,3.2020384200432637,0.3247073273935228,2.9567793353423086
8B,1774,5.189170400884663,0.7745544621298257,4.414615938754837,3.175965701100388,0.3159161574606572,2.9416550375783004
8B,1775,5.005050831893248,0.7476042777848454,4.257446554108402,3.228664532038838,0.3320916599280414,2.9783002581375353
8B,1776,5.019666520972241,0.7558916235432834,4.2637748974289575,3.1881050572154024,0.3284377262465,2.940053068747918
8B,1777,5.124250257072027,0.7501814403363974,4.3740688167356305,3.2561991975732,0.33750890439826703,2.994444714413441
8B,1778,5.075612038464463,0.7644338953601768,4.311178143104287,3.2521894762378185,0.33309560190369314,3.003658839520748
8B,1779,5.240972137808814,0.7550976641166312,4.485874473692182,3.338038069619081,0.3378490138054,3.075580617775889
8B,1780,5.091715220825716,0.7610199505439984,4.330695270281718,3.186671059809112,0.32990293115074865,2.9354813006657543
8B,1781,4.980618529994523,0.7426725781620283,4.2379459518324945,3.2542416477545224,0.33876694312540967,2.993047221657158
8B,1782,5.079520469026358,0.7601298298300506,4.319390639196308,3.167650073041119,0.32754169805756933,2.9167969221891465
8B,1783,5.114449373849602,0.7559037697358253,4.358545604113777,3.230087653127958,0.33837651241799854,2.969622242059059
8B,1784,4.938231208280858,0.7428691056272368,4.19536210265362,3.2746760942986595,0.34167316265496495,3.0142293365330945
8B,1785,4.987748692277176,0.7298187309644621,4.257929961312714,3.272649810019082,0.34586675717874826,2.9969413212768194
8B,1786,5.039018380009471,0.7445781372694633,4.294440242740008,3.2741259451762086,0.34015982713863724,3.0100295918414695
8B,1787,5.152593760761631,0.7587901995303475,4.393803561231282,3.2845941844206887,0.3293787590618025,3.0341442518436064
8B,1788,5.215120554687314,0.7379675974933041,4.477152957194009,3.3702761426247543,0.3460083620668069,3.0945346633524284
8B,1789,5.120558276193311,0.7589809391969548,4.361577336996356,3.3492971703250434,0.3419887819058143,3.093602598097905
8B,1790,5.093464288051446,0.7587016949586549,4.3347625930927896,3.1991741632048725,0.3244587167109799,2.9503011859805066
8B,1791,5.018211292044889,0.7609748901614394,4.25723640188345,3.1254472154398494,0.32859146961754593,2.8773346573759855
8B,1792,5.139863144829146,0.7544508668699426,4.385412277959205,3.349054040972028,0.33204370007286027,3.098922596559143
8B,1793,4.945533123954023,0.7592604140958321,4.18627270985819,3.122719799880086,0.32829866025785415,2.8768036934467265
8B,1794,5.17027211355308,0.7548301543334531,4.415441959219627,3.3865370749695205,0.3351173775423414,3.1284232450463603
8B,1795,5.046983104440397,0.7411411661489696,4.305841938291426,3.3332521021325023,0.34789909598724783,3.05987623862038
8B,1796,5.04489183887354,0.7548883008952928,4.290003537978247,3.250195580119783,0.33217002117718036,2.9945552967067903
8B,1797,4.990879704694633,0.7312720164462584,4.259607688248374,3.3355937821928525,0.3543320944717715,3.0581724975500104
8B,1798,5.251247273893626,0.7631656979248205,4.488081575968804,3.3708132756578304,0.3301788548871055,3.1243338027707854
8B,1799,5.102396560482545,0.7713651166285662,4.331031443853979,3.1982332604338515,0.3234386483762114,2.9633493083315665
8B,1800,5.026935853764708,0.7491376024455612,4.277798251319147,3.3191774772992626,0.3394144774385103,3.0572522584976385
8B,1801,5.259738103935168,0.7677303910176644,4.492007712917502,3.3224973932562847,0.330769468570138,3.069420312025767
8B,1802,5.07693366929255,0.751188317637063,4.325745351655487,3.2981725737419927,0.34041690450116147,3.0348465279503727
8B,1803,5.098727409350905,0.7522977072163163,4.346429702134588,3.2987956724981617,0.3379665748573467,3.042773923169381
8B,1804,5.177504545221298,0.750019890684714,4.427484654536585,3.3216316781808746,0.3454144605742633,3.050679243492648
8B,1805,5.148769147312458,0.752246698876637,4.396522448435821,3.3295446053969537,0.3357739043796912,3.072531082441963
8B,1806,5.0452928753724455,0.7477369354061367,4.297555939966308,3.2536773715873375,0.3363543415345361,2.995645357326569
8B,1807,4.937565823156572,0.7410630726507784,4.196502750505794,3.2808786844322086,0.34388159714951494,3.018349374976881
8B,1808,4.920291037408109,0.7375465433755437,4.1827444940325655,3.298892459670091,0.3457331230148699,3.0311671862125347
14B,1,3.2033527015635044,0.6677529663631778,2.5355997352003263,2.2131075009972325,0.34790017282085917,1.9547147783786138
14B,2,3.415226854695864,0.6826432429035184,2.7325836117923448,2.2553148148797604,0.3416521154442536,2.0038880913525277
14B,3,3.4398283328314427,0.6811399578625793,2.758688374968864,2.3003940898046693,0.33905447305406244,2.045553864056048
14B,4,3.4687211866520813,0.6794695597725342,2.7892516268795466,2.3031660156055507,0.3390918317510403,2.0479176819323044
14B,5,3.2718508443366736,0.6538285650969937,2.61802227923968,2.311493036474957,0.3626199021583304,2.0314849914394566
14B,6,3.4122808129127953,0.6714190509133374,2.7408617619994584,2.385943996444521,0.3449179949676493,2.1279227586368488
14B,7,3.280903641749443,0.6617393199696291,2.6191643217798135,2.246249449750194,0.34923538655836167,1.9887371150194912
14B,8,3.4101072944535407,0.6754660029827788,2.7346412914707616,2.274426311097653,0.3514455285982517,2.00980199452819
14B,9,3.37765873979975,0.6836396503436911,2.6940190894560594,2.2355939583475584,0.33964933233455247,1.976956938412918
14B,10,3.405255694568007,0.6898270542105441,2.7154286403574632,2.1855362761472605,0.33698690543021365,1.9320953729723587
14B,11,3.4151183806687184,0.6865521818962601,2.7285661987724583,2.295783772173159,0.3419941553991552,2.041323122699325
14B,12,3.452791959142239,0.6972603041614387,2.7555316549807998,2.263386758684931,0.34550097641483324,2.0083999078610937
14B,13,3.4664857588803133,0.6889988283101953,2.7774869305701175,2.3096954878171254,0.3345646768744075,2.068210774360543
14B,14,3.410223072591456,0.6800540767155362,2.73016899587592,2.278794094013781,0.3437138230853082,2.024645764026612
14B,15,3.3861955155107863,0.6738513891700613,2.712344126340725,2.305827034607208,0.34769160133269067,2.046440949078062
14B,16,3.4853086490228575,0.6988628746455485,2.7864457743773086,2.251493793930598,0.33289163140664557,2.0116227495730645
14B,17,3.4569863852992544,0.6895778951710942,2.76740849012816,2.3010540497949608,0.33872305537048913,2.0550662632522654
14B,18,3.4768960953876427,0.687626570968714,2.7892695244189287,2.34270377087054,0.3490036358463672,2.0820306848548467
14B,19,3.245550671802586,0.6504638738504385,2.595086797952148,2.2173130987909544,0.34711006343737955,1.9520266998565305
14B,20,3.4761528201123384,0.6915331733124699,2.7846196467998685,2.2337417336051897,0.33881962608502025,1.9852010854390958
14B,21,3.5517483415922793,0.6851164385111119,2.866631903081168,2.3059921295332533,0.34286040381385263,2.0450517233923327
14B,22,3.5902469995436403,0.713211893491571,2.8770351060520696,2.17916150915371,0.3210403030671393,1.9483132777227088
14B,23,3.605184760197415,0.6990324766958501,2.9061522835015645,2.28655499265091,0.3375935510523013,2.0419408290540297
14B,24,3.600408261121135,0.7024666919927941,2.897941569128341,2.3113494736086015,0.3336357091123771,2.064486169472624
14B,25,3.648075486279122,0.6984499934053826,2.9496254928737393,2.298333820620027,0.3417618822432123,2.0338131227947382
14B,26,3.5572475501552288,0.7003895590897898,2.8568579910654393,2.169294150544223,0.32306587148127586,1.9267710401492462
14B,27,3.6922100516535576,0.7204895679647765,2.9717204836887805,2.287621028791701,0.32445364531900656,2.0490202730760068
14B,28,3.7046317859201228,0.7121111567572227,2.9925206291629007,2.3394151909210996,0.329882035810692,2.0946043129235212
14B,29,3.483168747079209,0.681873799963892,2.8012949471153172,2.288675096938918,0.33538248446471414,2.040713234977402
14B,30,3.5909196067476294,0.6851073450648103,2.9058122616828195,2.3471257699621493,0.34852864887082785,2.0807342821885353
14B,31,3.6394051009148605,0.6814241744410405,2.9579809264738213,2.371253091951597,0.3471437252192532,2.1007864314035487
14B,32,3.685278488936281,0.7237984754125687,2.9614800135237114,2.2746786858202754,0.32248421177663933,2.042440639283457
14B,33,3.6855026264414192,0.7091442968284326,2.976358329612986,2.333573320711861,0.3414032394719648,2.070320943164868
14B,34,3.567348598350334,0.6986474571935992,2.868701141156735,2.2728357710889995,0.3373706280885278,2.0167778556391394
14B,35,3.383372055269676,0.6868060093824176,2.6965660458872587,2.2915913234166134,0.3450548535004167,2.0382525567728713
14B,36,3.523657684076185,0.7013092083987662,2.8223484756774186,2.238767350102669,0.3284822705820616,1.9957450672109964
14B,37,3.705433911807497,0.6975745463061039,3.007859365501392,2.356491380370669,0.3335075245080023,2.1032031164028204
14B,38,3.6890816357859166,0.701297405443226,2.9877842303426903,2.3583326696812335,0.33817187210448146,2.1041158598007796
14B,39,3.5435705678348555,0.6913660413837943,2.8522045264510614,2.2688023191769764,0.3413405182804957,2.009275162382041
14B,40,3.5696460998726183,0.6905787901474354,2.8790673097251824,2.3255048203634563,0.3459534236700522,2.062264528315285
14B,41,3.696673637557112,0.7094137281772366,2.9872599093798757,2.3327773520441997,0.32358352340419766,2.0934941890970618
14B,42,3.578853350841061,0.7239261003573846,2.8549272504836765,2.2771215739691413,0.3234087525674197,2.0445152405371787
14B,43,3.6955894147556143,0.7189215235832073,2.976667891172407,2.213220451138298,0.32346329007515146,1.968852966483034
14B,44,3.793083495616744,0.7332165114659678,3.059866984150776,2.284133883799036,0.31635723592768344,2.0566652391533444
14B,45,3.5704165179628617,0.7053655191443032,2.8650509988185586,2.2648469949130208,0.3248625276451221,2.026964228254318
14B,46,3.6001877918168477,0.7043339909349952,2.895853800881852,2.2145541131936763,0.33319857752113125,1.9667223943049221
14B,47,3.817507606248127,0.7332998190545016,3.0842077871936238,2.3368715124751884,0.3245373843114725,2.1001917975223234
14B,48,3.7643702355408286,0.7163452692344938,3.048024966306335,2.349307219518848,0.3321857392149201,2.1029252926765727
14B,49,3.5340028859204735,0.7108086274707032,2.8231942584497705,2.259241792327267,0.33168979412527405,2.010861585599189
14B,50,3.5705247857246567,0.7161139635481366,2.8544108221765203,2.3035182975361597,0.32214911848384836,2.079397817032855
14B,51,3.627133027046632,0.7026097693679274,2.9245232576787052,2.3430848516422875,0.34441001684729866,2.0871293953901917
14B,52,3.632697776636636,0.703614704886697,2.929083071749939,2.337413243548028,0.33296990460867815,2.0875458596557435
14B,53,3.906832903774383,0.7557892051622718,3.1510436986121113,2.3095625918793137,0.30169061414894216,2.1013247300588755
14B,54,3.7471953945573397,0.7238375414081757,3.023357853149164,2.277361341850773,0.3239720165955435,2.036835434572357
14B,55,3.635390706160455,0.7165369909321878,2.918853715228267,2.246788970167738,0.32460834092190316,2.0037764684840584
14B,56,3.75386581617547,0.7102002257563306,3.0436655904191396,2.3634246830995957,0.331884218730028,2.113119771006834
14B,57,3.53559055807633,0.69969773965204,2.835892818424291,2.2483098657462386,0.3333795743690683,2.004155105884281
14B,58,3.883299505875513,0.7231415031351397,3.160158002740373,2.3827763523215544,0.3206014435415149,2.1472706975700695
14B,59,3.7637633550323737,0.7269182748928229,3.036845080139551,2.32891633440157,0.3130193883056039,2.1041691370267985
14B,60,3.530977411019912,0.6895193373365051,2.841458073683407,2.302053710246665,0.33085556676069466,2.05397173410074
14B,61,3.6502659371878754,0.7175536521626902,2.932712285025185,2.2379217459104197,0.3124334208554369,2.0154485517287903
14B,62,3.56916643711658,0.6972731755072966,2.8718932616092836,2.2824553433903882,0.34644886240562744,2.0196862467342602
14B,63,3.6161161837366813,0.7093756691916083,2.906740514545073,2.2585349622989286,0.3246841638749514,2.018708480846727
14B,64,3.673442030253627,0.7161364431443968,2.9573055871092295,2.2974825952749414,0.3327142069892941,2.05368129484463
14B,65,3.75692945083715,0.7170472923223281,3.0398821585148217,2.399038068599126,0.33593936353902487,2.1532487111172043
14B,66,3.7793074727605083,0.7255994580698434,3.0537080146906654,2.295162239462801,0.3150912480094594,2.073556529553684
14B,67,3.744729860719668,0.7102329754321239,3.0344968852875436,2.284975710056118,0.33070035289234845,2.034041296426173
14B,68,3.691847851605076,0.7071976652164664,2.9846501863886084,2.3819187507639383,0.33630186897995634,2.1315746464212895
14B,69,3.6767681282208025,0.722435700960715,2.9543324272600873,2.237422369664019,0.32399429803001045,2.001608044106998
14B,70,3.7345766033880166,0.7183326935417712,3.016243909846245,2.309038446318974,0.3271407184421036,2.0673619807891113
14B,71,3.6209295835351383,0.6910228229353177,2.9299067605998212,2.299878267083991,0.34418523780854354,2.029514841960125
14B,72,3.7349391078840126,0.7110645519484136,3.0238745559355995,2.3382206006057196,0.3270758453310356,2.0883078354716638
14B,73,3.582735114438401,0.7068738617873114,2.8758612526510903,2.242352684036617,0.3341073672923054,1.9952068187712046
14B,74,3.6812596821275947,0.7003452807090355,2.9809144014185596,2.3241072540863628,0.33536416808673875,2.0673604336735942
14B,75,3.7765548604723738,0.7193361357507895,3.0572187247215847,2.331585599457241,0.3261904974235327,2.087188196355772
14B,76,3.5925380920209644,0.7049365054443989,2.887601586576565,2.2119085379740278,0.3331328377222099,1.9610367404367741
14B,77,3.5131710831080225,0.6904497594638965,2.8227213236441266,2.323821267228912,0.3422483618712706,2.065854635658068
14B,78,3.6275519687449354,0.7208970713100681,2.906654897434867,2.194880350133496,0.3175153729786609,1.9577368211570987
14B,79,3.759146754281848,0.7306635249662656,3.028483229315582,2.3610150448911114,0.3218501967020738,2.128900728373574
14B,80,3.4900531771703727,0.6968489117370762,2.793204265433297,2.2745762154391396,0.3320167956124198,2.032054260247159
14B,81,3.7117976567642765,0.7266578453157749,2.985139811448502,2.306701658108556,0.32707810958066713,2.0659965812761567
14B,82,3.78816008060921,0.7101874823356021,3.0779725982736075,2.3874357616563437,0.3278524616275983,2.1467203807282105
14B,83,3.58903802115411,0.7009411326875811,2.8880968884665283,2.2811514938081587,0.33159029538244184,2.026347410810105
14B,84,3.5725709392193967,0.6955452120218939,2.877025727197503,2.2975334170929433,0.3371843321728471,2.044917124521831
14B,85,3.7331859733053543,0.7148943723066761,3.0182916009986784,2.285954984423872,0.3290959321732263,2.0349729633494427
14B,86,3.7686517643305706,0.7169834679684013,3.0516682963621693,2.3398456510349614,0.3266789959569703,2.097279194585959
14B,87,3.7718024585113197,0.6966439690240361,3.0751584894872845,2.451142574978416,0.34357845054261504,2.1889646294345715
14B,88,3.878840418676509,0.7240141292458042,3.154826289430705,2.3856945467271595,0.33146824082355275,2.13400156467667
14B,89,3.7388801852839624,0.7206779449033403,3.018202240380622,2.3238311266305858,0.32717585848691966,2.086688834845032
14B,90,3.767017122423603,0.7273292529092852,3.0396878695143177,2.268700022149625,0.3222742703388412,2.0290671137983898
14B,91,3.7633020253639735,0.7093635834128406,3.0539384419511335,2.3800378635929063,0.33335194781607275,2.1339751977802677
14B,92,3.71244230811928,0.7235686163479726,2.9888736917713077,2.3403221483980006,0.324684466233552,2.105126625854131
14B,93,3.83152991397215,0.7244343506923243,3.1070955632798265,2.229868861409168,0.3225921785072141,1.9825482519656719
14B,94,3.693182041297891,0.7223830466739753,2.9707989946239155,2.338718481361621,0.32342823894330597,2.1036269018182203
14B,95,3.6221144103812692,0.6983330030605578,2.923781407320711,2.35813960527397,0.337612612758694,2.0984039262056196
14B,96,3.6538247509867214,0.7044362099411843,2.9493885410455367,2.399274559658709,0.3337646781608221,2.15658352521334
14B,97,3.6027718580204975,0.6925018063587199,2.910270051661777,2.4136259476890096,0.342243684649114,2.16062163807383
14B,98,3.765207179742864,0.7272290375169906,3.0379781422258736,2.3142476906040823,0.3193974049866269,2.086637055220781
14B,99,3.9341159386674365,0.7416255847420741,3.1924903539253626,2.3668930481405526,0.32347451220929047,2.1263405100863393
14B,100,3.8022679155022487,0.7404616074411963,3.0618063080610534,2.331153908541826,0.31440605323619025,2.107265051904064
14B,101,3.7010782315587205,0.6984942284834182,3.0025840030753015,2.2976678003625075,0.3427072981903793,2.0334163933319704
14B,102,3.725556984635802,0.7056921238224199,3.019864860813382,2.329252500567095,0.3311808292650366,2.076079996153823
14B,103,3.781177572245893,0.7336237238724743,3.0475538483734184,2.3314675643556435,0.3250670018878942,2.0951094036172444
14B,104,3.657338323791159,0.7026546554878693,2.9546836683032898,2.2935394410859535,0.32716955446959783,2.047947740650113
14B,105,3.8448632215942697,0.7127688935011293,3.13209432809314,2.421085438089649,0.3333182212917516,2.1681774423844966
14B,106,3.7688036655804837,0.7072187284095135,3.06158493717097,2.378686955280407,0.3354522461542224,2.1266758156851275
14B,107,3.703827944967055,0.6961962873363959,3.007631657630659,2.446765034789892,0.3348643963431398,2.19568822722495
14B,108,3.6968909695627454,0.7051297688603068,2.991761200702438,2.3160261390587924,0.33659266431986157,2.0624762607033595
14B,109,3.785547307062538,0.7284169863376143,3.0571303207249247,2.3549246382856905,0.3280011956715777,2.1172335363107706
14B,110,3.717519955485591,0.7120656902068342,3.005454265278756,2.3974798172429796,0.3294831438535391,2.1532922195001136
14B,111,3.960637508294196,0.7262252334042356,3.234412274889961,2.3232709293822125,0.3258732081819131,2.0690756667779993
14B,112,3.829259536262144,0.7186200635174358,3.1106394727447086,2.3723912565823277,0.320438186022842,2.1359011655836304
14B,113,3.7254397135475323,0.70300938740212,3.022430326145413,2.2693703217849457,0.3227419487888781,2.022978569030857
14B,114,3.831194150922354,0.7374952086819866,3.0936989422403682,2.281186283939219,0.3103187933886137,2.060882093325456
14B,115,3.780356430786778,0.7253303118566692,3.0550261189301096,2.26802177947164,0.31968601243949013,2.0340302437128015
14B,116,3.966659023420361,0.7439346310618601,3.222724392358501,2.3824264762152447,0.30626438441616904,2.1653058445206996
14B,117,3.911721718570916,0.7270695133122673,3.1846522052586477,2.3408790755569213,0.32182122521835643,2.0982060091079697
14B,118,3.8996640391437833,0.7295052096055307,3.170158829538253,2.452289364199245,0.32301982817385005,2.215035085761549
14B,119,3.807822626076446,0.7249898307476194,3.0828327953288266,2.272668170560733,0.32204305835160674,2.0344293625252026
14B,120,3.8440409468329744,0.7249331305043856,3.119107816328589,2.3857246240427505,0.32291492479452777,2.146640926439867
14B,121,3.7379915526600556,0.7044525244435714,3.0335390282164845,2.329004088771597,0.33107008862368686,2.078282217465269
14B,122,3.770451040692385,0.6970885585952519,3.0733624820971337,2.4586596605136894,0.3320621227806752,2.199732148313132
14B,123,3.684655540215201,0.7236342134949324,2.961021326720269,2.207559786659725,0.3166723989825142,1.9735392120235238
14B,124,3.65423293145909,0.7108420626492821,2.9433908688098076,2.280952369495724,0.32446139934354823,2.0410003359622864
14B,125,3.8804816972388254,0.7316531868486172,3.1488285103902083,2.276149896924128,0.31198811416006506,2.043904586198921
14B,126,3.7144429995041537,0.7032530539797032,3.011189945524451,2.361279493392345,0.3343853791536587,2.1086910030285626
14B,127,3.6314625865481793,0.695379283776506,2.9360833027716735,2.3124411176933926,0.34307860194487616,2.0531565206235927
14B,128,3.811787246244356,0.7225166206538889,3.089270625590467,2.340037699187429,0.3191127090828192,2.1046949764287617
14B,129,3.8698617496191074,0.7197031839352679,3.1501585656838387,2.331143146897069,0.32369327533877246,2.089561349836256
14B,130,3.862847328641219,0.7229725626940897,3.139874765947129,2.3837404984773225,0.32296439557076184,2.1427145289174487
14B,131,3.7524606372246345,0.7085506287326272,3.043910008492008,2.3275427986997053,0.3274529899277126,2.0860514702801343
14B,132,3.8017874477984877,0.7111093143851794,3.0906781334133084,2.4652177689609682,0.3364746355307011,2.211299521457967
14B,133,3.891159391766175,0.7213517768200342,3.169807614946141,2.359750503893387,0.3256588368240441,2.1145055839974725
14B,134,3.875811566722692,0.7147580174150157,3.1610535493076766,2.4418347807347907,0.3323540158406975,2.1872421552185615
14B,135,3.856795303466255,0.722864530853905,3.1339307726123504,2.4074573713852443,0.3234543643452226,2.167235823337259
14B,136,3.6773013199251143,0.7223679217781421,2.9549333981469728,2.3028235763825737,0.32452556083500905,2.0660134562150785
14B,137,4.091694777111524,0.7549633008842529,3.336731476227271,2.3863647103254246,0.31130737903765826,2.162841394690513
14B,138,4.105496284351642,0.7582736675970738,3.3472226167545687,2.3587397675751633,0.31427839680518327,2.1272272439795437
14B,139,3.7036333228839537,0.7020786531665456,3.001554669717409,2.3565112401885484,0.32412357757421467,2.1111566699203745
14B,140,3.983669213745732,0.7420931380821513,3.2415760756635805,2.348494896819635,0.31463279257750615,2.117576546109093
14B,141,3.857218976757351,0.7234489429209976,3.1337700338363534,2.3617874382064157,0.32090746439114165,2.1256848134777213
14B,142,3.7934331618557917,0.7248023617598135,3.068630800095979,2.431986937355364,0.33142286133352955,2.1968947947862056
14B,143,3.895582008322916,0.7221261138735079,3.173455894449408,2.4635195724143903,0.32995446508716914,2.219910311660458
14B,144,3.9224816382443533,0.7283157981973777,3.1941658400469755,2.4165362071102816,0.3250926809629181,2.1751804250658173
14B,145,3.828095454494949,0.7336398238989545,3.0944556305959936,2.2432407409515087,0.31189749032412395,2.0176437884309606
14B,146,3.8570590729377936,0.7145268824718247,3.1425321904659684,2.339655797560026,0.32654802074872674,2.0902576566593742
14B,147,3.955975047950314,0.7284083583335655,3.2275666896167476,2.4321165389059023,0.322729143295433,2.190199493672879
14B,148,3.961904826407299,0.7430795712232675,3.2188252551840315,2.352149604031647,0.3189750225088988,2.1189623740842647
14B,149,3.856198767058377,0.7251519403269839,3.1310468267313927,2.3060970946981616,0.31493178460892984,2.0689648076504303
14B,150,3.8013549325645437,0.7224699927224644,3.078884939842079,2.325674739226094,0.33476472892509557,2.0774139810745664
14B,151,3.7003852784631515,0.719470077709927,2.9809152007532242,2.278004053488082,0.3250025257661206,2.0422793338076155
14B,152,3.6808706282689236,0.7177897867765056,2.9630808414924177,2.296944090540998,0.3192770406494613,2.064982179167412
14B,153,3.87752440547743,0.7211255138762994,3.156398891601131,2.42267196881456,0.3255398204996515,2.1833954226713543
14B,154,3.78171677942161,0.7092880675713589,3.072428711850251,2.4262838193961915,0.3354664676603016,2.172244227544156
14B,155,3.6748700963427154,0.7069304075917763,2.9679396887509393,2.3202429743945028,0.33208272197794,2.075971583511511
14B,156,3.5878430743929637,0.6820358828907204,2.905807191502243,2.3705081476991996,0.3491898798259446,2.1024472393972378
14B,157,3.779637197453645,0.720319789220614,3.0593174082330314,2.288106472357275,0.3212621132677736,2.0520037264319297
14B,158,3.7405125157721195,0.7148191560162765,3.025693359755843,2.3640542080763165,0.3357262915343472,2.115936667380085
14B,159,3.7276143309287906,0.7136548265740775,3.0139595043547125,2.340211814953462,0.32678849886083144,2.0914919296491217
14B,160,3.6282527408421736,0.7004586930665038,2.9277940477756697,2.359284198872374,0.34105942375723874,2.099415364747249
14B,161,3.783374557501066,0.7072543827474349,3.076120174753632,2.3789069458322722,0.3350637448480627,2.1206926076250343
14B,162,3.7277419383255364,0.7120563096238639,3.015685628701673,2.37428905476387,0.3325561835920823,2.1259697253538925
14B,163,3.966957993494445,0.7210333268920006,3.245924666602445,2.511494801660146,0.3296438999155523,2.2619343258644706
14B,164,3.8625975859718182,0.7166521985492783,3.145945387422539,2.4088130662364047,0.33643715888808745,2.154400525128014
14B,165,3.6830708693655905,0.6991220049316006,2.9839488644339904,2.3881610179218904,0.34110583815350354,2.129667077050086
14B,166,3.7863566423950035,0.7091543392284427,3.0772023031665605,2.345166691079094,0.3223625821912779,2.1049590906761626
14B,167,3.698821151078899,0.7042218315547661,2.994599319524133,2.349030566213778,0.332744683517842,2.0997273449325653
14B,168,3.7164895125284385,0.6983886334976812,3.018100879030757,2.355469158396577,0.34161437769794306,2.0859693507571375
14B,169,3.7929676871038684,0.7067435366925445,3.086224150411324,2.3178479283914277,0.32603451047266635,2.0664248590001257
14B,170,3.680892367051987,0.7158038558562962,2.9650885111956904,2.308048401174601,0.32664864400093646,2.0635000532039847
14B,171,3.802930229733698,0.7190936990912236,3.083836530642474,2.271485661948896,0.3284751129081421,2.0282182516447724
14B,172,3.884988962640229,0.7136926528958151,3.171296309744414,2.3983971159308988,0.3318977625101496,2.146717566370937
14B,173,3.7302861786348904,0.7064457599442568,3.023840418690633,2.369031533202035,0.3361303532656325,2.1133522552194735
14B,174,3.886009313249895,0.721208351536019,3.164800961713876,2.4680232401003344,0.3304514472077463,2.2149022058379417
14B,175,3.863408269250729,0.7178915869443382,3.1455166823063907,2.342942050097125,0.3216645421671635,2.1007168476476523
14B,176,4.030644715538853,0.741504349501841,3.289140366037011,2.406197427040161,0.3119896760464368,2.176181067957793
14B,177,3.8938011560250305,0.7394952813218127,3.1543058747032173,2.358990389480607,0.3199686159206422,2.1228319700304676
14B,178,3.8540098003707426,0.723325530310119,3.130684270060624,2.284414400394682,0.32353569845483726,2.0393170080822274
14B,179,3.7601675818702205,0.718078795950305,3.0420887859199155,2.3631790774808366,0.3376108197044918,2.1134405916971284
14B,180,3.6543112489967897,0.6976989042322116,2.9566123447645776,2.3829764325756297,0.34294387825923106,2.1176803310299874
14B,181,3.837479065163039,0.7443161820267795,3.09316288313626,2.3824931660236515,0.31887842196925476,2.1605074948342056
14B,182,3.7499655025854035,0.706280581828015,3.0436849207573884,2.40969263084934,0.3398577367933914,2.1492029421275505
14B,183,3.8245838260744955,0.713435234480319,3.1111485915941763,2.4264341082414096,0.33361131227884344,2.17693360397981
14B,184,3.842536215597742,0.7129491638728652,3.129587051724876,2.4076199689942133,0.3338603062601766,2.158309900164562
14B,185,3.840457296086306,0.7171237031198712,3.1233335929664343,2.4056837229222627,0.3299466572882692,2.1519541551595824
14B,186,3.9080948438911363,0.7256123041943542,3.1824825396967813,2.4385073959830454,0.3296867515334466,2.1936326255072207
14B,187,3.8991680192792044,0.7124263110660685,3.1867417082131353,2.4753563480981318,0.33577477948108625,2.2203240493464484
14B,188,3.7584292288184513,0.715952569752947,3.042476659065505,2.3956722749621564,0.3306153376966741,2.1515445242774174
14B,189,3.801231702937512,0.7187140518478315,3.0825176510896806,2.3937687256294224,0.3354241088682064,2.1451366232301443
14B,190,3.9388041574419477,0.7218696471438965,3.216934510298051,2.4217409801603447,0.33041607706694015,2.1700459892128654
14B,191,3.7168865939094684,0.7005831825106998,3.0163034113987677,2.4117508155531944,0.3376222569027424,2.155699087151029
14B,192,3.875876919992792,0.7147126139228264,3.1611643060699652,2.389697354357049,0.3251996724811816,2.14514491723734
14B,193,3.8294439744873228,0.7100665176249702,3.1193774568623525,2.4893528381058725,0.34114520329708364,2.2293670404106933
14B,194,4.025177723672592,0.7467432174915077,3.278434506181084,2.452179376808312,0.3145408606692658,2.2206201454370693
14B,195,3.760265416624357,0.7036745779465863,3.0565908386777707,2.442939131910896,0.32678790089121934,2.1979724212013623
14B,196,4.052742756143515,0.7341344127663112,3.318608343377204,2.549617410332558,0.3174042252088031,2.315484253899489
14B,197,4.074334067459775,0.7375626084469438,3.3367714590128306,2.4786540237928354,0.32603672376591003,2.2374888855116577
14B,198,3.9179192023972647,0.717342087691518,3.2005771147057467,2.48606197942887,0.33046973040915983,2.233513617467721
14B,199,3.95026234334684,0.7177224324372886,3.2325399109095514,2.4514650146901813,0.3407129001238993,2.190795838202321
14B,200,3.8392178812394593,0.7130163149527943,3.1262015662866656,2.313277322141876,0.3323393052495402,2.0569683404713808
14B,201,4.043475603751637,0.7330656406667846,3.3104099630848527,2.4421896174839346,0.32718554004549283,2.1901404921053236
14B,202,3.676228426924199,0.6964873092379568,2.9797411176862423,2.438921188427194,0.34231287146072115,2.1781623248072473
14B,203,3.736486572608112,0.7030450410655196,3.033441531542592,2.480138724265634,0.3369520185295218,2.2276314960246637
14B,204,3.902308740136752,0.7168212628741469,3.1854874772626047,2.366114371195329,0.32804837091388167,2.118207479881433
14B,205,3.8603040311057284,0.717046801307915,3.143257229797813,2.3792464773964976,0.3250887498878429,2.134670981101864
14B,206,3.9780624339116843,0.7401294053663753,3.237933028545309,2.3750764167600105,0.313759919219853,2.1453022981992445
14B,207,3.8866468790458404,0.7333483099634274,3.153298569082413,2.2715976962844624,0.3105819894781724,2.041898003393964
14B,208,3.977819206410141,0.7409842156207787,3.2368349907893625,2.448473172197127,0.32210689829674843,2.209133465329095
14B,209,3.8873905061098593,0.720187364100635,3.1672031420092246,2.419703214594768,0.33253685981895126,2.1665657408862318
14B,210,3.860285578995594,0.719103578046305,3.1411820009492883,2.4428163502702382,0.3365697233860804,2.189545171507707
14B,211,3.9252001414726254,0.7360630116617141,3.189137129810911,2.3686863910002476,0.3259309201379821,2.123620457728295
14B,212,3.82789621940096,0.7240533838391033,3.1038428355618572,2.3079701345690586,0.3216330736290735,2.067017561593075
14B,213,3.960254461437133,0.7225404730541286,3.237713988383004,2.498686871717886,0.32368040632612066,2.2657160127110156
14B,214,4.016519955909622,0.7502364102959983,3.2662835456136237,2.3503484992020156,0.31359791486523036,2.121597122768263
14B,215,4.019040028478747,0.7330286662971341,3.2860113621816125,2.4236937928929887,0.3223593784511376,2.176672950124756
14B,216,3.8831761251622994,0.7164243254056056,3.1667517997566934,2.4429209765951247,0.331113662401881,2.1892866618953972
14B,217,3.9608333404932954,0.7212884548803816,3.2395448856129136,2.3963065037003637,0.32514508534353015,2.151829666708663
14B,218,3.9143343258955046,0.7363190159329622,3.1780153099625417,2.3755528159762482,0.3246743131964684,2.131348518617684
14B,219,3.692854441217924,0.7005861520306014,2.9922682891873227,2.342989546607543,0.33234472830311873,2.089396941198759
14B,220,3.9178078264301077,0.7206311552017418,3.1971766712283656,2.4314386393248033,0.3335566677708541,2.176017344360135
14B,221,3.710801166169515,0.7016676647528258,3.0091335014166884,2.396133679361341,0.3372798627786678,2.1402690220038942
14B,222,3.8833746115085668,0.7226996241154328,3.160674987393134,2.4435529685177446,0.3360950095398932,2.1920723450640134
14B,223,3.8044596948448453,0.7279573791297504,3.0765023157150946,2.3919613183234714,0.3216906441790998,2.156454398216404
14B,224,3.825011775282852,0.733757263618287,3.0912545116645647,2.1715367906944016,0.3154921064412689,1.938197892262073
14B,225,3.832119711200911,0.7315167921544262,3.1006029190464854,2.3995904246497277,0.31908132927080163,2.17407097626497
14B,226,3.8344166519836,0.7080815773316472,3.1263350746519527,2.434959117046898,0.33862411667892006,2.17561532250361
14B,227,3.9132250109925026,0.7199622495066419,3.193262761485861,2.4418806541986973,0.3261431278996817,2.199302336642836
14B,228,3.95840798878381,0.7193081478505864,3.239099840933224,2.473602284008373,0.33170329376696106,2.218869547955836
14B,229,3.9366022510156617,0.7416491527705361,3.1949530982451253,2.3905119569555766,0.3204804962650574,2.1603369494575553
14B,230,4.034518163498847,0.7371002090754409,3.2974179544234055,2.4586755565344793,0.3152875426988837,2.2281424490858504
14B,231,4.0188153011771774,0.7364682254465085,3.2823470757306694,2.421872353356819,0.32498330197318037,2.1784898290089147
14B,232,3.8904121586633265,0.7171002819375898,3.173311876725737,2.4797672796882595,0.3295353680803564,2.230511860409123
14B,233,3.959431655790272,0.7170472474891777,3.242384408301094,2.5350546846512656,0.33006702195120013,2.292642169345655
14B,234,3.863886548029992,0.7261303438922656,3.1377562041377267,2.4539631362039507,0.33596332589623046,2.202027121257335
14B,235,3.7596248074129415,0.699481578030239,3.060143229382702,2.378449987200938,0.3355407899801376,2.122541332995028
14B,236,4.125328416621938,0.7493625934699791,3.375965823151959,2.444533943438519,0.3108762306879974,2.2214299594865237
14B,237,3.989904069655141,0.7353435302966342,3.2545605393585064,2.4264865724923066,0.3208255367744602,2.1921316813266483
14B,238,3.916032600662402,0.7203326270509941,3.195699973611408,2.3829162829463506,0.3245915424205843,2.13529793470971
14B,239,3.904236684790081,0.7178369682459086,3.1863997165441726,2.4156522900812027,0.3288667822830147,2.167997196751631
14B,240,3.9368938272779133,0.7155635460940227,3.221330281183891,2.441455135776316,0.3270096396945723,2.195922114222887
14B,241,3.9331047406469177,0.71789844903169,3.215206291615228,2.428532053388333,0.33059007365506404,2.177296772991067
14B,242,3.874306092060601,0.7265226137039947,3.1477834783566068,2.42586585748513,0.3241163072814862,2.184129775462568
14B,243,3.873640931571067,0.7250855409056786,3.148555390665388,2.369115531036707,0.32752010378822943,2.122424028062887
14B,244,3.9409909743282476,0.7316447276586437,3.2093462466696048,2.4112016660445956,0.3331442097610537,2.1649534306935565
14B,245,3.8117438056456283,0.7171715122776563,3.094572293367972,2.3919057677054463,0.3283093058259626,2.150477847610505
14B,246,3.837921260604635,0.7087145389718041,3.1292067216328308,2.401919100844628,0.32982598104514654,2.1531913022992195
14B,247,4.1511317492369875,0.7409727700478738,3.410158979189114,2.452059022271794,0.3104473123872679,2.217630229713108
14B,248,4.01229988801616,0.7339774553552969,3.278322432660863,2.4979181229129552,0.32720713747988567,2.2509993492944957
14B,249,3.7542187626583026,0.717113035050037,3.0371057276082656,2.3403919720713646,0.3200729611464329,2.104127568094461
14B,250,3.9545680500581604,0.7395017187792928,3.2150663312788663,2.4015286765660586,0.3269026763959533,2.16051232080603
14B,251,3.7721672549030156,0.7036672151434843,3.0685000397595315,2.472871476243239,0.3432918192702676,2.2150434959811824
14B,252,4.0306024519670745,0.7375313669503382,3.293071085016736,2.5036648482196275,0.3234786751011727,2.2598236496574713
14B,253,3.9340780565976927,0.7219877278067067,3.212090328790986,2.4022742504532113,0.33119074925435604,2.147716134124827
14B,254,3.8124350305670522,0.7211309090312267,3.0913041215358263,2.398487282030639,0.3254272856872889,2.1577644222999943
14B,255,3.8268366396224303,0.710658070861456,3.116178568760974,2.4448258372556766,0.3240293871022085,2.2006669763124562
14B,256,3.9888674730671703,0.7310878973291114,3.2577795757380588,2.4331751396479926,0.3236751248479703,2.192110568415554
14B,257,3.8546881824718513,0.7182575313636675,3.136430651108183,2.397788912011709,0.3200581603327721,2.1623718016413918
14B,258,3.8568931893528733,0.6987666166273723,3.1581265727255006,2.5288466844506656,0.3419766038475064,2.2682630830605155
14B,259,3.7553222516298774,0.707335808877239,3.0479864427526384,2.439483722252031,0.3360006931174072,2.1887992983889504
14B,260,3.990145094673546,0.7243508699961233,3.265794224677423,2.3791885569049667,0.31970768421981444,2.1366199722351773
14B,261,3.885199816974757,0.7191833132050396,3.166016503769717,2.4611386958418295,0.3346376169250905,2.2132232512342016
14B,262,4.035455926959633,0.7305148151332987,3.304941111826334,2.4822089747422433,0.3294422902233065,2.236543403976212
14B,263,4.0547454886707275,0.7439898693107889,3.3107556193599392,2.430500047841234,0.3171230111398012,2.2002017144449604
14B,264,3.724603673786463,0.7077717195245624,3.016831954261901,2.4432754408052784,0.341682818563981,2.186031507706256
14B,265,3.7092454353856734,0.6965629799256865,3.0126824554599865,2.4038303267972174,0.3400561924599816,2.1461263975380667
14B,266,3.8812959666348763,0.7087567692588987,3.1725391973759773,2.49922093657272,0.3322643410423596,2.244870635755994
14B,267,3.9435859059343765,0.7368977711062508,3.206688134828126,2.451378223234506,0.32323480069119814,2.21354647390103
14B,268,4.020264678365987,0.7396328299661769,3.2806318483998105,2.4568106142373574,0.31951223085619085,2.219897503336763
14B,269,3.99597007947972,0.7293738223625431,3.266596257117177,2.4875381497744944,0.3327025999288562,2.234177609481657
14B,270,3.887881108648414,0.7109409371683799,3.176940171480033,2.601623705941385,0.3425175817285181,2.348414810856155
14B,271,3.9816003797423654,0.7308240560966337,3.2507763236457317,2.4823821208636825,0.331795935217996,2.234489794780267
14B,272,3.8510466095078737,0.7030759062760817,3.1479707032317923,2.477955799698723,0.3424834160225167,2.216610613921544
14B,273,3.9289973889831393,0.7127735443497732,3.216223844633366,2.4436606743461633,0.33639783974243853,2.1839084919958487
14B,274,4.0746961268311495,0.7197421682146804,3.3549539586164694,2.5658222683817895,0.3364377471798784,2.3037958368125206
14B,275,4.079311904678412,0.7279243598442628,3.35138754483415,2.467308722450968,0.3301123410773817,2.215740811717406
14B,276,3.9725175812128466,0.7405186577506133,3.231998923462233,2.4033057150491635,0.3185566357590685,2.16949873870193
14B,277,3.8838100867436345,0.712886208813136,3.170923877930498,2.38956903280302,0.33133562876548617,2.1319029938738674
14B,278,3.8699305810138465,0.7207745398857754,3.1491560411280712,2.473456222225073,0.3238888184684538,2.2360527801360877
14B,279,4.125553102351812,0.745127849857827,3.380425252493985,2.512395665577081,0.3110616809005137,2.289433196275306
14B,280,4.049158088405621,0.7378709588107243,3.3112871295948967,2.491480958620093,0.3242805984797036,2.254336616269498
14B,281,3.9728916285186386,0.724242094081945,3.248649534436693,2.445629426920602,0.3359917308747216,2.19166369278422
14B,282,4.017521940645994,0.7402811166293033,3.277240824016691,2.392320801842514,0.32306174468190757,2.154767345658193
14B,283,4.001275592478778,0.7459703025120875,3.25530528996669,2.4220828952624536,0.3172162899003207,2.1952427372117693
14B,284,3.833957831892214,0.6904525890471891,3.1435052428450247,2.5249647796494497,0.3493770273898847,2.2508563647543993
14B,285,3.9003053032883463,0.7088728594918344,3.1914324437965114,2.464971897962833,0.3362146906160676,2.2046434182522443
14B,286,3.9592630944030107,0.7172605942705635,3.242002500132447,2.476605285113984,0.3327219930409464,2.2254371356581455
14B,287,3.9788284447193307,0.7334698744830449,3.2453585702362866,2.4400158614422653,0.3259425230845174,2.202464317583554
14B,288,3.8323348346474324,0.7307570027949497,3.1015778318524827,2.333864893417919,0.32029197662756964,2.0939605773053924
14B,289,3.9658123215470105,0.7169671496973684,3.2488451718496423,2.5623754857263363,0.3342155917173172,2.3084183856287486
14B,290,3.8374061407423237,0.7177841808457232,3.119621959896601,2.49033061153815,0.3318070264048102,2.245099747751607
14B,291,3.9666080343272774,0.7253090177022836,3.2412990166249944,2.472185242941387,0.3322725175487316,2.223979952170325
14B,292,4.073013353288884,0.7383199778949726,3.3346933753939103,2.563109272161205,0.3166298856515385,2.3369213269923392
14B,293,4.158509647776992,0.7432429831918144,3.415266664585177,2.515796993115287,0.3135978487084758,2.28612004041029
14B,294,4.041294383838803,0.7265275562530269,3.314766827585776,2.445636374447134,0.3274270983712674,2.199458532515894
14B,295,4.114794142491404,0.7432373569651465,3.371556785526258,2.4940918151611253,0.3163649227058225,2.27009440114473
14B,296,4.081253122547979,0.7379243039310075,3.343328818616971,2.5204667873423285,0.30665991740936094,2.2974829473430933
14B,297,3.903080696876412,0.7205434341824916,3.1825372626939203,2.4321212300853654,0.3223653936043877,2.200445226000049
14B,298,4.219497236060939,0.7557682022914594,3.4637290337694804,2.5166919839298534,0.3108509425037187,2.2929041364734144
14B,299,4.060641001195195,0.7465029969991823,3.3141380041960136,2.3993274341726125,0.3087292496362115,2.1749984238887867
14B,300,3.9145166897880963,0.7154583960110162,3.1990582937770804,2.5531114575060974,0.32940072125214326,2.3080392977177513
14B,301,4.017224407742602,0.7188291476506483,3.298395260091954,2.534755964484822,0.3293806984863363,2.2857872482715593
14B,302,4.090208425479463,0.7489558137118243,3.341252611767638,2.5571987162309764,0.3205251334098661,2.3281067677265606
14B,303,3.935091618345282,0.7345328443323947,3.2005587740128885,2.45882420456246,0.33352006020332203,2.2135660343872643
14B,304,4.023903508697927,0.7344386197557325,3.2894648889421947,2.4491192371397705,0.3154576195296371,2.2137937339671137
14B,305,4.063173958873347,0.7351441862326441,3.328029772640703,2.5485698012731155,0.3288799512979695,2.3035225118023632
14B,306,3.9818276269880006,0.7361873182540926,3.245640308733908,2.4777582364511583,0.3149292860865303,2.2529806839566944
14B,307,3.912580321384994,0.7230191158459283,3.189561205539065,2.549617436202853,0.3300673760836856,2.3041151815792094
14B,308,3.8431942424410006,0.7172267739832868,3.125967468457715,2.4885100134750955,0.3363784969241164,2.236534314355004
14B,309,4.070399993465282,0.7506254573088518,3.31977453615643,2.4207769723279795,0.31671938474434846,2.1925647647657294
14B,310,4.181063001310205,0.7518401906256027,3.4292228106846023,2.4829800349655544,0.31381393771286764,2.257629942094652
14B,311,4.044253659078735,0.7441769931103551,3.3000766659683793,2.4839198367145863,0.32179597290676,2.25050255964734
14B,312,4.1540344171630545,0.7329895179442454,3.42104489921881,2.518272848296671,0.3252506042734597,2.2701194643076414
14B,313,4.018849681296502,0.7253130217450605,3.2935366595514424,2.553484832869287,0.31953001384977503,2.3157647783484006
14B,314,4.107370289598908,0.7363456914066194,3.371024598192289,2.530354690983748,0.325201289865031,2.2912066556090713
14B,315,3.995627053563939,0.7199172109648613,3.2757098425990776,2.4812974849485796,0.33631005332317576,2.221943866822573
14B,316,4.031698101023503,0.7306116309008786,3.3010864701226237,2.5091803074064107,0.3204610772941572,2.277725387669739
14B,317,3.9775881677319265,0.7336824871895952,3.243905680542332,2.48362264203634,0.327732170927596,2.243837457831685
14B,318,3.895875953215369,0.7271021141932562,3.168773839022113,2.457107430250772,0.3243259094731535,2.2233708605503373
14B,319,4.030437295289739,0.7282882641982728,3.3021490310914663,2.482027289584154,0.32365584018121385,2.2353072995297785
14B,320,4.056625752097403,0.7267750624586654,3.3298506896387385,2.514097111737178,0.3222450970638139,2.2736430988736585
14B,321,4.194388150866406,0.7479481994735718,3.4464399513928337,2.496048620627578,0.30933004007623555,2.2675408776760944
14B,322,4.035179984259466,0.7332362163193863,3.3019437679400814,2.5950186935616153,0.3313469867940012,2.3550926396613328
14B,323,3.948223429205245,0.7288433485714867,3.2193800806337594,2.415768398890243,0.3228675642459896,2.1797737520045892
14B,324,4.078224690415227,0.7273531827364131,3.3508715076788134,2.561398866304215,0.3351584540299215,2.309714193357949
14B,325,3.975082479050354,0.7341198510509235,3.240962627999431,2.435980369557393,0.31764997366651876,2.1988166443485273
14B,326,4.088985826550401,0.7518538733209059,3.3371319532294956,2.480818101379764,0.3171758762971521,2.2503810220298135
14B,327,3.9985727397667796,0.7404853393314045,3.2580874004353753,2.5048063937553198,0.3253494215148001,2.267873183790038
14B,328,4.047110438822438,0.7243840059423201,3.322726432880117,2.593147451094812,0.33381547016317237,2.3454832498326255
14B,329,4.055183452944708,0.7320085616615633,3.3231748912831445,2.50477292935818,0.3249459830561499,2.264401798244787
14B,330,4.110091449610729,0.7520534208439299,3.358038028766799,2.4018339099440333,0.30273869568099887,2.184293533529193
14B,331,3.947690536114002,0.719906618916934,3.227783917197068,2.510378998433516,0.326270580722907,2.2702868109824426
14B,332,4.010656762432409,0.7319076765129666,3.278749085919442,2.4972220197706525,0.329839135034185,2.25563190539815
14B,333,3.9312662064217148,0.7351919510653828,3.196074255356332,2.4194096287142517,0.3222223784261496,2.1875465791051867
14B,334,3.9680087636177634,0.7273020416819176,3.240706721935845,2.451341391304172,0.3278687856034554,2.2099823164445485
14B,335,4.116210734814682,0.7309532927617627,3.3852574420529193,2.448660374574008,0.3195525273257423,2.215220821394449
14B,336,3.9671870088798458,0.7285966626203895,3.238590346259457,2.511088007338244,0.33522707817936975,2.2627627215587984
14B,337,4.1155088225531,0.7639314303000896,3.3515773922530103,2.3294619773356917,0.2956074536515621,2.1208374353380943
14B,338,3.914820848325966,0.722171544763397,3.19264930356257,2.440957670847076,0.31982060110726757,2.2036131014573113
14B,339,3.9913027504928613,0.7226351956335063,3.2686675548593542,2.503319277993895,0.32831170467895354,2.2542819171466175
14B,340,3.887797804826667,0.7101150560514494,3.1776827487752173,2.5783836995437137,0.33547338832005824,2.3286516136678648
14B,341,3.8715533013942047,0.7178440895324631,3.1537092118617416,2.5696656003400973,0.34015692268250297,2.315121612864917
14B,342,4.161538807753986,0.748145368620263,3.413393439133722,2.4625179334474225,0.32754843196605793,2.2215056169794
14B,343,4.000571955991061,0.7248440367702694,3.2757279192207913,2.4726488160594484,0.3261940791419221,2.2312594174453655
14B,344,4.286805678006377,0.7483620068957046,3.53844367111067,2.5139961513441627,0.31670528512852836,2.2743232851125215
14B,345,4.155458233896643,0.7401916915135865,3.4152665423830566,2.4512589730657037,0.31070402410964304,2.2176407438652124
14B,346,4.031794786266197,0.7469618502170564,3.2848329360491406,2.436736388092669,0.316066816638206,2.208072098607566
14B,347,4.015398850279256,0.7394479356982306,3.275950914581026,2.417992952567471,0.31504084143681393,2.1857305296178846
14B,348,3.9494486437505403,0.7264759403008516,3.2229727034496887,2.4716201796136708,0.3201188722711671,2.233650218196746
14B,349,3.990903083814628,0.7295731850988434,3.2613298987157844,2.4339305878585917,0.3200513592229678,2.197181252352725
14B,350,4.115696892442211,0.7503814888286222,3.3653154036135895,2.441038752730567,0.3153712394297129,2.216551086460322
14B,351,4.0914761652478,0.7476287132221169,3.343847452025682,2.446158814649019,0.3115687871327195,2.217515676014511
14B,352,3.9841434615496607,0.7299495898376087,3.2541938717120518,2.5469848781043427,0.32591278628409254,2.3161456238780556
14B,353,3.952219934648089,0.7290475774097036,3.223172357238385,2.49675015339983,0.3299985819660424,2.2545238960201766
14B,354,3.893827665515077,0.7114482370256621,3.1823794284894147,2.5284710537229116,0.3330412281695732,2.276267884403399
14B,355,3.909554317848568,0.6955173270022098,3.214036990846358,2.577912751587779,0.3468554302162758,2.311919776095005
14B,356,4.034328050893033,0.7433527688900411,3.290975282002992,2.5265320596019607,0.32513318486537657,2.292943300923717
14B,357,4.008401415901248,0.7403768952791376,3.2680245206221104,2.4326329811019116,0.3127938522199078,2.206836852350819
14B,358,4.066009220650499,0.739723474061542,3.326285746588957,2.433695976778592,0.3194744226507993,2.203873248249613
14B,359,4.048957996121098,0.7275475151833346,3.3214104809377636,2.5354906760254603,0.33326221343571205,2.2819250646558804
14B,360,4.103677116656523,0.7580099405600873,3.345667176096436,2.5407087187688164,0.3151848221734,2.3212176092521464
14B,361,3.9632713089715073,0.7229928623881381,3.2402784465833685,2.5102371980273563,0.3333944736613711,2.2605351096887145
14B,362,3.9805204725593066,0.723152648320035,3.2573678242392714,2.5186826287253035,0.3202799636107951,2.282969574791624
14B,363,4.0722756784672915,0.7359740497274148,3.336301628739877,2.605994160970223,0.3198710672740698,2.371427502588045
14B,364,4.282822848595035,0.7369068254697897,3.545916023125245,2.549112363544984,0.3304182465464477,2.2927689329562484
14B,365,3.9330968528627617,0.7171865412219616,3.2159103116408,2.4586376358239717,0.3344221501294705,2.1967472144910243
14B,366,4.032247295614281,0.741038168095884,3.2912091275183974,2.428906807406473,0.3164002630782758,2.194173619278205
14B,367,4.010139848358474,0.7203451709969921,3.2897946773614812,2.5376351796436523,0.3257207831680403,2.2913608641200915
14B,368,4.058727817806124,0.7294921953428936,3.3292356224632305,2.5803017968029254,0.3244849269543948,2.343142949257146
14B,369,4.110587721382394,0.7555805852945853,3.355007136087809,2.3874730110790803,0.30736910373929194,2.168046094178567
14B,370,4.046451536910798,0.7318514011509736,3.3146001357598243,2.473873156604167,0.32182012723962794,2.234113727158533
14B,371,3.9503834608220343,0.7077582775627088,3.2426251832593254,2.5567339468502785,0.33356446776111764,2.305661636612427
14B,372,4.138653565257191,0.7359430181500406,3.40271054710715,2.5405340422867377,0.32490779437589695,2.2969361831283135
14B,373,4.053865264190827,0.7152279525117874,3.3386373116790393,2.582228756052035,0.3380366190260471,2.3162019857430525
14B,374,4.237581014292182,0.7493787724908954,3.4882022418012864,2.537152229122152,0.31692334563071095,2.304528881745239
14B,375,4.202232423258462,0.7584934023156336,3.4437390209428274,2.477993826802614,0.3035627598078488,2.259284742466219
14B,376,4.10315542479718,0.7404453834667111,3.3627100413304687,2.5114805973107495,0.3195171244545385,2.273110116849871
14B,377,4.150392215625172,0.7325290526550883,3.4178631629700833,2.542364682894642,0.3220995925255542,2.3035043298232054
14B,378,4.156358433917834,0.7377587907217612,3.4185996431960732,2.5292421560486447,0.32058728440996664,2.2927366363478523
14B,379,4.179536772901128,0.7405390678178271,3.4389977050833,2.5700893992357168,0.33226339199999827,2.3230270635008448
14B,380,4.245299371197536,0.7417099671725187,3.5035894040250173,2.580564538766332,0.32180439643707226,2.3358879457863373
14B,381,4.062982557562305,0.720937668943036,3.3420448886192693,2.585866559326921,0.3322841374699748,2.333139157903779
14B,382,3.9792151326709835,0.7274598417862158,3.2517552908847676,2.55137782237315,0.334043086617942,2.3032270419439698
14B,383,3.9520149181231394,0.7142374579210292,3.2377774602021105,2.513401157580231,0.3302038473633811,2.2683302986554703
14B,384,4.162200068642722,0.7280391274098758,3.434160941232846,2.5281208769674715,0.3170711571800686,2.2898940523725475
14B,385,4.131463930931619,0.7365878649896154,3.394876065942003,2.5561405117254123,0.32230582382226197,2.314073171448674
14B,386,4.067752793844053,0.7334850294619626,3.3342677643820915,2.4892344380403415,0.32656453709182515,2.247436462392142
14B,387,4.132690083145681,0.7418630561793046,3.390827026966376,2.567682015577945,0.3170374100411888,2.3350243034175926
14B,388,4.100519819059074,0.7314785059970861,3.3690413130619894,2.5213657780970293,0.31499197407655743,2.284458404221908
14B,389,3.9527168902866143,0.7358157708087457,3.216901119477869,2.4796092823928846,0.3251017415081154,2.2410375038774135
14B,390,3.9417196870156332,0.7183012627002994,3.223418424315333,2.42921080200254,0.32879466673321994,2.178359736724597
14B,391,4.165262829672472,0.7318705583299976,3.4333922713424743,2.5523891351733683,0.32660459645616274,2.3064555669887454
14B,392,4.157503580916504,0.7587254259739149,3.39877815494259,2.4345647367385137,0.30741012723086686,2.2155806047877404
14B,393,4.291561825992103,0.7584514626808853,3.533110363311217,2.572267583817943,0.3079578689949892,2.354472391790459
14B,394,4.328643278728836,0.7522289656391432,3.576414313089692,2.5445782658694185,0.3139282814748833,2.310439554201815
14B,395,4.063801613992839,0.7389641071156542,3.324837506877184,2.4816325394292016,0.3256103948027318,2.2394101656490304
14B,396,4.088022019501976,0.7290802836597435,3.3589417358422327,2.5585360711864777,0.3312404265571944,2.313255180405162
14B,397,4.118149808120082,0.7424983283562044,3.3756514797638766,2.523072874231577,0.3258603648127977,2.283428271456734
14B,398,4.084394450626758,0.7395225111349834,3.3448719394917745,2.5602953811332476,0.314106011589537,2.3284746407901915
14B,399,4.018647184563575,0.7403024099097574,3.2783447746538172,2.4358742780783125,0.3155454254943484,2.202693137580012
14B,400,4.131604789437537,0.7350277919926419,3.3965769974448947,2.548118319405307,0.32009741682439197,2.3138209429686705
14B,401,4.225144943588489,0.7432483302238946,3.4818966133645954,2.5326203236601637,0.31358512838632735,2.300978946979011
14B,402,4.123167660361732,0.7378966921794057,3.385270968182326,2.530228109437306,0.32299730401031196,2.2898494324476677
14B,403,4.316315069776203,0.7501258694635039,3.5661892003126985,2.6381722652400708,0.3195643607911571,2.404523352383943
14B,404,4.1063294701819055,0.7430938632456566,3.3632356069362492,2.516017981625158,0.30593509122716445,2.2916230564010265
14B,405,4.190313548678207,0.7433881482912295,3.4469254003869776,2.5075577465333043,0.3177793652670017,2.2747588322737533
14B,406,4.150876891011296,0.7418497684157636,3.4090271225955315,2.5593384927390015,0.3274242116978805,2.3172532789200244
14B,407,4.090387736161407,0.7368195919888378,3.353568144172568,2.5111732934838265,0.3241849843787914,2.272716250040874
14B,408,3.9804719584052055,0.7166752792029398,3.2637966792022652,2.5423446831370358,0.337076110033358,2.2911166673743626
14B,409,3.9944855579124687,0.72869203267365,3.265793525238819,2.5332732234964217,0.33238593066754785,2.286234361385516
14B,410,4.131431496560857,0.7243609095303524,3.4070705870305047,2.6189633720125998,0.3265268173614885,2.3698149662089647
14B,411,4.04835647907952,0.7342033250641067,3.3141531540154134,2.5011357691568694,0.32146785407638284,2.263538228674358
14B,412,4.058142973786103,0.7272203185060487,3.3309226552800544,2.62844259593078,0.33451443682057924,2.378612086756156
14B,413,4.144497062920694,0.7148745384908797,3.429622524429814,2.6937986450758404,0.33861830921299924,2.4282686125455037
14B,414,4.154309411000386,0.7357978963119614,3.4185115146884244,2.5942702635034895,0.3263018521946744,2.3497694808145617
14B,415,4.06832656525886,0.7380066862361202,3.3303198790227397,2.5811969639246395,0.3271088039937041,2.3447452260640786
14B,416,4.136833354502574,0.7234730863280404,3.413360268174534,2.5740425411781986,0.3290644904095285,2.3205435611235297
14B,417,3.9954653418573782,0.714006543430268,3.2814587984271095,2.543083873613067,0.3281981909959115,2.2904924781339835
14B,418,4.0224153210598255,0.7114476013100774,3.310967719749748,2.6645461801213557,0.3442733225610783,2.4015060027270407
14B,419,4.181163621821412,0.7374248654603996,3.4437387563610122,2.602047505905474,0.32132292895854064,2.365516211328443
14B,420,4.2233460668051555,0.7339738270096501,3.4893722397955056,2.60447339758119,0.329411697058096,2.357358279213731
14B,421,4.057459761855665,0.7221443307984445,3.3353154310572215,2.6242381378498885,0.3359531269010265,2.3663722120020325
14B,422,4.028828034345101,0.7210207499358573,3.3078072844092428,2.555798879014737,0.3273301771861757,2.3082469425704994
14B,423,3.9130865056846615,0.725047948705025,3.188038556979636,2.458447987449968,0.33357334143895584,2.210347340151414
14B,424,3.9248546389593795,0.729588666217702,3.195265972741677,2.49132629644505,0.3283063044004151,2.2455925276414366
14B,425,4.053641675621428,0.7343742800830961,3.3192673955383314,2.489568488474607,0.3295021650602669,2.2461761516269996
14B,426,4.068915040669216,0.7390899320101773,3.329825108659038,2.651314463437968,0.32367350863940225,2.415984900906827
14B,427,3.8391903575250836,0.7056061072668038,3.1335842502582794,2.5194341394802717,0.34751132997257805,2.2501915175493834
14B,428,3.9721960908190956,0.7121821632223666,3.26001392759673,2.5342685984078,0.33717964154265206,2.273819474349096
14B,429,4.041748165220742,0.7318773070716266,3.3098708581491154,2.5845379406128157,0.3225819651103429,2.3446500761727966
14B,430,4.018665241190276,0.7312881358025204,3.287377105387756,2.5880703227019874,0.33114910458137714,2.345286421866538
14B,431,4.095804141945053,0.7339839359188229,3.3618202060262297,2.4761223601568405,0.3216487482895718,2.2296479865066074
14B,432,4.244880031089355,0.7448382833090696,3.5000417477802857,2.5264519628952544,0.31849484086157387,2.281877219514758
14B,433,3.996290088171983,0.7236388961140483,3.272651192057935,2.5317135870864753,0.3297287771359919,2.288641849717943
14B,434,4.08688478591654,0.7483618618110327,3.338522924105507,2.4731102829250777,0.31821065033321116,2.2395545008768836
14B,435,4.179282224912546,0.7451129663410343,3.4341692585715116,2.5118828577445114,0.31926354151591474,2.2700138016993088
14B,436,3.9999429082127027,0.7278722861340253,3.2720706220786777,2.5173093019143478,0.33019480460242734,2.272929063115928
14B,437,3.96004165073248,0.7264189670128678,3.2336226837196125,2.5587322873661456,0.324135598183395,2.3210678301413963
14B,438,3.9545797076860327,0.7281690301792323,3.226410677506801,2.442899077380289,0.3120265999289993,2.212744113151788
14B,439,3.9219736904056264,0.7066631038483151,3.2153105865573113,2.5302186508194757,0.339276151205375,2.2693687788911903
14B,440,4.021329990301809,0.7203812954337236,3.300948694868086,2.604104943756549,0.32771539021579443,2.3613407523913335
14B,441,4.1850998262569625,0.7498027323308654,3.435297093926097,2.4955882239054286,0.32024716704489037,2.2562157758670685
14B,442,4.076779321870213,0.7077200606814813,3.369059261188733,2.6748321841725824,0.34284257630654086,2.4125428863880805
14B,443,4.030935706967546,0.714551967926872,3.3163837390406727,2.614382013781709,0.34222123372972296,2.35092414380617
14B,444,4.038877690841614,0.717841417315987,3.3210362735256274,2.566159278969041,0.33761266350216473,2.3051235899099662
14B,445,3.923329879333286,0.7051479919527126,3.218181887380574,2.5601885886753895,0.335855360032099,2.304562597552912
14B,446,3.964535883062771,0.7171136880196787,3.2474221950430926,2.521977924589914,0.33737663327539574,2.2650694761066066
14B,447,4.253929970926855,0.7416291861968926,3.5123007847299617,2.61283129943591,0.32942395666508295,2.363673294618967
14B,448,4.012945517660282,0.7101133872548634,3.3028321304054185,2.635703988597726,0.34435680440820216,2.3758318334408237
14B,449,3.9983505088877935,0.7108893738238582,3.287461135063936,2.664815550947711,0.3423982534476291,2.405161992645639
14B,450,4.111039751266082,0.7318150218808827,3.3792247293851987,2.5698307497907327,0.3334533491974969,2.3178573542344276
14B,451,4.147344749095544,0.7264462094420686,3.420898539653476,2.6620331887668396,0.33106398482206306,2.413318631332416
14B,452,3.9373314732561804,0.7046602597677804,3.2326712134883997,2.603674061916547,0.3485391142777349,2.331909971525165
14B,453,4.106383613974591,0.7425446377148672,3.3638389762597236,2.563310366847552,0.3184658014145726,2.331081820377651
14B,454,3.92733709607815,0.7168043953404281,3.210532700737722,2.4692155866973002,0.3338739695157037,2.218222324247231
14B,455,4.087092886873168,0.7271211882921571,3.359971698581011,2.7028862913465543,0.3325946011964432,2.4579940579547954
14B,456,4.064747193544537,0.7160990599346364,3.3486481336099017,2.6829329806780056,0.33837201949129725,2.4262706619519996
14B,457,4.214289374953612,0.7362768064257688,3.4780125685278436,2.6512021598149556,0.33628583583067895,2.3947792313028806
14B,458,4.011378496058062,0.7205437717370424,3.290834724321019,2.5837600666764873,0.33533996328443344,2.3292008336439656
14B,459,4.006283143011298,0.7136283913457647,3.2926547516655336,2.6129695825870143,0.33463418018893465,2.3629081338770885
14B,460,4.056421108532402,0.7340329850036209,3.322388123528781,2.509333787826222,0.3327473712732902,2.256247151719564
14B,461,3.945779220190372,0.719797881737542,3.2259813384528293,2.5546880063024617,0.33464804725356323,2.307984271915387
14B,462,4.143461455063349,0.7395629881913447,3.4038984668720045,2.5691958327292084,0.31801831922571616,2.3321403246127907
14B,463,4.079361862843627,0.7458220891435158,3.333539773700111,2.51222421428325,0.3202239782535512,2.2762591300531114
14B,464,4.024482696006058,0.7284611340892791,3.2960215619167776,2.585084617389918,0.3292239056991625,2.341257293273169
14B,465,4.180447885622686,0.7456945462841411,3.4347533393385454,2.558341779086136,0.3213349020258543,2.320666978227385
14B,466,4.183400879674849,0.7339816955627999,3.449419184112049,2.607956254230969,0.3212976542384915,2.369930003837523
14B,467,4.153667043230458,0.7438549074077551,3.4098121358227025,2.5511033812428336,0.32742029343308404,2.3100316797259413
14B,468,3.939256967638208,0.7116117556082096,3.2276452120299983,2.5715169584175372,0.34081108367923824,2.312845198303136
14B,469,4.053672672825458,0.713176783752394,3.3404958890730643,2.6509540612831026,0.33913656614436344,2.3954504300910924
14B,470,4.041090512425769,0.7154963167584479,3.3255941956673216,2.6367944668498544,0.341880006335155,2.3795143900045996
14B,471,3.9642342273497277,0.7281623801700476,3.2360718471796797,2.4927736366599986,0.33026248762873217,2.247816193924728
14B,472,4.133941227962292,0.7320206295091377,3.4019205984531546,2.6327233309283438,0.3343139464982973,2.3774374703892613
14B,473,3.956881312334154,0.7086075745803665,3.248273737753788,2.65967225759072,0.3422755612746837,2.4048418967996943
14B,474,3.9972604100453006,0.7038464382816391,3.2934139717636617,2.6077474586545724,0.34162745036185005,2.3448575364674826
14B,475,3.952177268212834,0.718219941275741,3.233957326937093,2.565867270918953,0.3384293453837884,2.3144803544087695
14B,476,4.193640377790911,0.7345992806079551,3.459041097182956,2.6114931061067623,0.3302352010369412,2.3674466925471127
14B,477,3.966415148114164,0.7270505533099851,3.239364594804178,2.5784375733658798,0.33046415780315685,2.3381646201262796
14B,478,4.06245155232427,0.7260551556839897,3.33639639664028,2.5630376954508574,0.3282501196742125,2.3223387169853673
14B,479,4.178199949714326,0.745294991753013,3.4329049579613136,2.5767280420763647,0.3191308550425076,2.3408937652088095
14B,480,4.091082033346349,0.724780611762118,3.366301421584231,2.640943211929852,0.33516342510904357,2.384349597652442
14B,481,3.945485313339329,0.7126120028444362,3.2328733104948926,2.5095864797293506,0.3399385656680393,2.2433464262944534
14B,482,3.9202842673450724,0.6949173122481227,3.22536695509695,2.602803855338009,0.34805220989227637,2.329083912221589
14B,483,4.270163868691095,0.7338528333773607,3.5363110353137346,2.6951186477875813,0.3367622140013938,2.4417889618117408
14B,484,4.174504741482582,0.7477080218036988,3.4267967196788827,2.6056975787687278,0.32271633720551895,2.369733209702076
14B,485,4.067560656577749,0.7289941057828336,3.3385665507949156,2.55590336837647,0.3327623072267412,2.309208830258299
14B,486,4.0649507912735645,0.7042512531679123,3.360699538105653,2.750340367885108,0.3416903965836329,2.4870913667067933
14B,487,3.9818369730590395,0.7188425884380553,3.2629943846209843,2.55155668564131,0.3420549377147943,2.2930372512326556
14B,488,4.070034108269689,0.7322477000174124,3.337786408252276,2.580533162860948,0.3356831816294113,2.3300473735013423
14B,489,4.164166974581856,0.7437741456088486,3.4203928289730063,2.6637504416773803,0.32965264324533905,2.4257192286809346
14B,490,4.136687386303376,0.7428506199204791,3.393836766382897,2.6148846295857733,0.3187048184797836,2.381470188974409
14B,491,4.051499889524124,0.7115220911286715,3.3399777983954517,2.6429632246768477,0.3378910180042107,2.3869329795844405
14B,492,3.968179444382162,0.7302829677050033,3.2378964766771587,2.4697465676969044,0.3278035035914618,2.229087693152357
14B,493,4.098847863747285,0.7335166933794084,3.3653311703678765,2.562036390263296,0.326586222532118,2.3158010405500673
14B,494,3.875568151433654,0.7141000164448605,3.161468134988793,2.5105563711671715,0.3336265790319626,2.2571523860351306
14B,495,3.926175668671024,0.7031388741342273,3.223036794536797,2.5399694224804668,0.33571051471932173,2.28552459898254
14B,496,4.085850873109557,0.7405719462545186,3.345278926855039,2.5310969188409627,0.32120034049610136,2.293938491044684
14B,497,4.1412544390827914,0.7188892480305027,3.4223651910522888,2.6511363473500316,0.3425260328872886,2.3851434750482157
14B,498,4.055851558346093,0.716190790017393,3.3396607683286996,2.605050376490905,0.3406702051631194,2.3461520156928612
14B,499,4.1611061862611605,0.7207269378111133,3.440379248450047,2.7010410257529203,0.33498603454257386,2.449105123802046
14B,500,3.7949084948698952,0.6998997750437851,3.0950087198261094,2.514717376893453,0.3492069988190742,2.2550783079530876
14B,501,3.9923836990147064,0.7095033871111519,3.282880311903554,2.653142013545568,0.34700133388052345,2.3860568617828073
14B,502,3.7374552822563074,0.6928171998525066,3.0446380824038006,2.5433604852501963,0.3516616916601522,2.2705711445032293
14B,503,3.913093669175145,0.7031621636086691,3.2099315055664763,2.5628281464185223,0.3406457347559902,2.301947868137306
14B,504,4.203465146862794,0.7277413632320622,3.475723783630732,2.7253141036221944,0.3398032226749115,2.4667195388582503
14B,505,3.927292022911291,0.6956677057866938,3.2316243171245973,2.6399949293906153,0.3519018904763633,2.3638463666755114
14B,506,4.098995265503269,0.7129884853314147,3.386006780171854,2.6522049308361213,0.3410041620926195,2.3882084835245894
14B,507,3.8809406925276497,0.6970828131403028,3.1838578793873458,2.704272368704985,0.35588169061499153,2.4349916057865233
14B,508,3.9378469372695237,0.7105777207658881,3.227269216503635,2.6035710901973586,0.3504208162970484,2.340924051067951
14B,509,4.102840816556152,0.7106276589338926,3.39221315762226,2.714702743407188,0.34053659390996144,2.4505314151940394
14B,510,4.0940667092961815,0.7267181124136153,3.3673485968825663,2.6053503143204653,0.3398621741181042,2.346775739785436
14B,511,3.99869677304515,0.7176938344284365,3.2810029386167128,2.6484257595385094,0.3396718361618836,2.3939937239793876
14B,512,4.0286627850637515,0.7338162208544227,3.294846564209329,2.523854061747478,0.3218483945361867,2.2883695683156495
14B,513,3.9636151430340965,0.7248661296165317,3.2387490134175647,2.5433464052920556,0.33236947813860923,2.297281419796556
14B,514,3.915260662406942,0.6927318409685149,3.2225288214384276,2.587688366056895,0.339300549900053,2.321992747953322
14B,515,3.8859619553036318,0.7174624354555749,3.1684995198480572,2.5264918423746425,0.33884853195598164,2.2722316034367536
14B,516,3.9590496309090812,0.719813705419782,3.239235925489299,2.6115518142032634,0.34338504531064695,2.357260057814924
14B,517,3.916934482650795,0.7067217366171576,3.2102127460336374,2.5883677369905955,0.34337508859368976,2.3267611414315397
14B,518,4.036007555099252,0.7112520278246731,3.324755527274578,2.669943858025914,0.348711167265684,2.399475967779234
14B,519,3.904654173692652,0.7115924298996551,3.193061743792997,2.487463251540872,0.3387724383897586,2.2317161379481676
14B,520,4.172482782127383,0.7260172355649419,3.446465546562442,2.5934194936341974,0.3332256936764804,2.3379058594289
14B,521,4.166556570269674,0.735955336988146,3.4306012332815286,2.6312657467638254,0.32502089679889745,2.3872775517572897
14B,522,3.975929681372629,0.7178454559062284,3.2580842254664004,2.651595527235821,0.3373567083343286,2.401942110995935
14B,523,3.8716982672521207,0.7027039736148422,3.168994293637278,2.5838169852733937,0.347835475837386,2.3177530991456874
14B,524,3.8471384067646275,0.7168235624000656,3.1303148443645616,2.492186167625547,0.33429936208061134,2.2466327187301696
14B,525,3.9319280231948697,0.7006944902602943,3.231233532934575,2.6521458739972132,0.3521001741761609,2.376301047677106
14B,526,3.9338837599263443,0.7043656410712116,3.2295181188551325,2.602972814422937,0.35169586012335097,2.3297635677170065
14B,527,3.9103945412863412,0.6926106539302478,3.217783887356095,2.5809835898934366,0.3400974917254617,2.318239334212977
14B,528,4.033063463045031,0.6974750576397682,3.3355884054052636,2.770551975202917,0.3521242897676868,2.4965133612836494
14B,529,4.0646597984250326,0.7116258104551172,3.3530339879699156,2.674243536797189,0.3413177389274125,2.4101701941968177
14B,530,4.271799633186499,0.7342261825583289,3.537573450628171,2.697524843558192,0.34019610658178934,2.4345153373681807
14B,531,4.11337811576641,0.729724597715767,3.383653518050643,2.6191376267607227,0.3301867433157803,2.3725650843754034
14B,532,3.9361917892098752,0.7150137716493399,3.2211780175605362,2.577080189779752,0.3321263619065224,2.3313508157794636
14B,533,3.982339799678015,0.7157474037494432,3.2665923959285714,2.5557905720771936,0.3345672911787003,2.3069334003477215
14B,534,4.057852703312529,0.7238258859308135,3.334026817381715,2.69469753362088,0.34451071447317283,2.439268055439422
14B,535,3.921985906547525,0.70039766743655,3.2215882391109747,2.603793286734664,0.34149795359615187,2.3396913149141185
14B,536,4.115418233055185,0.7208102973964267,3.3946079356587577,2.6811429735146195,0.33498465000616645,2.4261914714720643
14B,537,4.108194689692361,0.7138705195809596,3.394324170111401,2.7114803384415236,0.3463664848814565,2.4485979774969775
14B,538,3.9428234287202404,0.6961520198649948,3.246671408855246,2.745217451369342,0.3518149498419455,2.4750651433173037
14B,539,4.052917389525133,0.7038849629856153,3.3490324265395186,2.6614077266870075,0.3420451525858484,2.39158389712192
14B,540,4.194665927399557,0.7305729494903894,3.464092977909167,2.636951367408662,0.3339519163240248,2.3798790834571704
14B,541,3.9870552160175556,0.6965483968257251,3.2905068191918314,2.68576092184178,0.3483233146477429,2.41516867706291
14B,542,4.177714243572567,0.7256163902327343,3.4520978533398328,2.6654522415763124,0.33490186639715763,2.409594763991478
14B,543,3.985235394640178,0.7122147003093772,3.2730206943308007,2.667139537604421,0.3407276704428722,2.4127262593273304
14B,544,3.926928709656241,0.6974838219216504,3.2294448877345903,2.657145487819776,0.35680554379331897,2.376603209781106
14B,545,3.8968356198993317,0.7124482016143029,3.1843874182850285,2.5230137579895806,0.33235853232572504,2.2685607366522045
14B,546,4.127030120343217,0.7285655576507459,3.398464562692471,2.6210625573975075,0.3259075830950826,2.3822507695345023
14B,547,4.285489596219051,0.7323430972304668,3.553146498988584,2.6861685068681678,0.3328352552495068,2.4334151615581407
14B,548,4.034562949970001,0.7090876138324888,3.3254753361375124,2.7358120431462396,0.3486170924033082,2.4682523488655197
14B,549,3.9932604457762673,0.7035216284907934,3.2897388172854742,2.683305748123147,0.35302772682323486,2.405992373003252
14B,550,3.9271120349935846,0.7074171911390615,3.219694843854523,2.6644870794709097,0.34394845316035927,2.4095629484972663
14B,551,4.2196142698625705,0.730087195992282,3.489527073870289,2.714101152745847,0.3392147548367741,2.4588794344434732
14B,552,4.101096247962081,0.7165237099896453,3.384572537972436,2.700239062477882,0.34309628831239414,2.4362406563568535
14B,553,3.9985439439506263,0.7017701963755487,3.296773747575078,2.694927095186848,0.34983366560112306,2.4268048195483263
14B,554,4.060741333777312,0.7302635863409133,3.3304777474363982,2.5980311278004664,0.32715349804533045,2.3543464247263364
14B,555,3.8316446502506096,0.6920390205477214,3.1396056297028876,2.7012537339210136,0.3574545938081265,2.4291889730329035
14B,556,4.01876394528805,0.7087425151304676,3.3100214301575823,2.6937065474122575,0.3479317011041936,2.4286505458307146
14B,557,3.920075696900138,0.7193343053538939,3.200741391546244,2.548502529171293,0.34112566267276645,2.2989117925560283
14B,558,4.040919909260439,0.7083131019190341,3.332606807341406,2.681233400125151,0.33903440954098674,2.4227767555229938
14B,559,3.874224250063373,0.6917137345748533,3.1825105154885196,2.6626462690378108,0.3588825681392013,2.3865666675982853
14B,560,4.044992457982019,0.702993968234589,3.3419984897474295,2.71240759870694,0.34677794124301026,2.440037219350227
14B,561,3.9117336856409457,0.6990882872488057,3.212645398392139,2.6752157387531192,0.3538878594989564,2.4070271308869806
14B,562,4.135747663010595,0.7162839216191204,3.4194637413914744,2.7644918758427264,0.3439566088864129,2.5055822840992663
14B,563,4.1671265281697485,0.705993881885295,3.4611326462844536,2.7601565531195047,0.3490099768875826,2.486343956972466
14B,564,3.940969870528983,0.7179469808568241,3.223022889672159,2.583331770281735,0.33907381089523053,2.3309983309570517
14B,565,3.9728688358353463,0.7049261202979967,3.26794271553735,2.7060253284957216,0.34320882171873013,2.4429270631871933
14B,566,3.981728379531212,0.7024074272496209,3.279320952281592,2.738835207609855,0.3510548328219801,2.4737912761730274
14B,567,3.9883688621595543,0.7044530510304736,3.28391581112908,2.681382140157735,0.34767057425378417,2.4218918203490194
14B,568,3.8885159209981204,0.7053058177840729,3.183210103214048,2.700053287280753,0.3467035560817611,2.4419166705450914
14B,569,4.076897203101773,0.7147198370544848,3.362177366047288,2.6864149648180526,0.34207657643142036,2.4242001530429516
14B,570,3.9933302980087317,0.7000487443677311,3.293281553641001,2.7222818414227294,0.35057986038316213,2.4533901956812167
14B,571,4.077633008658146,0.7201416436545596,3.357491365003586,2.658901049257607,0.3335192657605459,2.4127708425644303
14B,572,4.021309282782947,0.7039321500447207,3.3173771327382267,2.6824605312932825,0.3407081903355206,2.4173510280801005
14B,573,3.9354451056886246,0.6999019336340578,3.2355431720545664,2.7130156084307737,0.3514135482021052,2.4428365525741276
14B,574,4.051886452285362,0.7131211950970878,3.338765257188274,2.681823476895603,0.34575326077097435,2.418533370686658
14B,575,4.092519150050902,0.7121604241087556,3.380358725942146,2.705678326710423,0.34421036667209265,2.4405154076650746
14B,576,4.017741295260888,0.6968403401670896,3.3209009550937982,2.7803455769811327,0.3582029893724386,2.4996657721234694
14B,577,4.044019994356637,0.7045845546643853,3.3394354396922523,2.7631169957946753,0.3519139514965289,2.495811434124215
14B,578,4.112744215233679,0.714643927431165,3.398100287802514,2.7180017738623823,0.3449567069029041,2.4547768903880822
14B,579,3.998507495716167,0.7009002732801958,3.2976072224359703,2.723175060840006,0.3496219093246127,2.4534432630493663
14B,580,4.013223213312088,0.7107776730629717,3.302445540249116,2.6168935108930786,0.3419716692232415,2.3515192635771287
14B,581,4.16247328368755,0.7319799863680666,3.4304932973194835,2.7434248861604362,0.33360120026691203,2.4972974750728425
14B,582,3.9092615531881454,0.7057648657290475,3.203496687459097,2.5207511098604223,0.34167660727856025,2.259473417356263
14B,583,3.8836504118769755,0.6942661212463345,3.189384290630641,2.6575196822220475,0.35120820779393574,2.387338501164649
14B,584,4.174680610647656,0.722221800520533,3.4524588101271227,2.731138388607192,0.33612190357419836,2.47396669958375
14B,585,4.1127686609091745,0.7438488014387488,3.3689198594704264,2.626674868041944,0.3245484306848767,2.3879481379899583
14B,586,4.010510576620833,0.7027957883200223,3.3077147883008107,2.6776896791144713,0.3490107333613636,2.410062124282122
14B,587,3.984030974967456,0.69334997582032,3.2906809991471357,2.766277024883618,0.3537137212980997,2.495670244963486
14B,588,4.053006810580906,0.7178302467542982,3.335176563826608,2.633873104368184,0.34022458083780743,2.374492366977413
14B,589,4.012329647374066,0.7124075616609808,3.2999220857130855,2.6717967535168303,0.3317687302216781,2.425885078661368
14B,590,3.902738884470833,0.6902565930011881,3.212482291469645,2.7531063054415594,0.36444304800567023,2.4695588528109425
14B,591,3.815964243504288,0.6795272366956691,3.136437006808619,2.7267028020269906,0.3580838400676898,2.4540662224135916
14B,592,3.7914479054572268,0.6885034583090939,3.1029444471481336,2.608915127131551,0.35545797839037735,2.3389448419875634
14B,593,4.084605572329594,0.7126621699603687,3.3719434023692254,2.6605994931348373,0.33943501410530413,2.400207348215477
14B,594,4.116881056818658,0.7374446275074016,3.3794364293112564,2.656015060353774,0.329201425184389,2.4150218019608
14B,595,3.8988761727769736,0.7026720520277148,3.1962041207492593,2.6576595133786944,0.3511282271233816,2.3881204371178657
14B,596,4.130786423515516,0.7416293219789099,3.3891571015366058,2.5883387845854076,0.3285129059797264,2.345508304406854
14B,597,4.114091449874287,0.7382650928811809,3.3758263569931075,2.571516423052604,0.3294035903426036,2.32593271448707
14B,598,3.9730019050925875,0.728655027961404,3.244346877131183,2.5691103991704343,0.3371523556549304,2.3206327853161555
14B,599,3.870437581553411,0.7047708455820587,3.1656667359713526,2.5777392522590525,0.34349145633568334,2.315313566939152
14B,600,3.890384119303228,0.6942306309366784,3.196153488366549,2.7026058222957867,0.3478071403412189,2.4357766488376007
14B,601,3.908117762474769,0.6991705690527299,3.2089471934220395,2.6386074842858207,0.3489401222264955,2.3743799891696233
14B,602,4.017819811318924,0.7105178856060436,3.307301925712881,2.7589429179084433,0.35080060953951264,2.5024691541758415
14B,603,3.8579478546109356,0.6913695468347587,3.1665783077761764,2.7159873684842704,0.36071668892689945,2.4378342550227137
14B,604,3.9611961910526983,0.6990398708591065,3.2621563201935917,2.7152990985660126,0.3535864536388252,2.4449907743095554
14B,605,3.926547797880411,0.697824068480144,3.228723729400267,2.6913068131775817,0.34846836546773646,2.424707025372758
14B,606,4.019756821671157,0.6995664268859774,3.32019039478518,2.7039007224396023,0.3547427467990599,2.4257701192665704
14B,607,4.044024346827161,0.7054549617080079,3.3385693851191536,2.711845775823025,0.3509345453767218,2.4382034640945713
14B,608,4.1062440920533065,0.726189210599623,3.380054881453683,2.608315492696339,0.3359072084832869,2.3515882555330987
14B,609,4.132956555766403,0.7412409257083213,3.3917156300580813,2.6125034747790172,0.3220862466493542,2.3795637686826785
14B,610,4.187823401402569,0.7264075352451601,3.461415866157408,2.660473192156679,0.33841727680668793,2.399124566992355
14B,611,4.077635119489652,0.7355932864188113,3.34204183307084,2.624443807422858,0.33079363250524924,2.3846365037653614
14B,612,4.091126788209683,0.7098086992607698,3.381318088948913,2.6878430291885573,0.3411188525839649,2.4196610899504574
14B,613,3.9178440379454735,0.6846122509190361,3.233231787026437,2.748467442201776,0.35909510828667096,2.4678971940846286
14B,614,4.001525041641347,0.7021716260248692,3.299353415616478,2.7163088823356683,0.34057436005387937,2.4529059878588497
14B,615,3.888459956119383,0.7032803409332165,3.1851796151861667,2.7026780852453802,0.3489798438203324,2.437513668440059
14B,616,4.030522358707362,0.713450157242425,3.3170722014649376,2.659897413398036,0.3449139865124398,2.3932599796624245
14B,617,4.021740430194566,0.7096363234936676,3.312104106700898,2.634056503242826,0.3463366328073827,2.3676063201649886
14B,618,3.827022834383244,0.7013049231775143,3.12571791120573,2.5931878799610835,0.3450841066958301,2.3357265440659263
14B,619,4.026598495691704,0.6860183831922815,3.3405801124994223,2.8039187357849187,0.36098751017606234,2.5247082006293935
14B,620,3.8049949906293588,0.6865259450436616,3.118469045585697,2.719975811330968,0.36277671183616317,2.440517147700956
14B,621,4.039350966943284,0.7174928559643287,3.3218581109789556,2.674835931134914,0.3485192049587937,2.410323133103252
14B,622,3.8867906940579653,0.6835245447953636,3.203266149262601,2.831150273668799,0.36860603595205294,2.5450319649582913
14B,623,4.087923484084938,0.7123422501319956,3.375581233952942,2.755051247289767,0.3517248870477122,2.48781071447587
14B,624,3.8996130818505463,0.6739908103875512,3.2256222714629947,2.760856076790272,0.36280569400091034,2.470899143818312
14B,625,3.954324682243177,0.6965729659129541,3.257751716330222,2.711517744649707,0.3544414286273889,2.440491793283403
14B,626,4.068266195774364,0.7148335345049995,3.3534326612693643,2.7188820191989937,0.3488942965931301,2.454503142547511
14B,627,3.956857401784108,0.7140716147984563,3.2427857869856522,2.616761453608671,0.3402797605874834,2.364299922422931
14B,628,3.807277288462904,0.6934891482636801,3.1137881401992242,2.595889439018791,0.356322256676893,2.322303865261514
14B,629,3.907691646104544,0.693250621161117,3.2144410249434268,2.697039885899565,0.3550113655439455,2.4249598061367843
14B,630,4.066136463073802,0.7046455835635254,3.361490879510276,2.8236429616426255,0.3501754870719733,2.561114268621744
14B,631,4.1640119484869755,0.7159344464824788,3.448077502004497,2.846563873127213,0.34418862236472364,2.5891652298437005
14B,632,4.154884194433527,0.7324130272203336,3.4224711672131924,2.6847126241521857,0.3372975408060273,2.431988796557287
14B,633,4.06059290407407,0.7133026991704904,3.3472902049035778,2.722232186437632,0.352403203311994,2.4583833564514963
14B,634,4.044203017886513,0.7051088783772672,3.339094139509247,2.672739881411425,0.34101220774916446,2.407570525932086
14B,635,4.018486248032861,0.7116738435103899,3.306812404522472,2.7098791035579346,0.346480500619111,2.4448235408455723
14B,636,4.015480724990061,0.6922296412828318,3.3232510837072295,2.799003735233265,0.3574488388292158,2.5203046988033146
14B,637,4.012927937889114,0.7156828486301254,3.2972450892589893,2.686353310593071,0.3454686303085437,2.4304499913113244
14B,638,4.102759563645235,0.7173567966312122,3.3854027670140225,2.727109171711825,0.3491012039870363,2.460463317904644
14B,639,3.897657191259257,0.6986110865373215,3.1990461047219365,2.6226163321093527,0.3503766649762899,2.354126185935638
14B,640,4.104528826886099,0.7214306398511373,3.383098187034963,2.702990221335013,0.3484251160376263,2.4389668314973005
14B,641,4.064844008626287,0.7114901048385444,3.3533539037877427,2.722871726741609,0.34209826972354335,2.4638193086049727
14B,642,4.034753881129596,0.7233286928235635,3.3114251883060324,2.637087128237502,0.33767548023512234,2.3845297355373654
14B,643,4.054532130589023,0.7091761340367947,3.345355996552228,2.7248568450752066,0.3515229129007147,2.458700369090041
14B,644,4.240308668482268,0.722347017160324,3.517961651321944,2.763826251103484,0.34797526612176616,2.500336106646047
14B,645,4.0838984987293445,0.7305606341388938,3.35333786459045,2.615922181872445,0.32909256902294,2.3740297723368706
14B,646,4.05592064742532,0.7202132703282662,3.3357073770970533,2.694439751951997,0.33830558331943594,2.437950627193085
14B,647,4.0281255352068035,0.7162497628866399,3.311875772320164,2.61932061357178,0.3453692164393425,2.353351997202781
14B,648,3.990103595193299,0.7072505258957456,3.2828530692975533,2.7264170965292656,0.3440794666108217,2.462337683402527
14B,649,4.011479899258082,0.6949090833481605,3.3165708159099214,2.8684258650248267,0.3627965520508859,2.5870383711330764
14B,650,4.172622786117279,0.7320278209351244,3.4405949651821546,2.6846083341676303,0.3411635467832321,2.4252040960059436
14B,651,3.9983899424896965,0.7225436847939377,3.275846257695759,2.5649660002582593,0.33538035735254457,2.3115418760200344
14B,652,4.063770319690094,0.7089938790148046,3.354776440675289,2.635461953763214,0.34467532990017263,2.3663725552390686
14B,653,4.083760798546833,0.7240664910830973,3.359694307463735,2.6661087710744473,0.33544944209115873,2.420289533961936
14B,654,4.142237018823413,0.7271479020693171,3.4150891167540953,2.7230362093586855,0.3338412379876714,2.474713626680221
14B,655,3.9385353289119394,0.7070588088267005,3.231476520085239,2.6076123993187506,0.34829740928119984,2.345869330329737
14B,656,3.9524440657702,0.711288456790576,3.241155608979624,2.58782932718182,0.3337955707653176,2.3414996283131213
14B,657,4.181653986743117,0.7212417997567746,3.4604121869863427,2.737271610788408,0.33506147794134744,2.4818102778177873
14B,658,3.9136032608746265,0.6926594116445474,3.2209438492300793,2.70313453864298,0.35043301549108385,2.4342815582108592
14B,659,4.109469391041332,0.7220154985593008,3.3874538924820308,2.709938694577668,0.34435548586114934,2.45000772343035
14B,660,4.0190793858415566,0.7134358635051833,3.305643522336373,2.6650139256235876,0.348700299364337,2.3991112590656454
14B,661,3.9971217915486488,0.7039423210217668,3.2931794705268813,2.6574296612952524,0.34455011711699396,2.3899658516751874
14B,662,4.147978227697589,0.7178704902318016,3.430107737465788,2.6771504094330507,0.3467098141944816,2.409295387910565
14B,663,4.013698880867487,0.6978678290592604,3.315831051808227,2.7677410222878014,0.3520487264450197,2.5022048952675386
14B,664,4.040244628107707,0.720475245845113,3.3197693822625935,2.67401926785857,0.34697550769858276,2.414323326453371
14B,665,4.180789766629331,0.7339372394602739,3.446852527169057,2.707799354578987,0.32947123065452083,2.4638174736739202
14B,666,4.0602979287810115,0.722034802228715,3.3382631265522957,2.6497922205504376,0.334390815191131,2.3985670949101023
14B,667,4.207885061637977,0.7217189924836163,3.486166069154361,2.7575895536581836,0.3472884371660698,2.4930725586926763
14B,668,3.968134159965567,0.6937212002163847,3.2744129597491822,2.758958327483188,0.3529996887166386,2.48810932593935
14B,669,4.028573114089395,0.6945250818606677,3.334048032228726,2.718945476541809,0.3536542908173936,2.4450440596394625
14B,670,3.9965671769760185,0.7107621806432298,3.2858049963327884,2.671448024506258,0.3431540955471251,2.409840147915793
14B,671,4.1645614382792715,0.7297738321908468,3.434787606088424,2.7412366629832285,0.3345050951739246,2.4932207336448458
14B,672,4.151878443701673,0.7147453282899988,3.437133115411674,2.73381818570073,0.3417814180772898,2.4729401478715567
14B,673,4.067120771343088,0.7004077710566575,3.366713000286432,2.8592449165603107,0.36165007493072165,2.579695031284685
14B,674,4.058684297480793,0.7098073524088017,3.3488769450719915,2.8027775778381034,0.34598019862106977,2.5438493036670757
14B,675,4.209905850174829,0.7162838202081349,3.4936220299666947,2.7800435317002528,0.3451229046380289,2.513254294383905
14B,676,4.119482646534232,0.7115125637304451,3.407970082803786,2.7639831735151605,0.35217844594761444,2.4909616458236195
14B,677,4.165495784932913,0.7014915644502555,3.464004220482658,2.883182736951716,0.35669887467024275,2.6083100607338223
14B,678,4.217556212203126,0.7222945985254221,3.495261613677704,2.7994772476983476,0.342215614731024,2.5427968632743405
14B,679,4.153449896519654,0.7152379333027833,3.4382119632168706,2.84104057185096,0.34621360679478796,2.576409318785266
14B,680,4.076861864572195,0.7027456179832728,3.374116246588922,2.7154582472881956,0.3466605911162129,2.4449433694415807
14B,681,4.038969930614553,0.7156424047191638,3.323327525895389,2.7226597132081576,0.3429228215560481,2.4648426085471726
14B,682,4.170354775865872,0.7267778337735777,3.443576942092293,2.6765009569329212,0.33608247961321847,2.4256937038723887
14B,683,4.176697659599295,0.7265333463538428,3.450164313245452,2.7857189862583125,0.34302375130147755,2.5265696340641157
14B,684,4.1648282882128695,0.7222038323844527,3.442624455828417,2.7748791153288117,0.3404235611199559,2.520928365861614
14B,685,4.116476758258985,0.7134035586275396,3.4030731996314443,2.719120298706524,0.33892515158979747,2.460376588854679
14B,686,4.327673088247348,0.7373433735979559,3.5903297146493918,2.811915919548968,0.33362450107280667,2.5644663541052455
14B,687,4.3467100476868215,0.7272676131765065,3.619442434510316,2.82059952661095,0.34152446773376594,2.5532859622265813
14B,688,3.919827276215211,0.6897431868581507,3.2300840893570606,2.7422874406700712,0.3579222480596948,2.467632373982278
14B,689,4.0953728061748675,0.7152822264005808,3.3800905797742877,2.7333837583516933,0.3478065342855507,2.468701597424714
14B,690,4.257953476140662,0.7170071747567374,3.5409463013839235,2.913446513223963,0.34671962046682225,2.648524441391809
14B,691,4.15253341372716,0.7370083345476014,3.4155250791795586,2.699449937293405,0.3400439601260888,2.4447514497714695
14B,692,4.17234300484198,0.722969251703234,3.4493737531387456,2.746740944094791,0.33363430836730856,2.493983436382902
14B,693,4.051316171358994,0.7133101972609708,3.338005974098023,2.8147994629145545,0.34119757213962615,2.558494805737527
14B,694,3.950370942935544,0.7178603207549268,3.232510622180617,2.6751402282055197,0.3423038685247964,2.4178828243585113
14B,695,4.076901649516085,0.7174862858718284,3.359415363644257,2.715342121831418,0.33696008570025987,2.4666708840857994
14B,696,4.218050611423647,0.7034283291383127,3.5146222822853335,2.865500189685159,0.3503003382146886,2.591386639981703
14B,697,4.036822317163158,0.6971581592255339,3.339664157937623,2.761578748585054,0.34906540624404,2.48912668850667
14B,698,4.090495889846576,0.7250544944122803,3.365441395434295,2.6484267537181454,0.34262453501654666,2.391266065631609
14B,699,4.107331118125636,0.7034495612816051,3.403881556844031,2.7568517345875496,0.34447485569111574,2.4920157711448216
14B,700,4.184920095334756,0.734496634253863,3.4504234610808937,2.7106574693664602,0.3279471890756951,2.4704339519369927
14B,701,4.103711949340928,0.7096514855680125,3.3940604637729157,2.74510623215586,0.34945905260955984,2.479685922360791
14B,702,4.220060085849261,0.7356365123229349,3.484423573526326,2.7416846018314285,0.33725108221361794,2.4945482129228953
14B,703,3.9815788826207874,0.7016553070556726,3.279923575565114,2.7551487591233252,0.35086414174911373,2.4884812718495355
14B,704,4.104859667118186,0.7013496807965774,3.403509986321608,2.800624670148104,0.3522463256586306,2.5288463539347394
14B,705,3.9823047227783683,0.7019224971090879,3.28038222566928,2.74571538840336,0.3454083231266012,2.4822876220828247
14B,706,4.032593980946207,0.7067063286785261,3.325887652267682,2.7165324622424603,0.3476969169641402,2.4489052081174556
14B,707,4.056778257583595,0.7078197341328019,3.348958523450792,2.8424231071899384,0.3598923187178836,2.563706466864799
14B,708,4.037715724920031,0.704278040751348,3.3334376841686826,2.7932772571436657,0.3502629271487435,2.525455589884131
14B,709,4.121117931014427,0.7051233114037931,3.4159946196106343,2.7199412684787383,0.35592142438228086,2.4420236412653655
14B,710,4.101335014551747,0.7085125286118248,3.3928224859399223,2.768286331296011,0.3451577133396595,2.501330535909556
14B,711,4.1612648777114005,0.7031523078967538,3.458112569814647,2.850030937745583,0.35083512330939004,2.5780589805722647
14B,712,4.0144785243774335,0.713548477364495,3.300930047012937,2.7665546466360604,0.34785607364073157,2.5060195172599813
14B,713,4.056413777871152,0.7068669333013639,3.3495468445697876,2.736896093936292,0.3386950273483295,2.478710751898988
14B,714,4.1057683000813885,0.6978047683686427,3.407963531712744,2.9000643082364883,0.35752307534815037,2.621314776689944
14B,715,4.286027753037162,0.7234933581240688,3.5625343949130936,2.84184089592293,0.3357846405138662,2.581738876417322
14B,716,4.262443462411596,0.7277119566925543,3.534731505719042,2.7270494144418236,0.3419179784168752,2.4620608696118427
14B,717,4.183836373478483,0.7182987235350008,3.4655376499434825,2.8023838229851994,0.34677672983069663,2.538006115098186
14B,718,4.197225191244581,0.723553103361853,3.473672087882728,2.7544141198939576,0.32813699086710674,2.513478228215894
14B,719,4.135264327611096,0.7141863759094582,3.4210779517016374,2.7827448899417067,0.33805799212685234,2.5250933536194298
14B,720,4.148328983309784,0.7035288013771912,3.444800181932594,2.890099759615895,0.3591793447034979,2.6131239914878988
14B,721,4.264806247561072,0.7368807645612053,3.5279254829998674,2.865828492259123,0.3388923331589907,2.615148069379378
14B,722,4.010325966541544,0.7054629102469555,3.3048630562945873,2.7467240433802265,0.352153817238279,2.4760523261564806
14B,723,4.161332889601006,0.7290535283326558,3.43227936126835,2.786257612803955,0.33399133574058176,2.5385491185919515
14B,724,4.062673442674277,0.7272399944634368,3.3354334482108396,2.6874673769216977,0.3335287184810789,2.4444467689900913
14B,725,4.213212566646499,0.7161654693094094,3.49704709733709,2.7595999021348,0.34462969971670454,2.497508553550745
14B,726,4.166098023884509,0.7259476395581737,3.440150384326336,2.787205009817848,0.33662835291267257,2.541063086481963
14B,727,3.924857749839324,0.6882595414451792,3.236598208394144,2.7736915779459874,0.3461608772640753,2.5096600061400833
14B,728,4.0742647130235925,0.695813501096716,3.3784512119268766,2.873866349388821,0.35517260111348714,2.6004028094748883
14B,729,4.041909107009997,0.701405704124354,3.340503402885643,2.7628084820752887,0.3432856682211207,2.5053676201591735
14B,730,4.0439232036576795,0.7197328883654664,3.324190315292214,2.765577906934633,0.3411177240984071,2.5110013924536383
14B,731,4.074991008698053,0.7104186281786522,3.3645723805194008,2.7285843343462486,0.34458719599071075,2.4649131215145514
14B,732,4.0836272967344485,0.7204633398287236,3.363163956905724,2.6631919598457796,0.3469632223122281,2.4013231930190364
14B,733,4.082042700870186,0.7084408433998292,3.3736018574703577,2.8412097966208707,0.34481126321754085,2.583075070548353
14B,734,4.175941867641753,0.7236359414591923,3.45230592618256,2.758957411567551,0.3402363614571702,2.5040567289965314
14B,735,4.124641238917864,0.7091397547663038,3.41550148415156,2.8101557760429468,0.34967500442644983,2.544501083360452
14B,736,4.115732970531822,0.6926540572795606,3.423078913252261,2.8979307470444,0.35522381076402026,2.6173803196368053
14B,737,4.07807633436155,0.7025774138287025,3.3754989205328476,2.762610253208646,0.35428860680002805,2.4929368675328223
14B,738,4.128977098356836,0.7191097574226581,3.4098673409341775,2.7522418553987658,0.34068794685123593,2.4928615117898754
14B,739,4.120636174112405,0.7069035934241328,3.413732580688272,2.693501394335064,0.3438026567278929,2.4233636785252903
14B,740,4.1162334311249005,0.7119710447613089,3.404262386363591,2.729039023601537,0.3352039688828505,2.4775936732436015
14B,741,4.129974399955241,0.7248656412886042,3.405108758666637,2.8239871915567867,0.341747765149236,2.57284539384796
14B,742,4.043961316265375,0.693395266168053,3.3505660500973216,2.84653574835904,0.3547707389125842,2.569964188857233
14B,743,4.1647436154521635,0.730810723705122,3.433932891747042,2.725291077270856,0.3284568656922553,2.479300906676961
14B,744,3.966298319666892,0.6862273655426827,3.2800709541242092,2.7670083071101566,0.34917946999944743,2.495376494757435
14B,745,4.127148904040377,0.7149268531346559,3.4122220509057204,2.7727539244674833,0.3477091172271801,2.5073987295357476
14B,746,4.210488457015058,0.7122609131771905,3.498227543837868,2.83563888104501,0.3460001258079066,2.5689830937088645
14B,747,4.130788099075883,0.7170742744481753,3.413713824627708,2.832775656319261,0.33427483713099443,2.58799992674586
14B,748,3.9579952617885374,0.6964322363518736,3.2615630254366645,2.787672821296167,0.3430392587784642,2.528831168517662
14B,749,4.101974179147717,0.7121740259404952,3.3898001532072226,2.7568800634511668,0.345599386006967,2.493394010751096
14B,750,4.011583228093561,0.705811323308472,3.3057719047850895,2.8324409213870774,0.35106664700427104,2.5698171034756734
14B,751,4.05400211982827,0.7141969713255725,3.3398051485026965,2.7023643841099427,0.3476126501890446,2.4362291808150913
14B,752,4.003593133332995,0.7034694553428557,3.3001236779901393,2.780685036420949,0.35045003791817336,2.513314491252616
14B,753,3.958585636397979,0.6919568478618763,3.266628788536103,2.740736062738877,0.35722299331596263,2.4617650999833733
14B,754,3.948599136487622,0.6883617673414011,3.2602373691462208,2.806563027937132,0.3528289988845474,2.5408166219808526
14B,755,4.084870927803744,0.7067773217669382,3.3780936060368054,2.8445527119310494,0.3487022847129166,2.5793449107287665
14B,756,4.074492185034251,0.7183865449460933,3.3561056400881575,2.7724312201037717,0.346365164257055,2.512907072482555
14B,757,3.9464274393172674,0.7126305099616745,3.2337969293555924,2.695860162725713,0.35225017901737465,2.4337204770335292
14B,758,4.248866746109254,0.7344501250137406,3.514416621095512,2.762921513305031,0.3326248334763047,2.5124168365663726
14B,759,4.242328275827729,0.71319165864636,3.5291366171813694,2.841042577716338,0.3492801164445932,2.568982109962161
14B,760,4.070085627495367,0.7094180656767116,3.360667561818655,2.7073653774387,0.3448382047352383,2.444750027728202
14B,761,4.017569768363758,0.7113617028390388,3.3062080655247197,2.736262633970973,0.34901055985588364,2.4751877025929794
14B,762,4.146801542474418,0.7189992502307871,3.4278022922436304,2.73705972649944,0.34552257488562316,2.4703807186062785
14B,763,4.237810804557458,0.7207168749435857,3.5170939296138712,2.808509132425421,0.3453488071138756,2.5464609801874905
14B,764,3.9558831881680296,0.6874909012238658,3.268392286944165,2.710779336094985,0.3574937354585685,2.432160614864546
14B,765,4.0066866780551464,0.719755815979275,3.286930862075871,2.6771799760975266,0.340777315637765,2.4271022497461328
14B,766,4.140496172381165,0.7306168725752621,3.409879299805903,2.697568161001447,0.3370632707797997,2.447642262470517
14B,767,4.167309347894079,0.7196784776560828,3.4476308702379965,2.7694658350596657,0.3479130006380003,2.5061752655556884
14B,768,4.13957123059943,0.7240924035457633,3.4154788270536676,2.6842602039432415,0.3320744086566008,2.4376473055877947
14B,769,4.042517445877233,0.6983873939889365,3.344130051888296,2.75552102100279,0.34639342547612073,2.4911475725683148
14B,770,4.03071100639113,0.704719751289304,3.325991255101826,2.8294733985764653,0.34795529990346924,2.5692762330612364
14B,771,4.110960706106509,0.701651974037688,3.409308732068821,2.892848515363568,0.35780029637473076,2.6197772097327046
14B,772,3.919713750790004,0.6990433746318921,3.220670376158112,2.7890113645193164,0.3553590248743233,2.5195392772266705
14B,773,4.073913618914397,0.7068473561220179,3.3670662627923797,2.867052557465414,0.35518226824900195,2.5974921886634745
14B,774,4.143196854460893,0.7044735918386876,3.4387232626222044,2.8224446879695897,0.35169347790847466,2.551014585221844
14B,775,4.159101696320142,0.7271931016777968,3.431908594642345,2.763054113338392,0.3390535989761966,2.505249379458283
14B,776,4.1914618319311625,0.7190251285825074,3.4724367033486536,2.845068152910417,0.3397697445118241,2.587331136575826
14B,777,4.0801818892498956,0.7047809035339441,3.375400985715953,2.793788617632624,0.3463372989253878,2.5283480277820174
14B,778,4.222608841306792,0.7266214834213968,3.495987357885396,2.7095008078256777,0.33561553517359444,2.462677917989875
14B,779,4.0249356490003825,0.7007876289639381,3.324148020036444,2.7615612301559946,0.34578559695828154,2.4945186112018702
14B,780,4.084252471569082,0.7117495245339395,3.372502947035142,2.7998248796549277,0.34170751767221674,2.5483971421130254
14B,781,4.013598829497436,0.7238768895083632,3.2897219399890725,2.6390059007681126,0.33363624599551006,2.396288253074397
14B,782,4.037698575116843,0.7148490313747085,3.3228495437421346,2.7878520720829405,0.34509801491745706,2.527944048239707
14B,783,4.096937514328588,0.7092144088104053,3.3877231055181825,2.8393870876890124,0.3507309348063278,2.572837197225855
14B,784,4.129945782589951,0.705961132821188,3.423984649768764,2.8028962663642782,0.3550104389130453,2.5281947967703196
14B,785,4.160287794077384,0.705693401852792,3.454594392224592,2.8751545217299794,0.3507850770160648,2.6032689861654257
14B,786,4.172101171839589,0.7081867022898164,3.4639144695497732,2.7627026877482055,0.3435719218408501,2.4955804519092424
14B,787,4.156648012211775,0.6983411988974171,3.4583068133143584,2.953249237330775,0.3569801809586425,2.6792575092591417
14B,788,4.207147051523785,0.7213444160433174,3.4858026354804674,2.8426207641616816,0.34866043289842424,2.5770930146459934
14B,789,3.9858562782051377,0.695865242126387,3.2899910360787503,2.8280610791607272,0.3594189185703624,2.5544112768527873
14B,790,4.112533496113282,0.7084601790715548,3.4040733170417266,2.83904344142575,0.3477898267740521,2.573725108448541
14B,791,3.9245297308930827,0.6884290292499105,3.236100701643173,2.74028702887386,0.353527504059088,2.4648916167286576
14B,792,4.091282049843758,0.6957363058413926,3.3955457440023658,2.804022247372051,0.3490112547651737,2.5349988284477187
14B,793,4.061728148036264,0.699969390050818,3.3617587579854455,2.72850557376013,0.35269830790255324,2.4566652805518445
14B,794,4.07978509792478,0.7122047149504704,3.3675803829743094,2.844472668261991,0.34639841986909337,2.5843155363839903
14B,795,4.201194147696304,0.7133800855026697,3.487814062193634,2.8366082306544995,0.3387739187869454,2.579239483390529
14B,796,4.213944440683575,0.7240728578336889,3.489871582849886,2.7535309855822834,0.3364973735206721,2.4969762093028534
14B,797,4.012028224391894,0.7062233155109903,3.305804908880904,2.7377408157164567,0.3514479642025924,2.4670511429364255
14B,798,4.109992677987158,0.7066256536306212,3.4033670243565357,2.800111851651235,0.35680733018708227,2.520560758218731
14B,799,4.17966821332779,0.7179811811232248,3.4616870322045648,2.843347826498579,0.34627314047694635,2.5819686558667816
14B,800,4.142903524200383,0.7189310652802956,3.423972458920088,2.798060024682629,0.34913079234852146,2.5367059392913274
14B,801,3.999174944989594,0.7042838777720066,3.2948910672175873,2.7361100858961023,0.354163454097614,2.4680110786091225
14B,802,4.2043532246243815,0.7235983556557515,3.4807548689686296,2.7496017879979284,0.3344431185179899,2.5026559171596876
14B,803,4.199747681841561,0.7016554852830785,3.498092196558483,2.818044691043327,0.3501827399639764,2.541830295501085
14B,804,4.155433911715815,0.6954916736302943,3.4599422380855205,2.8880590811163716,0.35333686631812194,2.6111597553701795
14B,805,4.041913385012842,0.7100176735207165,3.3318957114921264,2.7932329528059707,0.35445422648592273,2.529241021041884
14B,806,4.178688957913586,0.715859712899957,3.4628292450136287,2.7906929100097124,0.3472944101488615,2.523277517378958
14B,807,4.12142802647051,0.7151125502075619,3.4063154762629484,2.789046759878236,0.3492462560463458,2.530155625059402
14B,808,4.139481444423026,0.7150518104146079,3.4244296340084173,2.796395949148288,0.34127505135562375,2.541781081806129
14B,809,3.906093455573085,0.6827066052934219,3.223386850279663,2.7863797637824357,0.35527950499561584,2.510530456138194
14B,810,4.0280668085470435,0.7062838487990191,3.321782959748025,2.7960304885061684,0.3490083656830314,2.52952384597985
14B,811,4.279121840995322,0.7116374224782713,3.567484418517051,2.8351073978168615,0.3489800810614632,2.5644617731642803
14B,812,4.206368147841038,0.7076906843086281,3.4986774635324105,2.8069804333142123,0.35213277595223036,2.5282264729465003
14B,813,4.198477003813086,0.7218938780935849,3.476583125719502,2.804793232597445,0.3423202733673915,2.544221734372206
14B,814,4.141911447296145,0.7172979069637805,3.4246135403323645,2.8001892881455244,0.3483052926267164,2.5369015528483514
14B,815,4.342943711623876,0.7286793442584062,3.61426436736547,2.7618971408126614,0.34274091176277366,2.500694079590665
14B,816,4.378289257053001,0.7218371441716331,3.6564521128813676,2.8806163633401094,0.3449160022430023,2.6151012768198045
14B,817,4.142870229759835,0.6925845185107771,3.450285711249059,2.9129580345815453,0.36932371982495843,2.6198785151181556
14B,818,4.149622912779865,0.7045669968591909,3.445055915920675,2.840905813202794,0.35473385374235583,2.5652481116328927
14B,819,4.112616333157938,0.714410020453536,3.3982063127044007,2.7418875005428522,0.34976806738882843,2.474553764919034
14B,820,4.267488409993828,0.724984720300939,3.54250368969289,2.7761262639619804,0.33932002381275184,2.5197486095890542
14B,821,4.087774005856201,0.7106344559295378,3.377139549926663,2.7280021291869705,0.3473563812538833,2.463840688519699
14B,822,4.06074194374675,0.7050022927105453,3.355739651036205,2.817740845598413,0.35502920769191,2.548150802708626
14B,823,4.156799917978621,0.6974162219541404,3.4593836960244797,2.8674855765293565,0.35664554322020875,2.5922993616275787
14B,824,4.166353720218169,0.7008672503714222,3.465486469846747,2.8060350984581643,0.35558736800333995,2.5312630367383555
14B,825,4.186735823865672,0.7138857560320032,3.472850067833669,2.8304776080850793,0.3486734966498853,2.565318514479998
14B,826,4.207081533307075,0.703332664470291,3.5037488688367837,2.8860235322228767,0.3505656720502387,2.6145597009862658
14B,827,3.9163413757635004,0.6772085902266383,3.2391327855368623,2.7789597333394718,0.35737760180114375,2.4983808710996045
14B,828,4.147625111874647,0.6970398144002153,3.4505852974744307,2.7869979639273392,0.3515854691159556,2.505305747791433
14B,829,4.141412028325922,0.6974749207645567,3.443937107561366,2.841872870566082,0.35353937613254377,2.563031062763878
14B,830,4.100381461663301,0.7080191439173671,3.3923623177459343,2.74611228257566,0.3441425551400651,2.4852616800484917
14B,831,4.26183793682663,0.7440979208080271,3.5177400160186036,2.7269941181580615,0.32830732917731376,2.4876936582855356
14B,832,4.3096305920297695,0.7141788275798142,3.595451764449955,2.8783606281348932,0.34597124561319487,2.6094692538503708
14B,833,3.9815419151735294,0.6935127612578974,3.2880291539156326,2.7613296232460183,0.3579729336807154,2.4836594912027876
14B,834,4.011371182930945,0.7086788089504533,3.30269237398049,2.7289884348424027,0.3532813837848709,2.4588234217469114
14B,835,3.921712018458544,0.7031388365213724,3.2185731819371712,2.698415424688583,0.34921048535842364,2.435405855541749
14B,836,3.869802500468999,0.6959916502881217,3.1738108501808777,2.730814745092297,0.36111898280219573,2.4667543322290335
14B,837,4.089570547201052,0.7112242516189667,3.3783462955820855,2.7957741551763684,0.3498246713086665,2.5322782119591083
14B,838,4.123878572166508,0.7257380583340879,3.3981405138324203,2.751461760069311,0.3429308479178834,2.4935339160258616
14B,839,4.16440972475505,0.7185994821901487,3.445810242564902,2.7657566150348885,0.34175257153454075,2.509011337796324
14B,840,4.148183938476657,0.7056433040899104,3.442540634386747,2.8223665879283844,0.350648973086222,2.5525630657864213
14B,841,4.1739933818746895,0.7080855928781444,3.4659077889965455,2.8623111945572233,0.35812948789820875,2.5844811396853795
14B,842,4.264767480327151,0.7153775742315547,3.5493899060955956,2.91855537776727,0.3440542422688367,2.6567873396526696
14B,843,4.285115291002179,0.7281025668742221,3.5570127241279565,2.757277122901314,0.3410700781795371,2.4986562189928874
14B,844,4.206785255240304,0.721641728505095,3.4851435267352096,2.847278549720696,0.3562452832433533,2.5792108516688073
14B,845,4.207029765264679,0.7022942298635493,3.5047355354011294,2.822136472801932,0.35329874168941133,2.54573986849366
14B,846,4.207379687507,0.7083554835754294,3.49902420393157,2.9015588835093076,0.3547990667895018,2.628214253691693
14B,847,4.166638960441797,0.6949597303935936,3.471679230048204,2.8962095785681825,0.35718520153286776,2.612771055226064
14B,848,4.165082923730895,0.7067786444241777,3.458304279306718,2.8196640055618953,0.34868293000490846,2.5527983032151487
14B,849,4.046480034553533,0.6845018736922683,3.3619781608612644,2.921803581069354,0.36209834271623337,2.6371702321009005
14B,850,4.030494559690315,0.704594826500161,3.3258997331901528,2.811726835514411,0.3492366922856266,2.547411482725038
14B,851,4.299314081916239,0.7208369641757384,3.5784771177405004,2.865244615302157,0.34794997086407004,2.603252673370426
14B,852,4.345440802938741,0.7150545555709564,3.6303862473677846,2.92961230731937,0.3545564906903604,2.655621666636401
14B,853,4.240209710927297,0.7179028621070863,3.52230684882021,2.82947112167903,0.352105697184649,2.5602095603694983
14B,854,4.088601253058584,0.689896915455287,3.3987043376032973,2.8767745308578356,0.3631810907737864,2.5880723296623147
14B,855,4.214514432879718,0.7142803345507418,3.5002340983289764,2.821764229187233,0.34816363408178763,2.5556493474587225
14B,856,4.096167297545352,0.711612496904,3.3845548006413524,2.8591963033572205,0.35120391153309377,2.5953884971203265
14B,857,4.0256209593255825,0.68164580896378,3.3439751503618016,2.8727764685819293,0.355706871825744,2.596692281113553
14B,858,4.004892772745772,0.6687813927040657,3.336111380041707,2.8872913225777195,0.3665541404170951,2.590153381502121
14B,859,3.998869384973087,0.6845603440645109,3.3143090409085763,2.809796537857786,0.35844824817128307,2.5308816914499954
14B,860,4.300471866169481,0.7149320105254785,3.585539855644002,2.9558998078223566,0.3497756563782447,2.685370459142746
14B,861,4.331134262999584,0.7273578048190773,3.603776458180507,2.894010885183202,0.34276533264006426,2.633988916018082
14B,862,4.154158748319776,0.7079604074498983,3.4461983408698775,2.8331986155689997,0.35376308987801747,2.55878876997369
14B,863,4.205092409607894,0.7044023855965433,3.5006900240113508,2.923101277467651,0.3577364904371649,2.6504940403660737
14B,864,4.274350410226384,0.7202267497779844,3.554123660448399,2.890972710361104,0.34555279099513364,2.628399950163814
14B,865,4.165731004510077,0.7098196552321866,3.45591134927789,2.8400734654250006,0.34752745943254787,2.5821865953154073
14B,866,4.2983713985974825,0.7182495358275518,3.5801218627699307,2.829787799151827,0.35266258075229484,2.5587766016868603
14B,867,4.14178511916722,0.7121444524283227,3.4296406667388974,2.8347170215989106,0.3464041248744697,2.573047013496272
14B,868,4.144806271286681,0.6967996881673659,3.4480065831193154,2.7743567371688225,0.34641040619410574,2.500486110994832
14B,869,4.1301266680712505,0.7054468012743488,3.4246798667969025,2.77282350783939,0.35265808878766386,2.4961101821061527
14B,870,4.263301084914395,0.7170686872461814,3.5462323976682133,2.9070615692469124,0.35051624498544237,2.6395320311844985
14B,871,4.306488201884637,0.7157765612960933,3.590711640588543,3.029670869651738,0.3521724701330941,2.7651478644934167
14B,872,4.149983373983599,0.6998147407240332,3.4501686332595662,2.965637751845443,0.3587647075874977,2.690380438728086
14B,873,4.148775553051186,0.6982938859404647,3.4504816671107212,2.8352750391976644,0.3548114720740656,2.555655451816922
14B,874,4.247704394797474,0.7179930035878163,3.529711391209658,2.883241905119923,0.33937893549847026,2.6309448741758077
14B,875,4.248664437001317,0.7159554960178247,3.5327089409834915,2.8327151972634783,0.3445203257168592,2.5696993084416713
14B,876,4.161835712547685,0.6934667016156442,3.4683690109320406,2.9604469251080707,0.3594504364441796,2.6842511645292757
14B,877,4.001304712042464,0.6998466867435881,3.3014580252988757,2.842450744440524,0.3515786173772608,2.5766820879004064
14B,878,4.1576904927896265,0.703090603596803,3.454599889192823,2.8818327410083624,0.35922961107621,2.601475814611896
14B,879,4.213362128036877,0.7158751625240227,3.497486965512855,2.815114232527654,0.3466383431800604,2.553800643358285
14B,880,4.206886788318299,0.707529639008277,3.499357149310023,2.869473344444793,0.3593462203844828,2.588054489133029
14B,881,4.245121913557368,0.7228986366158862,3.5222232769414807,2.926744909953196,0.337596176855923,2.6780712231851744
14B,882,4.34942566355622,0.7172380096792778,3.632187653876942,2.937221426489331,0.35033955794383675,2.67549642461934
14B,883,4.173466801575797,0.7101838824942867,3.463282919081511,2.8939471030066035,0.3587018565726792,2.6202568966580198
14B,884,4.218783197547291,0.7145659277602531,3.5042172697870373,2.82563816830473,0.3494079263838483,2.557596211044917
14B,885,4.448647706209107,0.7397490880000079,3.708898618209099,2.8533333427459304,0.33228835427728426,2.601727604543221
14B,886,4.255844158638496,0.7058336134518101,3.550010545186686,2.940686001418538,0.3496668047268533,2.6701110706358433
14B,887,4.099159274718843,0.6904076509426903,3.4087516237761517,2.889807649305461,0.35736320821064554,2.6121407573215825
14B,888,4.2492066918342095,0.7206103176669816,3.5285963741672286,2.8046637233038005,0.34431970024216607,2.5439782095319323
14B,889,4.2592227121356085,0.7065796944800444,3.5526430176555635,3.0098867188536618,0.3540120958604258,2.739947519165284
14B,890,4.228685584698658,0.7290463115304555,3.4996392731682024,2.7188821124973157,0.3429253028473414,2.453528188146235
14B,891,4.122211666971587,0.6938658754955579,3.4283457914760294,2.8567995039946514,0.3625479771678373,2.5769229030737475
14B,892,4.135012263278733,0.7155203528886076,3.419491910390125,2.8327588624646287,0.3472567780449171,2.5756825406222976
14B,893,4.361085312193713,0.7252489885389973,3.635836323654715,2.918207759627982,0.3506295264657983,2.648720407659065
14B,894,4.386321929557677,0.7425908645957536,3.6437310649619223,2.8129523874638114,0.3255069856683269,2.5773000086426303
14B,895,4.468351492934071,0.7388615279385676,3.729489964995503,2.829293959219628,0.3343771153496602,2.5751986670809073
14B,896,4.3786814447081195,0.7215504932252288,3.6571309514828907,2.894491233152875,0.3417317256081362,2.6302032043810106
14B,897,4.057720139394471,0.7147879732607042,3.3429321661337656,2.797433139128744,0.3387634947512138,2.546191600337885
14B,898,4.212859710116247,0.7070796543213572,3.5057800557948893,2.9422951834493927,0.34904559461358364,2.675963964361354
14B,899,4.203375006975827,0.7160357418174407,3.4873392651583868,2.8480531158402584,0.3463848517471105,2.5922265149290338
14B,900,4.138164889692734,0.6951209737794108,3.4430439159133233,2.8711431823809335,0.3628032847189299,2.5859520452774003
14B,901,3.9408844495055453,0.6973277106907315,3.243556738814814,2.7835516996804275,0.35729190362643043,2.513638708657939
14B,902,4.124813985644945,0.7024034009579655,3.42241058468698,2.914393666649407,0.35141595071111725,2.6474838847597675
14B,903,4.2229620971926245,0.7076472204738496,3.515314876718775,2.8931169536169534,0.348151582529778,2.629376769383982
14B,904,4.126832983724868,0.701671677537292,3.4251613061875763,2.8395289828308035,0.3465758123883355,2.57521786742154
14B,905,4.245778487462631,0.7183363387020437,3.527442148760586,2.7700827696713937,0.3375969793835636,2.5119984385048584
14B,906,3.963651592336331,0.6688267081640208,3.2948248841723102,2.8223539750396283,0.36507555893815374,2.53190114508317
14B,907,4.10435950095684,0.7115218110918244,3.3928376898650168,2.799231669250395,0.3448379235063706,2.543097963122662
14B,908,4.3376069617820825,0.7091292033266349,3.628477758455447,2.9111163092357364,0.35275496243476095,2.636661941399594
14B,909,4.225337861939988,0.7198693865279215,3.5054684754120666,2.919627294983947,0.34503469150025534,2.6636425345279533
14B,910,4.2433168960550285,0.7141992671485705,3.529117628906458,2.762953268072595,0.33158938097458246,2.507364148941495
14B,911,4.305176166633202,0.7332444536883773,3.5719317129448256,2.844821283889758,0.3291004932609843,2.600899508894057
14B,912,4.339910042106412,0.7278142837898502,3.612095758316562,2.8734534919218566,0.3370542671423443,2.623025779369204
14B,913,4.078634616468665,0.6926996866715553,3.3859349297971093,2.794456167291184,0.350280280942626,2.521977880852946
14B,914,4.1547412050775625,0.7071961672895356,3.447545037788028,2.9146699245172143,0.3517396907756887,2.6485919134391476
14B,915,4.21851460778468,0.7123869123826806,3.5061276954020006,2.8164047549082993,0.34227102413264776,2.552309602230832
14B,916,4.182725463705238,0.7269095783490899,3.4558158853561487,2.7543316753305263,0.3239362672031955,2.5148862537951904
14B,917,4.187112578718231,0.7140837754355982,3.473028803282633,2.8851199655100888,0.3455403091177849,2.6237008267370707
14B,918,4.252121715914146,0.7257013971639171,3.5264203187502283,2.857326834592042,0.33948620865736134,2.6062458216514215
14B,919,4.042157452528711,0.7287596995284767,3.313397753000234,2.664951435057821,0.33331854972210107,2.4247257239631663
14B,920,4.2395172308152205,0.7094623535545285,3.5300548772606923,2.8556447057677024,0.3502085191755959,2.584873893296325
14B,921,4.178488653459771,0.7115847559121612,3.4669038975476107,2.859334049224371,0.34803110072592836,2.5956766108741194
14B,922,4.270090210541609,0.7132080838529583,3.55688212668865,2.8365626417291785,0.35047452825959685,2.565547999294205
14B,923,4.144053384397339,0.7060779351130759,3.4379754492842625,2.7972393972246845,0.34495958995197407,2.5333028502396604
14B,924,4.138295186275718,0.7046670805980363,3.4336281056776827,2.8766115653211486,0.3503303232702614,2.610149452655457
14B,925,4.129027415651886,0.7080626680129741,3.420964747638912,2.8178997342072583,0.34313611429819557,2.5638109541218834
14B,926,4.2537653189639455,0.7210925415716398,3.5326727773923063,2.853252429713607,0.34040169275339627,2.5978486697120142
14B,927,4.180312837893587,0.7304154491270043,3.449897388766583,2.7611453637827617,0.33335420575349384,2.520218325810689
14B,928,4.4426335738527065,0.748649640146546,3.6939839337061615,2.834792803003682,0.3225708884540611,2.5998441273637893
14B,929,4.428359902546577,0.7410926769378908,3.6872672256086867,2.8625376771679125,0.32866110421722233,2.6210214770160847
14B,930,4.269412266162275,0.7370862257136511,3.532326040448624,2.9074817302903613,0.33801637318169186,2.6590501257922465
14B,931,4.199746706145777,0.6913131704511094,3.5084335356946665,2.925443192857825,0.35557482742966207,2.6468306164658357
14B,932,4.165080657669094,0.7061775202282559,3.4589031374408377,2.946750687181475,0.3468927331318437,2.683964850481245
14B,933,4.104706231614051,0.7082689154740305,3.39643731614002,2.85592639625231,0.34716125627874883,2.5936529103205115
14B,934,4.05587927193912,0.7001991210095605,3.3556801509295604,2.851963653335253,0.3499831265646375,2.5856142628853704
14B,935,4.169841141994592,0.7198933384524143,3.4499478035421784,2.886132911801918,0.33646654517637387,2.6358229872081655
14B,936,4.254998614585285,0.7104151728130346,3.5445834417722506,2.8773820108107557,0.34966972062217705,2.6057798151658904
14B,937,4.163219452995965,0.7175934449183782,3.4456260080775873,2.8064253723949744,0.33790450876240313,2.555873995771128
14B,938,4.098630800826057,0.6919661700691214,3.406664630756935,2.887524058679262,0.3585539725934727,2.6095862118174
14B,939,4.349954535969826,0.7393612423836312,3.610593293586195,2.8041566010023917,0.3253896423891424,2.5641262751505596
14B,940,4.114001087612223,0.7115651090647166,3.4024359785475076,2.8184703147545873,0.344866385043992,2.555411093427479
14B,941,4.0438809401953515,0.6968692410178438,3.347011699177508,2.954460421280537,0.3573019701948426,2.683383276531335
14B,942,4.037710851275034,0.6888291798525548,3.34888167142248,3.0168246863941994,0.3679734825633084,2.737783117932029
14B,943,4.066759966923065,0.6946093799118574,3.3721505870112085,2.8489810888465255,0.3479955666662392,2.5785004408015166
14B,944,4.07609518101875,0.7047654416855402,3.3713297393332087,2.8310852214486877,0.3476934755378616,2.572529751631273
14B,945,4.153794985857584,0.7018768921528942,3.451918093704691,2.8640460085294728,0.3562452351191523,2.590150776271792
14B,946,4.248529018640529,0.7102338082997273,3.538295210340802,2.853701908172785,0.353104695925432,2.5818838570652893
14B,947,4.26364801057313,0.7148814103582024,3.5487666002149263,2.935830535712238,0.33854991050482747,2.6769972884263975
14B,948,4.157851517410835,0.7129526281485012,3.444898889262334,2.854512132116695,0.33991366021359326,2.5980038631708937
14B,949,4.287224344202934,0.7321650807061001,3.5550592634968337,2.8468621559635867,0.3298481196969535,2.6009805320694115
14B,950,3.9566527116130454,0.7001325903966054,3.25652012121644,2.7332340773321486,0.3475901900306712,2.4730745890486387
14B,951,4.161548774946027,0.698632507376372,3.4629162675696543,2.9317392414010524,0.35516707972199146,2.657069797540334
14B,952,4.238750499240198,0.7085681598694988,3.530182339370699,2.920403226393055,0.3496785760861978,2.6550267944202726
14B,953,4.162465074065753,0.7160271010520302,3.4464379730137216,2.8043258903006536,0.34293464444139204,2.545962476882682
14B,954,4.202589217885334,0.7192014542169782,3.4833877636683566,2.802115690499471,0.34208623877699834,2.543570507033631
14B,955,4.206174577456354,0.7271778531112697,3.478996724345084,2.8092570435288313,0.3346738618310506,2.5638583357013296
14B,956,4.152376097793778,0.7269794415748969,3.4253966562188807,2.759161543648215,0.33949568113650097,2.5031175286098493
14B,957,4.2514564241725505,0.6932651604803692,3.5581912636921813,3.0434975474589985,0.3560181277630524,2.7697666356884985
14B,958,4.129590923292623,0.6890558577820152,3.4405350655106077,2.9420691390260516,0.35423449301141097,2.666643462832132
14B,959,4.161774229250542,0.7171037044220134,3.4446705248285294,2.76082155775398,0.34374978282787666,2.4997673138940244
14B,960,4.135331689557563,0.697319347474604,3.438012342082959,2.957573243187431,0.36262736893601116,2.676903040918384
14B,961,4.148135615064471,0.7214991074428377,3.426636507621633,2.825373511941834,0.34023274128598974,2.570862833322791
14B,962,4.146445752229545,0.6960017809323044,3.4504439712972412,2.8666157356700777,0.34967315557664097,2.5949297332546983
14B,963,4.289233597818125,0.7123955317572982,3.576838066060827,2.934308147229318,0.3515651237522913,2.668615370276676
14B,964,4.151230290115836,0.7021203189060945,3.449109971209743,2.928479924989782,0.35309026537008464,2.661694215578779
14B,965,4.193217091640334,0.7160047379648894,3.4772123536754442,2.906706498533775,0.3445211093382511,2.649488573368028
14B,966,4.119240173309859,0.7019589937690668,3.4172811795407925,2.8692143439490256,0.352453438433469,2.5976886898507017
14B,967,4.104141331212873,0.7108540544973144,3.3932872767155584,2.822975296209952,0.34877055550451264,2.56071958851673
14B,968,4.092328856979191,0.7001570741049946,3.3921717828741964,2.862769267990689,0.35060460873124455,2.5948874636235635
14B,969,4.196154757523938,0.7085187333280722,3.4876360241958655,2.9318549598977888,0.3497506378492881,2.6684973585831755
14B,970,4.102533020009228,0.6967629609932586,3.4057700590159707,2.8665641506074295,0.3554691288548033,2.597986136495894
14B,971,4.190460094581857,0.7088517231348217,3.4816083714470345,2.852650396815868,0.3367938684938884,2.593759229399478
14B,972,4.255971562876756,0.7078902525198039,3.548081310356952,2.92753211669349,0.3409038471607566,2.6651813625895024
14B,973,4.111179221543194,0.7177200925740079,3.3934591289691864,2.771221050769908,0.34050865269753566,2.5170263109306363
14B,974,4.352743811002885,0.7307284453171304,3.622015365685754,2.847464989341087,0.3447604351275277,2.582658493961769
14B,975,4.290015487649909,0.7369635011184672,3.553051986531442,2.797756379801766,0.3295372523997691,2.5538247195141763
14B,976,4.343944179358672,0.7468603649053731,3.597083814453299,2.7886025735833044,0.32658553702405047,2.5521399541533705
14B,977,4.286961862371784,0.7227944782567969,3.5641673841149863,2.9044818248863673,0.3464400863141328,2.648016756019428
14B,978,4.5248032018189495,0.7463147954089521,3.778488406409998,2.880969217731504,0.3320689143433122,2.633088871474601
14B,979,4.248195295249876,0.7212027378997842,3.526992557350091,2.808559702140027,0.33120078101644534,2.556032114860567
14B,980,4.245661359487043,0.7177286787125229,3.5279326807745206,2.833285615282142,0.3466179734638162,2.5704944985521356
14B,981,4.142536324181863,0.7035021342521375,3.4390341899297265,2.8827210865317103,0.3464533369657654,2.6185907755517492
14B,982,4.105140481923398,0.7054829498716791,3.3996575320517195,2.7541796963750187,0.33786592537352866,2.499480387066423
14B,983,4.298690305803872,0.722379054443903,3.576311251359968,2.8720684025238614,0.332032746176919,2.6286955979863538
14B,984,4.3152227981032505,0.7218312699175723,3.5933915281856783,2.869768567039034,0.34133116401744423,2.6108135843425715
14B,985,4.145217894456715,0.7074455817351557,3.43777231272156,2.915289531931539,0.34207933368360516,2.6533417113810676
14B,986,4.050016183630633,0.7045716231941219,3.3454445604365097,2.8335328940559505,0.3433396845956361,2.5761606660968246
14B,987,4.092842190795812,0.7138908079534855,3.3789513828423274,2.8974035414878214,0.34912254268123155,2.637293940264556
14B,988,4.106069903087573,0.7033972271716545,3.4026726759159183,2.8777598051948807,0.353021839157405,2.607750509603757
14B,989,4.052388919916675,0.6809896240365798,3.371399295880095,2.8366292543717897,0.35413898660306364,2.5552066730112273
14B,990,4.243481349612842,0.7086717142891062,3.5348096353237355,2.9481843519687674,0.3435778333751999,2.6869508011510757
14B,991,4.289976026041591,0.7219497606213248,3.568026265420266,2.9375899886658066,0.34976633332433577,2.678484517977369
14B,992,4.148480826251056,0.7116503084919892,3.436830517759066,2.8300699713113358,0.3465443923746337,2.575372093771664
14B,993,4.151152293724294,0.7188789929623697,3.4322733007619255,2.893991384813558,0.35191886326226957,2.634997688912008
14B,994,4.16467943139872,0.6998231099363134,3.464856321462407,2.934077171169658,0.3555529160060175,2.6619358889075597
14B,995,4.259293649949168,0.7132764111243263,3.5460172388248408,2.8937236935134862,0.3497403255481872,2.6282160872458737
14B,996,4.13788847133444,0.7042632076533234,3.4336252636811166,2.9181833183044192,0.34586621758678904,2.6558553361750445
14B,997,4.316936377999591,0.7279422426154336,3.5889941353841572,2.8134580887693073,0.34907537165664176,2.5484191050153773
14B,998,4.27607587588404,0.7294281014281617,3.5466477744558773,2.807209852703732,0.3347923669019033,2.5554104892667944
14B,999,4.276488955395347,0.7102918782989008,3.5661970770964464,2.928548115431296,0.3443771632883617,2.6614921139721313
14B,1000,4.258659888945725,0.714401396529644,3.544258492416079,2.837406106958333,0.3463005412021933,2.577994616393338
14B,1001,4.338444837777916,0.7205615201350963,3.617883317642819,2.943690405392174,0.35147841615803993,2.6781875290118737
14B,1002,4.063609945617683,0.6945542464011283,3.369055699216556,2.8760948570581033,0.3537086717099997,2.599480200460134
14B,1003,4.095086252886952,0.6934935037500913,3.40159274913686,2.944320885380423,0.3523537664101374,2.674444021076911
14B,1004,4.2943500076456,0.7253590695936921,3.568990938051908,2.915865894755815,0.34826633522159467,2.655425670923555
14B,1005,4.197250998046495,0.7068957685031427,3.4903552295433524,2.8396173841333416,0.3575839356538341,2.5582734990948017
14B,1006,4.1947364969789875,0.7000520862235282,3.4946844107554598,3.0084153933060627,0.3573685881842587,2.730166317934918
14B,1007,4.156218169378648,0.7002079011909981,3.456010268187651,2.889765836577274,0.35440120371477385,2.6167257529050065
14B,1008,4.4073495757176495,0.7343412147826137,3.673008360935037,2.9069921269368173,0.33575251324698635,2.651100947919452
14B,1009,4.249769003522807,0.7097721486608936,3.539996854861913,2.9436610438633544,0.3509235392230439,2.674009392859155
14B,1010,4.3556552655535,0.7370519742425566,3.618603291310944,2.8409017949618285,0.3344519805034646,2.589632580983675
14B,1011,4.371243215974382,0.7279377915987506,3.6433054243756318,2.7936265219376217,0.3340642120216841,2.536758786859948
14B,1012,4.2331493727785166,0.7326679815104151,3.5004813912681008,2.75574271501484,0.326239793166643,2.5175038400674246
14B,1013,4.258401587553733,0.7351999092116289,3.5232016783421045,2.8920252762657355,0.33891649953947334,2.6419978308057384
14B,1014,4.177343074399032,0.7105069499306962,3.466836124468335,2.8453304218109525,0.34265630100091243,2.585043438069894
14B,1015,4.269917164509585,0.7139012608748595,3.5560159036347248,2.9090686488951505,0.3509842913014168,2.641566485419606
14B,1016,4.361787884788089,0.7084845547970217,3.653303329991067,3.03214614284802,0.3566290725109481,2.7537990226758198
14B,1017,4.157109387077973,0.6901804272374524,3.4669289598405206,2.9601552086869773,0.35806216553089387,2.6823522738653685
14B,1018,4.329372754288636,0.7137456161493072,3.6156271381393292,2.9149345017625925,0.35089135581687037,2.6496036604935553
14B,1019,4.4428806513842645,0.7354082000605383,3.7074724513237256,2.9528413050706535,0.3344801535793415,2.698417949317895
14B,1020,4.112643766317546,0.7092850072797121,3.403358759037834,2.8559379877989035,0.3444921646972624,2.5982324659216567
14B,1021,4.105532362645353,0.6989745876437191,3.406557775001634,2.796694115975667,0.34718458919555256,2.5279360750171205
14B,1022,4.285555228422464,0.7255668785454983,3.559988349876964,2.922955726799198,0.3438932423831917,2.6646654517195003
14B,1023,4.255646303778928,0.7207931655369237,3.534853138242005,2.860373268001248,0.34373113828666113,2.6029120074250347
14B,1024,4.101464087052174,0.6971339514724948,3.40433013557968,2.8178747891303964,0.3453439684476605,2.5567729657357607
14B,1025,4.070521943154771,0.6919518518203617,3.3785700913344088,2.879886420704146,0.3453022207445235,2.6169971506943304
14B,1026,4.2963760158573985,0.7208076291757594,3.5755683866816392,2.817776955662635,0.3475285052558173,2.5485574751355506
14B,1027,4.070936888126566,0.6999979126794231,3.370938975447143,2.8201668126088735,0.3467200311894732,2.5533386311513935
14B,1028,4.069961921818342,0.6972410775722113,3.3727208442461305,2.895381011273273,0.3539658142987744,2.625530511232892
14B,1029,4.0152037198707236,0.6962502536621853,3.3189534662085385,2.8043912510169706,0.35746657755990097,2.53041180738676
14B,1030,4.273976742764733,0.7189085530691973,3.555068189695536,2.798088306170002,0.33669592831672157,2.541209027357251
14B,1031,4.149025199264879,0.7048334320079198,3.444191767256959,2.8728072905968562,0.34687361239806697,2.6110832964910147
14B,1032,4.151944865917229,0.7180119791123258,3.4339328868049015,2.818318299219227,0.33805224292959085,2.563616836566138
14B,1033,4.145631851835047,0.7060357340578165,3.4395961177772305,2.8504849617027954,0.34725771469463185,2.5854214809208984
14B,1034,4.105184179944,0.7047617916859502,3.40042238825805,2.8106807057469996,0.34608726339786244,2.547063774924888
14B,1035,4.058618919586449,0.6964696705988345,3.3621492489876146,2.9160325829175453,0.35870849083732176,2.647995569480335
14B,1036,4.045467267075235,0.7038236152257711,3.3416436518494628,2.8220361702810957,0.34491996774562034,2.566348831919088
14B,1037,4.105627606008754,0.7085944987014265,3.3970331073073283,2.9292677821756317,0.35458300763552275,2.6638540555897148
14B,1038,4.076581760803447,0.6984121364765162,3.378169624326931,2.8826244508325294,0.3520384948569082,2.6149275664239156
14B,1039,4.151007540134992,0.7207479493085688,3.4302595908264224,2.8036935266012954,0.3407139545881906,2.548524041488453
14B,1040,4.0598551342197755,0.6937986271987376,3.3660565070210384,2.915472383072291,0.3535457999787859,2.6433801058408224
14B,1041,4.288551329817295,0.7197235260351962,3.5688278037821,2.9300907725632355,0.35751442530603,2.6561438796553873
14B,1042,4.067677950328856,0.6928912664735463,3.3747866838553104,2.8759530545743006,0.35516454866283276,2.6053622010905024
14B,1043,4.290934794548752,0.7126990662551531,3.578235728293599,2.943012174877292,0.3520711008018486,2.6731573267993545
14B,1044,4.203559214697844,0.710742036740087,3.4928171779577575,2.8746390081937254,0.34885763151601823,2.612317296186504
14B,1045,4.128791061720618,0.7104993595864557,3.4182917021341623,2.7903904113209093,0.34015643952330626,2.5419218395055636
14B,1046,4.29106052764257,0.718805332397092,3.5722551952454777,2.914580111150944,0.3442284916887859,2.6581596329540726
14B,1047,4.265215575754752,0.7183669339318393,3.546848641822912,2.9333495634883624,0.33974102779028514,2.67025591727811
14B,1048,4.112080249137274,0.6798402900171097,3.4322399591201656,2.9965220650603186,0.3537601619569414,2.7159971227114013
14B,1049,4.236569807953849,0.707487143439687,3.5290826645141613,2.915634739938628,0.3478952834910492,2.647442317314676
14B,1050,4.381068975690891,0.7161083111678832,3.664960664523008,2.980615092488358,0.34697560884559286,2.7109155321940337
14B,1051,4.255278974522017,0.7101854534836508,3.545093521038366,2.9143238009652213,0.3538967458533942,2.6444877667467726
14B,1052,4.25313374602182,0.7121072504999463,3.541026495521874,2.9577513381918856,0.3555599115067068,2.686676406672077
14B,1053,4.215680581871584,0.7131820779716139,3.5024985038999703,2.847489851364836,0.35409781856440403,2.5748791407224174
14B,1054,4.350368297978451,0.7205550517105203,3.62981324626793,2.874190700999362,0.33635196835648906,2.6169373500106294
14B,1055,4.3273252558852215,0.729955477742024,3.5973697781431975,2.7879491815724253,0.3385362639741656,2.534536159507689
14B,1056,4.368718507641425,0.7268365422407341,3.6418819654006915,2.8562901561480567,0.3338646914283721,2.6016644170411425
14B,1057,4.272926449931696,0.7197115755263481,3.5532148744053473,2.851678198286056,0.34714260159935517,2.587367861494275
14B,1058,4.189447626576846,0.7100555607424269,3.47939206583442,2.8475757230813916,0.3439941996169285,2.581418929875608
14B,1059,4.204560866576699,0.7057180493375347,3.498842817239165,2.8403500536323483,0.3525480757924072,2.56741965238018
14B,1060,4.2366267535429065,0.7097109293772907,3.5269158241656164,2.8678299230819926,0.34370777356453297,2.600532897401106
14B,1061,4.280172799939905,0.7156471945835159,3.5645256053563883,2.8770151501536505,0.34649856524334643,2.6122379672501705
14B,1062,4.10641247025672,0.7074102544699546,3.3990022157867656,2.814449165077545,0.3496045633721736,2.5517865361885423
14B,1063,4.0785689479511,0.7092709092617738,3.369298038689326,2.8608798393316666,0.3533843643216572,2.5954390902807405
14B,1064,4.154806625172816,0.7091637322698671,3.445642892902949,2.855309793585486,0.3493102043334271,2.58468872743107
14B,1065,4.23254280820801,0.7156953744051929,3.5168474338028175,3.0220200009133387,0.36232096967718413,2.752881052510291
14B,1066,4.187522819907197,0.7051546728949468,3.48236814701225,2.8356659574282617,0.3421001152738393,2.569728472964908
14B,1067,4.115867649529993,0.7030419516491635,3.4128256978808302,2.931113112470304,0.35544973224833826,2.661080878865232
14B,1068,4.296308549515916,0.7062559529168672,3.590052596599049,2.9782795560546282,0.35907518944525685,2.700012400330204
14B,1069,4.365940067107787,0.7390053333210146,3.626934733786772,2.8602483205524645,0.33548443775384873,2.6110286931451965
14B,1070,4.2960088668694025,0.7363258339736125,3.5596830328957894,2.8501813758427352,0.3297656012440315,2.604699803860714
14B,1071,4.239042019066693,0.7394807414593808,3.4995612776073117,2.8438023502651304,0.3360868995795334,2.6011359987760128
14B,1072,4.39028128773852,0.7278061502791369,3.662475137459383,2.9724976799992766,0.3471187477661238,2.7129226465176113
14B,1073,4.334231792840212,0.721074840872046,3.613156951968165,2.89344162324447,0.34956169847574486,2.6253245456093137
14B,1074,4.22436580445413,0.7128757779577024,3.5114900264964275,2.8737108518768624,0.34554165446505836,2.6103453255489777
14B,1075,4.279510380896834,0.719907834849855,3.559602546046979,2.891951254904597,0.34918029692278074,2.6289874513913905
14B,1076,4.482353753758783,0.726654711353519,3.7556990424052645,2.967640519821087,0.35141953536623155,2.6985082081672993
14B,1077,4.345486024664397,0.7234498845869523,3.622036140077445,2.8619112128894946,0.3398409120403168,2.605625879851294
14B,1078,4.3862029571077805,0.73066960731324,3.6555333497945397,2.969468034937244,0.34697867685562717,2.712320440764192
14B,1079,4.408545008209359,0.7371133310051048,3.6714316772042532,2.9434786264033077,0.33907287509905776,2.69334550351531
14B,1080,4.500593145552852,0.7450283618580602,3.7555647836947914,3.0030070347770064,0.3294739717488273,2.7590140407262242
14B,1081,4.385504598367596,0.7227713659288567,3.662733232438739,2.9484679857291454,0.3480088479363192,2.682995303254905
14B,1082,4.255404746580672,0.7128053532930132,3.5425993932876603,3.008290939455795,0.34958059271448755,2.74404049404875
14B,1083,4.397279039182793,0.7370490986725994,3.6602299405101926,2.91669128149986,0.33764809191689044,2.663362659533766
14B,1084,4.384792245461838,0.7189019828309837,3.6658902626308536,3.016985014983616,0.3480231772974016,2.7550765311638235
14B,1085,4.411943532065014,0.7395642309074926,3.672379301157522,2.962009565371964,0.34403047875805226,2.70585861092968
14B,1086,4.35706585030733,0.7346111929520056,3.6224546573553242,2.862425120489763,0.33090533702625957,2.617936132902882
14B,1087,4.224038702204177,0.7083028937098617,3.5157358084943144,2.8635598675768983,0.3489788656731681,2.596209337278682
14B,1088,4.278782896379435,0.7130398581124552,3.5657430382669806,2.947874104862472,0.35412332663225266,2.677385588407756
14B,1089,4.246005533965683,0.7050640874567112,3.5409414465089717,3.0537259812406163,0.36164442481443243,2.7778534659633514
14B,1090,4.180832349707409,0.7084789939884673,3.472353355718943,2.8459983434697773,0.3579650471492823,2.572459089986497
14B,1091,4.236660881070924,0.7124694530231482,3.5241914280477764,2.9633696057108723,0.34831557938237395,2.7011549584683956
14B,1092,4.1824438860539015,0.7019532114977961,3.4804906745561057,2.8834575834261056,0.35302356553470965,2.612484956728481
14B,1093,4.230872767990531,0.7045072145757516,3.52636555341478,2.941120090716554,0.3464890592094083,2.6761113789110427
14B,1094,4.397882405221226,0.7266124912106328,3.671269914010593,2.9344513165729937,0.3448860537035546,2.672757619710405
14B,1095,4.167933222050637,0.7184932312716241,3.449439990779013,2.8726948953252425,0.34703631314231265,2.612973705679722
14B,1096,4.218764672844301,0.7077861031875922,3.5109785696567095,2.963295662755569,0.3506779050705303,2.6955656433477175
14B,1097,4.196116580333154,0.7105133013963859,3.4856032789367677,2.856403639923289,0.3500881897448022,2.5871910030364558
14B,1098,4.323470595270036,0.7327279505620071,3.590742644708029,2.8782850239482674,0.32761861259369945,2.6389290112446857
14B,1099,4.2094665434551315,0.7021102672462667,3.5073562762088653,2.946990598548461,0.350046323867561,2.6782989490479605
14B,1100,4.095213631233286,0.706982273002999,3.3882313582302874,2.7897849979794667,0.3449304065719585,2.5274585646383545
14B,1101,4.3302423517953805,0.732599561864579,3.597642789930801,2.9011857429409917,0.33429929708237155,2.6526366254318567
14B,1102,4.372223841497377,0.7300729023386086,3.642150939158768,2.9843771861097785,0.3355713193136527,2.733453665402617
14B,1103,4.229385240543533,0.6959334394998649,3.533451801043669,3.080225664045872,0.361982828799831,2.802075862988698
14B,1104,4.343768208503731,0.7222055035797519,3.6215627049239787,2.8977083714659333,0.34868159970887974,2.6342651640287866
14B,1105,4.424661394073617,0.7198163963999332,3.704844997673684,3.002494394440976,0.3495747593263429,2.737410394490832
14B,1106,4.284845657298299,0.7012234964342448,3.5836221608640546,2.996884573530503,0.3520388986384573,2.7223924092920457
14B,1107,4.3464619940174325,0.7341981560551862,3.6122638379622454,2.9139689570544265,0.3335430055395353,2.669598824718143
14B,1108,4.214169729854189,0.7007453106597107,3.513424419194478,3.015730673984399,0.3554625526580091,2.743742231006206
14B,1109,4.26667858023587,0.7219281861510669,3.544750394084803,2.9489342228372863,0.34608925316031025,2.689826027924803
14B,1110,4.226846883233835,0.7155304277311206,3.511316455502714,2.933553482173495,0.35028064549151994,2.672044831584063
14B,1111,4.400956502172445,0.7169120694222226,3.6840444327502215,3.0467504706449495,0.35708641817582987,2.774540563140909
14B,1112,4.241574390319905,0.7063894910018359,3.53518489931807,3.021729752444821,0.3562934317231916,2.752592159152731
14B,1113,4.363897664476606,0.7216382208222674,3.6422594436543387,3.0075817264309257,0.34543932601427363,2.7488471629137354
14B,1114,4.323293689900019,0.746740066819197,3.5765536230808235,2.854759539352846,0.3236670114554608,2.6250888950422535
14B,1115,4.356669027556363,0.7261738958523989,3.6304951317039635,2.931129541965002,0.34313191306617413,2.6723444392715696
14B,1116,4.130048995591849,0.6944375306376639,3.435611464954185,2.8798286152387274,0.3568976775994431,2.6062036698050504
14B,1117,4.45674391072121,0.7311398938421858,3.725604016879024,2.9415135845064655,0.34516159309184985,2.683544482186152
14B,1118,4.347213430635371,0.707898954135437,3.6393144764999352,3.03233957919711,0.3492059291583494,2.764338724802744
14B,1119,4.284019835026536,0.7272576818623103,3.5567621531642253,2.921432390903315,0.34139028939646987,2.666314049191748
14B,1120,4.136635330064948,0.7051151637883978,3.431520166276551,2.984416230403992,0.35747612101841564,2.716511911090889
14B,1121,4.273393517959987,0.7100731642070603,3.563320353752927,2.982857467103344,0.34974015099407074,2.7211436166497247
14B,1122,4.112376090529413,0.7010809761107946,3.411295114418618,2.8582146387922087,0.3541375470344201,2.589464898177114
14B,1123,4.158757541370382,0.7035913919888039,3.4551661493815775,2.8992081741325944,0.3479975839303614,2.636449770388661
14B,1124,4.233615213968587,0.7233507638258958,3.510264450142692,2.9073935325897726,0.3431672801844646,2.6557042779846833
14B,1125,4.221898124252453,0.7283240156784196,3.493574108574034,2.8235467364488844,0.3342298585467338,2.5808386423782017
14B,1126,4.14970873452847,0.7016459718155297,3.4480627627129414,2.848073547450858,0.3519389245131987,2.5794922131934337
14B,1127,4.259129009055753,0.7113124170183344,3.5478165920374187,2.911105040819716,0.35039742796890583,2.645790968381789
14B,1128,4.177526064839609,0.7121035462449733,3.465422518594635,2.910992478064992,0.35109206558770073,2.6400960868569703
14B,1129,4.284485321054193,0.7168147584774012,3.5676705625767924,2.8798116577459085,0.3456059117527776,2.618082368009551
14B,1130,4.3783447397315305,0.7247792428574527,3.6535654968740765,2.8604441248450097,0.34045438729697086,2.5997378809267384
14B,1131,4.223890555463062,0.7222887238381032,3.501601831624959,2.9330238103292814,0.35103691125212105,2.6713337235723613
14B,1132,4.347692209348984,0.707711725760464,3.63998048358852,2.9715562129112256,0.3571726082083119,2.6923840097776397
14B,1133,4.095534984384697,0.6891514605999873,3.4063835237847098,2.94559848894553,0.3586768312322829,2.6662784345681487
14B,1134,4.21963533865984,0.6926486831452645,3.526986655514576,2.9623257094841753,0.3549892370747947,2.686015253535118
14B,1135,4.32777319463872,0.7150582131573425,3.6127149814813784,2.9315899579283675,0.353219348472515,2.6562746297568305
14B,1136,4.44925348005526,0.7244135446628495,3.724839935392411,3.0464082383040543,0.34988529269514873,2.7821285224572705
14B,1137,4.3746668622752285,0.7162973336735042,3.658369528601724,2.919762488360653,0.3302177247171062,2.666044628927855
14B,1138,4.3285627724857845,0.6955918476442814,3.6329709248415023,3.0618227903086916,0.35818808213431175,2.780874538623277
14B,1139,4.449417172187027,0.7299906893735306,3.7194264828134975,3.0523247911533753,0.34535120851397366,2.79535641875502
14B,1140,4.386671970042358,0.7196135034174589,3.667058466624899,2.908799970444134,0.3441335582674884,2.6454333477524337
14B,1141,4.351495212737756,0.7202447004516266,3.631250512286131,2.943144001819747,0.3453200455110511,2.6838894021376882
14B,1142,4.287715884097761,0.7191956839363395,3.568520200161422,2.863379988354706,0.346237072126484,2.5996750575702503
14B,1143,4.1781333218780015,0.6971739571406681,3.4809593647373336,2.9992664029116995,0.35371969720876845,2.7333763999971086
14B,1144,4.346435023116101,0.7170572372771028,3.6293777858389977,3.0291919037307475,0.35172117673439524,2.764372451766774
14B,1145,4.453385384532742,0.7273149171841152,3.726070467348626,3.043909457165863,0.3461443128536462,2.782282334205414
14B,1146,4.201625455570874,0.7136888093790519,3.4879366461918235,2.910953652131925,0.3493673399773071,2.645884501864696
14B,1147,4.35718404109782,0.7142863728930934,3.6428976682047263,2.9954227273422966,0.35112741051493457,2.726254671324814
14B,1148,4.482086024976851,0.7254988633530611,3.75658716162379,2.930174716239376,0.3389955284879491,2.6710487662529285
14B,1149,4.397285000754018,0.7123922619197314,3.6848927388342867,2.9966509834219943,0.34742214755507006,2.73196210920885
14B,1150,4.357391168461476,0.7243596538442916,3.6330315146171848,2.9941601546110284,0.3456179705851612,2.7385888121502266
14B,1151,4.359697661618617,0.7152776871869159,3.644419974431702,2.8692838943315424,0.33888771566510534,2.6035831881483253
14B,1152,4.236139947255626,0.7123465617681547,3.52379338548747,2.9748674976899916,0.34070810087720194,2.7201557220996846
14B,1153,4.209339430201941,0.6951445120366758,3.5141949181652654,2.969416053437845,0.36090575332260205,2.690085216611581
14B,1154,4.414423375190279,0.7260664592969381,3.6883569158933414,2.9070369683016843,0.3437669670984226,2.64600083738975
14B,1155,4.343440504515849,0.7266701858558068,3.6167703186600413,2.8703093101366712,0.3474666536838608,2.6054398322004704
14B,1156,4.393780990684217,0.7196946349798033,3.674086355704412,2.991089487038689,0.34818060017170144,2.7273511678394122
14B,1157,4.3749539578344105,0.7175054499712104,3.657448507863199,3.0030525179456977,0.3476595248158643,2.732307556781543
14B,1158,4.18212890125036,0.6943173220481019,3.487811579202257,2.857634876638686,0.35950029106903714,2.569855512530515
14B,1159,4.285643955834812,0.7188697519011108,3.566774203933701,2.891983056732627,0.34825491361637,2.6285913658147257
14B,1160,4.198966714896771,0.6993596612229055,3.4996070536738664,2.9112517675043783,0.3544889831201424,2.6378927259750955
14B,1161,4.481171071627253,0.7290509245678253,3.7521201470594288,3.010243275939112,0.3423305251681522,2.7533194781609938
14B,1162,4.398168954592334,0.7200325041399245,3.6781364504524094,2.969466425130218,0.34426989564799443,2.7062587071744675
14B,1163,4.319959834231867,0.727436245294782,3.5925235889370852,2.9293085462818507,0.3391200564159188,2.676317624802851
14B,1164,4.226147870980385,0.7218911471356069,3.504256723844778,2.8343108993258728,0.3380713485280747,2.583873972446278
14B,1165,4.289036988800066,0.7219933888498428,3.567043599950223,2.8858040573303003,0.3442942653506141,2.6325536603716944
14B,1166,4.472606451778382,0.7362822048701224,3.736324246908258,2.862911847527089,0.3349938031329591,2.608944183200127
14B,1167,4.371912415833299,0.71456610154006,3.6573463142932394,3.0107855038546596,0.34122031013474946,2.754484140346218
14B,1168,4.217610510544173,0.7104189261312573,3.5071915844129165,2.8813996191563325,0.3434887315753734,2.622724358935135
14B,1169,4.390778969536432,0.7285197816642519,3.66225918787218,2.8930468412634167,0.3483090054044241,2.6251177216028876
14B,1170,4.284142850058835,0.7112356916917387,3.572907158367096,2.8935472689028674,0.3442266242484226,2.6312462912863497
14B,1171,4.409651820228776,0.7372267752650195,3.672425044963757,2.832005640573672,0.3389788802677586,2.578179047407943
14B,1172,4.44065631657757,0.7338043093675346,3.7068520072100344,2.935172695896588,0.3468096015781658,2.6735851689713774
14B,1173,4.382180574291749,0.7341214263780076,3.648059147913742,2.910376227217956,0.334546984380989,2.65906494996847
14B,1174,4.336391429956496,0.7183025392993426,3.6180888906571536,2.9645650416238776,0.3509389651410203,2.701596992981942
14B,1175,4.309161597700131,0.7066849770384972,3.6024766206616343,3.059213940397134,0.3511779295814148,2.7926408609201308
14B,1176,4.474560231547768,0.7177089811334235,3.756851250414345,2.9978036598790228,0.33265911172368734,2.7425763762623987
14B,1177,4.245509361544873,0.7028068377928016,3.5427025237520717,2.9762553092402553,0.3600899917373353,2.7001480097002744
14B,1178,4.3144176055955175,0.7253499808739698,3.589067624721547,2.946047217037022,0.34206571621761556,2.6920196053449437
14B,1179,4.444849842143958,0.7316046792198941,3.713245162924064,2.9723596360802955,0.3364595092406983,2.715043775920511
14B,1180,4.415981476827812,0.7264247094793101,3.6895567673485017,2.9097923314667073,0.3360849963728476,2.65103985485289
14B,1181,4.184443725432216,0.7020539572288725,3.4823897682033436,2.975541586047772,0.3572362519105753,2.7031540326565335
14B,1182,4.2174095813610215,0.7011322763291885,3.5162773050318323,2.922152723316215,0.34794417632492425,2.656000856311154
14B,1183,4.262461764959148,0.7205646383702153,3.541897126588932,2.9171587246717157,0.3445716751285978,2.659246145493093
14B,1184,4.316622713941521,0.717727368517231,3.5988953454242902,2.8795825619109086,0.3413465959986952,2.617281703564605
14B,1185,4.265100977859345,0.7121786888232726,3.552922289036073,2.9065807946054556,0.3530702564297119,2.6386235910036744
14B,1186,4.2372990142989,0.7259882325145598,3.5113107817843403,2.9042939409865185,0.3369214571011152,2.6582398785529606
14B,1187,4.267470981377031,0.7087681167765942,3.5587028646004364,3.0277888817399425,0.3496499565866046,2.7639468413850357
14B,1188,4.334465926421706,0.7046412434962918,3.629824682925414,2.9736500553440868,0.353189809734785,2.704783217079867
14B,1189,4.2555027540041275,0.717742749846356,3.5377600041577715,2.8626457084705645,0.343131559549292,2.6043387832531995
14B,1190,4.3314980267207135,0.7252112488319677,3.6062867778887466,2.8415247109131525,0.3457864727284256,2.579582090856639
14B,1191,4.174756384283353,0.7132855211690032,3.461470863114351,2.881737418109847,0.34228812593909513,2.6275486098925662
14B,1192,4.498647062492746,0.7433519768638339,3.755295085628913,2.8438561180859407,0.3255873037514454,2.601441543443944
14B,1193,4.384573310118836,0.7356379544302366,3.6489353556885993,2.849432484559215,0.33920019976000526,2.5954028940761567
14B,1194,4.290170198179118,0.7210638025775162,3.5691063956016014,2.8861469881271544,0.34151505475331356,2.628441597423374
14B,1195,4.2497294529766165,0.7218424587500654,3.527886994226551,2.8331474012780395,0.339879404922975,2.5806091560587716
14B,1196,4.25131463975284,0.7159193880546565,3.5353952516981835,2.942607928889731,0.33482366134849895,2.698817215388712
14B,1197,4.243504998594188,0.7081960352031209,3.5353089633910675,2.8926005679298723,0.3536270623782057,2.6203829639984546
14B,1198,4.4215258087807925,0.7238797565561218,3.69764605222467,2.9650608046490436,0.34607868159513305,2.695943048625261
14B,1199,4.545050365711557,0.7445681614428298,3.8004822042687274,2.9927822780607105,0.32278522070668025,2.753377977795981
14B,1200,4.129563337529599,0.7147819101082082,3.4147814274213912,2.8353756827855885,0.3396182002657207,2.582039441955008
14B,1201,4.293711028163461,0.7147604947842454,3.5789505333792153,2.9508362998932025,0.33952889308885065,2.691167312019469
14B,1202,4.303219283247822,0.7233892847524005,3.5798299984954216,2.90008074963989,0.34211859674432377,2.6411103984986375
14B,1203,4.307231389379507,0.7164389046065744,3.590792484772933,2.96050335663564,0.34300300614279255,2.704108172284814
14B,1204,4.468401414996894,0.7404343564417145,3.727967058555179,2.9448410040666797,0.335135719690302,2.6982724003901897
14B,1205,4.4610709393621075,0.7408807417045089,3.7201901976575984,2.977335038446375,0.3285426492077102,2.732780999579659
14B,1206,4.347622679095724,0.728963217684425,3.618659461411299,2.935362073834733,0.3297630032787111,2.6943724030836242
14B,1207,4.432174487790274,0.7372409411686885,3.6949335466215847,2.889403804855573,0.3391478906549049,2.641855375759453
14B,1208,4.4009800348474535,0.7261797538257231,3.674800281021731,2.9643435175796635,0.34112176899382807,2.7010725054178835
14B,1209,4.4795517430419425,0.7511516833843416,3.728400059657601,2.9066083532712383,0.326969348175338,2.6688674884509576
14B,1210,4.289924788007054,0.7279237872083727,3.562001000798682,2.858748307316348,0.340584501232807,2.6049848901638604
14B,1211,4.413033504762595,0.7239664197966197,3.6890670849659757,3.0767407513736367,0.3504897602948624,2.8149614009557737
14B,1212,4.228149314847014,0.7120862632890831,3.5160630515579316,2.9892929536170003,0.347746888922125,2.7279875630688726
14B,1213,4.528364764143251,0.7412673552941774,3.7870974088490748,3.0493360586491134,0.33638879225154084,2.8050519069910753
14B,1214,4.26822443087073,0.7215215813579091,3.546702849512821,2.830353305544837,0.3435438523170612,2.5736324832735558
14B,1215,4.204966408820113,0.70505736068217,3.4999090481379427,2.9200761090875513,0.3527009220817179,2.6462236672702657
14B,1216,4.115527668748327,0.6952350407798396,3.4202926279684878,3.0122545759565877,0.35836020632700305,2.741868760664568
14B,1217,4.373810059266376,0.720441765234619,3.653368294031757,3.001760348962793,0.3524122430414896,2.736695675093046
14B,1218,4.324511716367705,0.7058313110665404,3.6186804053011645,2.993637591338999,0.3440979442705652,2.7284090634940315
14B,1219,4.502851295327653,0.726151606517088,3.7766996888105644,3.0302279607654987,0.3431565605326648,2.7698411259006384
14B,1220,4.3786462133307085,0.7230998686983728,3.655546344632336,3.0123337869267997,0.3372865847609778,2.760122965535903
14B,1221,4.220367648399532,0.7045323342645774,3.515835314134954,2.9400363395696623,0.3557455960543537,2.6656090267988826
14B,1222,4.217659427760806,0.7270972950140316,3.4905621327467733,2.8323006280707554,0.34378945155963286,2.575076807775234
14B,1223,4.328448834398572,0.7218420846418819,3.6066067497566907,2.869587855995528,0.34026694568141497,2.6097288635009708
14B,1224,4.588771237640503,0.753575888090229,3.835195349550274,2.9840659973829107,0.3317542625371113,2.742205912350152
14B,1225,4.444484182052773,0.7146956933320704,3.7297884887207022,3.085050213725124,0.3466646429296857,2.8180682779599575
14B,1226,4.331898222423413,0.7128990750375376,3.6189991473858756,2.984131326564993,0.34263958552664175,2.723401549207893
14B,1227,4.343668353893059,0.7150235786591373,3.628644775233922,3.0354898751841075,0.3470665243664959,2.772360171627311
14B,1228,4.3156958218907056,0.717783978353103,3.5979118435376027,2.9534781619696737,0.34723102668500827,2.689684658860151
14B,1229,4.411361660372815,0.7119472958749145,3.699414364497901,3.080255736502659,0.35334968786248466,2.8074818125640544
14B,1230,4.294782719597101,0.7088323353175284,3.585950384279572,2.9888916672646855,0.343957217898516,2.726463781524691
14B,1231,4.419163675755634,0.7396280673000717,3.679535608455562,2.8972237160198047,0.3322988171395393,2.652530948730856
14B,1232,4.420558032224093,0.7222106985367057,3.6983473336873876,2.993487878101812,0.3534201778260149,2.7251373354979793
14B,1233,4.282436421602281,0.7158549931125161,3.566581428489765,2.9277319585778887,0.34340840486749935,2.6681139409597003
14B,1234,4.3171658197445835,0.7073762983337173,3.609789521410866,3.0234030776855243,0.3574356315027046,2.7458371320543913
14B,1235,4.446636365328643,0.7232472954828184,3.723389069845824,3.0395375049516504,0.3465803431574304,2.778661885187616
14B,1236,4.148087803710343,0.7106975299408286,3.4373902737695152,2.846970566886567,0.34665178395145946,2.5845816574174103
14B,1237,4.21454822469247,0.7035953978301775,3.5109528268622916,2.8715111829008237,0.33746999466824,2.613962726011261
14B,1238,4.3451279280601565,0.7158633027186445,3.6292646253415124,2.971853181796452,0.34320437794763237,2.7078514542094845
14B,1239,4.228922168885894,0.7029362754238615,3.5259858934620323,3.0376025207744353,0.3550597672334629,2.767983006583347
14B,1240,4.18426261518361,0.6961812955187097,3.4880813196649014,3.0379635499125675,0.3636029259386914,2.7591752492904646
14B,1241,4.428875318246883,0.7248207132993572,3.7040546049475256,3.01512860474194,0.35422461713538317,2.7409071367783757
14B,1242,4.323808083309509,0.7082905491944519,3.615517534115057,2.9972122675225736,0.34530507138435385,2.7292416017659717
14B,1243,4.284810609019623,0.7202246076050738,3.5645860014145496,2.8950830423942464,0.3397988460507504,2.642188435076795
14B,1244,4.305728795771218,0.7212091085967404,3.5845196871744776,3.0000279973340813,0.3408921995567694,2.7433704779482553
14B,1245,4.206081399151437,0.6945570131871499,3.5115243859642877,2.9682526801501954,0.3618138222182497,2.6823227724133023
14B,1246,4.307587054438767,0.721552705263028,3.5860343491757387,2.951897103550255,0.33689843564667665,2.7027236410143782
14B,1247,4.33121658525521,0.7162008382654895,3.61501574698972,2.9643726570546964,0.34582586513993807,2.70186251144381
14B,1248,4.32778307448583,0.7060901346979358,3.621692939787895,3.0088966672605353,0.34388835407334173,2.745982573278585
14B,1249,4.458795925339626,0.7353824479377342,3.723413477401891,3.014280080760344,0.32673402402540946,2.774154336314739
14B,1250,4.320984956630138,0.7076241442354534,3.613360812394684,3.1114163026864854,0.35172771886310483,2.8447115883342664
14B,1251,4.153387340621958,0.704976884398288,3.4484104562236686,2.8709555644409375,0.35068982080578415,2.6066957226638863
14B,1252,4.192536504735312,0.6872723603104347,3.505264144424877,3.0709793947835635,0.3593167220290249,2.7938128014869785
14B,1253,4.321493682511511,0.7191503175372249,3.6023433649742858,3.036806357940491,0.34102783393543645,2.7826295572599924
14B,1254,4.276846368723607,0.6967513902621179,3.58009497846149,3.0346803602488333,0.35960368976008605,2.7531891864850806
14B,1255,4.26106210017183,0.7022998968790295,3.558762203292801,2.9715646027499134,0.35548297494694087,2.6958475979304883
14B,1256,4.2858001796422664,0.7218179902741584,3.563982189368108,2.876364000943456,0.34286276748099465,2.6244458236346975
14B,1257,4.411620711125899,0.732640088096606,3.6789806230292927,2.921312249649175,0.3400218564100639,2.666594208818947
14B,1258,4.192424741968474,0.7053418911812274,3.4870828507872464,2.980468520449771,0.3533833660068278,2.710551746014242
14B,1259,4.4617499196716235,0.7446949067423556,3.7170550129292677,3.0224672009645723,0.33072211107939414,2.7785085571767376
14B,1260,4.181480207194967,0.714981441397812,3.466498765797154,2.8444601297407965,0.3450428239271796,2.579945771134802
14B,1261,4.539975419566883,0.7442932644455542,3.7956821551213276,2.9594548051666996,0.3333656405143114,2.714149180306732
14B,1262,4.333538201539045,0.7254302566748165,3.6081079448642286,2.942165127321151,0.3456700475504487,2.6860656494672313
14B,1263,4.264983405799134,0.7131081306155092,3.551875275183625,2.881500409515654,0.34604911931796595,2.617551208971839
14B,1264,4.31637126925837,0.6992418802007893,3.61712938905758,3.1226929319502865,0.366280546765283,2.840623621791837
14B,1265,4.27766637541576,0.7102377927766743,3.567428582639086,3.0490675274490346,0.35225297459468263,2.7783373575893777
14B,1266,4.253291883000745,0.7041112335224972,3.5491806494782487,2.9813623041811743,0.3490186777707462,2.7158075853594954
14B,1267,4.368671587577406,0.7057198034230222,3.6629517841543837,3.0371087451899816,0.35087296683116,2.7660269358339065
14B,1268,4.349220678168109,0.7303551189479958,3.6188655592201133,2.904896440137924,0.34310609780687024,2.6480486554246747
14B,1269,4.525107515154797,0.7458851641032128,3.7792223510515854,2.9204594509466806,0.327299688155798,2.6835384342548534
14B,1270,4.256148353316139,0.7155320741613554,3.540616279154783,2.967524169932131,0.3521969571022353,2.7035760085589478
14B,1271,4.414364591369031,0.7208820106682945,3.693482580700737,2.9962714556087633,0.34439065212683384,2.737603562090049
14B,1272,4.32247352711426,0.7192753926935413,3.603198134420719,2.922156877406723,0.34089865862531193,2.6656092106492784
14B,1273,4.311113228489343,0.711277866015728,3.5998353624736152,3.053017102383577,0.348830587767992,2.7893721919519168
14B,1274,4.162561864041318,0.6906650309170164,3.4718968331243008,3.0177297672036194,0.36499321230836657,2.739877581700345
14B,1275,4.378528127312759,0.7113080912634017,3.667220036049357,3.0643849664184435,0.353539207253461,2.7936546571556766
14B,1276,4.274535133236448,0.6939406835566015,3.5805944496798463,3.0088722911409786,0.36329970243544585,2.725239818358321
14B,1277,4.3572099446888135,0.7273340509265285,3.6298758937622857,2.925151372715056,0.33928623635982896,2.6679918839584014
14B,1278,4.218615917465925,0.7212913890815355,3.497324528384389,2.923506581267062,0.34317782880046976,2.672455901443525
14B,1279,4.320741953897297,0.71083240468651,3.6099095492107867,2.9104419911259836,0.346015336384857,2.641327031048272
14B,1280,4.273178149699644,0.7157390158284926,3.5574391338711524,2.9320880788566313,0.34570426537899085,2.671435504487654
14B,1281,4.314737410551195,0.7148693217723626,3.5998680887788317,2.9691570475972644,0.3483301288206668,2.7070751838556966
14B,1282,4.360242626529194,0.7156251620444716,3.6446174644847225,2.9958371693855037,0.3507058185495002,2.7281200273634263
14B,1283,4.200100320431644,0.7157283096451267,3.484372010786517,3.0152277640734932,0.34255450508423724,2.7659791666954225
14B,1284,4.1955803641802705,0.6959893932174706,3.4995909709628,2.9506806968313004,0.3578290905431646,2.6699019657960967
14B,1285,4.283259188149102,0.7126382330180735,3.570620955131028,2.9726415368171484,0.34697973677975197,2.7101843446489933
14B,1286,4.359625567193998,0.7230543513361355,3.6365712158578622,2.8868071231901813,0.34530618552909614,2.6220161509656252
14B,1287,4.214382369587429,0.6928390506225977,3.5215433189648295,3.0406374040748507,0.36254510028989334,2.765206484969065
14B,1288,4.386289942593321,0.7203636917900216,3.665926250803299,3.0313941148055097,0.34956974389990525,2.766989406952804
14B,1289,4.352496659853456,0.7221204996177905,3.630376160235665,2.938280528198698,0.35347645308352804,2.664660222537571
14B,1290,4.398335347412275,0.7316771304960724,3.666658216916203,2.91044197455613,0.34447269130863434,2.6538586096798817
14B,1291,4.452420903733893,0.7311211606610039,3.7212997430728882,2.945558626120785,0.34423782131545905,2.684034359165026
14B,1292,4.387150281968248,0.7161602325337509,3.6709900494344967,3.0194185577820822,0.34958535426274046,2.755314810418572
14B,1293,4.339890225258749,0.7187150243717246,3.621175200887024,2.8945238604095915,0.33855448090552615,2.6421630708947412
14B,1294,4.248790367471162,0.7086301980566372,3.540160169414524,2.8937764477331442,0.34866794110581073,2.6273094595405304
14B,1295,4.286136896538311,0.7100273589853358,3.576109537552975,2.949526750430322,0.3546576235949965,2.678819583511853
14B,1296,4.248083773029605,0.7048428896409912,3.543240883388613,3.0012733356518195,0.3540090376004326,2.732028862623414
14B,1297,4.377841753184219,0.7210854329217576,3.6567563202624607,2.977953277656941,0.3390583259143118,2.722951654713371
14B,1298,4.326047925533354,0.7192661260744098,3.606781799458944,2.9197328845820705,0.34856222473031495,2.657890041793268
14B,1299,4.559117440710113,0.7400271357911476,3.819090304918965,2.9891957854608178,0.3351574973776084,2.737320595647334
14B,1300,4.301179491844198,0.7203645998812814,3.5808148919629152,2.9004272254651013,0.3437621612925401,2.6397777474783757
14B,1301,4.496161068912929,0.7352113530724913,3.760949715840438,2.9213580972163182,0.342901763427384,2.660541291546351
14B,1302,4.205341689267074,0.7009362664769235,3.5044054227901507,2.9462550694780494,0.34935119529311065,2.6764681050831927
14B,1303,4.3931329060391535,0.7250051996716693,3.6681277063674838,2.9594875419173032,0.34195182386374906,2.7040956954888387
14B,1304,4.4600726421843975,0.7386569674854465,3.7214156746989513,2.9286143074537687,0.33006508918331245,2.6847282932405836
14B,1305,4.324668389773046,0.7087394418930139,3.615928947880032,3.0576143832080342,0.34857775375170386,2.7904005669507206
14B,1306,4.359320158753466,0.7321802484970268,3.627139910256439,2.881778153570913,0.3341490133661925,2.6378549221123007
14B,1307,4.442620909394168,0.7307677695998614,3.711853139794307,2.9721846346580696,0.3442442326384262,2.714073261064068
14B,1308,4.1866804458415245,0.6977076678861928,3.4889727779553317,2.996496855293287,0.3581100234638123,2.7188061483819763
14B,1309,4.490369937103711,0.7197445836373789,3.770625353466333,3.1218009443393138,0.3495489533174828,2.8568870443343517
14B,1310,4.169206968910555,0.7032047429552145,3.4660022259553416,2.943342438411092,0.3454846167229463,2.685662168273907
14B,1311,4.282703533966451,0.7158255350358254,3.566877998930625,2.920838343624538,0.3449321066740294,2.656572881867788
14B,1312,4.36547665794418,0.726303899923937,3.639172758020243,2.8947739254617693,0.3497506412680933,2.6299769917506333
14B,1313,4.3126982850822015,0.7128727432577165,3.5998255418244844,2.988363427280565,0.3481125375661745,2.7289370501979224
14B,1314,4.420007473781523,0.7271670063251509,3.6928404674563717,2.9153683350045485,0.3353347952029461,2.664542215256595
14B,1315,4.50443814679559,0.7363397168796343,3.768098429915956,2.9421235673016657,0.34112210617312116,2.686285837457445
14B,1316,4.373645504671909,0.7184827436322778,3.655162761039631,2.8978599526862125,0.3489694880652893,2.629276199043703
14B,1317,4.471625278941703,0.7394329226067048,3.732192356334998,2.891621691211515,0.3360063546306516,2.6384110810233805
14B,1318,4.2839105485384215,0.7150453524202788,3.5688651961181437,2.915567508639494,0.3522531181226392,2.644409474876053
14B,1319,4.197355017969186,0.704046640520959,3.4933083774482276,2.987448838785244,0.3507903663220195,2.721019753363307
14B,1320,4.281867412543725,0.7026999399819253,3.5791674725617986,3.0468995381541064,0.3527885947704685,2.779783922053343
14B,1321,4.031313359422518,0.685613460118078,3.3456998993044405,2.97029685401292,0.3587719233902562,2.6994497286635024
14B,1322,4.371387718397025,0.7290596970435148,3.642328021353511,2.9844174482126506,0.3444217808377638,2.7301250315773626
14B,1323,4.482945173056774,0.7245285095338659,3.758416663522909,3.0402078813928397,0.3372707730261339,2.7818259695426213
14B,1324,4.297424075113751,0.7168968599006678,3.5805272152130834,2.865958477736847,0.3461670108227506,2.6001384578392632
14B,1325,4.299495165049799,0.7088921017787263,3.5906030632710726,2.9493036468611,0.34506341506692345,2.681035298945412
14B,1326,4.321030138126261,0.7079761955409174,3.6130539425853434,3.007691141357294,0.3468931356775595,2.7400520893719063
14B,1327,4.178846102977396,0.6977296515302888,3.4811164514471056,2.935516058815182,0.35542143285374667,2.6539680324022195
14B,1328,4.372425906229451,0.6859077073055178,3.6865181989239337,3.1385823684368686,0.36666932067319036,2.8468641616759336
14B,1329,4.2931356255196444,0.7066132576610614,3.5865223678585822,2.9587026354279025,0.35057035616050175,2.6920187247233702
14B,1330,4.463264031895197,0.7174497294023576,3.74581430249284,3.007699316882928,0.34944048429436464,2.7379549317564824
14B,1331,4.448162599040577,0.7212863437149977,3.7268762553255788,2.997640217032693,0.34699818705731184,2.7329394993232037
14B,1332,4.278244832891382,0.6960543275255487,3.582190505365833,2.968791024087697,0.3651509587545593,2.676446519021818
14B,1333,4.2272350139935115,0.6909395040865218,3.5362955099069895,3.0187173617275085,0.35922787733450845,2.742323721537872
14B,1334,4.445924318662735,0.7268330419649217,3.7190912766978137,3.0531567788510476,0.34634236069824476,2.792815386246667
14B,1335,4.342070897021087,0.7068097932863985,3.6352611037346887,3.0401292825815,0.35275214624103723,2.7664635654333223
14B,1336,4.255448641382945,0.6913947667345512,3.5640538746483945,3.0203176351253886,0.35730070865960445,2.7434925485060093
14B,1337,4.447717866346776,0.7231712291380028,3.724546637208773,3.0153953290918154,0.3490097294482626,2.7496367816022764
14B,1338,4.351408636313769,0.715611086757842,3.635797549555926,2.981354767768626,0.3420469291129624,2.7222538928394115
14B,1339,4.367990667822129,0.7104734144690591,3.65751725335307,2.9946283004473875,0.35571110547133,2.7161235306836264
14B,1340,4.355595162884181,0.7142804931085672,3.6413146697756136,3.0036963139962265,0.34845293695516566,2.736179004470921
14B,1341,4.40157287613508,0.7129170151428428,3.6886558609922377,2.9637383726738964,0.3545574780037382,2.684404347379791
14B,1342,4.3830234234614815,0.7173331870346671,3.6656902364268147,2.988603622707942,0.3511934298395334,2.7221458304149664
14B,1343,4.545497925645199,0.7213844831030195,3.8241134425421803,3.0848474170745472,0.35581299228631896,2.8105861818602342
14B,1344,4.304780706848609,0.712995327692211,3.5917853791563976,2.9668048339832525,0.34591686678065137,2.7087710013761295
14B,1345,4.275662903396718,0.7208914759411313,3.5547714274555875,2.8965662936303023,0.34781458115135155,2.629889210193605
14B,1346,4.417128030283977,0.7089867671384804,3.7081412631454955,3.0652610250913077,0.3584459442010646,2.7901495006138335
14B,1347,4.546153598510988,0.7444897701126697,3.801663828398317,2.9730715389342213,0.3362070687091815,2.7228823899963976
14B,1348,4.349359730832029,0.7040250029947797,3.645334727837249,3.0644377824374818,0.3596238699052035,2.787389620458209
14B,1349,4.224490030202889,0.723972356036944,3.5005176741659456,2.8979903415047072,0.34002097324576447,2.6476624862425377
14B,1350,4.368933774646069,0.7264060590882163,3.6425277155578533,3.005722851670968,0.33702464840993945,2.7567410511655575
14B,1351,4.42130546307477,0.7244790804409982,3.6968263826337706,2.9966109823785834,0.3498823059958625,2.7290081479498145
14B,1352,4.218037681184239,0.7241084873483886,3.493929193835851,2.8666777450445706,0.3428756373194562,2.611408562178638
14B,1353,4.353089893281696,0.722209243406815,3.6308806498748813,2.9419602404923517,0.34478814373954564,2.6777184718299996
14B,1354,4.33791676030364,0.6933745294365932,3.6445422308670468,3.1504978393748337,0.3635657228870418,2.872164699085101
14B,1355,4.303023629183752,0.7129615051840729,3.590062123999679,3.0408960606779885,0.3509901982131715,2.7760051293970687
14B,1356,4.531239767017605,0.7337785988085415,3.7974611682090638,2.9460287810356145,0.33846040363184293,2.687516578434108
14B,1357,4.46706009615532,0.7297978056971252,3.7372622904581947,3.0215195572376907,0.3461356872706627,2.7587007156957575
14B,1358,4.360467899520127,0.7114076826341509,3.649060216885975,3.027232043089821,0.3540783061685637,2.7533565816986676
14B,1359,4.292945776441711,0.7045456182561278,3.588400158185583,3.020564792861768,0.35753846037969256,2.742322859072557
14B,1360,4.536121039464706,0.7394941230597585,3.7966269164049473,2.9074507705001564,0.339895933670569,2.64427233216046
14B,1361,4.366672398208005,0.7233253363244107,3.6433470618835937,3.0018016711473745,0.3480801556639093,2.736787472344959
14B,1362,4.312538104633244,0.7279771502539948,3.5845609543792487,2.850462605628167,0.3380293693677405,2.591429444820492
14B,1363,4.44055510135086,0.7144212998764163,3.7261338014744436,3.110852410107802,0.36068014830053347,2.8363945432041056
14B,1364,4.359320825446601,0.7233478551780529,3.635972970268548,2.849081797826869,0.34159157149382946,2.589115760440612
14B,1365,4.535711662733712,0.7335292429679691,3.8021824197657437,3.0395646842766646,0.3445283858674344,2.778860946451473
14B,1366,4.261353442256819,0.7196214963513183,3.541731945905501,2.8948566005509715,0.3384312525728166,2.6405263085446506
14B,1367,4.420269694065026,0.7299618662066867,3.6903078278583394,3.0089494912280355,0.3448204740158265,2.7493232487116055
14B,1368,4.4082074082097815,0.7286904258147141,3.6795169823950675,2.950950519940238,0.3417034535135638,2.696188546750628
14B,1369,4.4648283135566675,0.7316656654234809,3.7331626481331854,2.9312856553182596,0.347260269930367,2.6637858928143157
14B,1370,4.374967461717208,0.7331180463508051,3.641849415366403,2.9823792945987284,0.335589467300276,2.7325291229992072
14B,1371,4.355406259153489,0.7206873030228387,3.634718956130651,2.9577055662575265,0.3467558281425188,2.6964998089083276
14B,1372,4.3445249718696175,0.7236442597932097,3.6208807120764077,2.9882699660354555,0.3456661527926615,2.726865878690016
14B,1373,4.336093298502488,0.7327627657249229,3.603330532777565,2.9131630362028638,0.3396982294270852,2.6640123641360973
14B,1374,4.411986245478213,0.7410539916796348,3.670932253798578,2.958247497733341,0.3271331635064874,2.722027353727788
14B,1375,4.451714645933905,0.7220482162305363,3.729666429703369,2.9294651086121393,0.34155299456001204,2.6636333390843174
14B,1376,4.513801069052841,0.7244701711730427,3.789330897879799,2.990696252987474,0.33971383479298595,2.729146889354572
14B,1377,4.348810308881427,0.7173056743647833,3.6315046345166446,2.931912586207284,0.34934207113023247,2.661712151696895
14B,1378,4.37484820863361,0.6950470008242616,3.6798012078093474,3.085129932797241,0.3618097298449525,2.7986452509605457
14B,1379,4.315952619179814,0.7102527350145746,3.605699884165239,2.999625177354424,0.35302213478585953,2.7242395673151782
14B,1380,4.363605629100334,0.7299303473892873,3.633675281711047,2.8969170497103405,0.33867275912566375,2.642744210551355
14B,1381,4.523016112432666,0.7208995593300347,3.802116553102633,3.092264207269738,0.3495748950702171,2.8227054317301685
14B,1382,4.276331536352809,0.7140619237270053,3.5622696126258035,2.926045018617305,0.3396490898109654,2.665395703895495
14B,1383,4.255697549481067,0.7037428597054954,3.551954689775572,2.94115883900425,0.35142552310412417,2.6713168359735957
14B,1384,4.235340172687205,0.7072455891317653,3.52809458355544,2.931944489324698,0.3478106606258747,2.6704267178339833
14B,1385,4.460740552337863,0.7352728756640768,3.725467676673786,2.949760242280682,0.3412859893695058,2.6895479316402042
14B,1386,4.359842050316865,0.7039195822811024,3.655922468035761,3.0923521779447976,0.35411411507420687,2.8209396709780794
14B,1387,4.335849860916041,0.7099832231555121,3.625866637760529,2.9609977701288726,0.3449485929599825,2.6987433326238603
14B,1388,4.286701378281694,0.7064973431351168,3.5802040351465774,3.0647200093434055,0.3534808383825983,2.7947402315316814
14B,1389,4.497775651686095,0.7183333427645875,3.7794423089215083,3.1262651413226545,0.35352829025670096,2.8574017846327138
14B,1390,4.349746632046621,0.6946206265700269,3.6551260054765944,3.053728382411012,0.3656638052995698,2.7632782425736733
14B,1391,4.221913413342742,0.691621762954743,3.5302916503879986,3.0690620121939376,0.35697946870454705,2.7929025246085706
14B,1392,4.251575489666894,0.7195956031227422,3.531979886544151,2.931107667521383,0.3507996169086849,2.6760532339932106
14B,1393,4.356284310059042,0.7011815309315593,3.6551027791274824,3.0658657079909903,0.3560638667586714,2.788269831549907
14B,1394,4.302856595459722,0.7084430643662346,3.5944135310934877,3.0578893689993096,0.352945523495501,2.7956391789064625
14B,1395,4.534205366176889,0.7183879956353362,3.815817370541552,3.082781967692775,0.34879349180139224,2.8137371005796714
14B,1396,4.256590065977619,0.697258001635498,3.5593320643421213,3.0524024138201526,0.35626662016970095,2.7798618275030007
14B,1397,4.113374629045065,0.6971495875395587,3.416225041505507,2.9348313541549094,0.3563076101678534,2.6633678187553715
14B,1398,4.502287693845714,0.7228691014808168,3.7794185923648973,3.090815446675366,0.344252308285296,2.826854142477633
14B,1399,4.440128869592996,0.7230769104221214,3.717051959170875,3.0078848735551134,0.3452929750692101,2.7380753732466414
14B,1400,4.352691647736301,0.7125702170824632,3.6401214306538368,3.0395538554344608,0.34948100819946437,2.770534639293421
14B,1401,4.294108615594352,0.6941144288864612,3.59999418670789,3.061518005570531,0.35954033627561555,2.782025642211973
14B,1402,4.23986730487012,0.6967931183619119,3.543074186508208,2.979094542198121,0.3547900210817274,2.70374858991818
14B,1403,4.419512797754654,0.7099495322511393,3.7095632655035153,3.073958809660071,0.3547515144958877,2.8007975760243733
14B,1404,4.241968454818144,0.7007431490343587,3.5412253057837857,3.0695494026023127,0.34934184864448886,2.8033665806441452
14B,1405,4.440689170220509,0.7290555240881483,3.7116336461323605,2.8961485898066996,0.3373067049124569,2.640717350234196
14B,1406,4.333502279106404,0.711687042070023,3.6218152370363814,3.02124736149463,0.35976000193780355,2.743722655059757
14B,1407,4.347943975833397,0.7134760979513084,3.6344678778820887,3.030054215508904,0.3584657520366245,2.7576357669810276
14B,1408,4.476949768640124,0.7139832441587837,3.7629665244813415,3.0301079337939734,0.3538453474861187,2.748875688131258
14B,1409,4.178449642342776,0.7047886483205466,3.4736609940222296,2.9229340659202783,0.34943548326251306,2.656364956617062
14B,1410,4.238711371432255,0.7040631027285725,3.5346482687036826,2.968711259289984,0.3509485427656789,2.7017832302452596
14B,1411,4.304324210886225,0.7043558814550723,3.5999683294311526,3.0124195251345967,0.3505977151900325,2.7427700196156075
14B,1412,4.099337872424723,0.6911987073125295,3.408139165112194,3.0646468587206965,0.35906302354506925,2.792959066275571
14B,1413,4.341272014550161,0.7124306032748599,3.6288414112753014,3.0451166290415266,0.3524579829345114,2.777657053254823
14B,1414,4.417221896892108,0.7156114778302838,3.701610419061824,3.094953165424508,0.3528396925436345,2.8271162892321886
14B,1415,4.279662147198355,0.7016993717437623,3.5779627754545933,3.1339451140825023,0.35618459750461245,2.862655319597688
14B,1416,4.214659476355497,0.7072372127864864,3.507422263569011,2.9019036298184293,0.3525975315816137,2.6340111903142067
14B,1417,4.340173241913944,0.7087920161716766,3.6313812257422677,2.9945734019890757,0.3544975934513491,2.7202849392556354
14B,1418,4.568143891673469,0.7231117778055264,3.8450321138679437,3.1216678547835333,0.35648288056457966,2.8469555741269668
14B,1419,4.305543802743348,0.7039235246246774,3.601620278118672,3.0457603037523127,0.35888655563161137,2.768254878592816
14B,1420,4.438733894465869,0.7308986256751203,3.70783526879075,2.967547023853809,0.334740646526794,2.7202301123149164
14B,1421,4.104476387954856,0.6870991351295803,3.417377252825275,3.0210677320966313,0.361794857129178,2.744068608281966
14B,1422,4.187728965635353,0.6929834349608832,3.4947455306744706,2.9487177688517074,0.3650174678945096,2.6674787946334377
14B,1423,4.487421604739666,0.73707519556357,3.750346409176096,3.002458770487574,0.3371129282767747,2.7493888873083607
14B,1424,4.303851626421263,0.6945014300656805,3.6093501963555825,3.0410974243074733,0.3653232822568686,2.757325020049839
14B,1425,4.280040166619886,0.7022950194684935,3.577745147151393,3.042240776675489,0.3563495170593356,2.767970753390297
14B,1426,4.264106018187311,0.7020584981796322,3.5620475200076793,2.959948538650452,0.36564931720026983,2.674438552245559
14B,1427,4.2421766430498105,0.7142731202190294,3.527903522830781,2.951318390695043,0.3521477580741872,2.6838002834387265
14B,1428,4.266129325674601,0.7123266660874062,3.5538026595871948,2.960553780963966,0.35645727024536483,2.6854597488159744
14B,1429,4.430505047830187,0.7225379041841227,3.707967143646065,3.0444540274287983,0.3482266251808465,2.784194278538402
14B,1430,4.3934333635859515,0.7170562563906272,3.6763771071953237,2.977939447965306,0.35218661695600717,2.7121209213202166
14B,1431,4.208444775348847,0.7018411517106796,3.5066036236381684,3.0030545676498974,0.36004115241950624,2.729823819289239
14B,1432,4.28007674651097,0.711385473778734,3.568691272732236,3.006798152084152,0.3454887054041077,2.7464371449879375
14B,1433,4.318789703447852,0.7178776564974265,3.6009120469504254,2.9359311469216123,0.3487046010926671,2.673336288502961
14B,1434,4.179534272043209,0.7051210825090999,3.474413189534108,2.983999472973762,0.35698800554330806,2.712670479659493
14B,1435,4.1973769633996305,0.7162706669619973,3.4811062964376327,2.9133784145803707,0.3444601616382141,2.6559422957138805
14B,1436,4.3604586773901906,0.7177453128102536,3.6427133645799366,2.9788876757944673,0.3450353285694061,2.7162973624056037
14B,1437,4.3783831753159355,0.721154893993357,3.657228281322578,2.975266124357365,0.34397836457698555,2.7159221166440717
14B,1438,4.418514801148143,0.7347126140231032,3.6838021871250395,2.9995234928449537,0.33558738996810344,2.7529267722303086
14B,1439,4.642055633403892,0.7470879495485727,3.8949676838553193,2.9889079038165867,0.3256850517907837,2.746636480255885
14B,1440,4.384804841201356,0.7216359105775318,3.6631689306238244,2.978652588577352,0.34996934180401396,2.711673193586875
14B,1441,4.322072610660773,0.7172880272458786,3.6047845834148937,3.031205251062032,0.3520897468318871,2.766584484352625
14B,1442,4.434835188847987,0.7283905174390826,3.7064446714089034,3.0144828089981357,0.3374315689270156,2.762603393574739
14B,1443,4.400422840055858,0.7201604862688818,3.680262353786975,3.005869910459685,0.3476667915922112,2.744116579583259
14B,1444,4.367667438451638,0.7319160418876082,3.635751396564029,2.870908131556855,0.3381283380545906,2.615692748982579
14B,1445,4.277936260709579,0.7096562410552104,3.5682800196543685,2.9663864868670258,0.3551863036680915,2.693521876482605
14B,1446,4.299289539926734,0.7140243100339807,3.5852652298927548,3.004835788928727,0.3486576255323678,2.745780462970241
14B,1447,4.354928566091141,0.7124690625677402,3.6424595035234004,3.015792066666447,0.3460133995595775,2.7530753104321715
14B,1448,4.441453549730009,0.7161678904509764,3.7252856592790327,3.060830086721987,0.3522376072145756,2.79018708308376
14B,1449,4.474948531565914,0.7350017247788038,3.739946806787111,3.0064787704093527,0.3456279291200035,2.7476668618729505
14B,1450,4.350071180182794,0.7249594899185624,3.6251116902642306,2.931173982792737,0.3389958875057265,2.675208978524864
14B,1451,4.374857170774503,0.7196490253986243,3.655208145375879,3.031260559628968,0.3526971279215416,2.764782283797125
14B,1452,4.41548083325981,0.7327065954169808,3.682774237842829,3.0116610640766748,0.347606492565341,2.7547281796616656
14B,1453,4.468008952135634,0.7225802096666473,3.7454287424689863,3.0857812714822384,0.3506331507083429,2.818820171388333
14B,1454,4.451260644545326,0.7238136918057347,3.72744695273959,3.0292085283924064,0.3462081987665378,2.7667150304188914
14B,1455,4.398795985617384,0.7250099388471611,3.6737860467702226,2.9773660243636373,0.34389104758887595,2.716748892632255
14B,1456,4.332389174630283,0.7247081444488728,3.6076810301814097,2.992777801543706,0.348131356295108,2.7337832951684833
14B,1457,4.322119581599145,0.7148968665915068,3.6072227150076377,3.016882806990598,0.35166875552459864,2.7525240029798446
14B,1458,4.314146824704818,0.7096588334165393,3.604487991288278,3.03076002105213,0.3505110847743013,2.766688239859504
14B,1459,4.288815236635062,0.7007102461300794,3.588104990504982,3.1398272079607694,0.3620095072659552,2.8647675454585073
14B,1460,4.40653756041851,0.7205795210344711,3.685958039384039,3.053389983626761,0.3455880396078193,2.794023640975004
14B,1461,4.2408712681825955,0.6907140849808366,3.550157183201759,3.062819007680665,0.3577997433441512,2.7865266013586187
14B,1462,4.3300632919863595,0.7162092242166855,3.6138540677696733,3.0455558950931607,0.33657165986617127,2.793815806224804
14B,1463,4.355578968540854,0.6961180846510108,3.659460883889844,3.123258718314221,0.36363917448910105,2.8369857769234645
14B,1464,4.3708004566174345,0.7108209843753464,3.6599794722420893,3.000746434983589,0.34779730485305127,2.739995803497973
14B,1465,4.434546483882084,0.7169670409741059,3.7175794429079785,2.9770838141458533,0.3499299703138314,2.7067735327349935
14B,1466,4.4494678861307,0.7095476027006529,3.739920283430047,3.108915853384771,0.35608218510216455,2.8356149996535196
14B,1467,4.395838921507741,0.7059520971065437,3.689886824401197,3.1058274223237943,0.35942849286499223,2.829043396467472
14B,1468,4.407635057078105,0.7231534463934302,3.684481610684675,3.0423948081142296,0.34665413038359055,2.776822718352824
14B,1469,4.2744346585075075,0.7102375027888931,3.5641971557186145,3.001955943112596,0.3477551914414829,2.7341539054288395
14B,1470,4.170421952407505,0.7034627101792355,3.466959242228269,2.945200640251884,0.35556126264425764,2.675980489798856
14B,1471,4.164662750703755,0.6889558604269229,3.475706890276832,3.123617399803949,0.35663178541269575,2.853175949363169
14B,1472,4.303435734456753,0.7049071158387566,3.598528618617996,3.051741806455867,0.35862907304598984,2.773276022259925
14B,1473,4.487206245668476,0.718610177744209,3.768596067924267,3.117926887169687,0.350525206340615,2.8499119450135293
14B,1474,4.400508843753298,0.7240679161286984,3.6764409276245993,3.0845178566818725,0.3456238473954129,2.8318904576638717
14B,1475,4.54810927222098,0.7348981936597915,3.813211078561188,2.9969738322559727,0.3365198611797837,2.742653903264165
14B,1476,4.415626237311015,0.7314272897564961,3.6841989475545183,3.0473152705721467,0.3504654652639549,2.785242368902468
14B,1477,4.419533593051103,0.7203809912791179,3.6991526017719845,3.049351785085972,0.34431101999306957,2.7863070400110876
14B,1478,4.515388155072143,0.717778638596545,3.7976095164755983,3.091908323694076,0.3553294552692064,2.819762694624248
14B,1479,4.396707831353148,0.706357753400732,3.6903500779524157,3.10117366449772,0.3587134692482783,2.8251878953306395
14B,1480,4.408505174315572,0.7008622314188621,3.7076429428967095,3.179347771734312,0.36509265288054277,2.8973220400495103
14B,1481,4.247234501308664,0.7053674367219352,3.5418670645867287,2.920298863102707,0.3442278599531178,2.6623195837218203
14B,1482,4.368985522755735,0.7037238534858543,3.6652616692698805,3.0888225196790504,0.3580556758925225,2.807562022032926
14B,1483,4.1931125881212346,0.7099344603728089,3.483178127748426,2.9280957124562716,0.35374542789179597,2.6540614398427596
14B,1484,4.3811475599028675,0.6987909010791845,3.682356658823683,3.1394977612710897,0.35869302506273437,2.8604962216836003
14B,1485,4.258720943296721,0.720768559953999,3.5379523833427213,2.982519518371868,0.35067108076400993,2.7251774719912927
14B,1486,4.221503614807592,0.6893087637540931,3.532194851053498,3.0524790271103757,0.3681954961319713,2.7625717917140777
14B,1487,4.327056157988199,0.7054522856236557,3.6216038723645427,3.130137677994534,0.3575154885869382,2.856609704599952
14B,1488,4.422987363220518,0.7115196173495193,3.711467745870999,3.0620711357312085,0.3562681256005669,2.7887106115762217
14B,1489,4.299862754901951,0.7135752072098103,3.586287547692141,3.0169313572104834,0.3547699158823256,2.749786634719232
14B,1490,4.32006506279269,0.6972524767973346,3.622812585995356,3.0532809834188575,0.3664066256559374,2.7657763711445527
14B,1491,4.433421498666678,0.7115665360749834,3.721854962591694,3.068997133752073,0.3630313326766384,2.785806813401733
14B,1492,4.414439997228161,0.7161107850833112,3.698329212144849,3.029706352333185,0.3476609004597712,2.7602233393532187
14B,1493,4.532595160046631,0.7391896786373761,3.7934054814092546,3.077719712547276,0.3404731494605942,2.825731552433412
14B,1494,4.614085480682588,0.7385860991239857,3.875499381558603,3.0849635104641595,0.3334318764478996,2.8368746451642637
14B,1495,4.4439837062793925,0.723375176839756,3.7206085294396365,3.0247252646160256,0.3495986764145639,2.7584580253966675
14B,1496,4.298870481488952,0.7199640947273013,3.5789063867616506,2.9729516385023196,0.34622195286584967,2.7175805852454133
14B,1497,4.403953377373375,0.718693498972772,3.685259878400602,2.9732682202814926,0.345304754659902,2.7077454734698274
14B,1498,4.537720067091959,0.7439423518205003,3.7937777152714593,2.9899079764042624,0.3375310731441098,2.7374329707722045
14B,1499,4.376615542465923,0.7108519525075867,3.665763589958336,2.968024829648921,0.3564426103186603,2.6893091180587754
14B,1500,4.435405696243232,0.7176027817559383,3.7178029144872946,3.063106674239304,0.3500753469275159,2.7929392174616487
14B,1501,4.336078261294901,0.7141932412488072,3.6218850200460935,2.903900438205145,0.3465082572786685,2.636186151223564
14B,1502,4.2200310141965565,0.7090298848062574,3.511001129390298,2.8849569482359807,0.3521169399517551,2.614265656556166
14B,1503,4.267917906495346,0.7028460623418453,3.5650718441535014,3.0037507929572054,0.35241377676771385,2.728435843403641
14B,1504,4.425942571117518,0.720852507946889,3.705090063170629,2.9966927080194656,0.34516815205925294,2.7358879724980745
14B,1505,4.366415233053425,0.7309108898725337,3.6355043431808918,3.022446393580422,0.3407205581050127,2.7758826744090173
14B,1506,4.364250859423507,0.7268557919395356,3.6373950674839715,3.0082154379234067,0.34876294216595166,2.748066019184329
14B,1507,4.368958444638835,0.7105832374203173,3.658375207218518,3.1368750834982246,0.3581432368771197,2.865754312990653
14B,1508,4.273626086741704,0.7178752780798059,3.5557508086618976,2.9935663503611063,0.35050037158139596,2.733152726394209
14B,1509,4.297564100537733,0.7095063198012433,3.5880577807364897,3.02229776455468,0.3497977194014156,2.7559395523706076
14B,1510,4.389780980661348,0.7143697840038934,3.6754111966574543,3.0381623197373964,0.3566107819932815,2.7611282272032405
14B,1511,4.30889142768376,0.7208401413364193,3.5880512863473406,3.018218304694969,0.3456576130200837,2.7695218024318344
14B,1512,4.443085766870048,0.714249944162916,3.7288358227071323,3.0752211306768396,0.3522183867646423,2.8029878009701483
14B,1513,4.211471366561598,0.6972779253478621,3.5141934412137363,3.0502121224969883,0.3595180328319683,2.773994656553284
14B,1514,4.321991529290589,0.7143410013937654,3.6076505278968236,3.0091739721160184,0.3539100422428199,2.743582585809281
14B,1515,4.406592288008486,0.7277738196302788,3.6788184683782075,2.9359101726740766,0.34002989672108347,2.6773653070786034
14B,1516,4.257676496927332,0.6988350296700071,3.5588414672573236,3.0659352024837383,0.3563480335134231,2.794897180858878
14B,1517,4.273547099685607,0.7304445392134397,3.5431025604721667,2.9133372785838874,0.3413863965928717,2.6671559613956877
14B,1518,4.323053594693014,0.6937890556212958,3.629264539071718,2.9853565796200097,0.36005414414740083,2.701834553790584
14B,1519,4.139033356543088,0.6990873440155888,3.4399460125275003,2.9944416273341057,0.35538047349899277,2.7229176065687604
14B,1520,4.283534603668404,0.7230678250433634,3.56046677862504,2.8492913474233776,0.340274825936003,2.592281510882849
14B,1521,4.479020845945808,0.7145357276442512,3.764485118301556,3.114340565682695,0.35623726370815695,2.841153371117316
14B,1522,4.30236954128085,0.7086785006119748,3.593691040668875,3.0815725418781326,0.356536628697274,2.806021949232268
14B,1523,4.145460963292067,0.6969948658081491,3.448466097483918,2.962677399597818,0.3568322413727482,2.6870331118401536
14B,1524,4.408440639613225,0.7004701744313511,3.707970465181874,3.178451626217969,0.3633621719754651,2.8978975433004757
14B,1525,4.31417450389068,0.7196632976622482,3.594511206228431,2.886661508083945,0.3472635947394359,2.624134047450079
14B,1526,4.144892276768001,0.695573886735734,3.4493183900322673,2.951343960167898,0.3623045665419087,2.6718704190519325
14B,1527,4.205172446401668,0.7103516390980973,3.4948208073035723,2.9461334596368216,0.3532369025993953,2.681419553299209
14B,1528,4.365989890438321,0.7128572781380128,3.653132612300307,3.022422600369086,0.34497485035556413,2.764221095597114
14B,1529,4.341005370917588,0.7094683519781159,3.6315370189394716,3.0312098682364996,0.35493916788000734,2.7582655664081264
14B,1530,4.195240786127435,0.697009452318657,3.498231333808779,2.981024343411805,0.35675606642099866,2.710216194692523
14B,1531,4.355038058083898,0.688013679653951,3.6670243784299474,3.1325991391443218,0.3657896799963316,2.840681869161549
14B,1532,4.2552349336290245,0.6829864303048827,3.5722485033241425,3.105473708471656,0.3690757771906992,2.813544073091137
14B,1533,4.240836015409702,0.7030964479930589,3.5377395674166423,3.010704637603402,0.3571503183563699,2.738072650163175
14B,1534,4.208674262112263,0.6992851301101457,3.5093891320021164,3.0840708999097015,0.3498877010923022,2.822479306059288
14B,1535,4.215498619685648,0.6901382436431712,3.5253603760424768,3.0695346109478847,0.36191843517965233,2.7931084374889497
14B,1536,4.377120424507615,0.720636487573694,3.656483936933921,3.0311292568324784,0.3484058361509078,2.766876967401218
14B,1537,4.208672936029641,0.7084128749586934,3.5002600610709482,2.9193559729815637,0.35229510847656076,2.6469390622932396
14B,1538,4.1665672437198555,0.6924188860544218,3.4741483576654333,3.045858126197449,0.36367076091737943,2.77092709269925
14B,1539,4.301541184620523,0.7060008034804877,3.595540381140035,2.997081621610775,0.3543681018967275,2.727836858386389
14B,1540,4.186968016578092,0.6879936454080723,3.4989743711700196,3.135573229198246,0.36229653788754074,2.8562224731456682
14B,1541,4.30486429523661,0.716706222974653,3.5881580722619577,3.0118639445932875,0.35067404546008357,2.751242385462241
14B,1542,4.20873153225696,0.689787722202395,3.518943810054566,3.1123471277964447,0.36364303650586605,2.8321625270003885
14B,1543,4.266964051705519,0.6954545168839131,3.571509534821605,3.097501224235807,0.3590030367206088,2.8222367500110663
14B,1544,4.430347467518648,0.7263643282538139,3.703983139264834,3.055941917673752,0.3423782411490911,2.8012836237069543
14B,1545,4.396208292311574,0.694888412901848,3.7013198794097257,3.1748834132716963,0.3674158324005075,2.8878707317291044
14B,1546,4.19288653560077,0.7111782865506256,3.4817082490501443,2.9885628403293003,0.3567669929107341,2.724540136901611
14B,1547,4.3355118538426884,0.6982226926974892,3.6372891611452003,2.993400441647939,0.35832568651128177,2.713817008869782
14B,1548,4.402612193913088,0.719523963520439,3.6830882303926487,3.149795165609341,0.34752477482690397,2.8928057647990726
14B,1549,4.424896160879497,0.7298922313796373,3.6950039294998596,3.0492009553860586,0.34829403659008384,2.7916932629352305
14B,1550,4.436034892796596,0.7410000143328503,3.6950348784637455,2.923664882466254,0.33658712617600833,2.673992004030944
14B,1551,4.361470466478657,0.6971554130098575,3.6643150534687994,3.1132120232543867,0.3566178763060493,2.832462984444447
14B,1552,4.314941254570465,0.7142948417387562,3.600646412831709,2.9207541519847466,0.35845859126041346,2.644032185875104
14B,1553,4.28083244647315,0.7045702375794285,3.5762622088937213,3.091875279202813,0.35284085180793245,2.822884267986806
14B,1554,4.364189048544045,0.7063509034950416,3.657838145049003,3.0340251946107157,0.3612986708254177,2.7561764033064513
14B,1555,4.323737507291742,0.693458260178514,3.630279247113228,3.1160220948829043,0.36328629477812957,2.841174758094401
14B,1556,4.423691335549214,0.7317792904808126,3.6919120450684018,2.9631980838794307,0.3484739442970126,2.7019608886645394
14B,1557,4.417101524907208,0.7176253008166036,3.699476224090605,3.06798774124401,0.3465351280871339,2.806096491818528
14B,1558,4.572073361735027,0.7195479273846378,3.8525254343503894,3.1333030634287162,0.35814220110936484,2.8539316430453185
14B,1559,4.426990231946805,0.7166035351912079,3.7103866967555965,3.063772133667774,0.3454062806753842,2.7996462097509096
14B,1560,4.635317259497271,0.7410138282993418,3.894303431197929,3.116122889116401,0.33632878643870423,2.8635359433921033
14B,1561,4.39109292933464,0.7085180886400968,3.682574840694542,2.985540659057533,0.3447559227554716,2.716854823964432
14B,1562,4.4122956439060355,0.7199904051758499,3.692305238730185,3.06170421243181,0.3491512623604016,2.800414652488827
14B,1563,4.461049010005768,0.7219131128065398,3.7391358971992275,3.100436399941244,0.34314487540384897,2.8386477002768755
14B,1564,4.4103418366755704,0.7401797040535937,3.670162132621977,3.0299112788362987,0.342389326972044,2.7801313455976717
14B,1565,4.339883811259529,0.7241355733562417,3.6157482379032877,2.9620131398431853,0.3439917138967837,2.708459870743393
14B,1566,4.2873702693894655,0.7051309909954939,3.582239278393971,3.002891204858597,0.3645746383259195,2.7240932556162836
14B,1567,4.40605589398749,0.7203854858458252,3.6856704081416645,3.1346622722074464,0.35667327250301356,2.873067507983926
14B,1568,4.440153134148953,0.7363949288405728,3.70375820530838,2.955568681693289,0.3373507137669403,2.708425776563532
14B,1569,4.401166804711255,0.727782191242766,3.673384613468489,3.006694888901445,0.3509622161844194,2.7491127435217213
14B,1570,4.361397231263248,0.7064035255020858,3.6549937057611617,3.0264976545288746,0.35403275133960366,2.7546284749420047
14B,1571,4.285481699139776,0.7127338140571327,3.5727478850826437,3.119165533042243,0.350996221447726,2.85599800140144
14B,1572,4.1853814847618995,0.7010757788942431,3.484305705867656,3.0159712162218204,0.35848428451964176,2.7467296642485346
14B,1573,4.487698357203662,0.7164033232865461,3.771295033917115,3.0631927616575982,0.3541666557636304,2.792218300503293
14B,1574,4.390427863871667,0.7229745601106271,3.6674533037610395,3.0547233799128217,0.34445481203466505,2.7971748408087067
14B,1575,4.357570501956045,0.7077739694683067,3.6497965324877377,3.062505112849501,0.35664133059664327,2.788551597479901
14B,1576,4.271190486406806,0.6948824763112702,3.5763080100955364,3.0850759530275704,0.35976858359103414,2.808337755588522
14B,1577,4.370653806929276,0.7002358811404239,3.6704179257888523,3.1015655575863144,0.3603734423064049,2.821842173812358
14B,1578,4.308302939176308,0.715583392228062,3.5927195469482442,2.984458523497895,0.35349664289470234,2.7198884952358084
14B,1579,4.435556500640713,0.7131594402174392,3.7223970604232743,3.1244174549083445,0.35771949976420064,2.8504420611209653
14B,1580,4.281692456550256,0.6977167870274351,3.5839756695228213,3.139213945211743,0.3581120224673265,2.864571711556355
14B,1581,4.311920785923626,0.6988778030502097,3.6130429828734174,3.1084972813616454,0.36432203191028417,2.8235700669664183
14B,1582,4.489304322496602,0.7131717590277098,3.776132563468891,3.09532465950734,0.36148525942290144,2.8151395385992126
14B,1583,4.336646346909558,0.6906511717739614,3.6459951751355955,3.1381213310968272,0.3624049785088307,2.854924345373149
14B,1584,4.441549522423715,0.7274937357062702,3.7140557867174437,3.050417534174242,0.35558442251927735,2.7873184088312564
14B,1585,4.277647385817222,0.7026079332953223,3.5750394525218994,3.074277399265133,0.3609618764399302,2.7971727935657285
14B,1586,4.316472468155485,0.7130139049915148,3.60345856316397,2.8944527548068506,0.3539590115154793,2.6219419622514826
14B,1587,4.387102122645969,0.7287856786766286,3.65831644396934,2.930646667823466,0.3425139624363546,2.6755432847785308
14B,1588,4.35001766074035,0.7022394830720897,3.64777817766826,3.031334038596765,0.35383243513671364,2.7571269870908335
14B,1589,4.57505030049514,0.7235507712703856,3.8514995292247542,3.1584750066712144,0.3544840027004291,2.890505257202289
14B,1590,4.488752161361992,0.7167376629824331,3.7720144983795585,3.1074178207061145,0.35872512164603765,2.8332758886425355
14B,1591,4.4036940648640135,0.729404897267451,3.6742891675965628,3.016818480919243,0.3467236395587487,2.760661598735888
14B,1592,4.405046422557325,0.729120384495339,3.675926038061986,2.9491736663288055,0.348838813272504,2.6838921486355507
14B,1593,4.3614056517639295,0.7104646354684604,3.650941016295469,3.028495448505389,0.35082481169028024,2.760457036799644
14B,1594,4.304253857733848,0.7062251873440971,3.59802867038975,3.0075872776457317,0.3454061524365583,2.747306551042746
14B,1595,4.366895392337654,0.7141140227030831,3.652781369634572,2.9718546354000437,0.34814134367255156,2.7051914360637928
14B,1596,4.3727449761450785,0.7206552222898236,3.6520897538552544,2.979153747731049,0.34644171452293965,2.7195166068598384
14B,1597,4.295476864910089,0.6999607176684495,3.5955161472416393,3.1124980793683084,0.35639151438842215,2.843387271109537
14B,1598,4.490599323954095,0.7334235441927758,3.7571757797613192,3.102743727504768,0.3421344398986245,2.8490392403349185
14B,1599,4.344968922434159,0.6969911026910552,3.6479778197431036,3.081180176274783,0.35676707241906014,2.8029234716095863
14B,1600,4.398946183324273,0.7011893144015678,3.697756868922706,3.1575432496541005,0.361360949058224,2.8798436500050655
14B,1601,4.5237434887793535,0.7262758522216751,3.7974676365576783,3.088592802030804,0.34822513481171674,2.8263181568609914
14B,1602,4.422637208542934,0.7123284864367062,3.7103087221062268,3.078565419048005,0.34983921699784154,2.813081465388187
14B,1603,4.3070694244799235,0.7114715993770013,3.595597825102921,3.021106869159555,0.35728663774246827,2.7517697347605536
14B,1604,4.624175876097436,0.7321666275972156,3.8920092485002202,3.0861852514398715,0.3448892231298567,2.823623585061455
14B,1605,4.469026072287228,0.7421370465572662,3.726889025729962,2.993564839876026,0.32574287489779097,2.7550160834408546
14B,1606,4.55015121895371,0.738849214659813,3.8113020042938963,3.026198968890893,0.3316999943595213,2.7804856718683935
14B,1607,4.3501153086853535,0.7285976122165085,3.6215176964688447,2.9902169921789556,0.3419542442510371,2.7413142542269524
14B,1608,4.254239425268355,0.7023656842546119,3.551873741013743,3.028603050305357,0.35486950438269677,2.755856554826852
14B,1609,4.44763679984193,0.7227417068074078,3.724895093034523,3.049592793844549,0.34505479965670754,2.788580343247869
14B,1610,4.470935295170537,0.7089945037319099,3.7619407914386267,3.137804554870494,0.3607462212655023,2.8573632619794562
14B,1611,4.320418505783882,0.7107834233127084,3.609635082471174,3.1254179685412473,0.3574508948388572,2.856641842210036
14B,1612,4.271229101948818,0.7073892698797736,3.563839832069044,3.0801638831803206,0.3589815618095614,2.810569211620235
14B,1613,4.422476804252674,0.7121966543818943,3.71028014987078,3.1023726224797716,0.35121150992698974,2.836990387268033
14B,1614,4.262635064588317,0.6978027387668276,3.5648323258214902,3.020600660306341,0.3527427627564833,2.752503425259142
14B,1615,4.279268712537786,0.7057383529707437,3.5735303595670427,3.0936789893947596,0.36116263737160564,2.824028969190527
14B,1616,4.32761554293815,0.7176169840096193,3.6099985589285315,2.9782094702609005,0.34322605508495196,2.7282244375978295
14B,1617,4.379822955262527,0.7165068633110023,3.6633160919515237,3.093150421105285,0.3457104462522988,2.8317213333785447
14B,1618,4.472783404878621,0.7160470841704559,3.756736320708165,3.1315126231644532,0.3533603069487767,2.8629358205388966
14B,1619,4.449726581085357,0.7209731786683989,3.728753402416958,3.1281443953196835,0.34598129614999346,2.8696887888843023
14B,1620,4.4775939772755375,0.7310949692385311,3.746499008037006,3.0190632647864546,0.34745748148480404,2.760137242058686
14B,1621,4.352704628348085,0.706718807538072,3.645985820810013,3.026977654803256,0.3599825317188914,2.7410640954569088
14B,1622,4.403340836139707,0.72214671124406,3.681194124895646,2.9798125611515265,0.3481192114436758,2.7155414474776207
14B,1623,4.542301870365727,0.7221207606608198,3.820181109704907,3.0307086229942404,0.34509933564397133,2.7691930283011956
14B,1624,4.334532071799389,0.6949825420096843,3.639549529789705,3.16646373516787,0.3580287818769544,2.8858119154151876
14B,1625,4.397436811185702,0.7196588512620524,3.677777959923649,3.081117975462,0.34628432233812295,2.8210545351181815
14B,1626,4.393102561959988,0.7187685512483645,3.6743340107116227,2.983968270761977,0.3450828675888224,2.7195804272123594
14B,1627,4.501678398039597,0.7157764691370133,3.785901928902584,3.1643537652159037,0.3606745877639765,2.885190894773506
14B,1628,4.554574707689848,0.7444647368841385,3.8101099708057085,3.095935323364152,0.3376683726933625,2.8498065608324525
14B,1629,4.403695539438017,0.7080767602742031,3.695618779163813,3.1494597322058993,0.3559426840022639,2.879640894728322
14B,1630,4.5197595205503776,0.7165804267165616,3.8031790938338155,3.114748119062441,0.35154392796336315,2.8409149475577475
14B,1631,4.516269763393394,0.723562963561101,3.7927067998322923,3.085518194230152,0.3527495842649781,2.8140346346294245
14B,1632,4.392459085540235,0.7097469280396148,3.6827121575006205,3.0906951260217363,0.3502372732661626,2.823840424730607
14B,1633,4.379525175408935,0.7135405348876865,3.6659846405212484,3.053660345541498,0.35796204973901774,2.784925423798406
14B,1634,4.331222128400596,0.7218144047806714,3.6094077236199245,2.9454944165490766,0.34839503187185183,2.6824403464006203
14B,1635,4.391412099442489,0.724087759223993,3.667324340218495,2.9831274043652822,0.33759726800416756,2.725451330418832
14B,1636,4.333578736016881,0.7089802194879297,3.6245985165289523,3.1046668095709538,0.3582398232836246,2.838226591795931
14B,1637,4.445416498625156,0.7086567432811076,3.736759755344049,3.1125263293748833,0.3535389688203036,2.840521370468162
14B,1638,4.492732073393123,0.7333956310380545,3.7593364423550675,2.9671006517212173,0.3346850458152157,2.719971788352541
14B,1639,4.440960605308963,0.7083470532286846,3.732613552080279,3.0899880198942955,0.3562763418629618,2.810222950712815
14B,1640,4.41408983818021,0.7172208131870352,3.696869024993175,3.0413704980019256,0.3540350406588769,2.773694201498474
14B,1641,4.4090739215857795,0.7109711736874773,3.6981027478983024,3.0981799097053613,0.34457801621942225,2.835425669729008
14B,1642,4.358512531469725,0.7192241755023624,3.639288355967363,3.043505532862834,0.35210268225814095,2.7750735321714752
14B,1643,4.448490036172787,0.7384512405554257,3.7100387956173613,2.980592397630654,0.3403975266426351,2.7329293865048236
14B,1644,4.424991419417618,0.7148957181378187,3.7100957012798,3.086291598995627,0.34732356464873604,2.8197735981407512
14B,1645,4.424498497360102,0.7067086576280104,3.717789839732091,3.1435879186970146,0.35114849132020054,2.878726476611709
14B,1646,4.558035881659374,0.7243382094575579,3.8336976722018172,3.0349564959346464,0.35118698040073254,2.7638074620270467
14B,1647,4.390416264365763,0.7094931514893212,3.6809231128764415,3.1049307798587025,0.3554452492122654,2.836195497557085
14B,1648,4.492409234219357,0.704486861900152,3.7879223723192044,3.1611993519210393,0.3562107442620373,2.880200243115459
14B,1649,4.395623711424223,0.7227013752000893,3.672922336224134,3.148198481841423,0.3556173230145283,2.8844205874727042
14B,1650,4.338992422911904,0.7127477177977921,3.626244705114113,3.047496793506278,0.35389902362693554,2.7765320059646568
14B,1651,4.284025324524613,0.7103073054236655,3.573718019100948,3.1076102273873487,0.35773128015960226,2.836050987472191
14B,1652,4.502391997446881,0.7145729689617298,3.7878190284851514,3.1780519840674093,0.34968274157660967,2.9153480426302236
14B,1653,4.483485607232765,0.7189391019217072,3.7645465053110594,3.1061724249483036,0.3468901485547181,2.8413430592977718
14B,1654,4.281829161500618,0.6969424465766387,3.5848867149239796,3.164754271956139,0.3672782318558252,2.879411983966898
14B,1655,4.309142795282678,0.7052005893648954,3.603942205917783,3.1089713528191383,0.3612427325115117,2.8344722228276518
14B,1656,4.461918128247806,0.7230854764021355,3.7388326518456703,3.074352928578204,0.34842679221625966,2.811417838892017
14B,1657,4.3408085185480525,0.7146441183700645,3.6261644001779874,2.9857684783456016,0.3490129753824281,2.721562590435269
14B,1658,4.217408986174558,0.6987013101915832,3.518707675982975,2.9912995410093153,0.3475798469796779,2.728102029608394
14B,1659,4.671393532355882,0.7241275367400715,3.947265995615811,3.189729991155493,0.3522011526850743,2.9129870032337037
14B,1660,4.435919617785927,0.7253219477646526,3.710597670021275,3.0193270195176387,0.34555320895184544,2.7634569057559952
14B,1661,4.446367607188633,0.7206591691093072,3.7257084380793257,3.0844609540453827,0.3511014488697255,2.818497300429546
14B,1662,4.340495278970817,0.7005712468613532,3.6399240321094646,3.151643509393365,0.3626638550308754,2.868836701391335
14B,1663,4.278623979438359,0.7024317016442785,3.5761922777940804,3.057216991537442,0.35427136990754376,2.779524728641677
14B,1664,4.241608740959691,0.7047962593833722,3.536812481576319,2.987678149097286,0.35856935191758127,2.718168073478636
14B,1665,4.3165555943521,0.7070474805922115,3.609508113759888,3.1080725096594652,0.3644664802402813,2.829664095397202
14B,1666,4.359578760773977,0.722322317866402,3.637256442907574,2.942504593231661,0.34763102477834007,2.679706641058641
14B,1667,4.349891934150955,0.7049687405718646,3.6449231935790913,3.1444814253574696,0.3613724488674341,2.8681834129581065
14B,1668,4.388441540109501,0.7103888135636406,3.6780527265458605,3.1006238599946676,0.35782388925559855,2.829324799276021
14B,1669,4.439138004431774,0.7286339285550967,3.7105040758766776,3.1237501910219256,0.3526360692267285,2.866073907367888
14B,1670,4.436372225122973,0.7233413740464063,3.7130308510765664,3.109580425204035,0.34854547366143374,2.8482060911009386
14B,1671,4.509360359173886,0.7239757847394417,3.785384574434445,3.1359625043532957,0.3456083156420177,2.87598888036428
14B,1672,4.408526243424289,0.706682691393202,3.7018435520310864,3.1275982997999088,0.3587917691579195,2.8512860760344725
14B,1673,4.2701158773753445,0.6953029902913578,3.574812887083987,3.0551061548328082,0.3614165012146188,2.778158556804095
14B,1674,4.385026451282893,0.7129702146661328,3.6720562366167604,3.079804515072333,0.3570135801447483,2.806303050448578
14B,1675,4.350865942355738,0.7055517218617713,3.6453142204939666,3.1273358409461114,0.35877960943396414,2.853935889718943
14B,1676,4.440938020810364,0.7094598812635997,3.7314781395467644,3.0996349216420316,0.3606302547531848,2.821580607992338
14B,1677,4.1959429474278815,0.7026797827038003,3.4932631647240817,3.079954021553579,0.35670385861682946,2.8119684252284385
14B,1678,4.308113976148394,0.7124056251963181,3.5957083509520755,3.034634911679027,0.35244494573257074,2.7683033802622203
14B,1679,4.312388001430565,0.6828127688306845,3.629575232599882,3.0836262976413265,0.3644093611373136,2.7906834029868643
14B,1680,4.29755687117605,0.697936007280421,3.5996208638956295,3.0830049074411696,0.3606179803830102,2.80158986625385
14B,1681,4.310955214876001,0.703245453189647,3.6077097616863547,3.084999661193262,0.36617896174242553,2.8007593180487564
14B,1682,4.289052576856331,0.6864301119568855,3.602622464899445,3.206103316348039,0.36690240297735227,2.9213492854838594
14B,1683,4.339333179966529,0.7133588183431837,3.6259743616233444,3.122505007740775,0.3523870021384646,2.8602240765642133
14B,1684,4.216307272933412,0.7072126697624208,3.509094603170992,3.0593565705960883,0.34607198510052456,2.801970836294732
14B,1685,4.248293119623501,0.6852836727889846,3.5630094468345153,3.122206437485281,0.36298931584953753,2.8356078650609517
14B,1686,4.347654499167813,0.710745055832991,3.6369094433348215,3.116879788669381,0.3564510254185088,2.8443513820205175
14B,1687,4.2442637607041,0.6933525476395193,3.5509112130645804,3.0940912941124488,0.35605525135331073,2.820020692749233
14B,1688,4.394087314207129,0.7042356730148098,3.6898516411923197,3.0691949450405054,0.3593350969522908,2.7936362431091624
14B,1689,4.379057997995939,0.729660693836055,3.6493973041598835,3.033827183244399,0.34597903024300597,2.7823427066581963
14B,1690,4.391671258499867,0.7089653031562191,3.6827059553436494,3.122500516002682,0.36112403694491535,2.848746266513963
14B,1691,4.408235811793751,0.7238564545413388,3.684379357252413,3.060466423630843,0.3508092596922721,2.7994955940451547
14B,1692,4.356671066786635,0.7056429505300247,3.6510281162566107,3.057164474967931,0.35609663624363896,2.780919197690004
14B,1693,4.227009830355305,0.6935792294796552,3.5334306008756498,3.0679254440319657,0.3677294553474942,2.78066692508225
14B,1694,4.259385432010488,0.7082714870849096,3.5511139449255773,2.980140438653611,0.3544879546379306,2.7149351156378105
14B,1695,4.336459504652783,0.7087773412362396,3.627682163416544,3.10316945898833,0.35631969118191636,2.8315678232058126
14B,1696,4.4371490979122425,0.7235649684531417,3.7135841294591008,3.1065230484549375,0.3480648237699321,2.8419249941905718
14B,1697,4.535148868070806,0.7072744037372526,3.827874464333554,3.2016727545800014,0.3610921583844366,2.922019749994354
14B,1698,4.435042763093889,0.704889147548244,3.7301536155456447,3.1963305006816487,0.3659174237958763,2.9103949475032693
14B,1699,4.390368477194346,0.699543677590219,3.690824799604128,3.2043298445148114,0.3574928745100922,2.927225285064826
14B,1700,4.342188912659327,0.6965958157411271,3.6455930969182004,3.1262981406843586,0.37117760332145117,2.833860260075338
14B,1701,4.409444196184167,0.7047783878907588,3.7046658082934085,3.16729296976087,0.36202841443311323,2.8950302454292256
14B,1702,4.43686176461226,0.7093693309039567,3.7274924337083024,3.16173457521839,0.36627266676242193,2.8822460281670166
14B,1703,4.360854589227717,0.6966698959792434,3.6641846932484743,3.1932171158213554,0.36601016252450413,2.913361773098173
14B,1704,4.510343217570065,0.7154069296073561,3.794936287962708,3.210273213341619,0.3563700469413418,2.937857040185442
14B,1705,4.345794327859813,0.6893037667904411,3.656490561069373,3.235551207481141,0.3721919312227009,2.948078561221203
14B,1706,4.477768115593376,0.7088098217321226,3.768958293861255,3.09347952431936,0.35774804877206556,2.811564163372529
14B,1707,4.382883369170448,0.6948509974914194,3.6880323716790278,3.116652713300566,0.3634454846653046,2.8293151089888213
14B,1708,4.351605376530867,0.6938402394264052,3.6577651371044606,3.1929291695469386,0.37084500414307847,2.903663347862537
14B,1709,4.500916462940862,0.7051375722482442,3.7957788906926164,3.1838907999552717,0.3652719830139525,2.8952937098728406
14B,1710,4.344772491780484,0.7006413433070424,3.6441311484734404,3.2126198870158267,0.37288800863314786,2.9301856361170566
14B,1711,4.356644721557109,0.7110151514593773,3.645629570097733,3.087340676647866,0.3613347982393914,2.813046654763403
14B,1712,4.277074655146262,0.6851717302395297,3.5919029249067336,3.108126651451447,0.36492502326150755,2.820070144914915
14B,1713,4.222780621690445,0.6997742101698842,3.523006411520561,3.0171187151089014,0.35537284411144004,2.745297318481215
14B,1714,4.2447998276873,0.6967230056478709,3.5480768220394294,3.1278858290091516,0.3590780687819159,2.849952900000335
14B,1715,4.428116656962378,0.7209644447206747,3.707152212241705,3.132001461543606,0.35486957314990925,2.8652398482320436
14B,1716,4.329315412254944,0.7057185601176187,3.623596852137325,3.0990185617303068,0.35903450847572754,2.82840419141656
14B,1717,4.288564290785774,0.6850470213312287,3.6035172694545463,3.21157308446726,0.37038799175632475,2.925181954451588
14B,1718,4.278155303228921,0.6935044526978804,3.5846508505310406,3.1196551356082893,0.3706761345409296,2.835151907477512
14B,1719,4.308853157135429,0.7054542134394535,3.6033989436959755,3.0699351016495617,0.35240618591532874,2.802848855213266
14B,1720,4.345009611562481,0.7163516171408292,3.6286579944216513,3.085429370264201,0.3498885557127579,2.821892548868327
14B,1721,4.240549177104487,0.707569008593153,3.532980168511335,3.0100920758583842,0.3517434508844862,2.745776392217828
14B,1722,4.266202033978795,0.6944420315040498,3.5717600024747456,3.127600985667898,0.35690837297362166,2.8577657640392053
14B,1723,4.233584270947448,0.683887906221235,3.549696364726213,3.1381790623732875,0.3705923611415771,2.8517507868377088
14B,1724,4.203223495246696,0.707422740925942,3.4958007543207548,2.98108645315171,0.3569183796216587,2.713949688886225
14B,1725,4.2909272886296534,0.6910675700384867,3.5998597185911674,3.149198572145806,0.36945853200222856,2.863671532122152
14B,1726,4.235032160050147,0.6940291592855593,3.541003000764588,3.015052907352346,0.36377843814536764,2.735716311795172
14B,1727,4.367318111269803,0.7184021707069399,3.6489159405628637,3.045853595887576,0.3545870600159989,2.7769319339851077
14B,1728,4.34542486693434,0.7111784720276809,3.634246394906659,3.0165664837638864,0.35207948136115086,2.747341054166318
14B,1729,4.216644497089713,0.7058016973994852,3.5108427996902276,3.028004177243809,0.3604875208539602,2.7561754395826257
14B,1730,4.354141083057135,0.7085656178526166,3.6455754652045176,3.1102091920245525,0.35087532181790815,2.8471745222796474
14B,1731,4.2143417809894546,0.6980903659416381,3.5162514150478175,3.032496458011735,0.3627369347817356,2.7519328641664864
14B,1732,4.548156995080344,0.7245408295662886,3.8236161655140553,3.1763625240393902,0.35581583000931993,2.9079452923430256
14B,1733,4.366660964279088,0.6965001512859336,3.670160812993155,3.167262997244861,0.36490757462834217,2.8836699615661376
14B,1734,4.355304213908726,0.6953656055000286,3.6599386084086962,3.1396909801869906,0.366034500117936,2.8520197690925806
14B,1735,4.492664047244244,0.7130499139383889,3.779614133305855,3.124092356043609,0.3572918222632094,2.84429319794998
14B,1736,4.385708224273696,0.7201883486835945,3.665519875590102,3.015915476582861,0.3521245919189562,2.7468509967180044
14B,1737,4.306135631215312,0.7059604029354525,3.6001752282798596,3.115983787008146,0.34769011396922367,2.8499262901242535
14B,1738,4.360752439329723,0.7005984005714472,3.6601540387582756,3.099793206658912,0.3632140551219757,2.815637622902446
14B,1739,4.484787700400806,0.7106341537431015,3.774153546657704,3.1660052228607807,0.35881258863475596,2.8863504244228175
14B,1740,4.474802699949675,0.7063817281860848,3.7684209717635895,3.1717704320763103,0.3626547511248132,2.8956693476939526
14B,1741,4.502858736542649,0.7260653302926698,3.776793406249979,3.1011650481547197,0.3475524664261609,2.839079683017954
14B,1742,4.353415694310883,0.7005946399720009,3.652821054338882,3.120956110316683,0.3637800101979056,2.8360595061324383
14B,1743,4.492186617208501,0.7079297310542596,3.7842568861542407,3.0826040583106207,0.35513022445121467,2.8029083723318187
14B,1744,4.525763521535612,0.7103706963583384,3.8153928251772733,3.1901617035890104,0.3544971397784349,2.9096819201680546
14B,1745,4.481885615945965,0.7084432336478054,3.773442382298159,3.2096504277681155,0.3576155373953328,2.9379281743406462
14B,1746,4.652728760184824,0.7292377853542154,3.923490974830608,3.20704074459996,0.3440111997387547,2.9495350723717904
14B,1747,4.487768467464868,0.72752051216607,3.760247955298798,3.0247738716098187,0.3461966031954912,2.762093415175675
14B,1748,4.516029825491229,0.7267019007368113,3.7893279247544176,3.0172824405783913,0.3446048080936121,2.7515122061493464
14B,1749,4.382580546439696,0.7154572968185288,3.667123249621167,3.0811952708641144,0.35589021334996296,2.81102483753919
14B,1750,4.402069100857638,0.7196917861520499,3.682377314705588,3.0071979032271323,0.3444978309115259,2.746887046123162
14B,1751,4.338235004529346,0.7268476043863348,3.6113874001430117,3.0126752907145056,0.34802730296820295,2.7542661924893492
14B,1752,4.246146507675698,0.6951119292458067,3.551034578429891,3.043706230481919,0.3565492335327681,2.7720249810936077
14B,1753,4.573235530612122,0.7302263728651435,3.8430091577469785,3.1344230186844513,0.3522894594497522,2.871624404033479
14B,1754,4.412294878595543,0.7187026540761564,3.6935922245193864,3.130849446881241,0.3471346358800615,2.8733020798029076
14B,1755,4.360427675293829,0.7094430151189848,3.6509846601748444,3.087046409686592,0.3506754420435767,2.8226619324009623
14B,1756,4.363667818973863,0.693307143294361,3.670360675679502,3.158569740101538,0.35827869261167017,2.8768310393703267
14B,1757,4.463453636857528,0.7152892648527184,3.7481643720048092,3.2213168067697104,0.35094145149645545,2.953519570692094
14B,1758,4.372302310838255,0.7229222874009099,3.649380023437345,3.0339257697890765,0.3521952279135615,2.772464718341031
14B,1759,4.22329748471111,0.7076582766123765,3.5156392080987335,2.953931559155781,0.3565004401471581,2.6883157563630276
14B,1760,4.406554907528587,0.7089748265952663,3.6975800809333212,3.1045940655627575,0.36083732807829305,2.8288009458957917
14B,1761,4.27744723906513,0.6983105506319852,3.579136688433145,2.977439317780268,0.352166394269323,2.70096779591429
14B,1762,4.238274062651652,0.686509539787031,3.5517645228646213,3.0609813455339068,0.3693153008343452,2.770000113848563
14B,1763,4.163236068850136,0.6867825840421378,3.4764534848079975,3.066179663904069,0.36380705687944054,2.7879746813899318
14B,1764,4.387092591025315,0.6986919972837439,3.6884005937415707,3.169710367890829,0.3573014900539424,2.892611479679744
14B,1765,4.397040996743939,0.713902733933413,3.6831382628105245,3.1941756549495732,0.3585313522451798,2.9256841479969427
14B,1766,4.3810805057717515,0.6885122571615516,3.6925682486102005,3.0680891301842457,0.37161263792592175,2.768116711832584
14B,1767,4.485505810960813,0.7092241422067764,3.776281668754036,3.2470611212240765,0.36108602756520836,2.969765530745831
14B,1768,4.306426161278325,0.6955359524853378,3.6108902087929864,3.128132615098644,0.3676476071936523,2.83968868730228
14B,1769,4.268036209666047,0.691934693843411,3.5761015158226357,3.1249982990466405,0.36474563225681844,2.8382315386175376
14B,1770,4.4075614351481285,0.7136677147104618,3.6938937204376665,3.082655420715664,0.36261064353786443,2.8052210176580936
14B,1771,4.469574142405963,0.7163922036265112,3.7531819387794516,3.172027897269938,0.3537190075556933,2.9038157495207133
14B,1772,4.555629465411761,0.7212103540411635,3.8344191113705977,3.1569933073196585,0.3589292985580111,2.884408430952266
14B,1773,4.482940021254275,0.7221203234078906,3.760819697846385,3.103331437250199,0.3503449447865767,2.8382982128003515
14B,1774,4.507772750628221,0.7224417444227863,3.785331006205435,3.1096648591427134,0.35424368044137977,2.8422879918483788
14B,1775,4.351697370612077,0.7128156570915761,3.638881713520501,3.0295877452976856,0.35543549616436043,2.754677679471844
14B,1776,4.364829083814256,0.7011732157834265,3.6636558680308298,3.112209963690261,0.3614809076237413,2.837046304739961
14B,1777,4.436010907353826,0.6967090217551165,3.7393018855987097,3.155341409674377,0.3638925345064443,2.8658553407601297
14B,1778,4.333143798980002,0.7113844307041941,3.6217593682758076,3.127963603167051,0.3494130870803833,2.8666850776451476
14B,1779,4.328606674280196,0.667245804213168,3.661360870067027,3.2613761350637964,0.38354547211047946,2.9438906522326795
14B,1780,4.212832048906719,0.7101288917121032,3.5027031571946163,2.975036290901058,0.3544276140797827,2.71149318566053
14B,1781,4.407541156621008,0.7127096166896907,3.6948315399313167,3.072784409666802,0.3563813849180935,2.8001649248771794
14B,1782,4.171630840017325,0.687771308206278,3.483859531811048,3.1322073226260336,0.3705668295962526,2.8512619271526254
14B,1783,4.339455288271913,0.7019733775422182,3.6374819107296945,3.1149324336101647,0.35272446688786546,2.8415375729532655
14B,1784,4.133428091471527,0.6883678572847324,3.4450602341867937,3.0308624686124275,0.36341110407496463,2.7525131421159994
14B,1785,4.430236401154537,0.7083767183261434,3.721859682828394,3.1078269342858564,0.36326527737379666,2.821044085076372
14B,1786,4.322048093908657,0.7005403252724177,3.6215077686362402,3.0837982358014817,0.35720653568422545,2.810479225390574
14B,1787,4.341292484217389,0.7128934949491154,3.6283989892682733,3.1367934590306743,0.3631732175537854,2.86583828531001
14B,1788,4.273457105591407,0.6911544699834883,3.58230263560792,3.150768688261038,0.37433105483937074,2.857554274761219
14B,1789,4.20496323251265,0.6942717114861985,3.5106915210264513,3.083371402607804,0.3574989310715565,2.8118809126274575
14B,1790,4.363820023938568,0.7050728685220319,3.6587471554165356,3.1886517208208227,0.35999914711083114,2.9147701594793416
14B,1791,4.329135641277803,0.6883232090672797,3.6408124322105233,3.075222688768626,0.37181355524829013,2.7733078720086346
14B,1792,4.204304536971314,0.700143078420608,3.504161458550706,3.0560029057892373,0.3547835650445099,2.7893308526731975
14B,1793,4.404505995956541,0.7024913627154475,3.702014633241093,3.0726789748188366,0.36117964695006366,2.787776005415074
14B,1794,4.328937652719766,0.6980902339572471,3.6308474187625204,3.0087324723342506,0.35623389316433623,2.7278947847093318
14B,1795,4.531374923336431,0.7045366429345061,3.8268382804019248,3.1589459032540885,0.36062518306976404,2.8747116938153146
14B,1796,4.320814236070335,0.7131797731364773,3.607634462933858,3.1338411706588922,0.3579197133645234,2.8674760123525695
14B,1797,4.4686081382324625,0.7269499985003132,3.741658139732149,3.078508208029586,0.3450078241368369,2.8198172708672065
14B,1798,4.400473971720237,0.7101630600447676,3.6903109116754695,3.0544899803991594,0.35170623961684977,2.783046445045971
14B,1799,4.403439623202459,0.7063281000324085,3.6971115231700504,3.134075825272393,0.3629753247636122,2.8562832999385965
14B,1800,4.292279464975692,0.7043066339370523,3.5879728310386394,3.0184834435678503,0.35527249893323987,2.7425940552253274
14B,1801,4.366953644273694,0.714663418579589,3.652290225694105,3.0858297370375976,0.35649242697032607,2.818178128884879
14B,1802,4.455791555463022,0.7054065104868904,3.750385044976132,3.1488108709353804,0.3632701810399214,2.8672663828644125
14B,1803,4.360282314006891,0.7043940894007252,3.6558882246061657,3.1814728342715513,0.35968938850556226,2.910420423082672
14B,1804,4.234591290588533,0.6893667125179157,3.545224578070617,3.063665146324356,0.36217421963508156,2.780916440992311
14B,1805,4.488655084414353,0.7146154880352963,3.7740395963790565,3.1353187705479253,0.3590775171062877,2.8611968175427647
14B,1806,4.199170810436209,0.681118402161671,3.5180524082745386,3.1160590264185877,0.3720117616748778,2.822770061163916
14B,1807,4.448535062420662,0.6971320725828907,3.751402989837771,3.1818789247352317,0.36187118176991406,2.89520934750687
14B,1808,4.6018654533273455,0.7092457478874646,3.8926197054398797,3.196165277448564,0.35297132514775803,2.9143577828499976
