model_size,prompt_idx,mean_full_entropy_bits,mean_projected_entropy_bits,mean_gap_bits,median_full_entropy_bits,median_projected_entropy_bits,median_gap_bits
0.6B,0,5.837182867841718,0.8427919577733848,4.994390910068334,6.064610458763152,0.9572658766313911,5.176278094439727
0.6B,1,8.49483518660986,0.9254884220123977,7.569346764597463,9.561014999081639,0.9925464978639333,8.572080823341082
0.6B,2,6.3088990755823655,0.8965419595201843,5.41235711606218,6.329519807436059,0.9652016987500656,5.3681043787271125
0.6B,3,5.522049677100542,0.8085794475293172,4.713470229571225,5.719855068739472,0.9453732087003415,4.821924008679066
0.6B,4,5.746474847792473,0.8875684833659204,4.858906364426552,5.759673695945784,0.9626493634223953,4.838333842583445
0.6B,5,6.500175695758849,0.8704032717907317,5.629772423968118,6.710649528117223,0.9700292494214555,5.763505333786604
0.6B,6,7.242784143035467,0.907969592502453,6.3348145505330145,7.466778131941597,0.9785844853199951,6.506948655240956
0.6B,7,6.386823579875113,0.8697111374784321,5.51711244239668,6.707119068260312,0.963293237787276,5.781230777741107
0.6B,8,6.909873994851741,0.893387880383134,6.0164861144686075,7.046893152784403,0.9652016987500656,6.105747780275225
0.6B,9,6.3104422816545895,0.8789877468351138,5.431454534819476,6.544532861510044,0.9700292494214555,5.610769582333436
0.6B,10,6.382592512930481,0.8842103939337163,5.498382118996766,6.617227176307339,0.9586467114543629,5.659490236462352
0.6B,11,6.295587421261747,0.8597672260538158,5.43582019520793,6.802063810495634,0.9626493634223953,5.880184452142389
0.6B,12,5.854884469146897,0.8561301371860349,4.998754331960862,5.882795559750516,0.9529828681228764,4.965048374584933
0.6B,13,5.411622795739625,0.8534782772182827,4.558144518521341,5.5468909128881885,0.9544340029249649,4.639724482335939
0.6B,14,6.737418375379958,0.8810921283367859,5.856326247043173,7.151741687952311,0.9711786368608173,6.216001844054919
0.6B,15,6.154536034161567,0.8600400523955692,5.294495981765997,6.450177675801879,0.9572658766313911,5.531779483061115
0.6B,16,8.476985972312967,0.933550812855456,7.543435159457508,9.380063452976334,0.9900710003428677,8.391932162634216
0.6B,17,6.2281500731313395,0.8763739694617473,5.351776103669592,6.392772618666287,0.9682592265996888,5.473831525350743
0.6B,18,6.048287884207027,0.8463702192252951,5.201917664981733,6.285870266681776,0.9600042072840912,5.374736836620338
0.6B,19,5.768984233601319,0.8589900347847197,4.909994198816601,6.025399790227638,0.9626493634223953,5.095211129199337
0.6B,20,7.794609384173279,0.9178953297830634,6.876714054390215,8.287622775389739,0.9840471637045681,7.333191301408382
0.6B,21,6.3418391955186575,0.8543534132179761,5.48748578230068,6.537343986703978,0.9572658766313911,5.591420693575941
0.6B,22,6.700343967296049,0.8703797523412075,5.829964214954841,7.009675075241786,0.9755473132867019,6.04583496552633
0.6B,23,4.35079738830311,0.7431587599900922,3.607638628313017,4.5645084689294375,0.9129992135852473,3.7080928322677904
0.6B,24,5.288067965132756,0.8369648941198562,4.4511030710129,5.450977564363207,0.9453732087003415,4.524356007389077
0.6B,25,6.4234194359730745,0.8601651752263688,5.563254260746706,6.730541385481318,0.9711786368608173,5.788552209704976
0.6B,26,6.781883737642805,0.9009263232008088,5.880957414441996,7.0071262923559985,0.9765824414334774,6.032764543452748
0.6B,27,5.878026533469657,0.8406770812074752,5.037349452262182,6.223519332472671,0.9639371121521569,5.28776587543293
0.6B,28,5.0774767225714115,0.8075552436697581,4.2699214789016535,5.017672434993886,0.9265278206465939,4.139720668914174
0.6B,29,6.191354627416419,0.8550545465763266,5.336300080840092,6.563457144480384,0.9572658766313911,5.619799196836517
0.6B,30,7.053797292971312,0.9083811462436583,6.145416146727653,7.34920872801997,0.9744894033980523,6.416717355680316
0.6B,31,6.31434358218055,0.8945106057807436,5.419832976399806,6.412435739104734,0.967661552439695,5.48602434814854
0.6B,32,5.491565783390541,0.8427166740100427,4.648849109380499,5.5758424723344335,0.9529828681228764,4.660983700919116
0.6B,33,9.502153730148367,0.9617717148943832,8.540382015253982,10.033051309355866,0.9936507116910404,9.043821602456816
0.6B,34,6.345717624154377,0.873709780852849,5.472007843301528,6.511846870782964,0.967661552439695,5.579669291173777
0.6B,35,7.374235700711976,0.895534516416194,6.478701184295781,7.506086142657498,0.9823166080205501,6.533220248772643
0.6B,36,6.529699093004579,0.8572392705069296,5.67245982249765,6.932336196975289,0.9664431651609726,6.004272801491794
0.6B,37,6.0333280160899845,0.8346409053005316,5.198687110789453,6.243331733852067,0.9572658766313911,5.32937212247629
0.6B,38,6.180015554538642,0.8817663404914422,5.2982492140472,6.408210469338337,0.9645694054511113,5.4594904225205605
0.6B,39,5.946974320806894,0.8392563359893812,5.107717984817512,6.15989331889007,0.9544340029249649,5.262213193091503
0.6B,40,8.311863870017426,0.9375058726779795,7.374357997339447,8.90477529473959,0.9872383624334873,7.928072526221042
0.6B,41,7.9257578875899695,0.9421884103831835,6.983569477206787,8.183138843441661,0.9852831713215178,7.21280286806414
0.6B,42,6.381780098023173,0.8912013839461516,5.490578714077021,6.464985382041167,0.9626493634223953,5.522554612363833
0.6B,43,5.4260819170205945,0.8355683077238181,4.590513609296775,5.648802844292614,0.9484880760741909,4.733206698614377
0.6B,44,5.579073819259521,0.8052704868995658,4.773803332359955,5.873921254965996,0.9500099555782802,4.950963476388054
0.6B,45,4.737603766649423,0.7692029467724774,3.9684008198769454,4.825779524623341,0.9159972082389158,3.9667610105240216
0.6B,46,5.735155816284744,0.853081791817216,4.882074024467526,5.9084529635021354,0.9613384097169944,4.99311498455985
0.6B,47,7.643893461131526,0.9151440716372161,6.728749389494308,7.847476864099699,0.9765824414334774,6.901305923464413
0.6B,48,6.308829376420534,0.8805567474588848,5.428272628961647,6.3791815176992035,0.9626493634223953,5.439214263324638
0.6B,49,7.616633258164303,0.915871289717512,6.700761968446791,7.905785174117622,0.9765824414334774,6.943925751267324
0.6B,50,7.377587326431052,0.8754345298908669,6.502152796540185,8.086838533952237,0.9804957926024032,7.111781128808797
0.6B,51,8.404671816063283,0.9260670210966767,7.478604794966606,9.43061637733625,0.9936507116910404,8.441320541011
0.6B,52,5.814264042419046,0.8273589648306903,4.986905077588355,6.021232994562535,0.9626493634223953,5.100733212869987
0.6B,53,6.827818265659961,0.8942311809548186,5.933587084705142,7.133130069441239,0.9734086775396755,6.170441633815006
0.6B,54,7.16565773652147,0.9070163937948736,6.258641342726596,7.459594760580359,0.9765824414334774,6.519914324715607
0.6B,55,4.365682314786499,0.6666095694657986,3.6990727453207,3.7001983061634354,0.8584635518727555,2.854814492176036
0.6B,56,1.392635016195484,0.34013107974731055,1.0525039364481732,0.573157486947818,0.1377646140402593,0.3020406645220501
0.6B,57,3.4014565562429917,0.5851379028295033,2.816318653413489,2.7342592094450033,0.7788275455263486,2.0238732289274033
0.6B,58,6.897646830530228,0.9024465733812919,5.995200257148936,7.103193049405549,0.9765824414334774,6.180850410508561
0.6B,59,6.720567814570125,0.9012359761316368,5.819331838438489,6.94347688913288,0.9765824414334774,6.014958480222118
0.6B,60,7.633956031020133,0.9061855044345807,6.7277705265855525,8.175881175575249,0.9785844853199951,7.21274696734805
0.6B,61,7.076867209723602,0.8879601786991012,6.188907031024502,7.342227952221449,0.9639371121521569,6.403637819280734
0.6B,62,5.533035127584917,0.8429148787009979,4.690120248883919,5.790631089049043,0.9484880760741909,4.886773023783544
0.6B,63,7.402878537633398,0.8956954923780122,6.507183045255385,7.783830556564296,0.98647423747692,6.825286141149422
0.6B,64,5.2657251617643945,0.7237952629786991,4.541929898785696,5.789236653715847,0.9354557645575772,4.849404095100123
0.6B,65,7.450580319168172,0.8953227081781566,6.555257610990015,7.856287191338099,0.9744894033980523,6.903614800146759
0.6B,66,5.158024947914239,0.7873696452846047,4.3706553026296335,5.5756029005017815,0.9437801130207212,4.658495304385642
0.6B,67,6.945290804052259,0.8952512708971747,6.0500395331550845,7.343302155858737,0.9711786368608173,6.38650254804614
0.6B,68,4.47625061980562,0.7392166214246375,3.7370339983809826,4.5166231674670545,0.8915435098801496,3.6617410274069844
0.6B,69,5.996786806080077,0.8737875853083635,5.122999220771712,6.097797262969545,0.9600042072840912,5.195332369418724
0.6B,70,7.669636797244857,0.9170363538307597,6.752600443414098,8.099198927069747,0.981417496993044,7.141312106993628
0.6B,71,6.020940503066855,0.8605713219505137,5.160369181116343,6.1987947626193325,0.9613384097169944,5.286118735218096
0.6B,72,6.242624472408069,0.8256895671460112,5.416934905262058,6.726960362725053,0.9744894033980523,5.785616415841249
0.6B,73,7.011323458056808,0.8952306695473429,6.116092788509465,7.318629868731261,0.967661552439695,6.3697058289645
0.6B,74,5.823335736724951,0.8833390561405721,4.939996680584379,5.703300362732719,0.9572658766313911,4.7701360578284575
0.6B,75,6.16785279416214,0.866326600135924,5.301526194026216,6.310169007491579,0.9626493634223953,5.37060136007134
0.6B,76,5.152815628350701,0.7968060441348055,4.3560095842158955,5.279077981120765,0.9337187102245466,4.33220546630761
0.6B,77,5.80268493586353,0.8647895998416822,4.937895336021848,5.9915618597050795,0.9572658766313911,5.046821400590407
0.6B,78,6.875617429911073,0.8296312810214943,6.045986148889579,7.6356895166252965,0.9723051006568468,6.678285616403588
0.6B,79,7.805349123280725,0.9151481407772388,6.890200982503485,8.36261237064545,0.9840471637045681,7.397177082926058
0.6B,80,5.844937378421714,0.8520398748531816,4.992897503568534,5.964017118342892,0.9515082024691666,5.069089705099563
0.6B,81,6.4096165018226126,0.8962886899498141,5.513327811872799,6.65521951974414,0.9734086775396755,5.693688140182937
0.6B,82,8.231988345527963,0.9276312895490173,7.304357055978946,9.042465980881563,0.9900710003428677,8.058516937461288
0.6B,83,4.480775945402074,0.7270030369100545,3.753772908492019,4.596183545634746,0.9025884080335268,3.7217733880876627
0.6B,84,6.404602138480229,0.8378049781767078,5.566797160303521,6.5928369407272776,0.9734086775396755,5.659599669802972
0.6B,85,7.0504852108528215,0.9057243526408654,6.144760858211957,7.34165421809817,0.9765824414334774,6.369091254629854
0.6B,86,6.467591268123106,0.8655227481775846,5.60206851994552,6.6775862074541505,0.9664431651609726,5.723360659560722
0.6B,87,5.682804014862148,0.8386307717868466,4.8441732430753,6.145057407496042,0.9529828681228764,5.211700409921859
0.6B,88,7.154182917980012,0.8860516652846181,6.268131252695394,7.529909523420317,0.9700292494214555,6.570847749881391
0.6B,89,6.175403753292531,0.8962361340483943,5.279167619244137,6.315367699061859,0.9652016987500656,5.35102920818716
0.6B,90,5.466974642185527,0.7341904131705382,4.73278422901499,5.970526661678049,0.9484880760741909,5.040717106959416
0.6B,91,7.429055840235927,0.9120148736092264,6.517040966626701,7.912278551083599,0.981417496993044,6.963374578579635
0.6B,92,7.912043687378568,0.9237155595937906,6.988328127784778,8.494114777044075,0.9785844853199951,7.538740849648995
0.6B,93,6.991901977977057,0.886839636142048,6.1050623418350085,7.348174768322982,0.9700292494214555,6.406349257771082
0.6B,94,6.629174664570158,0.880917542314875,5.748257122255283,6.795169369987846,0.9626493634223953,5.826307053581095
0.6B,95,6.380678714901683,0.9037270019133951,5.4769517129882885,6.463939383558619,0.9723051006568468,5.524742140020031
0.6B,96,7.411024354699227,0.8972531251713262,6.513771229527901,8.093533130619722,0.9765824414334774,7.113947335961845
0.6B,97,5.5688765674928025,0.8338794947777486,4.734997072715054,5.779120634192097,0.9572658766313911,4.841724813914512
0.6B,98,5.957307447253076,0.8535612382817431,5.103746208971333,6.0968530782163075,0.9544340029249649,5.182242956333497
0.6B,99,4.9491151431438185,0.7865346112637125,4.162580531880106,4.96097009896972,0.924669105974498,4.061720430305739
0.6B,100,7.701570722329645,0.9269544021944524,6.774616320135193,8.120486595628243,0.985687679358613,7.151499541511808
0.6B,101,4.176260694356565,0.6325256705832017,3.543735023773364,4.040597891588714,0.8623817843585116,3.244516750555577
0.6B,102,6.453862240880156,0.9391362603724996,5.514725980507658,6.975725355996165,0.9978415729996557,5.989100574922885
0.6B,103,6.837801198995056,0.871274448786921,5.966526750208134,7.269834607063164,0.9664431651609726,6.315126955815285
0.6B,104,7.623005068925537,0.9325815818074059,6.690423487118132,7.824463177657143,0.9804957926024032,6.867070574572308
0.6B,105,6.887616066112559,0.8879187331149586,5.9996973329976,7.183468015487576,0.9688569007596826,6.215342215551612
0.6B,106,5.762734502552834,0.8362855548670258,4.926448947685808,5.906874506732517,0.9565637664565814,4.945322576189655
0.6B,107,6.904449342282517,0.8933796135337909,6.0110697287487245,7.25488037160534,0.981417496993044,6.29902398819506
0.6B,108,6.7363865047022955,0.8507429993126124,5.885643505389682,6.78670472787768,0.9744894033980523,5.834440772654373
0.6B,109,6.070282637685066,0.8585322894187644,5.2117503482663015,6.070249425919641,0.9586467114543629,5.140997812353984
0.6B,110,6.213018326456769,0.9006988119381932,5.312319514518577,6.28084596551947,0.9652016987500656,5.362589726203722
0.6B,111,8.19934317599164,0.9208989365146077,7.278444239477033,8.914696973867867,0.9872383624334873,7.936501346792727
0.6B,112,7.302679811443632,0.9071621379746908,6.395517673468941,7.605270945167192,0.9785844853199951,6.662140431433391
0.6B,113,6.129069383836562,0.8643531417527672,5.264716242083795,6.313573920013361,0.9586467114543629,5.372600618112914
0.6B,114,5.69411079335807,0.8493533371001575,4.844757456257913,5.796363614767602,0.9515082024691666,4.888424496987755
0.6B,115,6.859160116976708,0.8895743434739543,5.969585773502754,7.14250484373977,0.9711786368608173,6.174579032047917
0.6B,116,6.382403229883856,0.8553363623218295,5.527066867562027,6.677276294717296,0.9700292494214555,5.721470338601371
0.6B,117,7.41982339384336,0.8818809363759051,6.537942457467455,8.080760323105444,0.9879800782716325,7.112744130623871
0.6B,118,6.468571538210865,0.8251094547430622,5.643462083467802,6.948486399787212,0.967661552439695,5.971784167390565
0.6B,119,7.780490523806423,0.930252321362322,6.850238202444101,8.131445674106523,0.9823166080205501,7.1767462280954835
0.6B,120,5.740632560802648,0.8544289397759883,4.8862036210266595,5.868448423050239,0.9572658766313911,4.943885659563472
0.6B,121,5.5624805124972605,0.8747231829849211,4.6877573295123405,5.459917050572405,0.9572658766313911,4.553127370645422
0.6B,122,7.5732174420889296,0.9191842455819793,6.654033196506951,8.09741374715379,0.9804957926024032,7.1248163519329974
0.6B,123,6.360927104658478,0.877584824055848,5.4833422806026295,6.60439245503875,0.9711786368608173,5.636890878523652
0.6B,124,6.756036951491405,0.87195239793881,5.884084553552595,6.874446836694868,0.9717418687588321,5.911632454504036
0.6B,125,5.849185772370394,0.8845371799998255,4.964648592370568,5.878107656653299,0.9600042072840912,4.919225574469446
0.6B,126,6.270001065825485,0.8540046884526056,5.41599637737288,6.526890881184537,0.9639371121521569,5.596221355580768
0.6B,127,8.028096648697773,0.9196082672272404,7.108488381470533,9.088511927892968,0.9879800782716325,8.110242643799827
0.6B,128,7.472999983351209,0.8896787678716264,6.583321215479584,8.103295897778601,0.9804957926024032,7.145952199103257
0.6B,129,6.983585467872191,0.875364909636379,6.1082205582358124,7.5662632161596965,0.9688569007596826,6.625998035790602
0.6B,130,7.197478948633253,0.90240563110495,6.295073317528304,7.51640166205625,0.9840471637045681,6.558736059185087
0.6B,131,6.853236597985288,0.8804834115097367,5.972753186475551,7.151473395016964,0.9700292494214555,6.198108287677065
0.6B,132,6.629912303650098,0.907715932588519,5.722196371061579,6.831851893555676,0.9744894033980523,5.886052295335478
0.6B,133,5.627652166680421,0.8404773569321238,4.787174809748297,5.757269378486722,0.9558616562817717,4.836577638391933
0.6B,134,5.594793712520827,0.84489892596651,4.749894786554318,5.646357422979996,0.9544340029249649,4.7546499174234
0.6B,135,6.756486613413283,0.881970066881201,5.874516546532082,7.1415300460746804,0.9765824414334774,6.175217068169025
0.6B,136,5.280718459011232,0.8351261026127532,4.445592356398478,5.360342707358507,0.9453732087003415,4.435834352728632
0.6B,137,7.693249332042792,0.9309386696497237,6.762310662393068,8.092427970105279,0.9840471637045681,7.113800329620737
0.6B,138,3.9636585207337536,0.6945555631018865,3.2691029576318673,4.022373578007386,0.8725253619169873,3.177449033364007
0.6B,139,6.083942958587281,0.8676852440759213,5.216257714511359,6.23937957253524,0.9664431651609726,5.313717179156689
0.6B,140,5.461459178489334,0.8626381939978097,4.598820984491525,5.55967816694514,0.9558616562817717,4.640067871977657
0.6B,141,7.526843458363865,0.9186655070399398,6.608177951323925,7.882985090127438,0.9785844853199951,6.933127688584389
0.6B,142,6.316630102759636,0.8732271899362549,5.443402912823381,6.521434215637962,0.9639371121521569,5.5778108890119995
0.6B,143,6.831460101420334,0.8853363959460072,5.946123705474329,7.210065132443509,0.9711786368608173,6.282910271953766
0.6B,144,6.4282571671027355,0.8635796388657594,5.564677528236977,6.670036169081273,0.9652016987500656,5.723310637738813
0.6B,145,7.148975998983079,0.9134406213562936,6.235535377626785,7.384511606762579,0.9785844853199951,6.437233116064293
0.6B,146,5.368073102752541,0.8392294013396548,4.528843701412885,5.492392190569527,0.9437801130207212,4.5745446514612595
0.6B,147,4.319627686719724,0.7481766486655428,3.5714510380541813,4.135961927526839,0.899338807312521,3.294319857501977
0.6B,148,6.626122769270687,0.8493840101884292,5.7767387590822565,7.271514189631489,0.9664431651609726,6.311449383283017
0.6B,149,7.17964411576445,0.8999641480201822,6.279679967744268,7.531421594886702,0.9734086775396755,6.575371561549464
0.6B,150,6.83722828019591,0.8719758157204351,5.965252464475475,7.165004302056246,0.967661552439695,6.235064999147424
0.6B,151,6.284515625476784,0.881136807008267,5.403378818468518,6.395678781500568,0.963293237787276,5.444707100072839
0.6B,152,7.349964332653571,0.911620035866854,6.438344296786718,7.756311612599738,0.9827548811646041,6.77569666254043
0.6B,153,6.616505238836771,0.895194238894053,5.721310999942718,6.755392878530994,0.9652016987500656,5.815425223362105
0.6B,154,5.907254952250712,0.8660514982766134,5.041203453974099,6.017105754907129,0.9586467114543629,5.0828500501710625
0.6B,155,7.5594212725453085,0.912745695205703,6.646675577339605,7.806421165685729,0.981417496993044,6.84915901147306
0.6B,156,6.660541034415963,0.8925431659586667,5.767997868457295,6.707774666125401,0.967661552439695,5.790816857761804
0.6B,157,6.840436153478386,0.888738707330746,5.951697446147639,7.06539642222543,0.9765824414334774,6.099220459940772
0.6B,158,6.238529535199459,0.8835573931007775,5.354972142098682,6.321471363340981,0.9652016987500656,5.3955107896032315
0.6B,159,5.370918376056766,0.8158386920073367,4.555079684049429,5.439869376926629,0.9484880760741909,4.526651084515074
0.6B,160,7.7628647273364075,0.9236265215805459,6.83923820575586,8.030596767467081,0.9785844853199951,7.0541641827485275
0.6B,161,6.278699057087695,0.8624059351069437,5.416293121980751,6.508309531620017,0.9600042072840912,5.600619203352473
0.6B,162,5.977300061715585,0.8682023216313803,5.109097740084204,6.0688381362866615,0.9639371121521569,5.144799242780539
0.6B,163,6.805402268620779,0.8638720802994522,5.941530188321326,7.23783173142531,0.967661552439695,6.3110858802504355
0.6B,164,6.197390123759768,0.859975742064256,5.337414381695512,6.311094962083824,0.9586467114543629,5.402733770323637
0.6B,165,7.171483442483221,0.8855664968792601,6.28591694560396,7.763779099300201,0.9700292494214555,6.833341480861815
0.6B,166,6.289009991928995,0.899103676088298,5.3899063158406975,6.380292181658476,0.9723051006568468,5.436526566313145
0.6B,167,7.657949235640362,0.9090466624294317,6.74890257321093,7.953598758814595,0.981417496993044,6.997624931087124
0.6B,168,7.5338375954956005,0.9272587478675518,6.606578847628049,7.9967344154081,0.9823166080205501,7.014994785414366
0.6B,169,6.548284668255525,0.8917586380289115,5.656526030226615,6.7768140056265604,0.9700292494214555,5.83675707245882
0.6B,170,5.132642308531646,0.773920239020467,4.358722069511178,5.3158494197190915,0.9319574523469683,4.423877313364464
0.6B,171,7.38756874499319,0.9030874200481086,6.48448132494508,7.637233232899442,0.9755473132867019,6.719212097521618
0.6B,172,7.057248170131318,0.8945759848635699,6.162672185267749,7.4612089897413565,0.9744894033980523,6.51247199134235
0.6B,173,4.164974285780065,0.6516216152667723,3.5133526705132923,4.410260497040951,0.8518061887486321,3.542199737148257
0.6B,174,5.548424868637212,0.8452346774307039,4.703190191206508,5.767469497526745,0.9515082024691666,4.857673001585765
0.6B,175,6.334627258420551,0.8624921881523203,5.472135070268231,6.743710097057884,0.967661552439695,5.778888655170259
0.6B,176,7.082699221455658,0.8934698274838874,6.189229393971771,7.310919198562478,0.967661552439695,6.397895389149533
0.6B,177,9.082910279197073,0.960093609386285,8.122816669810788,10.075120673514022,0.9984144269374469,9.075340829673848
0.6B,178,6.154335195900906,0.8842284553182209,5.270106740582686,6.281417291885637,0.9626493634223953,5.353089525683665
0.6B,179,5.07277280094859,0.8343491810949236,4.238423619853667,5.070648422921808,0.9354557645575772,4.188986013950678
0.6B,180,6.9416360614017725,0.8821494294934253,6.059486631908348,7.073086798441412,0.9744894033980523,6.126271411127309
0.6B,181,6.3827240294526915,0.8584615561540837,5.5242624732986085,6.541240081676625,0.9652016987500656,5.591477757863407
0.6B,182,5.96987961833572,0.846472228458138,5.123407389877581,6.187386809422301,0.9544340029249649,5.251165826865783
0.6B,183,5.706942232625723,0.8013936007776216,4.905548631848101,5.915704783958416,0.9484880760741909,5.013352692749166
0.6B,184,6.880705537861188,0.8726755958617546,6.008029941999434,7.3141380258560265,0.9795514654427012,6.35258837973352
0.6B,185,4.950276671757139,0.7862153988327093,4.164061272924431,4.8770623433535185,0.9484880760741909,3.963596626032152
0.6B,186,7.532778354893665,0.9059089373475264,6.62686941754614,7.91437983511184,0.9804957926024032,6.953769634879258
0.6B,187,8.357934681479437,0.9509531550485436,7.406981526430894,8.775307443100672,0.9879800782716325,7.797960329218238
0.6B,188,5.493937732844705,0.8214256596926554,4.67251207315205,5.644878716147877,0.9453732087003415,4.728447868827978
0.6B,189,6.072431178392129,0.8376826644336253,5.234748513958504,6.323785561890991,0.9613384097169944,5.409305621383894
0.6B,190,6.957100021616017,0.9038169008154822,6.053283120800534,7.208793148757728,0.9734086775396755,6.2509047227920576
0.6B,191,5.358511392744111,0.7963929584365727,4.562118434307538,5.391041782520169,0.9421631690835511,4.541082563590379
0.6B,192,6.875411665535929,0.8708851333652421,6.004526532170687,7.156536220293063,0.9688569007596826,6.213652083330842
0.6B,193,6.99870690901085,0.8956697659926788,6.103037143018171,7.253273365715678,0.9723051006568468,6.2877150649935905
0.6B,194,6.098771037981699,0.8293865762452869,5.269384461736413,6.375531013951989,0.9626493634223953,5.457445441335512
0.6B,195,8.02168914878386,0.9106833466153612,7.111005802168497,8.67030859509591,0.9823166080205501,7.705931610727244
0.6B,196,5.176217292987917,0.8808987799538066,4.29531851303411,5.182927640502895,0.9600042072840912,4.279630050158412
0.6B,197,8.675576844790866,0.9467833978222796,7.728793446968585,9.372460099981689,0.9907233052834231,8.395411471973482
0.6B,198,7.407488137936473,0.899864234439593,6.50762390349688,7.848190248135478,0.9900710003428677,6.870287121015615
0.6B,199,4.603027998093664,0.7621740313702325,3.8408539667234316,4.823023674625915,0.9337187102245466,3.94746407584072
0.6B,200,6.193229811716644,0.8847234079414235,5.30850640377522,6.472419160142062,0.9700292494214555,5.537682006291497
0.6B,201,4.719536066045831,0.7583517054732031,3.961184360572627,4.714813222598941,0.9169882436828392,3.8505976196062117
0.6B,202,6.015660935908884,0.83086767558298,5.184793260325904,6.297299545727515,0.9515082024691666,5.3503021328577205
0.6B,203,6.033283647116458,0.8692831504746162,5.164000496641842,6.238521379107435,0.9626493634223953,5.289974292970351
0.6B,204,6.226455608670678,0.8717675172194891,5.354688091451188,6.474267285708233,0.9639371121521569,5.541726252072445
0.6B,205,6.558026313190171,0.8887615518544143,5.669264761335756,6.680940557076578,0.9626493634223953,5.734101191620034
0.6B,206,6.972765025193705,0.9039535421353009,6.068811483058404,7.2495853697505765,0.9775948212463157,6.288496444699003
0.6B,207,7.941210251402786,0.9262396469706167,7.014970604432169,8.448133839474696,0.9840471637045681,7.478958288299507
0.6B,208,6.614613440732931,0.886166425099782,5.72844701563315,6.805212812832933,0.9700292494214555,5.846051462380341
0.6B,209,6.340844144371356,0.8603357991688592,5.480508345202498,6.455070926184227,0.9572658766313911,5.51623420083658
0.6B,210,5.75687560965373,0.8831880578977975,4.873687551755932,5.77868483015481,0.9613384097169944,4.854899851569188
0.6B,211,7.671708298740249,0.9020430164761443,6.769665282264105,8.500176133591083,0.9893963750395396,7.516991216523709
0.6B,212,6.860855404155988,0.8951863968624979,5.9656690072934895,7.0042094665973655,0.9765824414334774,6.054436144442082
0.6B,213,7.987064560219869,0.9186604637349429,7.068404096484928,8.51066604339781,0.9804957926024032,7.550577773117461
0.6B,214,6.237426191476567,0.8555453461240222,5.381880845352544,6.487901382338032,0.9613384097169944,5.5430257260843145
0.6B,215,6.798290033262092,0.885784358734905,5.9125056745271865,7.105809249490475,0.9775948212463157,6.140844181193238
0.6B,216,8.042245214280939,0.9102013548351671,7.132043859445771,8.749615642818881,0.9879800782716325,7.764537063618652
0.6B,217,7.065464648525713,0.9118482046192493,6.153616443906464,7.278747435961478,0.9765824414334774,6.317049080689086
0.6B,218,7.717164803241478,0.9299150986334391,6.78724970460804,8.070908812898722,0.985687679358613,7.111015030735396
0.6B,219,7.621703482274141,0.9232820141516255,6.698421468122515,8.225500922071584,0.985687679358613,7.244523677256245
0.6B,220,5.783123606689354,0.8421613306890476,4.940962276000306,5.943436642444743,0.9453732087003415,5.02957949899381
0.6B,221,6.774655871386638,0.8807341596375033,5.893921711749134,6.943913381100771,0.9652016987500656,6.019089807089214
0.6B,222,5.71767859159013,0.8486762450470888,4.869002346543041,5.817808131503686,0.9453732087003415,4.895151136522284
0.6B,223,6.324447362783726,0.874318126465691,5.450129236318033,6.550139495928171,0.9572658766313911,5.612853233828252
0.6B,224,6.967130539115916,0.8921936332301208,6.074936905885797,7.247069263568453,0.967661552439695,6.298162852706763
0.6B,225,8.044437134709707,0.9330764598141058,7.111360674895602,8.167222193069609,0.9823166080205501,7.194412627218902
0.6B,226,7.147506131613319,0.8979561014008899,6.24955003021243,7.59059394574256,0.9765824414334774,6.6418863277727525
0.6B,227,7.188982488874805,0.9058515279990804,6.283130960875724,7.4663117149924565,0.9744894033980523,6.494256878693882
0.6B,228,8.54091199444076,0.9463972451527632,7.594514749287999,8.776721484456067,0.985687679358613,7.792801292270774
0.6B,229,6.6592066267968955,0.8823184910139718,5.776888135782923,6.983725988914303,0.9652016987500656,6.059856734707778
0.6B,230,6.376519631635228,0.8841856643269687,5.492333967308259,6.637421723136952,0.9652016987500656,5.688562164959529
0.6B,231,5.982722468476482,0.8581036310647593,5.124618837411723,6.294097228768449,0.9600042072840912,5.342849441508572
0.6B,232,4.726809092774917,0.7470725247995997,3.979736567975316,4.750152217698231,0.9047209661860875,3.8910801068411267
0.6B,233,6.8285779237851685,0.88862117100443,5.939956752780738,7.093665898478354,0.9688569007596826,6.149022093150249
0.6B,234,6.5050979762231975,0.8631122912892929,5.641985684933904,6.9663079300002195,0.9664431651609726,6.016336236749079
0.6B,235,5.076963080096056,0.7796394051725878,4.297323674923469,5.167459176918992,0.9453732087003415,4.235889147266398
0.6B,236,4.539063898198728,0.712158325671043,3.826905572527685,5.150658191756204,0.9319574523469683,4.263237223012289
0.6B,237,5.79303310918265,0.8644906225382472,4.928542486644404,5.925608576891003,0.9600042072840912,5.024431746022591
0.6B,238,5.48643531876058,0.8044063239273754,4.682028994833204,5.270384602084952,0.9421631690835511,4.368674846363495
0.6B,239,7.128851099429779,0.9068582377378496,6.221992861691929,7.436863125685218,0.9744894033980523,6.472328207354186
0.6B,240,5.705642034459091,0.8469263115673688,4.858715722891722,5.793177120212416,0.9469425115788506,4.8870105425384365
0.6B,241,6.343519409018652,0.8785945114434166,5.4649248975752345,6.4630375065374945,0.9652016987500656,5.519982586108626
0.6B,242,5.342564272629472,0.7616938054620808,4.580870467167392,5.507879400262373,0.9337187102245466,4.589601501315309
0.6B,243,6.453838879413926,0.8915174039046132,5.562321475509314,6.6807290184160175,0.9700292494214555,5.748242781332752
0.6B,244,7.245533277534864,0.9124897285482358,6.333043548986629,7.472705685986234,0.9765824414334774,6.524840758551395
0.6B,245,5.180018991223712,0.7823844615712693,4.397634529652443,5.372668016015241,0.9388575093412462,4.480999112902472
0.6B,246,5.966334087695855,0.8280882978388167,5.138245789857037,6.1053115289510425,0.9600042072840912,5.145719252268536
0.6B,247,6.411133663924633,0.8889135116015839,5.522220152323049,6.5492830223268745,0.9652016987500656,5.622384810351443
0.6B,248,6.323892273601836,0.8629866099751095,5.460905663626726,6.579716384292954,0.9593254593692271,5.657598452304036
0.6B,249,6.367590374763099,0.8602615106556316,5.507328864107468,6.682593654316672,0.9639371121521569,5.737137797550287
0.6B,250,6.345413429900022,0.8706559164867334,5.474757513413289,6.596129376595394,0.9639371121521569,5.661075567024861
0.6B,251,6.543075821228022,0.8685577007004637,5.6745181205275586,6.579397528458254,0.9626493634223953,5.657175135546868
0.6B,252,6.918368431928299,0.9104821701641148,6.0078862617641855,6.967880539359709,0.9775948212463157,6.005724292320644
0.6B,253,5.529479438181846,0.8221685731860428,4.707310864995803,5.675630246018052,0.9500099555782802,4.765852703791969
0.6B,254,7.117454878846622,0.9064145674517449,6.211040311394877,7.526444416970732,0.9744894033980523,6.570600971113167
0.6B,255,8.65030215321367,0.9276292606379559,7.722672892575712,9.402860785244105,0.9879800782716325,8.438363282061935
0.6B,256,6.398098578407403,0.8743529386981335,5.523745639709271,6.700343295781619,0.9626493634223953,5.744486563373881
0.6B,257,5.539482478476022,0.8337200483673468,4.705762430108676,5.747710754734419,0.9477152938265208,4.867514366935117
0.6B,258,6.987958274269223,0.9107935073899456,6.077164766879277,7.15088452642041,0.9785844853199951,6.212274340189911
0.6B,259,7.159847794248743,0.8962782038847263,6.263569590364017,7.5938908531596,0.9775948212463157,6.6220018030289864
0.6B,260,7.54069941183743,0.9095153744476653,6.631184037389764,8.102528511190451,0.981417496993044,7.12838733177726
0.6B,261,6.694707981515168,0.8650122603021502,5.829695721213018,7.215717858212068,0.9700292494214555,6.259412898663539
0.6B,262,8.039754940456431,0.9428995594859592,7.096855380970472,8.401334264487211,0.9872383624334873,7.426837059997437
0.6B,263,5.643846449578634,0.8548686252126517,4.788977824365983,5.849550281442831,0.9515082024691666,4.924486271583628
0.6B,264,5.795081869282082,0.8540764891431997,4.941005380138882,5.919404130778476,0.9544340029249649,4.99405874692219
0.6B,265,6.669744266152639,0.8781321465487935,5.791612119603844,6.831873563369685,0.9652016987500656,5.893583888153655
0.6B,266,7.870373548375118,0.9373186919895151,6.933054856385603,8.161247515778635,0.9848786632844226,7.1861852788181935
0.6B,267,6.669951481509244,0.8897558331961763,5.780195648313067,6.866722407914016,0.9700292494214555,5.9413304980141515
0.6B,268,7.175391704468916,0.8972001504701013,6.278191553998815,7.508556845419793,0.9744894033980523,6.544544753462814
0.6B,269,6.750229322175633,0.9158751972943636,5.834354124881269,6.884474457136075,0.9765824414334774,5.931400262893325
0.6B,270,6.744771149979468,0.9104959574012432,5.834275192578225,6.816395468757333,0.9700292494214555,5.887978026350536
0.6B,271,5.265158043588488,0.8060742287365712,4.459083814851917,5.385652878138034,0.9388575093412462,4.462933259203966
0.6B,272,6.700618914210014,0.862221700249441,5.838397213960572,7.086973021637377,0.9544340029249649,6.142516852746033
0.6B,273,5.895562014921863,0.854957411483205,5.040604603438658,6.117413604126957,0.9626493634223953,5.2109238037139285
0.6B,274,6.224877397344017,0.8481449021306305,5.376732495213387,6.666836947809923,0.9664431651609726,5.74701167061959
0.6B,275,6.320712193148473,0.8798224272798026,5.440889765868669,6.622331621384948,0.967661552439695,5.659782714039979
0.6B,276,6.060306679074182,0.8806766460096949,5.179630033064488,6.0639806582956925,0.9593254593692271,5.139132672569938
0.6B,277,7.976328712283253,0.9394848261164268,7.036843886166827,8.347920236747541,0.9893963750395396,7.363354005074017
0.6B,278,6.1484034320654395,0.8465794869604297,5.301823945105011,6.551415263232272,0.9586467114543629,5.598214525950271
0.6B,279,5.929306618878606,0.8502444616239357,5.079062157254671,6.2397090912942925,0.9652016987500656,5.2982903049399805
0.6B,280,6.015567494772252,0.882729766770795,5.1328377280014585,6.1683414506657535,0.9613384097169944,5.251059366549926
0.6B,281,7.275955677936446,0.9090433406036238,6.366912337332822,7.658712146165698,0.9840471637045681,6.681546398675695
0.6B,282,5.73778752926419,0.8525445648491343,4.885242964415056,5.91654646705174,0.9500099555782802,5.017100351033854
0.6B,283,4.814440742023751,0.7730693244929594,4.041371417530791,4.867485145474921,0.9199117578727434,3.991784963181045
0.6B,284,7.845715703286084,0.9066925990130977,6.939023104272986,8.32564504380779,0.9775948212463157,7.366151065690752
0.6B,285,8.106002661834465,0.933375260206289,7.172627401628175,8.418197851334913,0.9840471637045681,7.452049739805915
0.6B,286,7.196268506245984,0.9030998561047777,6.293168650141205,7.587204855624657,0.9765824414334774,6.630004474270249
0.6B,287,7.0250685687230385,0.9045814304126993,6.120487138310339,7.387271240378324,0.9700292494214555,6.453812607931276
0.6B,288,7.526544561802133,0.9119829777020518,6.614561584100081,7.994355551381365,0.985687679358613,7.019830926919648
0.6B,289,7.503343677372774,0.9063366173563752,6.5970070600164,7.692689726600758,0.9785844853199951,6.74267789934496
0.6B,290,5.470649153063696,0.8602179731205305,4.6104311799431645,5.534264634592445,0.9544340029249649,4.606638835415058
0.6B,291,5.634290796480753,0.842325319185048,4.791965477295705,5.6889298363919245,0.9544340029249649,4.809215420060652
0.6B,292,7.8498063996523815,0.9264615185716256,6.923344881080756,8.441999906249023,0.98647423747692,7.464085464671939
0.6B,293,7.128353970367233,0.8946304831629283,6.233723487204306,7.423142005834081,0.967661552439695,6.477991266211602
0.6B,294,8.76889753095635,0.9371724591176082,7.831725071838742,9.878569613044856,0.9949032958612776,8.882137452367434
0.6B,295,6.01356670989929,0.8754626211884518,5.138104088710839,6.132423217998358,0.9572658766313911,5.19242396629951
0.6B,296,6.717124058016641,0.8769044953325852,5.840219562684055,6.896320622127505,0.9515082024691666,5.950553028640087
0.6B,297,7.59550999930744,0.913070011115453,6.682439988191987,8.050410888672985,0.9785844853199951,7.07815676698879
0.6B,298,5.281139710751292,0.856755442109652,4.424384268641641,5.272110104021058,0.9515082024691666,4.3612224428916235
0.6B,299,6.138949040826135,0.8440027084905493,5.294946332335585,6.456776306150184,0.9664431651609726,5.534717203567677
0.6B,300,4.926141669499127,0.7440442417989593,4.1820974277001675,5.127617848002764,0.9227858605773946,4.258127065598597
0.6B,301,6.815947828805035,0.8870116826748565,5.928936146130179,7.007107030299102,0.9688569007596826,6.055489679561781
0.6B,302,7.583462443110438,0.9057506786830326,6.677711764427405,8.051380870823852,0.9804957926024032,7.0859016156437225
0.6B,303,5.654061824499166,0.8643257902036813,4.789736034295486,5.839841516836323,0.9515082024691666,4.907780521135399
0.6B,304,5.974407693436918,0.8517545484926052,5.122653144944313,6.238568158388469,0.9600042072840912,5.320109650348753
0.6B,305,5.562147511121483,0.8328231264178984,4.729324384703585,5.714816321034492,0.9544340029249649,4.772102284908919
0.6B,306,6.749106626026811,0.8747972915108592,5.874309334515951,6.808663816705145,0.9700292494214555,5.865317713520989
0.6B,307,6.001750401469556,0.8668763992165838,5.134874002252973,6.045067038249705,0.9544340029249649,5.1258629197032075
0.6B,308,5.824353652556312,0.8270946126857663,4.997259039870545,5.930260019666237,0.9515082024691666,5.017512690163753
0.6B,309,5.993204243159662,0.8099262401420403,5.18327800301762,6.374447179286252,0.9586467114543629,5.427169996309902
0.6B,310,7.975814476719732,0.9142465620132592,7.061567914706473,8.547461731549909,0.9848786632844226,7.590435776126614
0.6B,311,6.880168124691105,0.8909414141054305,5.989226710585674,7.172325947468778,0.9744894033980523,6.2240455337017515
0.6B,312,8.363543341574719,0.9365816735499397,7.426961668024779,8.926532131969642,0.9951405030499998,7.942611825755466
0.6B,313,5.728925033053836,0.8509061100111299,4.878018923042706,5.9068521489879044,0.9558616562817717,4.960815894867727
0.6B,314,6.678822971200802,0.8305969973666913,5.848225973834109,7.354799540034218,0.9711786368608173,6.427522118919892
0.6B,315,6.020789500848027,0.8435872722874106,5.177202228560616,6.337592329102257,0.9626493634223953,5.392243400548363
0.6B,316,6.018193042435925,0.8486811257787634,5.169511916657161,6.203501583808146,0.9600042072840912,5.261417616159221
0.6B,317,5.544968190746415,0.8482553954450497,4.696712795301367,5.647418039987866,0.9515082024691666,4.719011390038288
0.6B,318,5.194493843387112,0.8128261103978011,4.38166773298931,5.293433372988284,0.9453732087003415,4.378592087889304
0.6B,319,6.452759844204438,0.8847236631909996,5.568036181013438,6.637944206430273,0.9700292494214555,5.724077530318231
0.6B,320,8.314968906259406,0.933020190735487,7.381948715523918,8.823531034437302,0.9848786632844226,7.8587059467570555
0.6B,321,5.917583049287217,0.8545322331722222,5.063050816114995,5.865157019078027,0.9544340029249649,4.960123193622012
0.6B,322,6.8235877592550445,0.8655422267474744,5.95804553250757,7.194495543060899,0.9688569007596826,6.225849339103611
0.6B,323,6.5358171527915045,0.8618460633963584,5.673971089395145,6.87820259382441,0.9723051006568468,5.925269537079432
0.6B,324,5.688433411293796,0.8225915225349996,4.865841888758796,5.930461927298351,0.9544340029249649,4.980077136685634
0.6B,325,6.923662551633659,0.8956594884883892,6.02800306314527,7.11481804470797,0.9688569007596826,6.15279114850153
0.6B,326,8.566159469673352,0.9266944182323538,7.6394650514409985,9.574331959703247,0.9900710003428677,8.587131370129136
0.6B,327,8.188251835914294,0.9152056797235122,7.273046156190783,8.950347257565218,0.9848786632844226,7.972551238363064
0.6B,328,3.9967483644784974,0.6942052305525384,3.302543133925959,3.8484846714424137,0.8749945696399304,2.995893826344766
0.6B,329,6.491186354772461,0.8824607853926163,5.608725569379845,6.65118308692839,0.9639371121521569,5.721391436214871
0.6B,330,6.641681991907125,0.8889234109980766,5.752758580909048,7.007332671537034,0.9723051006568468,6.046951433829149
0.6B,331,8.68413169117865,0.9493856053759132,7.734746085802736,9.338258598135205,0.9936507116910404,8.350213826649648
0.6B,332,4.854373924349973,0.7826575708987121,4.0717163534512615,4.925056681816548,0.924669105974498,4.03275213583794
0.6B,333,6.330941026413339,0.8493609850941096,5.481580041319229,6.554251601110301,0.9572658766313911,5.647401989402882
0.6B,334,5.053862681564191,0.7874018761976912,4.2664608053665,5.0939751177889345,0.9319574523469683,4.206498395488145
0.6B,335,7.2771722958625364,0.9248262281149366,6.352346067747599,7.4287785652334595,0.9840471637045681,6.462957915191156
0.6B,336,7.4140160719663095,0.8825229083536482,6.531493163612661,7.9477606357484065,0.9795514654427012,6.982353214812338
0.6B,337,7.511213778344557,0.9247853742377979,6.586428404106759,7.891507518408294,0.9795514654427012,6.939921925572042
0.6B,338,6.273345727460903,0.836312661126822,5.437033066334082,6.501012995674512,0.9500099555782802,5.560223627641086
0.6B,339,7.199229843402298,0.8857376609514204,6.313492182450877,7.857119243402973,0.9775948212463157,6.887409942412992
0.6B,340,6.360537399534656,0.8776578964234366,5.482879503111219,6.458909234986184,0.9664431651609726,5.5470881236720855
0.6B,341,6.745806388555898,0.8964785816625842,5.849327806893313,6.912560943848479,0.9723051006568468,5.95016179790981
0.6B,342,7.333785862628715,0.9066465382497597,6.427139324378954,7.899749271002941,0.9804957926024032,6.931852072395289
0.6B,343,9.177391842067955,0.9510035315139966,8.226388310553958,9.87863393455628,0.9925464978639333,8.89189254915295
0.6B,344,6.78486991418143,0.886864512845302,5.898005401336128,7.134120001579605,0.9700292494214555,6.197277309787056
0.6B,345,7.262639551956825,0.8964361542535588,6.3662033977032655,7.627901454263625,0.9765824414334774,6.687995575301876
0.6B,346,7.609676747676554,0.9075824756101727,6.702094272066382,8.108506628134442,0.9831931543086581,7.150524887419291
0.6B,347,6.349349718827428,0.8662226555844185,5.483127063243009,6.641544491243435,0.9682592265996888,5.682413517460792
0.6B,348,5.72141687819969,0.8507271298987487,4.870689748300941,5.835774127143418,0.9515082024691666,4.914642376451908
0.6B,349,6.148292495030828,0.8838462367300304,5.264446258300798,6.297811366096482,0.9848674215315906,5.34859145701562
0.6B,350,6.789588343479065,0.8852222440324297,5.904366099446635,7.010032111224977,0.9652016987500656,6.073190943609189
0.6B,351,4.673402562300333,0.7528474142780252,3.9205551480223075,4.773166936036693,0.9025884080335268,3.880558193073351
0.6B,352,6.765813503870264,0.910739216518857,5.855074287351409,6.963559647239432,0.9785844853199951,6.017630291051113
0.6B,353,7.077797317786342,0.9241502400114984,6.153647077774843,7.287327650413022,0.9823166080205501,6.320926141002836
0.6B,354,7.259426719262357,0.9126349652271242,6.346791754035233,7.563020999225631,0.9800236290225521,6.617124893987247
0.6B,355,6.804907582437523,0.8860893359452117,5.918818246492311,7.005850525051898,0.9723051006568468,6.0568843696766255
0.6B,356,4.7177829272341585,0.7077726494974524,4.010010277736706,4.555360367764743,0.899338807312521,3.632952715558316
0.6B,357,7.014386830078112,0.9082049755884334,6.1061818544896775,7.149837840007259,0.9785844853199951,6.178191532348917
0.6B,358,8.097076941947885,0.9303489223610174,7.166728019586866,8.408245903260084,0.9831931543086581,7.441682452471823
0.6B,359,5.479572323618987,0.8351343888746642,4.644437934744323,5.57926028355503,0.9515082024691666,4.663583183046114
0.6B,360,5.717306738399069,0.7451265534839814,4.972180184915087,6.274235984316209,0.9469425115788506,5.34706299908156
0.6B,361,6.519127280096982,0.8875154742281681,5.631611805868815,6.660130656322179,0.9664431651609726,5.732909750703124
0.6B,362,5.722958608722206,0.8445495210806088,4.8784090876415975,5.931131627740811,0.9572658766313911,5.008916602492869
0.6B,363,7.176745147022666,0.9069766119414131,6.269768535081253,7.342784144114339,0.9728568890982612,6.389715238065118
0.6B,364,6.893925416524042,0.9017934773507497,5.992131939173291,7.011714789481019,0.969443075090569,6.068354296021726
0.6B,365,6.268119817270539,0.8701810116550364,5.397938805615503,6.333783945281551,0.9626493634223953,5.413839440535403
0.6B,366,6.2108088612965435,0.8801241205046487,5.330684740791895,6.34299086451284,0.9664431651609726,5.422948282380549
0.6B,367,6.821305995748713,0.8812504122580989,5.940055583490615,7.147448313056171,0.9734086775396755,6.209229022163489
0.6B,368,4.579159320692665,0.7430259933278849,3.8361333273647804,4.650473824980562,0.9089103274103589,3.76231841700498
0.6B,369,5.90323295406829,0.8598408871751055,5.043392066893184,6.29832318646545,0.9652016987500656,5.343796851214174
0.6B,370,7.03160756863393,0.8867460518861522,6.1448615167477785,7.450524395573854,0.9734086775396755,6.510209969305729
0.6B,371,6.125219763743259,0.8841166316524263,5.241103132090834,6.298595950949719,0.967661552439695,5.358166582050799
0.6B,372,6.4716002508971116,0.8734856121107831,5.5981146387863285,6.696150702718885,0.9652016987500656,5.752160625972398
0.6B,373,5.104099634942488,0.7244145515011798,4.3796850834413075,5.4781800602501765,0.9301719278216587,4.587138042076259
0.6B,374,7.294796970722142,0.9242499737921905,6.370546996929952,7.38955482601648,0.9804957926024032,6.435349466587725
0.6B,375,6.730632521351988,0.8635968701212097,5.867035651230777,7.088627838703978,0.9652016987500656,6.144239868013708
0.6B,376,6.246370574757406,0.8848366574169064,5.361533917340498,6.387001912799237,0.9626493634223953,5.464835873710291
0.6B,377,6.9338953425524466,0.8926843389229164,6.041211003629529,7.317359604871989,0.9755473132867019,6.369897047160373
0.6B,378,5.760933069658258,0.8384413334662956,4.9224917361919625,5.871411684124606,0.9453732087003415,4.974825352548539
0.6B,379,8.403686883725399,0.9388732792124305,7.464813604512968,8.937010690921412,0.9893963750395396,7.949496493936385
0.6B,380,6.678393940620479,0.9020378306608978,5.776356109959581,6.828006361482384,0.9755473132867019,5.891743359257882
0.6B,381,7.74473377960787,0.917671608329758,6.827062171278111,8.101044644878808,0.9755473132867019,7.127050882002699
0.6B,382,6.127931332257883,0.8619919602551989,5.265939372002684,6.273911625036682,0.9626493634223953,5.326499987356155
0.6B,383,7.4753252554421055,0.8944904585986074,6.580834796843496,7.904963097046498,0.9723051006568468,6.951967454245411
0.6B,384,6.1534666982105755,0.8734043162804637,5.280062381930112,6.347812226147129,0.967661552439695,5.395766599917243
0.6B,385,6.757039272526108,0.8922114787438956,5.864827793782212,7.106973916002118,0.9723051006568468,6.15393163099546
0.6B,386,6.887271317323083,0.8973989118996823,5.989872405423401,7.185614702935645,0.967661552439695,6.2248736007521135
0.6B,387,6.222613023560803,0.8648064941042192,5.3578065294565835,6.42350557441017,0.9626493634223953,5.5144164648050555
0.6B,388,6.087874046291519,0.8746096136899632,5.213264432601556,6.0904064805313665,0.963293237787276,5.176342448221887
0.6B,389,5.4013981295313265,0.8250014039464533,4.576396725584873,5.639223926587508,0.9453732087003415,4.724560234711628
0.6B,390,8.211807583092137,0.9260928269862914,7.285714756105845,8.771537927359061,0.9916571724955923,7.784267988251907
0.6B,391,4.563332037624986,0.7403130125414532,3.823019025083532,4.34235091157331,0.9004304890456556,3.503032454381567
0.6B,392,5.032268302618332,0.7963983992311433,4.235869903387189,5.237908602174575,0.9544340029249649,4.2967618934073775
0.6B,393,8.222279177029685,0.9257089585801382,7.296570218449549,8.585810423039298,0.9886994082884974,7.609433691489248
0.6B,394,7.350510307347022,0.9029062968720037,6.447604010475018,7.471518661729979,0.9765824414334774,6.531281487263721
0.6B,395,5.208515124683987,0.8199998269547499,4.388515297729238,5.389051771267035,0.9453732087003415,4.475013667633014
0.6B,396,6.8647820331023475,0.8776439209040774,5.98713811219827,7.272848087071582,0.9765824414334774,6.328779349208139
0.6B,397,7.911008063934626,0.9214383374094582,6.989569726525169,8.383900383169248,0.9775948212463157,7.421023738780029
0.6B,398,6.013531024997427,0.8494708126663352,5.164060212331091,6.082674484513877,0.9652016987500656,5.169057456500809
0.6B,399,5.800042328920978,0.8420497282453874,4.95799260067559,5.9105088441105496,0.9529828681228764,4.994800569024069
0.6B,400,5.7950589202018215,0.8263470283741859,4.968711891827636,6.055336810263327,0.9453732087003415,5.17676429196926
0.6B,401,6.997246199099251,0.8856512718498509,6.1115949272494,7.468424005910354,0.9700292494214555,6.510447317286054
0.6B,402,7.3343069648784756,0.8723328824642301,6.461974082414245,7.902055902316313,0.9700292494214555,6.959097984545918
0.6B,403,4.897784175093966,0.8076371372167664,4.090147037877198,5.007848613993952,0.924669105974498,4.092661096288948
0.6B,404,6.587282280392771,0.8591498378634337,5.728132442529338,6.919353570626957,0.9700292494214555,5.990039024645748
0.6B,405,5.873420388954181,0.8354123517781858,5.038008037175997,6.189969300907657,0.9544340029249649,5.288995464062719
0.6B,406,5.638482138885011,0.848443050583538,4.790039088301473,5.670536807830099,0.9515082024691666,4.741055437866642
0.6B,407,4.417857345840898,0.7439634168839173,3.6738939289569807,4.47319634424564,0.9169882436828392,3.5919804170646934
0.6B,408,6.528652208195012,0.8789378343857714,5.64971437380924,6.764730504576939,0.9639371121521569,5.822358042395761
0.6B,409,6.148337005266313,0.8550486375821501,5.293288367684163,6.300644264321495,0.9613384097169944,5.353458824561239
0.6B,410,5.512906600626245,0.8060980980561037,4.706808502570142,5.739084964880394,0.946157860139596,4.818553411640776
0.6B,411,5.120470465564035,0.7845839519923172,4.33588651357172,5.474949710119021,0.9337187102245466,4.536392849872611
0.6B,412,5.359510187227966,0.7970804441933668,4.562429743034599,5.575574179399087,0.9421631690835511,4.682467623063946
0.6B,413,6.849696664784113,0.8898542409417356,5.959842423842377,7.068697113260789,0.9711786368608173,6.134909254748704
0.6B,414,6.480702792080612,0.8629564513874834,5.617746340693127,6.6769887397250525,0.9700292494214555,5.723237265404569
0.6B,415,8.484381463952616,0.9431931373101546,7.5411883266424615,8.976151190535372,0.9872383624334873,8.013766305395166
0.6B,416,6.05154104138983,0.862314385512854,5.1892266558769755,6.244536644304013,0.9586467114543629,5.297617482965954
0.6B,417,6.144649419790292,0.8145052625775301,5.330144157212762,6.592386346182017,0.9500099555782802,5.672176400403563
0.6B,418,4.835944944192347,0.8043515557165152,4.031593388475833,4.9773234132923125,0.9169882436828392,4.066749160325413
0.6B,419,6.107339158302687,0.8541866753643007,5.253152482938387,6.27733958323368,0.9500099555782802,5.352778051239633
0.6B,420,8.118151826314099,0.9298696095542067,7.188282216759893,8.393572687453773,0.985687679358613,7.4213685493603565
0.6B,421,4.975849586343063,0.8360582979275136,4.139791288415549,5.160698022965622,0.9388575093412462,4.243233629708373
0.6B,422,7.358228526830509,0.9103762212699501,6.447852305560558,8.155355046194774,0.9893963750395396,7.180726980350874
0.6B,423,6.722658425164206,0.8882332525623396,5.834425172601867,6.926658705705006,0.9700292494214555,6.02193685985536
0.6B,424,4.9334781944524515,0.7257756311231431,4.207702563329309,5.223869658384643,0.9301719278216587,4.290692958282806
0.6B,425,5.4853563542905714,0.8605341790165517,4.624822175274019,5.56324611901994,0.9492490158262356,4.654433661030305
0.6B,426,6.151585411263036,0.8683389915345089,5.283246419728526,6.284464824458926,0.9600042072840912,5.367748486730962
0.6B,427,4.7758552096003175,0.7259743116933215,4.049880897906996,5.115259174711763,0.9129992135852473,4.228616177915843
0.6B,428,6.116289698692852,0.82823533111504,5.2880543675778116,6.470409370884078,0.9600042072840912,5.532479314498513
0.6B,429,6.397316221376558,0.8784272671094627,5.518888954267094,6.583480052624435,0.9626493634223953,5.634748812546256
0.6B,430,6.802107663428965,0.8800836483141274,5.922024015114836,7.065782695259268,0.967661552439695,6.116677906159907
0.6B,431,6.825248687510493,0.8985082563375555,5.926740431172938,7.170658059720711,0.9723051006568468,6.222462848733126
0.6B,432,7.892694705950863,0.9363132363087809,6.956381469642082,8.294540261572742,0.985687679358613,7.331044377578483
0.6B,433,2.865913525446625,0.56326618909511,2.302647336351515,2.382994878025443,0.709450322416366,1.6773094113554654
0.6B,434,6.879570921019406,0.885439137637401,5.994131783382005,7.2326863544767965,0.9755473132867019,6.272203169551917
0.6B,435,7.196731883041118,0.9115643408244095,6.285167542216709,7.656757047390689,0.9800236290225521,6.698044027464783
0.6B,436,6.026671230534609,0.7916339418339766,5.2350372887006325,6.538174318942344,0.9572658766313911,5.6277776528579775
0.6B,437,6.854413887615917,0.889103170710664,5.965310716905254,7.221850071611232,0.9700292494214555,6.2463090079849515
0.6B,438,6.624842263742891,0.8740980249688961,5.750744238773995,6.78751992564277,0.9613384097169944,5.852031717724119
0.6B,439,7.459015556329808,0.9005553324044286,6.55846022392538,8.478532804910603,0.9723051006568468,7.516419024698334
0.6B,440,6.2921979725886565,0.8689500153036687,5.423247957284989,6.663608833453228,0.9700292494214555,5.727911420023886
0.6B,441,7.0640786899959505,0.8928741887704515,6.171204501225498,7.316314294320044,0.9780896532831553,6.3523426494508755
0.6B,442,8.265372599611888,0.9320616450094555,7.333310954602434,8.664564374557091,0.985687679358613,7.703426254101821
0.6B,443,7.498050960934864,0.9063727269112148,6.591678234023649,7.969887579643114,0.9790679753813482,7.01342525508331
0.6B,444,5.474527922521565,0.830595802711901,4.643932119809665,5.583908802625201,0.9388575093412462,4.692183949361606
0.6B,445,7.354501699482668,0.8993017265082973,6.45519997297437,7.828802643903714,0.9809566447977236,6.8459052413260775
0.6B,446,5.80110412326029,0.8569849026753124,4.9441192205849775,5.993174713004871,0.9600042072840912,5.0846756262300925
0.6B,447,7.996700522870089,0.9283510047495186,7.06834951812057,8.473298340948944,0.985687679358613,7.510247089647395
0.6B,448,6.464195519193882,0.8770478816059981,5.587147637587882,6.653034996112881,0.9700292494214555,5.725145066842865
0.6B,449,6.843494418481694,0.8866088003156288,5.956885618166066,7.202738327551452,0.9652016987500656,6.25086053656043
0.6B,450,6.484211176120456,0.8907702231417354,5.59344095297872,6.687466266780917,0.9664431651609726,5.72884424944208
0.6B,451,3.461846818721211,0.6672141400831368,2.7946326786380737,3.2133290082002426,0.8571484374283715,2.4509485701563722
0.6B,452,5.131146995538861,0.7680353612610595,4.363111634277803,5.059469206650424,0.9319574523469683,4.1462613854140935
0.6B,453,6.825429359959728,0.8560843406267455,5.969345019332983,7.301284730461143,0.967661552439695,6.337928537061574
0.6B,454,7.477636079294272,0.9184103626792437,6.559225716615029,7.809914477290055,0.9775948212463157,6.8533143030581805
0.6B,455,7.866997996813772,0.9166764305884386,6.950321566225335,8.353693006406402,0.9765824414334774,7.406562305927742
0.6B,456,6.95787269476153,0.8826258091008016,6.075246885660728,7.077803250658674,0.9765824414334774,6.124516740275214
0.6B,457,8.186116420475797,0.9282032986425985,7.257913121833198,8.66488288642649,0.9886994082884974,7.685091216570166
0.6B,458,6.403211038197471,0.8768279304905634,5.526383107706907,6.721965986543996,0.9626493634223953,5.7992924147539675
0.6B,459,6.624203579605402,0.8627846173737673,5.761418962231635,6.978166477742512,0.967661552439695,6.0486780577776615
0.6B,460,6.047337273021165,0.8841218364539066,5.163215436567258,6.243896868842802,0.9652016987500656,5.314428184278574
0.6B,461,8.36863016211515,0.9491741876837057,7.419455974431443,8.590125467749445,0.9907233052834231,7.605116016043405
0.6B,462,7.701128186588932,0.9102359099085091,6.790892276680421,8.184865205291022,0.9823166080205501,7.228096062713312
0.6B,463,5.825965320835908,0.8719709194771799,4.953994401358728,5.836087135567988,0.9600042072840912,4.896929746040117
0.6B,464,7.54319772630047,0.9260091219783984,6.617188604322071,7.642976421542354,0.9785844853199951,6.685200860446658
0.6B,465,6.153414949693059,0.8533960673594398,5.300018882333619,6.436608932579407,0.9600042072840912,5.496211289558213
0.6B,466,6.202755888084553,0.8670923900666234,5.335663498017929,6.249745654833345,0.9600042072840912,5.3367656893867
0.6B,467,9.349829444324266,0.9655767258603456,8.38425271846392,9.728206901222013,0.9931097176773642,8.74632412859954
0.6B,468,6.616696676306016,0.8854651575526495,5.731231518753367,6.6984717805749305,0.9652016987500656,5.772608341882361
0.6B,469,5.685964832558846,0.7902250571459347,4.8957397754129115,6.0323437617388755,0.9453732087003415,5.089033926348395
0.6B,470,5.2773947326884025,0.8464402325016431,4.4309545001867585,5.38728671332123,0.9515082024691666,4.494976114102985
0.6B,471,7.748791179458339,0.9241968458171671,6.824594333641171,8.276164603258655,0.98647423747692,7.302668015619197
0.6B,472,5.686493311350598,0.8401359695421499,4.8463573418084485,5.894149510395177,0.9515082024691666,4.944952146954661
0.6B,473,5.949163575969505,0.8526425560714633,5.096521019898043,6.175135109340136,0.9586467114543629,5.264103136254091
0.6B,474,8.990150784471247,0.9613472951701351,8.028803489301112,9.31677383745882,0.9900710003428677,8.33310728185512
0.6B,475,7.479262060301857,0.9203536655464809,6.558908394755375,7.710614446404283,0.9804957926024032,6.757117938759173
0.6B,476,5.408853584391159,0.808427613661688,4.600425970729471,5.469867106838072,0.9319574523469683,4.622866402323015
0.6B,477,8.269055695122999,0.9332924900567965,7.335763205066201,8.787284314906758,0.9879800782716325,7.816465236574305
0.6B,478,5.4529222774244515,0.8313747318212249,4.621547545603226,5.499424561163307,0.9421631690835511,4.576342436277274
0.6B,479,7.501355567409531,0.8916212734314382,6.609734293978092,8.144705192522744,0.981417496993044,7.178194591387474
0.6B,480,5.935363112339041,0.8557768685485083,5.0795862437905335,6.033829347877028,0.9572658766313911,5.139983801872345
0.6B,481,5.8343042217321335,0.8569398308233919,4.9773643909087415,5.972790985259309,0.9544340029249649,5.074504044111338
0.6B,482,5.457958022080699,0.8092660835736354,4.648691938507063,5.611937503166916,0.9515082024691666,4.721474611287341
0.6B,483,8.098136978266467,0.9277851718558385,7.170351806410629,8.689218431523578,0.9840471637045681,7.726360684702689
0.6B,484,5.459956063636408,0.7669683280507028,4.692987735585706,5.693535359799379,0.9380130933276063,4.770815103177759
0.6B,485,5.532696419869239,0.828614868125488,4.704081551743751,5.822607135393361,0.9405223203811051,4.938219729659792
0.6B,486,7.127781580072441,0.8994158549070357,6.228365725165405,7.444627798406372,0.9795514654427012,6.503381348747762
0.6B,487,6.462179947320609,0.8729532059608274,5.589226741359783,6.411671792169601,0.9700292494214555,5.4642943382582105
0.6B,488,5.82136991729341,0.8540239363770764,4.967345980916334,5.8632122392620705,0.9484880760741909,4.92539809131252
0.6B,489,6.361720871774523,0.8598580002418241,5.501862871532699,6.7754044358200884,0.9626493634223953,5.829913640730297
0.6B,490,6.52395748271293,0.8757912228051659,5.648166259907764,6.884390185637152,0.969443075090569,5.954541137616498
0.6B,491,5.626322597064863,0.8531609944623839,4.773161602602478,5.667687571253255,0.9529828681228764,4.733179623436868
0.6B,492,6.813030616233696,0.8743324135737489,5.938698202659947,6.9871463798746625,0.9765824414334774,6.035928319929507
0.6B,493,5.768285610368055,0.7844797762987551,4.9838058340693,6.51267720302133,0.9572658766313911,5.561763439061625
0.6B,494,6.17434563505976,0.8245237973936863,5.349821837666075,6.648116636263506,0.9515082024691666,5.715964335678587
0.6B,495,5.238832962018333,0.8419100215012796,4.396922940517054,5.298260925998003,0.9237274832759463,4.395442343828851
0.6B,496,5.989959573157166,0.8723007450980291,5.117658828059137,6.069777505525674,0.9600042072840912,5.130748365524083
0.6B,497,4.961417056987517,0.809042350785786,4.152374706201731,4.908230931152037,0.9354557645575772,4.047719265193949
0.6B,498,6.047302461830614,0.8602538327687145,5.1870486290618985,6.164389633314228,0.9652016987500656,5.254541784815288
0.6B,499,6.327324890912024,0.8897507876107974,5.437574103301228,6.5476412759417375,0.967661552439695,5.603266189129431
8B,0,1.5318126521562403,0.4172123125815272,1.114600339574713,1.0121454000473022,0.321837152478326,0.5300369217971608
8B,1,2.257890923845144,0.5042748503984772,1.7536160734466668,1.6326045393943787,0.5584535164898052,1.0739290567073545
8B,2,5.0239932204404045,0.8608205782544472,4.163172642185957,5.1017165184021,0.9453732087003415,4.185484612571701
8B,3,3.9355763718623664,0.7223631983331368,3.2132131735292293,3.804079532623291,0.8822437977976197,2.9121286551134062
8B,4,5.273654274270815,0.8382135496802827,4.435440724590531,5.380649566650391,0.9453732087003415,4.45659829123375
8B,5,4.45090248786263,0.7918461575514509,3.659056330311179,4.444636344909668,0.9283620723948676,3.5630792771304924
8B,6,4.581745126343832,0.8051571437216503,3.7765879826221824,4.439050197601318,0.9354557645575772,3.5516644079027486
8B,7,4.54639588787238,0.7791056417276615,3.767290246144718,4.614532470703125,0.9129992135852473,3.7399925129707845
8B,8,3.6684576946282843,0.6596619675162606,3.008795727112024,3.337584376335144,0.8293289299279161,2.590388222272664
8B,9,3.921336379397586,0.7266321730758826,3.194704206321704,3.8472737073898315,0.8869456102215852,2.9811318073524067
8B,10,4.908947063680512,0.8087047371768427,4.10024232650367,4.841685771942139,0.9265278206465939,3.9544497175502102
8B,11,4.062206107861451,0.7363548013607237,3.325851306500727,4.085174798965454,0.9078692865614137,3.2105642473926572
8B,12,4.316224174931806,0.7080809725581533,3.6081432023736526,4.1773176193237305,0.9047209661860875,3.3031834153410204
8B,13,3.833203440189922,0.6836751234789482,3.1495283167109736,3.6958703994750977,0.8712774734962674,2.8179866049876177
8B,14,1.9036702506519565,0.4650461712508368,1.4386240794011198,1.3091026544570923,0.4359480597900055,0.8493287459743707
8B,15,4.873014930388952,0.771662757110473,4.101352173278479,4.854238986968994,0.9208780154383214,3.949910469094772
8B,16,5.130590188714539,0.7939037787299231,4.336686409984615,5.241223096847534,0.924669105974498,4.360857946620083
8B,17,7.611434074156851,0.9129847122199818,6.69844936193687,8.634227752685547,0.9913533102170102,7.65882926667275
8B,18,5.308466382497258,0.8121935473863171,4.496272835110941,5.441506624221802,0.9484880760741909,4.530529955891603
8B,19,4.911554598631193,0.8390837934598534,4.072470805171339,4.9756529331207275,0.9453732087003415,4.069655254775947
8B,20,4.193665186589454,0.757445266491847,3.436219920097607,4.349430561065674,0.8982471255793865,3.494301723437896
8B,21,5.494176703618414,0.7987963564890856,4.695380347129328,5.745835065841675,0.9274449465207307,4.826004894355629
8B,22,4.006521739407576,0.6642656169215091,3.3422561224860674,4.048144817352295,0.8623817843585116,3.229381222141811
8B,23,4.584193483311312,0.788901031982808,3.795292451328504,4.642655611038208,0.9129992135852473,3.7754513199535866
8B,24,4.364259569328419,0.7668793868395947,3.5973801824888243,4.413913249969482,0.9025884080335268,3.5306172067792865
8B,25,5.879408755383982,0.8595398747714942,5.019868880612488,5.91111159324646,0.9586467114543629,5.003456015790561
8B,26,5.5958227790172,0.8384344916953247,4.757388287321875,5.635852336883545,0.9421631690835511,4.713421442916662
8B,27,5.036755792942904,0.8211955089767342,4.21556028396617,5.109699249267578,0.9453732087003415,4.179326230931879
8B,28,4.291213748902026,0.7552169899762133,3.5359967589258128,4.276054382324219,0.9025884080335268,3.4369434810609376
8B,29,2.4445522804657758,0.5066061330518739,1.9379461474139017,1.5589650869369507,0.5651013322959568,1.006287455012401
8B,30,2.414355779118587,0.49449923671922613,1.9198565423993608,1.6000455021858215,0.4995034353744262,1.0384618529833025
8B,31,5.432840026174774,0.7654148703335134,4.6674251558412605,5.796612024307251,0.9337187102245466,4.912920778456024
8B,32,2.3491725357818374,0.4189491246922052,1.9302234110896321,0.7865557670593262,0.2101879372878549,0.4577882614592872
8B,33,1.5020351761789004,0.370354454072255,1.1316807221066458,0.7176876962184906,0.1871403809139774,0.3581216446441793
8B,34,4.997566445140309,0.7881154057859473,4.209451039354361,5.00744366645813,0.924669105974498,4.097089005216565
8B,35,5.180150925041696,0.8273146762967349,4.352836248744961,5.2531609535217285,0.9405223203811051,4.337506177524716
8B,36,5.79133765813091,0.830914196062141,4.960423462068769,6.1404032707214355,0.9469425115788506,5.24447795426108
8B,37,3.696838636788917,0.6449772502585611,3.0518613865303563,3.515423536300659,0.8174108828059471,2.7304668515918404
8B,38,4.0474029167335575,0.746414481335389,3.300988435398169,4.092803478240967,0.9004304890456556,3.2337526587385605
8B,39,2.145656331783072,0.48011138957688415,1.6655449422061877,1.4925044178962708,0.5162223819695279,0.9733016159270698
8B,40,1.1877907820582774,0.33958336693254826,0.8482074151257292,0.5975065231323242,0.14120071444968302,0.21381991891986774
8B,41,1.83690453227611,0.4420239214712803,1.39488061080483,1.0733465552330017,0.3788006504906973,0.688376351919181
8B,42,6.017929543344153,0.8514638598725738,5.16646568347158,6.182058334350586,0.9626493634223953,5.231432355490099
8B,43,5.660447841147795,0.8322703414513976,4.828177499696397,5.826837539672852,0.9544340029249649,4.929422994885844
8B,44,5.411773712447866,0.8253714796072479,4.586402232840618,5.59560751914978,0.9469425115788506,4.682768263613122
8B,45,2.480047249032142,0.5240858895676016,1.9559613594645404,1.9383745193481445,0.6192779175889324,1.295585670903606
8B,46,2.5775442299160725,0.5546787075251439,2.0228655223909286,2.2707823514938354,0.6530369782801025,1.655352415160941
8B,47,2.494325363838668,0.5549746305785557,1.939350733260112,2.0640971660614014,0.6439403638806509,1.4211386396448316
8B,48,4.115947289048837,0.7426857749726569,3.3732615140761797,4.106239080429077,0.8869456102215852,3.286438635769194
8B,49,4.437026138531327,0.7813574789380905,3.6556686595932364,4.367779731750488,0.9169882436828392,3.477257721616472
8B,50,5.709735042205414,0.7880036431979845,4.921731399007429,6.031491279602051,0.9537084355239207,5.095154792156121
8B,51,4.387446237824648,0.7775779078372274,3.6098683299874206,4.475504159927368,0.9189455003071654,3.6002137690166123
8B,52,5.71214929060356,0.8248435097318301,4.88730578087173,5.6634063720703125,0.9515082024691666,4.776889673689222
8B,53,4.169379822793417,0.7399941562448964,3.4293856665485203,4.223012208938599,0.8915435098801496,3.418326014345065
8B,54,4.039458248362151,0.7424382929795118,3.2970199553826394,4.0611793994903564,0.8869456102215852,3.2102267200902563
8B,55,3.8878316980397236,0.6352970084041937,3.2525346896355294,3.085579752922058,0.8322368857340847,2.318732926009756
8B,56,0.8670742896512865,0.2698611864041483,0.5972131032471383,0.19701514393091202,0.03687450625387198,0.06135767961123606
8B,57,6.1805326954123725,0.9011742476629631,5.279358447749409,6.2065205574035645,0.9711786368608174,5.267013496035954
8B,58,5.644034440526548,0.8366191982633827,4.807415242263166,5.746999979019165,0.9354557645575772,4.868996356472255
8B,59,7.075786785977744,0.9023400239121,6.173446762065645,7.282345533370972,0.9734086775396755,6.340679419072654
8B,60,6.404127359089401,0.8433574694952988,5.560769889594103,6.71551251411438,0.9700292494214555,5.755736215065834
8B,61,6.8535765251489895,0.8907080760139876,5.9628684491350015,7.147812128067017,0.967661552439695,6.215158126379883
8B,62,4.732724078501054,0.8037620859626295,3.928961992538424,5.0214269161224365,0.9265278206465941,4.130036198162263
8B,63,2.7703232912626463,0.5883501071350287,2.1819731841276178,2.327309012413025,0.7144438432285523,1.629466164781019
8B,64,1.7726396787581329,0.4372490526876125,1.3353906260705204,1.2050400972366333,0.36708875901073373,0.7504631434007298
8B,65,5.461256722409957,0.7878038942964728,4.673452828113485,5.467616081237793,0.9469425115788506,4.5845013943683215
8B,66,1.898825171264386,0.39450093225609223,1.5043242390082932,0.7172704935073853,0.19696780228174046,0.37979184069367855
8B,67,4.604955679485432,0.7158279540487785,3.8891277254366527,4.579188823699951,0.9129992135852473,3.6850522137479134
8B,68,3.959696017420666,0.7151765975500102,3.2445194198706555,4.0317299365997314,0.8725253619169874,3.229046805084344
8B,69,4.52297665430442,0.7405110364695449,3.7824656178348746,4.420087814331055,0.9089103274103589,3.5803715713645277
8B,70,5.7170825784124375,0.800395857435506,4.916686720976933,5.861818075180054,0.9484880760741909,4.943131804785489
8B,71,5.691170186750628,0.8493858165530366,4.841784370197591,5.868138551712036,0.954434002924965,4.963118261150738
8B,72,1.6205069929033997,0.40517115121411823,1.2153358416892817,0.9923183023929596,0.25846586353818835,0.5224093723735546
8B,73,5.3814339299656115,0.8219085210394567,4.559525408926154,5.430150508880615,0.9354557645575772,4.517312142981589
8B,74,4.564466624966548,0.8312621485885198,3.733204476378029,4.566423177719116,0.924669105974498,3.6343585638251223
8B,75,4.462775282813669,0.7921186754050639,3.6706566074086053,4.5274131298065186,0.9283620723948676,3.6253992065373253
8B,76,4.247696051161723,0.7411144689259258,3.5065815822357975,4.1759867668151855,0.9025884080335268,3.3379861198065592
8B,77,6.096194198422043,0.8389472661550825,5.25724693226696,6.104886770248413,0.9586467114543629,5.196180368329023
8B,78,2.9199890404855786,0.5878615513352754,2.332127489150303,2.2589691877365112,0.7357696278107799,1.600239331197221
8B,79,3.80428609986122,0.711091023707162,3.0931950761540583,3.6669671535491943,0.8798536873545877,2.8546622965967092
8B,80,4.463598113748914,0.7142458866114021,3.749352227137512,3.872460961341858,0.8915435098801496,3.045503517741725
8B,81,2.811294300761903,0.5630223853265431,2.2482719154353594,2.3672391176223755,0.7033867211488412,1.6672571612043685
8B,82,3.445019664070214,0.5817168434257898,2.863302820644424,2.8569629192352295,0.7578784625383954,2.118754968582516
8B,83,5.031970027828768,0.7714770080779145,4.260493019750855,5.035002946853638,0.9292670001082631,4.166801037824907
8B,84,4.38747589853005,0.8018213432875083,3.585654555242542,4.347675323486328,0.9068282457124686,3.48420921079832
8B,85,4.5424209559593605,0.7696331201493554,3.772787835810005,4.613710403442383,0.9169882436828392,3.749969348612806
8B,86,5.499435794042409,0.8436757376753918,4.655760056367018,5.7142229080200195,0.9572658766313911,4.778952066139901
8B,87,5.111617429240801,0.8039986765197382,4.307618752721062,5.5054521560668945,0.9354557645575772,4.560281136129774
8B,88,5.544098283687171,0.8286560794496455,4.715442204237525,5.712271213531494,0.9469425115788506,4.810415967627582
8B,89,6.4842837689064785,0.8777962163862368,5.606487552520242,6.688812494277954,0.9734086775396755,5.7447041593552495
8B,90,5.017874006943935,0.816678310292945,4.20119569665099,4.997907876968384,0.9388575093412462,4.0942704105975665
8B,91,5.488998596438266,0.8516751898791679,4.637323406559099,5.60690712928772,0.9515082024691666,4.716977165570102
8B,92,4.543303947215198,0.7511262941054746,3.792177653109723,4.51685094833374,0.91400269319012,3.614647846584534
8B,93,4.461101186383931,0.7554416310436471,3.7056595553402834,4.443086624145508,0.893803723330197,3.5709086246383603
8B,94,2.0958679207987827,0.4855488157323777,1.6103191050664054,1.2963908314704895,0.5190807539471813,0.8366993905128022
8B,95,1.5650317481587996,0.42474794547763095,1.1402838026811688,0.9930341839790344,0.31692024709817435,0.5145494376540467
8B,96,4.0524955084630845,0.7120703342112945,3.3404251742517896,4.122331380844116,0.8881015563948149,3.2233509955600663
8B,97,5.242102051493597,0.7488707061841235,4.493231345309473,4.934645175933838,0.9354557645575772,4.037497136069213
8B,98,4.2620852536639555,0.7362558327390989,3.5258294209248566,4.351111888885498,0.8960382325345574,3.4973059002294207
8B,99,1.9059800249375325,0.4984538017842362,1.4075262231532963,1.7283812761306763,0.5544309233552465,1.1644975370951518
8B,100,2.4642779031256126,0.5626629777871862,1.9016149253384262,2.1519612073898315,0.6793929348105142,1.4724015321783557
8B,101,3.403541106583622,0.6156741010180724,2.7878670055655492,2.9898611307144165,0.8112781244591328,2.1590257182349735
8B,102,5.744541359475023,0.8618493451316731,4.882692014343349,5.829742670059204,0.9572658766313911,4.893277374770338
8B,103,4.218348958303398,0.7236200346792815,3.4947289236241166,4.08074426651001,0.8700295850755476,3.22369866872409
8B,104,2.7721684856490083,0.5603072066075211,2.2118612790414875,1.9720187783241272,0.686822581231133,1.3320368776918032
8B,105,4.769579695029142,0.777344289462991,3.992235405566151,4.800266265869141,0.9301719278216587,3.9461440049749976
8B,106,5.265162141768023,0.7984274600320667,4.466734681735956,5.033019065856934,0.9354557645575772,4.126724748738553
8B,107,4.457845836770679,0.8001275244710946,3.657718312299585,4.392950534820557,0.9319574523469683,3.502717380798318
8B,108,2.612668416279723,0.5806593284670578,2.032009087812665,2.1375116109848022,0.7164081427194493,1.460981169008392
8B,109,4.597925843196251,0.7874760247650524,3.8104498184311972,4.552919626235962,0.9169882436828392,3.653485036364614
8B,110,5.617594152521183,0.8415678357378683,4.776026316783314,5.638265609741211,0.9515082024691666,4.720068170776248
8B,111,1.9795625205151184,0.48808811183043543,1.4914744086846827,1.4253692030906677,0.48984842394089356,0.8898459335520752
8B,112,2.8406505098553945,0.5533272735556414,2.287323236299753,2.0651220083236694,0.671846604382597,1.4186514432987143
8B,113,3.3815047289930864,0.6304195718599732,2.751085157133113,2.9857910871505737,0.7676204342727391,2.2296621933958614
8B,114,4.341052459051193,0.7021572217348305,3.6388952373163623,3.651322841644287,0.8960382325345573,2.8019893744254945
8B,115,6.737753438446012,0.8626193849025394,5.875134053543472,7.005608797073364,0.9711786368608173,6.065776815771403
8B,116,5.508338904435627,0.8285860991162596,4.679752805319367,5.577557563781738,0.9453732087003415,4.682608503209039
8B,117,5.1067068660849415,0.7287160021651128,4.377990863919828,5.113641023635864,0.9036546871098072,4.2693433416387485
8B,118,4.707561949639202,0.774405108664916,3.9331568409742856,4.750224351882935,0.9274449465207307,3.8850509962863082
8B,119,5.578787286707666,0.8324132414277642,4.746374045279901,5.740360736846924,0.9515082024691666,4.815009999921278
8B,120,5.315051283931452,0.8193704535071135,4.495680830424338,5.50817608833313,0.9544340029249649,4.57847828961377
8B,121,1.422152772933069,0.3349540936888044,1.0871986792442645,0.3880140334367752,0.06930217548561188,0.17122679441438798
8B,122,4.068238477096548,0.7089973382164372,3.359241138880111,4.058934926986694,0.877437311089633,3.2084895169823766
8B,123,5.805721399521113,0.833803001161564,4.9719183983595485,6.072564601898193,0.9572658766313911,5.132046669089065
8B,124,5.1289563147354755,0.8378035980105125,4.291152716724963,5.125669956207275,0.9484880760741909,4.219769180676234
8B,125,2.054645440519915,0.4661542676308612,1.5884911728890536,1.3670832514762878,0.4615217448770414,0.9066589114550447
8B,126,4.6363870875535795,0.7960391816679088,3.840347905885671,4.616121768951416,0.9208780154383214,3.737973909570842
8B,127,5.486050944715332,0.8428553011853119,4.64319564353002,5.5775110721588135,0.9544340029249649,4.647353434038433
8B,128,2.278099303248728,0.5004712570110551,1.7776280462376732,1.7651392817497253,0.5324966654459904,1.2041533988279
8B,129,4.968923593308665,0.8023702492672699,4.166553344041394,4.889567613601685,0.9319574523469683,4.002506501162815
8B,130,5.654016231643496,0.8344238307687238,4.819592400874772,5.8281569480896,0.9453732087003415,4.912010277847698
8B,131,4.930745893890971,0.8081433118661054,4.122602582024865,5.086970567703247,0.9265278206465939,4.198933167885959
8B,132,3.9922402242968165,0.7207471228362519,3.2714931014605644,3.429795265197754,0.8636698440190613,2.601562226016747
8B,133,3.61373782200744,0.6719970655622801,2.94174075644516,3.629434585571289,0.8435865662816968,2.7595826952218605
8B,134,3.3202117628762724,0.6389555897320208,2.6812561731442512,2.937495470046997,0.8050279555733038,2.189753530773821
8B,135,2.1967270339578455,0.5639247236370029,1.6328023103208429,1.9262712597846985,0.6427908061602575,1.2751962469734626
8B,136,4.841702035857259,0.7939645312172638,4.047737504639995,4.9705493450164795,0.9301719278216587,4.092736677597941
8B,137,4.571975099256384,0.7523744601486084,3.8196006391077755,4.384753227233887,0.9025884080335268,3.5100545433573376
8B,138,5.266181378336613,0.8203870285772009,4.445794349759412,5.3556835651397705,0.9354557645575772,4.464573278242611
8B,139,6.015761344951125,0.8430064569371355,5.17275488801399,6.22359037399292,0.9593254593692271,5.30463881422016
8B,140,4.722203221872776,0.8328808033136618,3.889322418559114,4.7026143074035645,0.9421631690835511,3.795498441378701
8B,141,4.170147407969946,0.7830411359083914,3.387106272061555,4.06201958656311,0.9169882436828392,3.174698814787372
8B,142,4.51183185583261,0.7673175648385843,3.744514290994026,4.62512731552124,0.9208780154383214,3.7488666198638034
8B,143,4.98399421470677,0.7766181070619896,4.20737610764478,4.93656325340271,0.9328380812857574,4.046945472063012
8B,144,4.30202460785885,0.7522527207884178,3.5497718870704325,4.277043581008911,0.8822437977976197,3.4474193933882944
8B,145,6.458266003969334,0.871216899594995,5.58704910437434,6.820785760879517,0.9734086775396755,5.884475224927023
8B,146,6.287795585848562,0.8484037637987006,5.439391822049861,6.380773544311523,0.9652016987500656,5.4247641668899576
8B,147,5.448953316524875,0.8097409611849561,4.639212355339919,5.655930042266846,0.9544340029249649,4.72665940032987
8B,148,5.954845924149812,0.7924248044188573,5.162421119730954,6.318640232086182,0.9421631690835511,5.372319790479321
8B,149,5.373215120223936,0.8093837580097363,4.5638313622141995,5.549915075302124,0.9421631690835511,4.654374814712336
8B,150,2.841035168894905,0.6222784327560656,2.218756736138839,2.895989418029785,0.763222724545465,2.1410242994729556
8B,151,4.4596638958014205,0.7843972701005968,3.6752666257008246,4.454957723617554,0.9109672906879394,3.5921956736570944
8B,152,3.93142343499861,0.7273891703241787,3.2040342646744313,3.8650901317596436,0.8725253619169873,3.033477653285101
8B,153,5.042340172232701,0.8085554340656491,4.233784738167052,4.911890268325806,0.9208780154383214,4.055955843070717
8B,154,5.0718046638136425,0.8161315382534201,4.255673125560222,4.913293838500977,0.9437801130207212,3.9906831493155916
8B,155,4.640968832584082,0.7657446103691136,3.875224222214967,4.598052740097046,0.9129992135852473,3.7402890741039037
8B,156,4.775883077259795,0.7857986359060923,3.9900844413537038,4.792200326919556,0.924669105974498,3.899434206949043
8B,157,5.462238272365628,0.8095666772195081,4.65267159514612,5.6242687702178955,0.9453732087003415,4.710642027391778
8B,158,4.953330834397214,0.7967338324134353,4.156597001983779,4.9425225257873535,0.9283620723948676,4.0834939913075665
8B,159,5.458376318163252,0.8206344382166015,4.637741879946649,5.6168248653411865,0.9529828681228764,4.679310292140978
8B,160,4.81463304512469,0.7748142213682075,4.039818823756483,4.99179220199585,0.924669105974498,4.069213959333081
8B,161,4.175935550725674,0.7354263740501962,3.440509176675478,4.264235258102417,0.893803723330197,3.4268035709113156
8B,162,6.0453022909567045,0.8578180063959391,5.187484284560765,6.194859743118286,0.9600042072840912,5.251433938681153
8B,163,4.561988447993166,0.7488729810320918,3.8131154669610736,4.672617673873901,0.9208780154383214,3.78265209275735
8B,164,2.5610252721347657,0.517984232808965,2.043041039325801,2.0748802423477173,0.5884178406023265,1.447886886528249
8B,165,4.263202275470353,0.7416098121350542,3.5215924633352986,4.318926811218262,0.9047209661860875,3.443784383881816
8B,166,5.34011124715413,0.8479457775643999,4.49216546958973,5.454216003417969,0.9515082024691666,4.548954845010141
8B,167,5.5796410771286675,0.7793924736199674,4.800248603508701,5.350920677185059,0.9380130933276063,4.48413581356132
8B,168,4.296313007973482,0.7206380704882807,3.5756749374852013,3.907331943511963,0.8881015563948149,3.0970349744949486
8B,169,5.35897548446371,0.7935446043185191,4.565430880145191,5.502080917358398,0.9301719278216587,4.613396816999434
8B,170,4.35969873105559,0.7588859903026393,3.6008127407529513,4.454097509384155,0.9004304890456556,3.5770683452934557
8B,171,5.474810414254422,0.8343806224368424,4.64042979181758,5.756359815597534,0.9437801130207212,4.834104349573479
8B,172,4.589985287041837,0.7737810173853582,3.8162042696564793,4.61360239982605,0.9129992135852473,3.7074471778697973
8B,173,4.318344764530215,0.7512179392361649,3.5671268252940496,4.359980583190918,0.9047209661860875,3.519036897185833
8B,174,5.53797462407566,0.8391696088411996,4.698805015234461,5.798893690109253,0.9437801130207212,4.872981104304715
8B,175,4.153649771235398,0.771639165865373,3.382010605370025,4.2367188930511475,0.9109672906879394,3.3430864810943604
8B,176,6.143191893847218,0.8640969426224987,5.27909495122472,6.114317417144775,0.9613384097169944,5.176800455545107
8B,177,2.0101573752255493,0.48218326568703246,1.5279741095385169,1.2175049781799316,0.4739291234809583,0.7397943181306617
8B,178,4.393860498588829,0.7664116504707249,3.6274488481181044,4.490658521652222,0.8982471255793865,3.6437008651159397
8B,179,4.7758149029290085,0.7705566041378163,4.005258298791192,4.860577344894409,0.9129992135852473,3.9949101935295954
8B,180,5.106857285229725,0.7953124512538993,4.311544833975826,5.029944658279419,0.9265278206465941,4.148813426625983
8B,181,5.577393402747266,0.8401039734197154,4.737289429327551,5.834439516067505,0.9500099555782804,4.904719451284386
8B,182,6.299329648130734,0.8535340329748945,5.4457956151558395,6.6253883838653564,0.9652016987500656,5.678927503607023
8B,183,5.458134505818498,0.8038282893357832,4.6543062164827145,5.738082647323608,0.9484880760741909,4.864536465314087
8B,184,3.663655588998194,0.7550809080111262,2.908574680987068,3.5512263774871826,0.8798536873545877,2.7288231338971096
8B,185,4.738470622403371,0.7736215655974629,3.964849056805909,4.98103404045105,0.9388575093412462,4.085236298007445
8B,186,5.011541843593437,0.8223200496108161,4.189221793982621,5.180988311767578,0.9388575093412462,4.289804518803906
8B,187,5.465867276968899,0.846666194023707,4.619201082945192,5.399741888046265,0.954434002924965,4.479091831256705
8B,188,4.354816089101831,0.7013179166866355,3.6534981724151963,4.255165338516235,0.8982471255793865,3.407810051234317
8B,189,4.383771253198751,0.7105821081833267,3.6731891450154244,4.5062103271484375,0.924669105974498,3.5988759354091275
8B,190,4.9187228566024555,0.8080458992635794,4.1106769573388755,5.040235996246338,0.9371686773139664,4.136915444163175
8B,191,5.894138521275757,0.8497539757208202,5.044384545554936,6.195706129074097,0.957956294042877,5.279752220601811
8B,192,4.060627718957326,0.7290030517846116,3.331624667172714,4.070570945739746,0.8915435098801496,3.2021149632179657
8B,193,5.273023547366248,0.7928063872957655,4.480217160070482,5.217524528503418,0.9274449465207308,4.332966085992899
8B,194,4.12786906593645,0.7765797078716795,3.3512893580647702,4.273451805114746,0.8915435098801496,3.4006546085368203
8B,195,5.360820769333251,0.8274088489306551,4.533411920402596,5.51371693611145,0.9453732087003415,4.600861942378687
8B,196,7.358830315601781,0.903258314647729,6.455572000954052,7.60821795463562,0.9785844853199951,6.654587659278302
8B,197,5.5946153641031415,0.8300668955595075,4.764548468543635,5.724819660186768,0.9484880760741909,4.8073961134992
8B,198,4.827075937234251,0.764565196744872,4.062510740489379,4.708044767379761,0.9189455003071654,3.851775956770194
8B,199,5.160458007372299,0.8249657050406111,4.335492302331688,5.4415974617004395,0.9572658766313911,4.521353799633264
8B,200,3.0588307995133275,0.5968147602996007,2.4620160392137262,2.2935855388641357,0.7649881629079047,1.6017434435751514
8B,201,2.2889052571305863,0.5457420445625845,1.7431632125680017,1.8807753324508667,0.6346832232379866,1.2449422101433605
8B,202,4.2165537472208,0.7513809668026623,3.465172780418138,4.367181777954102,0.8915435098801496,3.478868905129659
8B,203,4.321795735996787,0.7733925619799059,3.5484031740168813,4.426215171813965,0.9089103274103589,3.5274319043465736
8B,204,3.929126690446803,0.7426144959834658,3.186512194463337,3.961906671524048,0.8960382325345573,3.09619519133621
8B,205,5.224526696786413,0.8094125661965359,4.415114130589876,5.48495078086853,0.9500099555782802,4.578720008335148
8B,206,5.725440121159489,0.8611400327753167,4.864300088384173,5.881443023681641,0.9613384097169944,4.941138105348915
8B,207,6.000521338646778,0.8471632506696327,5.153358087977146,6.161836862564087,0.9600042072840912,5.218802326094164
8B,208,1.8579006419140736,0.4443147359624358,1.4135859059516376,1.1239619851112366,0.38678437803485316,0.6962226213774847
8B,209,6.443357729100308,0.8687760108015691,5.574581718298739,6.660983562469482,0.9639371121521569,5.730845605838576
8B,210,6.152283393419389,0.8890860353363609,5.263197358083027,6.056810140609741,0.9600042072840912,5.120373607563428
8B,211,6.347228274301552,0.8685278315547434,5.478700442746808,6.603896379470825,0.9639371121521569,5.6622039254274945
8B,212,5.597203140882643,0.8472064920230945,4.749996648859548,5.588616609573364,0.9572658766313911,4.664268665820195
8B,213,4.213346711234045,0.6294688873833325,3.583877823850712,3.5220117568969727,0.8662325190806162,2.7437630729333935
8B,214,4.949559074828213,0.8015945099732815,4.147964564854932,4.972918510437012,0.9354557645575772,4.083992393560669
8B,215,3.4320784654973204,0.6339180897174302,2.79816037577989,3.0792120695114136,0.798659130358246,2.319218996716569
8B,216,4.867734775650982,0.7839513414562089,4.083783434194774,5.262776613235474,0.9337187102245466,4.344417416240585
8B,217,3.5020389903772484,0.6308468698683433,2.8711921205089053,3.2501893043518066,0.8234274317947734,2.4341471703337714
8B,218,6.306403391102748,0.8509747500684794,5.455428641034269,6.6928932666778564,0.9600042072840912,5.750954904305932
8B,219,4.43088231823545,0.7495149648960042,3.681367353339445,4.4959328174591064,0.9047209661860875,3.6512944512160734
8B,220,2.420291709721168,0.5709380611812935,1.8493536485398745,2.1862772703170776,0.686822581231133,1.476775565414006
8B,221,5.089607283906256,0.7941370882303574,4.2954701956758985,5.248640537261963,0.9292670001082631,4.337773344097572
8B,222,5.435068061900845,0.8202555258224402,4.6148125360784045,5.487891435623169,0.9354557645575772,4.611538243194845
8B,223,2.1793851005682376,0.5661477404816577,1.6132373600865797,1.9809006452560425,0.6530369782801025,1.3715705336346875
8B,224,4.1136933576375005,0.7529970334437369,3.3606963241937637,4.2529988288879395,0.8960382325345573,3.394239286738635
8B,225,1.9910741536471361,0.5013774309477199,1.4896967226994164,1.5445405840873718,0.5435644431995964,1.0080163348029076
8B,226,4.604080465883263,0.7480447974204044,3.8560356684628587,4.159811735153198,0.9089103274103589,3.2891188610918363
8B,227,5.477329359848025,0.8167918496962535,4.660537510151772,5.677454710006714,0.9453732087003415,4.756913840731306
8B,228,5.339521438502413,0.8453324261585429,4.49418901234387,5.323391437530518,0.9522455352960215,4.39316620107542
8B,229,5.35419216655443,0.8396808467859911,4.514511319768439,5.521865129470825,0.9515082024691666,4.581191007315009
8B,230,5.510931646314076,0.8333359406563274,4.677595705657748,5.5135087966918945,0.9453732087003415,4.600698504118675
8B,231,3.494085020413195,0.6260492088625993,2.8680358115505964,3.005038857460022,0.800262530556453,2.2435532038275956
8B,232,4.111286896590688,0.7482391158540378,3.3630477807366495,4.043423414230347,0.8798536873545877,3.197531362363616
8B,233,6.516705341128139,0.8857046625629726,5.631000678565167,6.729506731033325,0.9688569007596826,5.7887665696156905
8B,234,4.468997156086138,0.7772519741373535,3.6917451819487845,4.444418430328369,0.9129992135852473,3.557502306923948
8B,235,3.9448198051774925,0.7201952746088892,3.224624530568603,3.913613200187683,0.8857766751538636,3.022918453441934
8B,236,6.218559058097864,0.8714207337466096,5.3471383243512545,6.340280294418335,0.9688569007596826,5.413709130951295
8B,237,4.108151196894496,0.7054544167491382,3.402696780145358,4.341507434844971,0.9025884080335268,3.439605602589822
8B,238,2.02140424918827,0.4874023839164594,1.5340018652718106,1.578054130077362,0.487599388561828,1.0263443388320441
8B,239,3.287697446160013,0.6479491658031337,2.6397482803568786,2.7950865030288696,0.8112781244591328,2.091173177684214
8B,240,4.601384755003006,0.7892944136006558,3.812090341402351,4.700618743896484,0.921831938007858,3.7864802346352793
8B,241,3.527995136460621,0.6680600332350833,2.8599351032255376,3.39292049407959,0.8322368857340847,2.6460823778891265
8B,242,4.32115637630199,0.7411811597472984,3.5799752165546916,4.0868425369262695,0.9004304890456556,3.2625845823846555
8B,243,4.536187002529568,0.7529881372088878,3.7831988653206805,4.702298879623413,0.9208780154383214,3.803832929108852
8B,244,4.745555109415251,0.7746674206038868,3.9708876888113642,4.836138725280762,0.9199117578727434,3.9520250503436865
8B,245,3.5856633291326605,0.7055203294320538,2.880142999700607,3.5021250247955322,0.8463541013584317,2.717794800364974
8B,246,5.095343084451248,0.7845309388738368,4.310812145577413,5.229223966598511,0.9159972082389158,4.357067146350462
8B,247,5.174742712079345,0.8093717697275984,4.365370942351746,5.1520161628723145,0.9405223203811051,4.250845320241474
8B,248,2.403525985650295,0.5278068587722223,1.8757191268780724,1.7082104682922363,0.5959838258557496,1.1055460213313664
8B,249,4.996046004415747,0.8312983930286635,4.1647476113870825,5.169208526611328,0.9469425115788506,4.2693179301333934
8B,250,4.643068430973351,0.797109358362161,3.84595907261119,4.594018936157227,0.9208780154383214,3.730124614635275
8B,251,4.806845426856153,0.8054091907007221,4.00143623615543,4.853642463684082,0.9354557645575772,3.992646619493038
8B,252,4.727150024507767,0.8257994406201873,3.901350583887581,4.738812208175659,0.9301719278216587,3.841648289080353
8B,253,4.933871111827585,0.7830764614466226,4.150794650380962,4.911992311477661,0.9283620723948676,4.036836841986242
8B,254,2.5495816901077877,0.5501794911178858,1.9994021989899018,2.097034215927124,0.639332052560352,1.4713924054263867
8B,255,6.09377971352776,0.8572834182191129,5.236496295308648,6.391388416290283,0.967661552439695,5.442352111659802
8B,256,2.102704797015493,0.4649225630823114,1.6377822339331811,1.2828345894813538,0.44082271540572804,0.8384980327114799
8B,257,3.0340905854859876,0.6605809456449748,2.373509639841013,2.9410438537597656,0.8042374392731994,2.1590187742395277
8B,258,5.382055426501428,0.849333425340992,4.532722001160437,5.463329315185547,0.9544340029249649,4.542666531557828
8B,259,4.847231227861804,0.7949953413173616,4.052235886544443,5.0052337646484375,0.9189455003071654,4.080382125864807
8B,260,1.5395194352265626,0.4171186465743251,1.1224007886522376,1.1572940945625305,0.3372900666170139,0.7017953780767086
8B,261,2.555149898418252,0.5515546290538669,2.0035952693643853,1.97683584690094,0.6619760641115652,1.3419584261797715
8B,262,4.790326166863839,0.7540779724296701,4.036248194434168,4.870660781860352,0.924669105974498,3.9749281435566566
8B,263,5.941473195755822,0.8405436857364588,5.100929510019363,6.107342481613159,0.9572658766313911,5.179789323747521
8B,264,7.235299498860876,0.8934226006522835,6.341876898208592,7.876765012741089,0.9823166080205501,6.895503275636582
8B,265,5.758375339910135,0.8248892790925128,4.933486060817622,5.970879077911377,0.9572658766313911,5.079981125326001
8B,266,2.6664825927421276,0.5429449710210764,2.1235376217210513,1.8921771049499512,0.6552864041641527,1.270800375739669
8B,267,1.444584178387468,0.36134845466710314,1.083235723720365,0.5282664895057678,0.13880049798406022,0.22197798268618907
8B,268,4.60952708357533,0.7945125103066945,3.8150145732686354,4.64505934715271,0.9354557645575772,3.7454916335453428
8B,269,5.471460575475208,0.8326886086852292,4.638771966789979,5.13671350479126,0.9453732087003415,4.232296411414782
8B,270,5.432952625953363,0.8140078100307954,4.618944815922569,5.580180883407593,0.9437801130207212,4.6779120317181615
8B,271,4.702758300857076,0.7714337605141643,3.9313245403429122,4.797177076339722,0.9129992135852473,3.9160658263129635
8B,272,5.265870085437973,0.8030761899157584,4.462793895522215,5.446132659912109,0.9301719278216587,4.556310625412463
8B,273,2.225357211932215,0.44262334754073773,1.7827338643914774,1.167951762676239,0.3551531627114157,0.7652837340212255
8B,274,1.7866001665719586,0.4748544455397313,1.3117457210322274,1.2859426140785217,0.4615217448770414,0.7760220749082942
8B,275,5.477091530367814,0.8296716355705784,4.647419894797236,5.785515546798706,0.9507590790237234,4.878899267125911
8B,276,5.8679140427908205,0.8308504941372509,5.0370635486535695,5.87773585319519,0.9613384097169944,4.940585011810719
8B,277,5.192379517586844,0.7760800908310471,4.416299426755797,5.3309326171875,0.9337187102245466,4.448657723333227
8B,278,3.9717697434032235,0.6677942704867659,3.303975472916458,3.3750250339508057,0.8463541013584317,2.5704580573049616
8B,279,5.579557957461805,0.823682447707263,4.755875509754542,5.886167526245117,0.9529828681228764,4.951412811105012
8B,280,4.959230050504614,0.8166103111613029,4.142619739343311,5.037848949432373,0.9354557645575772,4.13402380648635
8B,281,6.368003128942919,0.8445307486122409,5.523472380330678,6.765606880187988,0.9711786368608173,5.811717545491552
8B,282,4.412737784817335,0.7729103670549432,3.6398274177623913,4.658438444137573,0.9047209661860875,3.7673519654168106
8B,283,4.758966303803673,0.7703143340878923,3.988651969715781,4.879700422286987,0.9089103274103589,3.9688153631080407
8B,284,4.999226872417557,0.7733393657813279,4.225887506636229,5.049643039703369,0.924669105974498,4.19165901963755
8B,285,4.837927462066811,0.8358271424317649,4.002100319635047,5.044941425323486,0.9421631690835511,4.125972229828207
8B,286,5.017097755686578,0.7964319356507291,4.2206658200358484,4.857669115066528,0.9405223203811051,3.9303418876756107
8B,287,5.356368875622563,0.799828230397601,4.5565406452249615,5.382062673568726,0.9283620723948676,4.478815006795506
8B,288,0.8058387082389225,0.25888686256938725,0.5469518456695353,0.19112104177474976,0.03687450625387197,0.0634304566584954
8B,289,3.7859718253515315,0.7016379271423784,3.0843338982091533,3.662950873374939,0.8597786663171395,2.819943535898154
8B,290,2.0195561424754236,0.4437657689834266,1.5757903734919974,1.1636802554130554,0.3504994619343672,0.7455034558347625
8B,291,5.450658475112714,0.8239336532967667,4.626724821815947,5.769442558288574,0.9469425115788506,4.872639264820489
8B,292,3.9550897761741304,0.7221266749545775,3.232963101219553,3.613684892654419,0.8960382325345573,2.7565427124462474
8B,293,4.73319997102638,0.7832905720868615,3.949909398939518,4.595847129821777,0.9208780154383214,3.723235236063218
8B,294,4.6695348542962485,0.7984592833451445,3.8710755709511044,4.732608795166016,0.924669105974498,3.847333072327966
8B,295,3.788122901796049,0.7247598872690191,3.06336301452703,3.7928367853164673,0.8712774734962674,2.9452180760351703
8B,296,2.6450143575284186,0.5888853755285364,2.0561289819998825,2.1660449504852295,0.712453444966878,1.5000384031689369
8B,297,7.2454153564222885,0.9004935789308709,6.344921777491418,7.756937503814697,0.9744894033980523,6.787885911182293
8B,298,4.630162606463949,0.7001617723678044,3.9300008340961448,4.637860298156738,0.9047209661860875,3.8053645120399766
8B,299,3.795597286931732,0.7194607591960767,3.076136527735655,3.8375399112701416,0.8822437977976197,2.9918091478928766
8B,300,4.0143384494441685,0.7815519921439888,3.2327864573001794,3.9843661785125732,0.9004304890456556,3.1376144560355907
8B,301,3.6492746593389116,0.6978579795515485,2.9514166797873633,3.571191191673279,0.8675071344816212,2.7526221252914067
8B,302,6.073832150293652,0.8324316879187897,5.2414004623748625,6.298645973205566,0.9613384097169944,5.3628483331217485
8B,303,5.770296121768949,0.8470407445323833,4.923255377236565,6.131561279296875,0.9606713085005427,5.172552200319634
8B,304,4.7379338883624245,0.767845190144633,3.9700886982177916,4.728273630142212,0.9265278206465939,3.8357230103862507
8B,305,3.837992802576621,0.6742754132212513,3.1637173893553694,3.577537775039673,0.8558197105153617,2.8125959327171564
8B,306,6.514577427232252,0.8841685269844237,5.630408900247829,6.722764492034912,0.9700292494214555,5.779080967759081
8B,307,3.066804454765926,0.6317709779781369,2.4350334767877895,2.732086181640625,0.7719706699485863,1.9920148039904828
8B,308,4.7599966743184705,0.7960047130811979,3.9639919612372725,4.750763177871704,0.9274449465207307,3.864264015229524
8B,309,5.732733471142138,0.8394141258874619,4.893319345254676,5.808960199356079,0.9529828681228764,4.893743145339599
8B,310,2.911116620956082,0.5807795032914074,2.330337117664674,2.1993978023529053,0.7164255202126896,1.5389876574476036
8B,311,4.7531754086456655,0.806887750151087,3.9462876584945783,4.939064264297485,0.9380130933276063,4.058303028928854
8B,312,5.570975044066399,0.8682692489862036,4.702705795080196,5.739337205886841,0.9469425115788506,4.83022016487701
8B,313,4.62714293917806,0.750975977851016,3.876166961327044,4.77389669418335,0.921831938007858,3.8977747409006884
8B,314,7.101588365247379,0.8782282319650185,6.22336013328236,7.623151779174805,0.9744894033980523,6.6708317304132505
8B,315,7.062666280053751,0.8254372523072468,6.237229027746504,8.246713638305664,0.9700292494214555,7.30991205513884
8B,316,5.430110131401275,0.8320959048489724,4.598014226552302,5.567893028259277,0.9413427447323282,4.628785479158324
8B,317,4.199361461242537,0.7520732945998566,3.447288166642681,4.203246355056763,0.893803723330197,3.3535643714775767
8B,318,4.786388715086901,0.8000898303927272,3.986298884694174,4.801610469818115,0.9319574523469683,3.9316124270778134
8B,319,4.4007007220592165,0.724561618549039,3.676139103510177,4.445609092712402,0.9025884080335268,3.543087151353257
8B,320,7.042482430558339,0.8846878559220354,6.157794574636303,7.57929801940918,0.9770886313398965,6.595809055036396
8B,321,6.5648195258975575,0.877449028121583,5.687370497775974,6.814440965652466,0.967661552439695,5.864926547459348
8B,322,3.9558028898253546,0.7098063804985154,3.2459965093268393,3.684755563735962,0.8571484374283715,2.8343360045147383
8B,323,3.973890698282821,0.7556527479789138,3.218237950303907,4.0173187255859375,0.8982471255793865,3.190966475142327
8B,324,9.26011216808605,0.9759970434123244,8.284115124673725,9.765453815460205,0.9971803988942642,8.768623882312497
8B,325,4.628042888668452,0.7905633087456118,3.83747957992284,4.488346576690674,0.9208780154383214,3.608847241001044
8B,326,3.994639312149837,0.6910179478375987,3.3036213643122383,3.7302627563476562,0.8798536873545876,2.919614602275403
8B,327,2.1077612739494542,0.4135469733776923,1.694214300571762,1.0413715243339539,0.28867329649652185,0.6738558363122904
8B,328,5.459358290074789,0.8281895853857376,4.631168704689051,5.595884084701538,0.9437801130207212,4.7167607491551555
8B,329,3.6378910510138978,0.6774125786420258,2.960478472371872,3.4676458835601807,0.8597786663171395,2.6188638060834446
8B,330,4.808931309304397,0.7656719062934729,4.043259403010924,4.714717864990234,0.9169882436828392,3.825525239466274
8B,331,6.202710727665499,0.8566700451580136,5.3460406825074855,6.4061195850372314,0.9572658766313911,5.4590675668971205
8B,332,5.0469078061794805,0.7334797073719264,4.313428098807554,4.897867679595947,0.9150061727949925,4.011114457101094
8B,333,4.596623765469263,0.7835530628113938,3.813070702657869,4.597840785980225,0.9169882436828392,3.710181408041834
8B,334,4.623669119120887,0.7403807144349099,3.8832884046859766,4.446110725402832,0.9089103274103589,3.577651955904076
8B,335,4.501891474033998,0.8203729299966035,3.681518544037395,4.5242228507995605,0.9319574523469683,3.602041079165618
8B,336,2.923901990962368,0.6646502861624902,2.259251704799878,2.7683427333831787,0.8158849933298697,2.000235865763092
8B,337,4.877484865672637,0.7841320071662223,4.093352858506415,4.919569253921509,0.9208780154383214,4.0467128470921505
8B,338,6.268389488061719,0.8516221245005974,5.416767363561122,6.702712774276733,0.9652016987500656,5.744615195086401
8B,339,3.9165579310180623,0.7575370347682543,3.1590208962498085,3.8955912590026855,0.8982471255793865,3.070138027300586
8B,340,2.386324549925728,0.47569340354563194,1.9106311463800965,1.6310474276542664,0.484587355975906,1.0994711590603563
8B,341,3.3768661800313726,0.6626173231688234,2.7142488568625494,2.924857497215271,0.8050279555733038,2.2218105198945906
8B,342,4.343953375033701,0.761944791975955,3.582008583057746,4.235402345657349,0.9208780154383214,3.3595265154341103
8B,343,6.0488927297742805,0.8436415466041578,5.205251183170123,6.169801473617554,0.9600042072840912,5.242635292167407
8B,344,4.5720116985628,0.7880996110943026,3.7839120874684977,4.469543218612671,0.9227858605773946,3.6452439731549107
8B,345,5.87345705510285,0.8517675740996022,5.021689481003248,6.090592861175537,0.9558616562817717,5.162700668859024
8B,346,2.244365692072402,0.4981606152786962,1.7462050767937054,1.6592459082603455,0.5755805811774211,1.1129537492764237
8B,347,1.764292260253719,0.44947321370961,1.314819046544109,1.294076383113861,0.4092962956205902,0.8286901021820204
8B,348,5.40766796170389,0.8123098684198661,4.595358093284024,5.378165245056152,0.9371686773139664,4.5190761730942715
8B,349,6.316569392117513,0.8511326733320553,5.465436718785457,6.622473955154419,0.9572658766313911,5.693311033123463
8B,350,5.1277564212188445,0.7984611466063952,4.329295274612449,5.360521078109741,0.9265278206465941,4.463786411186415
8B,351,5.109127924685764,0.7613758028464779,4.347752121839287,5.159301996231079,0.9363122209357717,4.289026997088083
8B,352,7.0644755231369025,0.8978235345932138,6.166651988543689,7.141015529632568,0.9804957926024032,6.188616816351539
8B,353,6.408617199929143,0.8754754903757811,5.533141709553362,6.669226169586182,0.967661552439695,5.725222350364841
8B,354,5.094730166273565,0.7495641800857628,4.345165986187801,5.200550079345703,0.9421631690835511,4.281873044756855
8B,355,6.052352554171266,0.8518011285164987,5.200551425654768,6.254735946655273,0.9664431651609726,5.313670359620057
8B,356,4.897885752865719,0.8144785809700694,4.083407171895649,4.91551661491394,0.9301719278216587,4.009989678173396
8B,357,4.815494656108283,0.7752595836436402,4.040235072464642,4.859131097793579,0.9319574523469683,3.989845337644619
8B,358,5.061515888133855,0.7992688987677001,4.2622469893661545,5.1668713092803955,0.924669105974498,4.288785408162264
8B,359,5.376269221275971,0.8384942345052557,4.537774986770716,5.48273491859436,0.9500099555782804,4.553525954993832
8B,360,5.318095414956209,0.8072967952588578,4.5107986196973515,5.549573659896851,0.9405223203811051,4.6290760462529095
8B,361,2.135713054372946,0.49933434196247933,1.636378712410467,1.5292207598686218,0.5401272447074859,0.9565459909218563
8B,362,4.603481187207481,0.7960268908115846,3.807454296395896,4.868952751159668,0.9371686773139664,3.9394503342960157
8B,363,4.61025234966741,0.6666565982332676,3.9435957514341413,4.247092247009277,0.8846077400861418,3.368459179212626
8B,364,6.5681281780341925,0.8623509505943124,5.705777227439881,7.018921613693237,0.9626493634223953,6.084509287705829
8B,365,4.792884095275488,0.782542015696468,4.01034207957902,5.032562971115112,0.9380130933276063,4.1308965560925
8B,366,6.5771469833541545,0.8798067836929038,5.697340199661251,6.799960374832153,0.9688569007596826,5.837892154537013
8B,367,3.893103904224429,0.6928789232884127,3.2002249809360164,3.7377960681915283,0.8518061887486321,2.938738797470603
8B,368,5.640732755960765,0.8425374833530899,4.798195272607676,5.779935836791992,0.9529828681228764,4.8421067936885525
8B,369,2.3902269420846296,0.5764675155693565,1.8137594265152732,2.0243313312530518,0.6847110618116327,1.405409616845236
8B,370,5.247654675561687,0.8230939066557346,4.424560768905953,5.305890321731567,0.9405223203811051,4.348192597116254
8B,371,3.7840893150267676,0.6694512303927819,3.114638084633986,3.568933129310608,0.8544909836023518,2.747371140857408
8B,372,2.6477413855876297,0.6053587590003051,2.042382626587324,2.2469770908355713,0.7203628404720206,1.5440933696734036
8B,373,2.8926466403948092,0.5535037097912315,2.3391429306035776,2.5221028327941895,0.672932732796645,1.8107308134152185
8B,374,4.128881394459858,0.6889348721861833,3.4399465222736754,4.085464239120483,0.8846077400861418,3.1996113381080775
8B,375,3.70024297125238,0.666625439662321,3.0336175315900586,3.540046811103821,0.840791205012962,2.7136579150772517
8B,376,6.166822229568569,0.8398686350256661,5.326953594542903,6.4661266803741455,0.954434002924965,5.557715321210516
8B,377,5.011246874737883,0.8323588553051412,4.178888019432741,5.11301326751709,0.9319574523469683,4.224617541208634
8B,378,4.408741844371207,0.7670211622629884,3.6417206821082186,4.425825119018555,0.9047209661860875,3.5518510925494677
8B,379,6.479427307842472,0.8504732860056073,5.628954021836865,6.580700874328613,0.9670523588003338,5.641016771549339
8B,380,5.053277616980444,0.8024343985890737,4.250843218391371,5.261144399642944,0.9283620723948676,4.366463099918092
8B,381,4.008099761250365,0.70414569931312,3.3039540619372447,4.234851360321045,0.8915435098801496,3.376134366169817
8B,382,1.350358215545672,0.3714887277816688,0.978869487764003,0.6598150134086609,0.18089075961189305,0.25890328450414635
8B,383,6.889469906141718,0.8986941999217065,5.9907757062200115,7.154165267944336,0.9734086775396755,6.1951408891254225
8B,384,5.416127464062376,0.8103128253937033,4.605814638668673,5.726680755615234,0.9405223203811051,4.806193140235866
8B,385,4.286031048484528,0.7568260558139382,3.5292049926705893,4.336502313613892,0.9047209661860875,3.46997340268706
8B,386,4.414243179544331,0.768690147401036,3.6455530321432956,4.361471652984619,0.9150061727949925,3.4913755834608855
8B,387,6.987967151751849,0.880109731759077,6.107857419992773,7.431008815765381,0.9723051006568468,6.480303711736218
8B,388,1.256501628128446,0.39739904053777236,0.8591025875906735,0.8793722689151764,0.30195634654192394,0.4377267230322858
8B,389,1.6794127898649271,0.46383945985488007,1.215573330010047,1.2764670848846436,0.4359480597900055,0.8242915042564797
8B,390,4.544981752124068,0.77821654262844,3.7667652094956288,4.6316237449646,0.9301719278216587,3.7501698107266113
8B,391,5.713193989829641,0.8667396096934749,4.846454380136167,5.737366676330566,0.9572658766313911,4.788305285499682
8B,392,5.1984258315925675,0.8239362662779165,4.374489565314652,5.283741235733032,0.9421631690835511,4.374258142043928
8B,393,5.0880622764909225,0.8114256433579083,4.276636633133014,5.079053163528442,0.9388575093412462,4.198424557165238
8B,394,4.048273929065818,0.724636750235262,3.3236371788305563,4.297502756118774,0.877437311089633,3.4281632288607895
8B,395,4.883370924484665,0.7849518160711659,4.098419108413499,4.950555324554443,0.9208780154383214,4.0597615527622555
8B,396,5.056272967295948,0.7746803671491503,4.281592600146798,5.068938732147217,0.9274449465207308,4.1943613632278165
8B,397,5.908662960537829,0.8283308227351655,5.080332137802664,6.101481914520264,0.954434002924965,5.167656356974684
8B,398,4.1489815870354345,0.7381712210445291,3.4108103659909057,4.051434755325317,0.899338807312521,3.2319023627162613
8B,399,5.977108598530789,0.809163252749758,5.16794534578103,5.709771394729614,0.9652016987500656,4.794416869052194
8B,400,4.737332758149433,0.7701939113359211,3.9671388468135125,4.817989826202393,0.9109672906879394,3.9516435380146464
8B,401,5.965325982697113,0.8348231553243673,5.130502827372745,6.317413568496704,0.9507590790237234,5.366278034576286
8B,402,6.5580503284751925,0.8926007009602566,5.665449627514937,6.707592010498047,0.9664431651609726,5.788373731302875
8B,403,5.7758839042598185,0.8310542720372941,4.944829632222524,5.8548784255981445,0.9613384097169944,4.9197907340133185
8B,404,4.3755252245263465,0.7953336879799209,3.5801915365464265,4.371904134750366,0.9150061727949925,3.500204377397258
8B,405,4.864666784995038,0.790547110830774,4.074119674164264,4.899898052215576,0.9169882436828392,4.029591096477584
8B,406,5.216818507924151,0.8085850863381663,4.408233421585985,5.239607810974121,0.9388575093412462,4.337073238137348
8B,407,4.9836630935162765,0.8107536584109785,4.172909435105298,5.034140348434448,0.9453732087003415,4.136893120685361
8B,408,4.613355952433701,0.7565897130525986,3.8567662393811024,4.727675676345825,0.9025884080335268,3.881915906805132
8B,409,5.924214161709569,0.840272281745046,5.083941879964525,6.213133811950684,0.9515082024691666,5.284797972998903
8B,410,4.774709213815645,0.7786084279704903,3.996100785845154,4.8483381271362305,0.9150061727949925,3.983241573953416
8B,411,3.8741750315280394,0.7512512757688398,3.1229237557592,3.8395097255706787,0.877437311089633,3.002749336606331
8B,412,4.850581965885569,0.8126811860897339,4.0379007797958355,5.100421905517578,0.9371686773139664,4.170674162442661
8B,413,5.7709416172778045,0.8281429478291814,4.942798669448623,5.958805322647095,0.9421631690835511,5.047365085682827
8B,414,2.435236106379865,0.5024958178476217,1.9327402885322438,1.7509322762489319,0.5637765851657872,1.2088190547781634
8B,415,4.976934051927397,0.7190823473301196,4.257851704597278,5.497145891189575,0.9283620723948676,4.589039782562299
8B,416,3.845608140292809,0.689073156593965,3.156534983698844,3.7493683099746704,0.8504500617429216,2.9137049679171696
8B,417,4.951439850642496,0.7902838118623035,4.161156038780192,4.920327663421631,0.9208780154383214,4.031137139812339
8B,418,5.306407852115731,0.8042022359574237,4.502205616158307,5.44676399230957,0.9388575093412462,4.546766653728604
8B,419,4.665015410068459,0.7862262414486476,3.8787891686198117,4.74939751625061,0.9208780154383214,3.8744809447451205
8B,420,4.8197594591801725,0.8353419254540783,3.984417533726094,4.928095579147339,0.9469425115788506,4.062196954413471
8B,421,4.4873633653121745,0.821932179710859,3.665431185601316,4.5722784996032715,0.9319574523469683,3.656036570688745
8B,422,2.7306121672949164,0.5518493979484083,2.1787627693465086,2.0558422803878784,0.6416412484398641,1.43857905602157
8B,423,2.819270110922739,0.5805299499743093,2.23874016094843,2.3777403831481934,0.7044039743593533,1.6913182951457884
8B,424,2.3353691509416805,0.566081461584098,1.7692876893575826,1.9197829365730286,0.6530369782801025,1.2884066384716863
8B,425,4.104247667285587,0.750548058951786,3.3536996083338004,4.138861417770386,0.905774605949278,3.2840125989396336
8B,426,4.994915991566201,0.8119443468153615,4.1829716447508405,5.151831865310669,0.9354557645575772,4.252915850845934
8B,427,5.475767080521028,0.8104970969336045,4.665269983587424,5.291307687759399,0.9484880760741909,4.382226076421004
8B,428,4.275689894261559,0.7441390935573962,3.531550800704163,4.177872896194458,0.9047209661860875,3.330153368905803
8B,429,5.540204387044477,0.8174263728368358,4.722778014207641,5.574344635009766,0.9371686773139664,4.671326364004948
8B,430,4.118440388481646,0.7571062691091184,3.3613341193725277,4.27814245223999,0.8915435098801496,3.417577040056317
8B,431,5.428574940325709,0.8444956983269426,4.584079241998766,5.50911021232605,0.9515082024691666,4.563720257650433
8B,432,4.850196154337212,0.7812949832047168,4.068901171132496,5.262989282608032,0.9265278206465941,4.364809052637554
8B,433,2.1389299268103117,0.4818194534616163,1.6571104733486952,1.3406330347061157,0.4615217448770414,0.8806617534830798
8B,434,4.9431663019561,0.806691295189553,4.136475006766546,5.011319875717163,0.9319574523469683,4.100279623806156
8B,435,6.23637567313524,0.8760018515501051,5.360373821585135,6.457457780838013,0.967661552439695,5.517734349525673
8B,436,5.361093479108073,0.8274963960802905,4.533597083027781,5.533074855804443,0.9469425115788506,4.599687222865676
8B,437,4.54981686476326,0.7425553791522367,3.8072614856110234,4.645495176315308,0.9004304890456556,3.7875265250137313
8B,438,3.215451441293432,0.6336018609870318,2.5818495803064,2.951073169708252,0.8112781244591328,2.180268496044294
8B,439,5.289575201155313,0.8180596242576881,4.471515576897625,5.45501446723938,0.9515082024691666,4.5301219285607335
8B,440,5.0370475904153995,0.7906682542377814,4.246379336177618,5.118791341781616,0.9437801130207212,4.203632812587475
8B,441,2.9122039219951152,0.5529430725915075,2.359260849403608,2.1974387168884277,0.671846604382597,1.5228567011411067
8B,442,6.007012067248283,0.8621546541437975,5.144857413104486,6.017888784408569,0.9645694054511113,5.093917718167432
8B,443,5.052848642218614,0.7959675640524664,4.256881078166148,5.253490209579468,0.9292670001082631,4.3532471764327685
8B,444,3.5151801574053203,0.7125168947061293,2.8026632626991907,3.6531755924224854,0.8700295850755476,2.7997887175447493
8B,445,4.563520933902823,0.7808767625655992,3.7826441713372247,4.469566822052002,0.9150061727949925,3.610274536138645
8B,446,4.284278300402398,0.7377050559622415,3.546573244440156,4.27007532119751,0.893803723330197,3.4096190700228686
8B,447,3.8849406177571444,0.726513984194663,3.158426633562481,3.841166377067566,0.8904005062240972,3.015325741723904
8B,448,5.883954863123358,0.8665529301238815,5.017401932999476,5.984267711639404,0.9639371121521569,5.044979014720523
8B,449,5.625332507567378,0.8316251276999865,4.79370737986739,5.628177642822266,0.9477152938265208,4.73881584222924
8B,450,4.955284553546408,0.7895161410535687,4.165768412492838,5.0254528522491455,0.9328380812857574,4.132269246756726
8B,451,4.757527310800912,0.7598062215163739,3.997721089284538,4.660945653915405,0.9337187102245466,3.729562297094725
8B,452,3.725169448192295,0.6869362463191319,3.0382332018731635,3.5995616912841797,0.8571484374283715,2.730309574675852
8B,453,5.4468879348364725,0.814138881573848,4.632749053262624,5.519814968109131,0.9484880760741909,4.597262680505914
8B,454,5.133300299577582,0.7700481248319072,4.363252174745675,5.186547756195068,0.9283620723948676,4.2666106411513205
8B,455,4.845250357540831,0.7875379701678087,4.057712387373021,4.862612009048462,0.9265278206465939,3.995606294013268
8B,456,4.988878839936564,0.8001806774162259,4.188698162520338,4.980492830276489,0.9189455003071654,4.131354054425673
8B,457,7.238363036614542,0.8841755863963063,6.354187450218236,7.610764980316162,0.9775948212463157,6.667289877825085
8B,458,4.751196072564874,0.8095761010442335,3.941619971520641,4.867882490158081,0.9169882436828392,4.013804316632568
8B,459,1.9899465305957669,0.48070733113170633,1.5092391994640608,1.579996943473816,0.48534127558050416,1.0362019142881174
8B,460,4.487312115495767,0.7820788989866257,3.7052332165091415,4.493833780288696,0.9109672906879394,3.6491423478926253
8B,461,1.2673955984318215,0.3679675083684834,0.8994280900633379,0.8544493913650513,0.2283040282239095,0.39120642982322656
8B,462,3.1497201819813574,0.6359636600248854,2.5137565219564717,2.873844265937805,0.8112781244591328,2.1351510546286154
8B,463,4.496289475836927,0.7629169858804997,3.733372489956427,4.269823789596558,0.9089103274103589,3.3990595274621014
8B,464,4.881452609306362,0.8371023962764772,4.044350213029885,4.7859649658203125,0.9371686773139664,3.8911882645570306
8B,465,5.678698736620785,0.8407651501796739,4.83793358644111,5.832784175872803,0.9558616562817717,4.918779888737763
8B,466,4.639293116643998,0.6749543355121039,3.9643387811318944,4.1729278564453125,0.8960382325345573,3.3546758834735693
8B,467,3.0767150964187953,0.5984821198794013,2.4782329765393944,2.7758450508117676,0.7667416897309471,2.0364211774620316
8B,468,4.5647753183435045,0.7894260979752871,3.7753492203682177,4.51233983039856,0.9292670001082631,3.6310569994468875
8B,469,2.376503283797175,0.44903820572065756,1.9274650780765172,1.312883198261261,0.4126897314271495,0.8686777010782498
8B,470,4.087548960718536,0.7605091230879586,3.3270398376305774,4.104933023452759,0.9004304890456556,3.1938406325480817
8B,471,4.630352947554722,0.8017639425982092,3.828589004956513,4.672598123550415,0.924669105974498,3.787341843797477
8B,472,2.692804040045543,0.4714627550152878,2.221341285030255,1.5455277562141418,0.3955378064564774,1.205456283312168
8B,473,6.226436933911908,0.8473886517129832,5.379048282198925,6.3965654373168945,0.9652016987500656,5.452451150039056
8B,474,6.671164566066334,0.8944824680290617,5.776682098037273,6.996350526809692,0.9765824414334774,6.015905657153343
8B,475,5.687857734073552,0.8301381890420585,4.857719545031493,5.822486162185669,0.9484880760741909,4.88997361659122
8B,476,4.832607399575687,0.7924496956306235,4.040157703945063,4.97539758682251,0.9179668719950023,4.117650074453127
8B,477,5.352555594515969,0.8400223632699071,4.512533231246061,5.475637912750244,0.9500099555782802,4.559039295916124
8B,478,4.986144835004466,0.7688891241265735,4.217255710877892,5.0556416511535645,0.9208780154383214,4.1655814710545025
8B,479,7.46728850735132,0.905095256723328,6.562193250627992,7.864190340042114,0.9804957926024032,6.916444442039485
8B,480,5.054545785579753,0.7544002566991984,4.300145528880555,5.091820001602173,0.9227858605773946,4.189934667135309
8B,481,4.229414915075452,0.7454861654587297,3.483928749616723,4.253890514373779,0.9208780154383214,3.350678198899846
8B,482,5.3518053552421385,0.8131535220410342,4.538651833201105,5.486031532287598,0.9437801130207212,4.592056634256805
8B,483,1.555227295793867,0.45233360317993077,1.1028936926139363,1.2192474603652954,0.39813980251000125,0.80679991752106
8B,484,4.879169582381054,0.8045762197805033,4.07459336260055,5.038604021072388,0.9274449465207307,4.1484102900257
8B,485,4.472743258427517,0.7710932597070316,3.701649998720485,4.557241201400757,0.9208780154383214,3.702181219031159
8B,486,3.312172603308048,0.5427831249803917,2.7693894783276565,2.6494526863098145,0.712453444966878,1.9143063055945457
8B,487,5.59734696877615,0.7382452275612899,4.85910174121486,6.1721107959747314,0.9405223203811051,5.25914803943947
8B,488,6.4601915069342954,0.8628192797445164,5.597372227189779,6.6836838722229,0.9572658766313911,5.7735396411478535
8B,489,6.422720065580185,0.8557532091446737,5.566966856435511,6.645586013793945,0.9711786368608173,5.677764929587935
8B,490,3.7866759328771393,0.7132415020449866,3.0734344308321524,3.7700077295303345,0.8700295850755476,2.9210638455715126
8B,491,6.622350346208684,0.8506834097467773,5.771666936461907,6.859798908233643,0.9723051006568468,5.918273724590273
8B,492,5.790249513280351,0.8301735399551157,4.960075973325235,6.007141828536987,0.9572658766313911,5.0670174181996135
8B,493,3.5318672185501527,0.6587907299647269,2.8730764885854256,3.21761691570282,0.840791205012962,2.4007711813588797
8B,494,4.5357877219802685,0.7818451458051827,3.7539425761750858,4.621106386184692,0.924669105974498,3.746532666553155
8B,495,4.603562372447301,0.7411254866632393,3.8624368857840614,4.621768236160278,0.9004304890456556,3.7534490656797574
8B,496,5.67554156683886,0.8630834589078421,4.812458107931018,5.706295728683472,0.9572658766313911,4.749091923173407
8B,497,1.5480873412871046,0.41195460392033595,1.1361327373667685,0.9946115016937256,0.28970642690609777,0.4886067835722629
8B,498,3.7097200703314237,0.6933624541983793,3.0163576161330443,3.688567280769348,0.8571484374283715,2.8818948436445666
8B,499,5.305416601410806,0.8027835419922601,4.502633059418546,5.618587255477905,0.9388575093412462,4.735160577140926
14B,0,5.065497110479056,0.7979379627777791,4.267559147701276,5.2724902629852295,0.9380130933276063,4.364879862754224
14B,1,2.902670840187523,0.6488024423599882,2.253868397827535,2.7823046445846558,0.7929871119552194,2.0181479260735653
14B,2,4.769046282071972,0.8124351551744545,3.956611126897518,4.66634464263916,0.9301719278216587,3.789417319869221
14B,3,5.284373186176861,0.8294263186893683,4.454946867487493,5.4623353481292725,0.9437801130207212,4.531032980588135
14B,4,3.9167129814006847,0.748548454046153,3.1681645273545316,3.775481939315796,0.899338807312521,2.9547738152269702
14B,5,3.5511230321745137,0.7444616506797918,2.806661381494722,3.441475749015808,0.8846077400861418,2.5964795019916385
14B,6,2.273981941727754,0.5118365757138611,1.7621453660138933,1.73249089717865,0.5651013322959567,1.1687386999613985
14B,7,8.17055845582462,0.9522069881679435,7.218351467656678,8.431686878204346,0.9893963750395396,7.4537235355790825
14B,8,2.7058065467052366,0.6073634062169541,2.0984431404882824,2.49690842628479,0.738597184612565,1.7721751829485926
14B,9,3.4199987232531166,0.6265390145885088,2.7934597086646074,2.9119985103607178,0.803446922973095,2.16153127104144
14B,10,5.836798248654417,0.8450598990201862,4.991738349634231,5.811621189117432,0.9529828681228764,4.909075735762325
14B,11,1.9984387879550853,0.517739820518166,1.4806989674369195,1.5185150504112244,0.5858732928619205,0.9829628684164136
14B,12,3.6882260338291024,0.6833987234096479,3.0048273104194543,3.635642886161804,0.8518061887486321,2.8282811713202705
14B,13,3.8094190909563044,0.7816672983701343,3.02775179258617,3.7316313982009888,0.8960382325345574,2.851851304223004
14B,14,1.3345592203582632,0.3338866732371353,1.000672547121128,0.46900495886802673,0.09198335195381277,0.1707511576610069
14B,15,7.126093725962832,0.8737123380808898,6.252381387881942,7.74657416343689,0.9765824414334774,6.789111396159779
14B,16,3.5310894879682477,0.7058111676178905,2.825278320350357,3.4572975635528564,0.8504500617429216,2.6679865277957315
14B,17,4.439545327023576,0.7980185535441514,3.6415267734794248,4.526700735092163,0.9169882436828392,3.6243752137971823
14B,18,5.1563338613386405,0.8361374147118555,4.320196446626785,5.166593551635742,0.9354557645575772,4.256923187620146
14B,19,5.550192490570346,0.826930589880136,4.72326190069021,5.567881107330322,0.9492490158262357,4.682923777899858
14B,20,5.3976436091353985,0.8208765177408319,4.576767091394567,5.565419912338257,0.9484880760741909,4.642537018974046
14B,21,4.290510288676643,0.7966350317904725,3.49387525688617,4.3668835163116455,0.9129992135852473,3.468660243196318
14B,22,2.130108808156735,0.49222627380180006,1.637882534354935,1.539391279220581,0.5254729778640299,0.9833223153655937
14B,23,4.553549540256555,0.7737960893157915,3.779753450940764,4.662284851074219,0.9227858605773946,3.7738731964556833
14B,24,3.914667237988371,0.7093494717487482,3.205317766239623,4.004165172576904,0.88224379779762,3.1677546472060625
14B,25,6.602187468011995,0.8857799280360342,5.716407539975961,6.846762657165527,0.9626493634223953,5.901439773995165
14B,26,5.103434763078174,0.8611069269881606,4.242327836090013,5.00435733795166,0.9500099555782804,4.080207973844019
14B,27,5.608041394992053,0.8276446407503205,4.780396754241733,5.622673988342285,0.9572658766313911,4.715511233298658
14B,28,3.7757793097443617,0.7535806876225395,3.022198622121822,3.8673945665359497,0.8786454992221103,3.0172786446197604
14B,29,4.746297828603816,0.7838834537385505,3.9624143748652654,4.787956953048706,0.9089103274103589,3.9078657561058456
14B,30,5.404258797409073,0.8311458146285977,4.573112982780476,5.503665447235107,0.9500099555782804,4.605536452065984
14B,31,3.9484259562500683,0.7423915570807806,3.2060343991692877,3.9225629568099976,0.8915435098801496,3.076893637648545
14B,32,2.632980016754421,0.5673307114305959,2.065649305323825,2.1872506141662598,0.712453444966878,1.5340423649478585
14B,33,3.5122919186106123,0.6545479231868222,2.8577439954237898,3.637836456298828,0.8379678908509602,2.820600773096568
14B,34,2.798372029363843,0.5886626915701519,2.209709337793691,2.404147505760193,0.7281342378690551,1.726080783807772
14B,35,4.281401511184775,0.7332300454579006,3.5481714657268744,4.247863292694092,0.893803723330197,3.394918869365511
14B,36,5.245639629495849,0.8055235987244451,4.440116030771404,5.401993989944458,0.9437801130207212,4.4761324843400505
14B,37,4.543648037107159,0.7810604410641654,3.762587596042994,4.568509101867676,0.9169882436828392,3.6989249444277266
14B,38,4.034055998642857,0.7565835156482661,3.2774724829945914,4.146408319473267,0.8960382325345574,3.2838236708835025
14B,39,5.585368382911645,0.8456477337272663,4.739720649184378,5.709257125854492,0.954434002924965,4.770667709136309
14B,40,1.5385933663439741,0.39795107731943646,1.1406422890245373,0.9450227618217468,0.26710584028341633,0.5386737676365565
14B,41,5.46044102163426,0.8178244187882074,4.6426166028460525,5.822527885437012,0.9437801130207212,4.892877938369612
14B,42,5.042305033535692,0.8341862722382645,4.208118761297428,5.041604280471802,0.9469425115788506,4.126518089432642
14B,43,3.688411510219363,0.7586209388928836,2.9297905713264796,3.8081451654434204,0.8881015563948149,2.9472121785385625
14B,44,4.3549379111217466,0.7867050290623309,3.568232882059416,4.412145376205444,0.9208780154383214,3.5155059077909283
14B,45,4.911796710542398,0.7927835836900184,4.119013126852379,4.917575836181641,0.9301719278216587,4.010292539400431
14B,46,2.7470993702486677,0.5957212579299549,2.1513781123187132,2.473841905593872,0.726199950210849,1.7307252847568115
14B,47,3.4425500745746187,0.6943879136195515,2.7481621609550673,3.57494580745697,0.8293289299279161,2.76637846023311
14B,48,3.6258915035380928,0.6742941943199857,2.9515973092181067,3.4185365438461304,0.8293289299279161,2.6091674635959152
14B,49,5.893024844156096,0.8157497542564882,5.077275089899608,6.176689624786377,0.9453732087003415,5.220555249862532
14B,50,5.5958958184323215,0.7349317095003336,4.860964108931989,5.5305047035217285,0.9544340029249649,4.642507335108843
14B,51,4.722708898461024,0.7677758759471256,3.9549330225138983,4.550244331359863,0.9208780154383214,3.6856608739102867
14B,52,2.192534120944942,0.4531043203850858,1.739429800559856,1.2620931267738342,0.38942254141854715,0.8425485568693918
14B,53,4.353941344800962,0.7109815499487506,3.642959794852211,4.153102159500122,0.9047209661860875,3.3159190143336374
14B,54,4.334906572113326,0.7579893488034278,3.576917223309898,4.249389410018921,0.9047209661860875,3.3942608790016804
14B,55,3.7982564760455495,0.6349879651492264,3.163268510896323,3.441198229789734,0.8435865662816968,2.638068191369816
14B,56,0.20022471012835139,0.06310096276989889,0.1371237473584525,0.00023991991474758834,0.0,0.00013880144251743332
14B,57,4.959030212909169,0.7758555130493116,4.183174699859857,5.154237270355225,0.9371686773139664,4.2322831336903555
14B,58,5.364603792204177,0.8216424620915158,4.542961330112661,5.547158241271973,0.9421631690835511,4.6441102392066735
14B,59,5.47687545999863,0.8463018942572247,4.630573565741405,5.7425267696380615,0.9537084355239207,4.793623084931179
14B,60,5.307694668805616,0.8484153310202626,4.459279337785354,5.396172523498535,0.9469425115788506,4.495284625122372
14B,61,4.041030561668672,0.7499762054707386,3.2910543561979337,4.083925008773804,0.9025884080335268,3.2240123296454537
14B,62,4.714314115030395,0.7724737495482309,3.941840365482164,4.897566318511963,0.9208780154383214,3.994616617742055
14B,63,4.8139515764455565,0.7776118521644318,4.036339724281126,4.759744167327881,0.9150061727949925,3.8944265103149456
14B,64,1.9824948944616534,0.4834510358955864,1.4990438585660668,1.5314390659332275,0.5090089438597666,0.976516652344178
14B,65,5.608424684569094,0.7891120401428167,4.819312644426277,5.931654214859009,0.9437801130207212,4.993163772503793
14B,66,4.992964172740124,0.7861595760244582,4.206804596715666,5.212137222290039,0.9283620723948676,4.324959925788507
14B,67,5.044396042494434,0.7476994520390542,4.2966965904553795,5.250197887420654,0.9265278206465939,4.33091523008532
14B,68,4.357618451145964,0.7517467058636537,3.6058717452823097,4.49399995803833,0.9150061727949925,3.607049737593342
14B,69,2.3196407412382443,0.53421903449443,1.7854217067438145,1.972941517829895,0.625262405223423,1.3863226294645468
14B,70,6.060675510454643,0.8373415194967632,5.22333399095788,5.8752710819244385,0.9586467114543629,4.9556377280467245
14B,71,4.276318988983538,0.7537698940159153,3.522549094967622,4.311401128768921,0.8915435098801496,3.4328339058399413
14B,72,2.3870719061493015,0.5080636503501634,1.8790082557991379,1.5996885895729065,0.5858732928619205,1.0463941208315368
14B,73,4.836058952274116,0.8037559807675316,4.032302971506585,4.850727081298828,0.921831938007858,3.9545762773018494
14B,74,4.362716936263585,0.7979758427677957,3.564741093495789,4.313706398010254,0.9150061727949925,3.4200831665778804
14B,75,2.0769759812883786,0.4977900276260912,1.5791859536622872,1.693168818950653,0.5212220180699688,1.1041279073033774
14B,76,4.713571479541301,0.7920133461057677,3.921558133435533,4.653454542160034,0.9265278206465939,3.7645010483738184
14B,77,5.609583687878665,0.8280153422253976,4.781568345653267,5.733042001724243,0.9515082024691666,4.815384899188221
14B,78,4.709632004822116,0.812082968304637,3.897549036517479,4.791858434677124,0.9371686773139664,3.894236337193635
14B,79,3.974559182268261,0.7232155035658332,3.2513436787024275,3.9679523706436157,0.8725253619169873,3.1235294966515394
14B,80,6.357837201156643,0.8722269082691851,5.485610292887458,6.55673360824585,0.9652016987500656,5.629904315218809
14B,81,5.363504436286887,0.8684764266311675,4.49502800965572,5.412888765335083,0.9600042072840912,4.472966100692605
14B,82,3.8506905994009863,0.692320884111396,3.15836971528959,3.616915464401245,0.8531485861754919,2.8001245635614005
14B,83,5.457577578996697,0.7843492384273903,4.673228340569307,5.6438469886779785,0.9429716410521362,4.7437224095501715
14B,84,5.247547995078682,0.8119144184514152,4.435633576627266,5.54907488822937,0.9572658766313911,4.617291173149142
14B,85,3.197979665969819,0.6698230339296131,2.528156632040206,3.052544951438904,0.8174108828059471,2.243493381293046
14B,86,4.519346868903664,0.8087137125758339,3.7106331563278308,4.556755304336548,0.9283620723948676,3.6776285852700754
14B,87,4.691223280965951,0.8000695007400863,3.8911537802258644,4.907413482666016,0.9421631690835511,3.9996938822686867
14B,88,4.2177412824805565,0.7642043869074524,3.453536895573104,4.06731653213501,0.9047209661860875,3.2039959111435117
14B,89,5.369884263808438,0.8123839073538872,4.557500356454551,5.43496298789978,0.9380130933276063,4.552343791121645
14B,90,2.5324204028473836,0.5409756439623568,1.991444758885027,1.879505693912506,0.6276331328926841,1.2975369494917741
14B,91,4.150132725910033,0.7603451635989652,3.389787562311067,4.0982465744018555,0.9068282457124686,3.249232778055939
14B,92,3.9560869122435935,0.7490379362705011,3.2070489759730925,4.038630962371826,0.8915435098801496,3.1875601916539384
14B,93,4.269742954283158,0.7532096724542906,3.5165332818288673,4.387748956680298,0.9004304890456556,3.4871586295641723
14B,94,3.433386998009519,0.6081194826074865,2.825267515402033,3.4799691438674927,0.8128186141564626,2.6741514732723823
14B,95,4.875759656585864,0.8035566778162808,4.0722029787695835,4.766051292419434,0.9301719278216587,3.893084206807211
14B,96,4.327340074212014,0.7577851669880856,3.5695549072239285,4.356104135513306,0.9025884080335268,3.4656158520605365
14B,97,2.3126147619214232,0.5473574664079544,1.7652572955134689,1.8188198804855347,0.64850357736923,1.1734686620460284
14B,98,3.715150375915608,0.671666579346976,3.0434837965686317,3.561511278152466,0.8449703338200643,2.7810821863488364
14B,99,3.295271165429134,0.6387213578235779,2.6565498076055563,3.093766450881958,0.8293289299279161,2.286233733569353
14B,100,0.8214489200625625,0.2859569745696915,0.5354919454928712,0.39955803751945496,0.06591441234324169,0.13498351581439827
14B,101,4.431004846426329,0.7681391981886098,3.6628656482377187,4.477348327636719,0.9208780154383214,3.5922127222267024
14B,102,4.366184685804666,0.6870639306230758,3.67912075518159,4.357070446014404,0.8960382325345573,3.4491213550035518
14B,103,5.225695273948745,0.8323846803829307,4.393310593565814,5.339493989944458,0.9421631690835511,4.4371728070651315
14B,104,3.8287945077675047,0.6413795779608901,3.1874149298066152,3.4884573221206665,0.8421888856473294,2.671255606015082
14B,105,4.229341133446788,0.7948630655015942,3.434478067945194,4.026962041854858,0.9109672906879394,3.1628660595081954
14B,106,2.008408528830775,0.49762263702942316,1.510785891801352,1.5377548336982727,0.5428782667287033,1.006654137504265
14B,107,4.337957530886954,0.7613047054964293,3.5766528253905245,4.321638345718384,0.9068282457124686,3.449731651401481
14B,108,4.326062458223548,0.7744802400828562,3.5515822181406924,4.391179323196411,0.9047209661860875,3.5087231960473075
14B,109,5.392187496159942,0.8496038503015813,4.542583645858362,5.566815137863159,0.9558616562817717,4.672835309643893
14B,110,5.362714748445587,0.8319009722055087,4.530813776240078,5.536784887313843,0.9405223203811051,4.632387431492401
14B,111,4.183672793372489,0.7758840793103378,3.4077887140621517,4.207593679428101,0.9129992135852473,3.3527936661838154
14B,112,1.5696601486395199,0.3280628489245271,1.2415972997149924,0.038178518414497375,0.009119746860110078,0.019336621050586204
14B,113,4.360703045058664,0.7438457104402532,3.616857334618412,4.3602118492126465,0.8892575025680446,3.5177599120412153
14B,114,2.8471543158001724,0.5602372767915624,2.2869170390086095,2.3699694871902466,0.6910180627635285,1.7056057506737692
14B,115,4.219574911430586,0.7589497744826339,3.460625136947951,4.268970966339111,0.8915435098801496,3.3945490763724093
14B,116,4.035380007306745,0.7361220200996561,3.2992579872070897,4.116509914398193,0.8915435098801496,3.2673745063536783
14B,117,4.300374029052277,0.7358709601531285,3.564503068899148,4.235719203948975,0.9004304890456556,3.3981549381313556
14B,118,3.735353752033578,0.7206098694788586,3.0147438825547197,3.8235191106796265,0.8623817843585116,2.9774107667978704
14B,119,6.959133613706552,0.8343445559576225,6.124789057748929,7.146478176116943,0.9645694054511113,6.196461262231579
14B,120,3.6620757430782196,0.7525445161484915,2.909531226929728,3.6249911785125732,0.8822437977976197,2.8014362119014677
14B,121,4.484008626333712,0.7529018988729186,3.7311067274607934,4.361703872680664,0.9089103274103589,3.479852087607643
14B,122,3.880408220953845,0.6945549774991702,3.185853243454675,3.8894671201705933,0.8623817843585116,3.0317896277489487
14B,123,4.593290555629242,0.7627123610228872,3.830578194606355,4.685534954071045,0.9283620723948676,3.7885514155934694
14B,124,2.1027890535981864,0.39908229331681866,1.703706760281368,0.659687340259552,0.19910595708181478,0.3626627841595248
14B,125,2.593638576885962,0.5250178283555714,2.068620748530391,1.9034717082977295,0.6059162956553664,1.2819228806144272
14B,126,4.846918641228118,0.8228711946742553,4.024047446553863,4.757753372192383,0.9363122209357717,3.8742683872423216
14B,127,2.5924193432232596,0.5580584769656918,2.0343608662575674,2.2122777700424194,0.6793929348105142,1.5497211778930626
14B,128,3.8997989931677943,0.7134641335081661,3.1863348596596284,3.9090460538864136,0.8762159403647817,3.1133569438091717
14B,129,4.405246301383899,0.7722337018017081,3.633012599582191,4.54561185836792,0.9089103274103589,3.68779086147474
14B,130,4.800381326003804,0.8049897621776448,3.9953915638261592,4.866161108016968,0.9453732087003415,3.9570606420883245
14B,131,4.760430676564194,0.7705203937584368,3.9899102828057575,4.7921295166015625,0.9169882436828392,3.924822682161052
14B,132,2.709000131000588,0.6005788576221287,2.108421273378459,2.3667054176330566,0.7551781921932743,1.626482182694691
14B,133,4.2892745771777,0.7626387158508549,3.5266358613268456,4.392719030380249,0.9047209661860875,3.5007527314478226
14B,134,5.1025118318404274,0.8140381560280824,4.288473675812345,5.1488423347473145,0.9388575093412462,4.232935273315542
14B,135,2.609973508266379,0.5534350185797937,2.0565384896865853,1.9684942364692688,0.6335133566735107,1.319445610506395
14B,136,4.348336472161077,0.761821980218731,3.586514491942346,4.315834045410156,0.9129992135852473,3.483036319603447
14B,137,4.293265076815702,0.7397118974494219,3.553553179366281,4.272738695144653,0.8982471255793865,3.3770042429357154
14B,138,4.158737586597478,0.7730048397312332,3.385732746866245,4.263769626617432,0.9119832521365934,3.3568253504422705
14B,139,5.654187185492004,0.8190967808858988,4.835090404606105,6.002993583679199,0.9484880760741909,5.086933126615873
14B,140,4.406836570258554,0.8141694601642719,3.592667110094282,4.452160120010376,0.9354557645575772,3.5463232766014894
14B,141,4.730096375684957,0.8001838724984358,3.9299125031865216,4.798597812652588,0.9169882436828392,3.9354591469928293
14B,142,3.9366455517201957,0.7491542155729606,3.1874913361472355,3.954329252243042,0.8915435098801496,3.084333496794649
14B,143,5.506778451164904,0.7953767730803915,4.7114016780845125,5.709707975387573,0.9437801130207212,4.807893979581885
14B,144,1.709503464985956,0.45089459240552504,1.2586088725804307,1.1781898140907288,0.4075927382811051,0.7188286718908519
14B,145,5.869911480442604,0.8457576956708827,5.0241537847717215,5.9532270431518555,0.9558616562817717,5.043914282612036
14B,146,4.652066062315611,0.7737649845291397,3.8783010777864706,4.4688920974731445,0.9109672906879394,3.5984402941006293
14B,147,4.3746838136866515,0.7693251554968985,3.6053586581897523,4.4904868602752686,0.9129992135852473,3.612341345352774
14B,148,1.6944893346147312,0.40655787704064816,1.287931457574083,0.9461304545402527,0.27825095695046465,0.5293580802028467
14B,149,3.735538581593596,0.6576651538795869,3.077873427714009,3.6461195945739746,0.8322368857340847,2.823185782690931
14B,150,4.055134162578958,0.7394136423680245,3.315720520210933,4.078305006027222,0.8971426790569719,3.242629188704411
14B,151,4.5621092245124375,0.8068955825901992,3.7552136419222384,4.596429347991943,0.9227858605773946,3.742024565352124
14B,152,1.61544465310857,0.3958469318400825,1.2195977212684874,0.7590179443359375,0.20062232431271465,0.3132994098502633
14B,153,6.275341712991657,0.8609860186426611,5.414355694348995,6.4415037631988525,0.9572658766313911,5.5174261002623926
14B,154,4.760909726106434,0.781564039089829,3.9793456870166057,4.693915367126465,0.9319574523469683,3.8506252576111715
14B,155,1.5295032176509211,0.3676130265164996,1.1618901911344215,0.7388500571250916,0.20243307056723175,0.36479232936982375
14B,156,3.070992463160355,0.6220713875031995,2.448921075657155,2.9183074235916138,0.8158849933298697,2.130967728849132
14B,157,2.1672475709381227,0.46668149970670336,1.7005660712314197,1.4318287372589111,0.4615217448770414,0.9704012656205022
14B,158,5.13090170181482,0.8353534013749472,4.295548300439874,5.18107008934021,0.9484880760741909,4.273573656978224
14B,159,5.330792193736345,0.7827160754114194,4.548076118324926,5.347688436508179,0.9453732087003415,4.446319579985056
14B,160,4.484718280448205,0.7831083921670083,3.7016098882811965,4.477409362792969,0.91400269319012,3.5781135002707423
14B,161,5.180054569485689,0.8054514871520357,4.374603082333653,5.073589324951172,0.9469425115788506,4.188262994520597
14B,162,5.5280766143145215,0.8326696093687215,4.6954070049458005,5.618934869766235,0.9469425115788506,4.718075862695944
14B,163,4.581529512555162,0.7855185402922283,3.796010972262933,4.66029691696167,0.9283620723948676,3.7486402004510575
14B,164,4.307386060834848,0.7309595199645702,3.576426540870278,4.033720016479492,0.8904005062240972,3.1518729815959086
14B,165,5.606944142907767,0.8310978531904243,4.775846289717343,5.809874534606934,0.9600042072840912,4.864013163164236
14B,166,1.818957646294817,0.5120370506285866,1.3069205956662302,1.4626328349113464,0.5401177303207432,0.9293020696811184
14B,167,3.6394326478888437,0.7188430099249056,2.9205896379639382,3.6284393072128296,0.8869456102215852,2.765582009990437
14B,168,4.770904262654228,0.8085916368942379,3.96231262575999,4.774044990539551,0.9319574523469683,3.8938970738439824
14B,169,2.6988166060460217,0.5535750900014976,2.1452415160445235,2.0067505836486816,0.6783209282399465,1.3695922817435968
14B,170,4.102824514093783,0.7613156800992451,3.3415088339945376,4.155634880065918,0.899338807312521,3.2968920830080117
14B,171,4.7949712644024105,0.787679718768976,4.007291545633434,4.759009122848511,0.9227858605773946,3.8847100604890903
14B,172,2.1293467109224786,0.5408644164421713,1.5884822944803074,1.8133914470672607,0.625262405223423,1.2111883308613216
14B,173,4.293894367067339,0.7622892590486932,3.5316051080186455,4.378199577331543,0.9078692865614137,3.5100642990369737
14B,174,4.910820285689688,0.8079086903955099,4.102911595294178,5.022186517715454,0.9265278206465939,4.121197878628108
14B,175,6.049114974410211,0.8472805476332599,5.2018344267769505,6.13303542137146,0.9572658766313911,5.212234338177928
14B,176,5.216524130685306,0.788406244319957,4.4281178863653485,5.282147407531738,0.9265278206465941,4.42230337497158
14B,177,2.424605677702172,0.5216786405164198,1.9029270371857518,1.836976945400238,0.6252624052234231,1.256588477342797
14B,178,2.846753165561617,0.6020020710615313,2.244751094500086,2.463070034980774,0.7432709194035553,1.7872197917283221
14B,179,5.11647576396624,0.8113053200258453,4.305170443940394,5.22716760635376,0.9301719278216587,4.329427249401435
14B,180,3.2044813486077515,0.634944879993252,2.569536468614499,2.9672049283981323,0.7736966071070063,2.2373717851463817
14B,181,4.6161191336863645,0.7865989405846613,3.8295201931017036,4.6724512577056885,0.9129992135852473,3.8175561276471344
14B,182,5.178019331343445,0.760915540348832,4.417103790994613,5.449981927871704,0.924669105974498,4.567689867571794
14B,183,1.3733118808184397,0.3671972715266864,1.0061146092917532,0.8400935530662537,0.20062232431271465,0.4420126447241628
14B,184,3.4909444289140192,0.6793490915217332,2.811595337392286,3.284409761428833,0.840791205012962,2.4531686562755066
14B,185,5.584464328953598,0.8558392762778393,4.72862505267576,5.650118589401245,0.9613384097169944,4.715098634323631
14B,186,4.23811000373759,0.7200950475450073,3.5180149561925824,4.361526727676392,0.9068282457124686,3.4721318005242843
14B,187,5.208171557794496,0.8300795411489674,4.378092016645529,5.2373528480529785,0.9529828681228764,4.336672435212101
14B,188,4.000184437026305,0.7259212417155743,3.2742631953107315,4.042352676391602,0.893803723330197,3.17181245469885
14B,189,2.3974691302594224,0.5628651590068137,1.8346039712526085,1.8707610368728638,0.6564062173901901,1.2486317386155643
14B,190,2.15831977967019,0.4908415310954595,1.6674782485747301,1.3849786520004272,0.5031765137680547,0.8842388344437537
14B,191,4.508036815931945,0.7831494232104078,3.7248873927215373,4.619435787200928,0.9208780154383214,3.727988619963919
14B,192,4.373599135029427,0.7678481236356531,3.6057510113937745,4.298597812652588,0.9047209661860875,3.4076926817981272
14B,193,5.060345183760602,0.8385924562841545,4.221752727476448,5.080643653869629,0.954434002924965,4.136133302163502
14B,194,5.567277475257414,0.8145785019965718,4.752698973260841,5.330482721328735,0.9421631690835511,4.424166126680939
14B,195,1.331124943920522,0.3565598579596906,0.9745650859608312,0.6857736706733704,0.18089075961189305,0.2936602832740486
14B,196,2.1818382298235646,0.3993221986037906,1.7825160312197743,0.5660282671451569,0.14051988947609861,0.2928936282026477
14B,197,4.647939123461297,0.7689146712802237,3.879024452181074,4.5165815353393555,0.9283620723948676,3.692428587359333
14B,198,2.303222871272907,0.5297019967158276,1.7735208745570792,1.9486175775527954,0.6108169812427601,1.324271767028666
14B,199,4.574384397011151,0.7646747285974638,3.8097096684136877,4.853175401687622,0.9319574523469683,3.944830725192996
14B,200,5.642981221859984,0.8501264384395044,4.79285478342048,5.777221202850342,0.954434002924965,4.884226352388534
14B,201,3.7190385927879266,0.7294458995465867,2.9895926932413404,3.67376971244812,0.8725253619169874,2.872321931938699
14B,202,5.567425462266505,0.8255400109622455,4.7418854513042605,5.928737163543701,0.9558616562817717,4.993769043571232
14B,203,2.3207457514459646,0.47421596294814305,1.8465297884978216,1.3475088477134705,0.44240627425651746,0.9037991089944835
14B,204,4.252445992237792,0.7738106887544429,3.4786353034833497,4.375859975814819,0.9068282457124686,3.4729031939700503
14B,205,5.1302325099961505,0.7784309502154809,4.35180155978067,5.2119245529174805,0.9319574523469683,4.344321899552148
14B,206,5.5206699767632905,0.854047579941195,4.6666223968220955,5.647932529449463,0.9572658766313911,4.716339473181286
14B,207,5.564394672945884,0.791396744214639,4.772997928731245,5.630777359008789,0.9437801130207212,4.7176103252434745
14B,208,3.986173049686631,0.7510021546216613,3.23517089506497,4.108800411224365,0.9004304890456556,3.2447081566164373
14B,209,5.827722835772415,0.8691462681586025,4.958576567613813,5.914805173873901,0.9652016987500656,4.9952489843644035
14B,210,4.213580066367736,0.7880468279127434,3.425533238454993,4.250155448913574,0.9119832521365934,3.3501190495853
14B,211,5.400342826759062,0.7870908730796902,4.613251953679372,5.520390510559082,0.9388575093412462,4.6424042735225886
14B,212,4.579206121048065,0.7562205931959257,3.822985527852139,4.57598614692688,0.9159972082389158,3.7088701851487365
14B,213,4.873278313665651,0.8196859343831767,4.053592379282474,4.981769323348999,0.9421631690835511,4.076898797152017
14B,214,4.387966824096232,0.7460809125174137,3.641885911578818,4.378685235977173,0.8960382325345574,3.5219026864773193
14B,215,1.3401368988244402,0.39297177395908034,0.9471651248653598,0.8494918048381805,0.2557420200756248,0.4066982313631598
14B,216,3.8546346645981435,0.7292461792762898,3.125388485321854,4.105272054672241,0.88224379779762,3.2262267746485325
14B,217,4.299350241532856,0.7201884305749263,3.5791618109579293,4.257819652557373,0.8960382325345574,3.39654707830889
14B,218,5.795465641936279,0.8538252249497272,4.941640416986552,6.061284065246582,0.9600042072840912,5.125921431871894
14B,219,1.871908778501451,0.4819101171730387,1.3899986613284125,1.456044316291809,0.47546103366940223,0.9511395139491554
14B,220,7.743005034236126,0.8976605241838685,6.845344510052256,8.318135261535645,0.9804957926024032,7.355634262609295
14B,221,2.5423897270091738,0.5132476687541997,2.029142058254974,1.7814027667045593,0.5858732928619205,1.2115697883777314
14B,222,3.109570246800172,0.6493749805920044,2.460195266208167,3.0513288974761963,0.8278607106783116,2.2351894463186905
14B,223,2.5016986589979364,0.5996947276230407,1.9020039313748955,2.2081410884857178,0.7357696278107799,1.5262314929327045
14B,224,4.990114913335167,0.792121731413266,4.197993181921901,5.132854223251343,0.954434002924965,4.230253952314324
14B,225,3.043600790421492,0.5976369154720103,2.4459638749494816,2.560871124267578,0.7614493119030621,1.8500331901834852
14B,226,5.383755241422045,0.8060487841290612,4.577706457292984,5.546792030334473,0.9319574523469683,4.650496722465671
14B,227,2.01504902804322,0.4812860617195913,1.533762966323629,1.4017401933670044,0.4615217448770414,0.9495107589510984
14B,228,5.176314098525723,0.7955097843245447,4.380804314201178,5.291821718215942,0.9421631690835511,4.394109508549379
14B,229,4.5816225881004,0.7324411563224525,3.8491814317779474,4.568088054656982,0.9129992135852473,3.6809711270187586
14B,230,6.659647854854274,0.8821531268368719,5.777494728017403,6.9048521518707275,0.9700292494214555,5.952833995717873
14B,231,2.51852670607652,0.5379821557886285,1.9805445502878918,2.2315597534179688,0.639332052560352,1.5831176636433717
14B,232,4.102970124303777,0.7151458466774026,3.3878242776263745,4.147090673446655,0.8798536873545876,3.3036531076987927
14B,233,5.8381624440936255,0.8325443163745436,5.005618127719082,6.088412284851074,0.9515082024691666,5.180869912019039
14B,234,3.5038734378336396,0.5676576519009788,2.936215785932661,3.27519690990448,0.788044778516866,2.4261351429805815
14B,235,3.6526473389960175,0.6933234253142996,2.9593239136817178,3.487826347351074,0.8610802253378256,2.6723924753563124
14B,236,3.3274704272976567,0.6747000166310262,2.6527704106666303,3.0565699338912964,0.8204336100852311,2.3309258968931537
14B,237,5.719644091212844,0.8258803102012388,4.893763781011605,5.431596755981445,0.9600042072840912,4.54803083397049
14B,238,3.625383089832872,0.7196365090359674,2.9057465807969045,3.634050488471985,0.8571484374283715,2.819536013178131
14B,239,5.4313315747625674,0.8287799082920387,4.602551666470529,5.62628436088562,0.9469425115788506,4.693484214106787
14B,240,3.4355979429748382,0.687324162996384,2.748273779978455,3.2966761589050293,0.8263924914287071,2.513815760589807
14B,241,3.102504855820017,0.62447579521145,2.4780290606085664,2.710243821144104,0.7762698689126768,1.9544058220716873
14B,242,1.2535696154782714,0.35059968846279316,0.9029699270154783,0.6816732585430145,0.1622908730206315,0.3170494436761016
14B,243,4.565368662208403,0.8012814150908372,3.7640872471175655,4.7324745655059814,0.9283620723948676,3.8462900400798286
14B,244,4.083515724789193,0.7485169563187778,3.334998768470416,4.008345127105713,0.8982471255793865,3.1884064887831656
14B,245,4.40713947180587,0.7781574304795772,3.6289820413262928,4.38305139541626,0.9047209661860875,3.477715500239295
14B,246,6.054525070164949,0.8576512352401295,5.19687383492482,6.291714191436768,0.9700292494214555,5.342201537720113
14B,247,5.205163921961645,0.8052489678961896,4.399914954065455,5.263995885848999,0.9405223203811051,4.374237279288426
14B,248,4.336157186985869,0.7279242043903316,3.608232982595537,3.944805860519409,0.9179668719950023,3.083144279040333
14B,249,4.648303555175677,0.8014265369979824,3.846877018177695,4.641241550445557,0.9319574523469683,3.7516479794427147
14B,250,4.742890885406003,0.8101918559550203,3.9326990294509825,4.755216360092163,0.9283620723948676,3.8903779114522723
14B,251,4.7526207252488435,0.7935619573012056,3.959058767947638,4.7992329597473145,0.9283620723948676,3.930612358586045
14B,252,4.617182571191106,0.7960466601371021,3.8211359110540037,4.579288959503174,0.924669105974498,3.6800256845424824
14B,253,4.935901271169314,0.8051389124729752,4.130762358696338,5.057739019393921,0.9371686773139664,4.152673563051836
14B,254,4.845026505606989,0.8071918450446407,4.037834660562348,4.71763014793396,0.9283620723948676,3.8593184246891985
14B,255,4.9760283537998,0.780167905985587,4.195860447814212,5.025477886199951,0.9169882436828392,4.153916409838299
14B,256,5.711740255346821,0.8206235902987373,4.8911166650480835,5.689355850219727,0.954434002924965,4.7230563192648685
14B,257,4.83099075181454,0.7562097935258807,4.07478095828866,4.377296686172485,0.9319574523469683,3.538437974977344
14B,258,4.920545598985182,0.8301668439247208,4.090378755060461,4.965251445770264,0.9388575093412462,4.068805903826527
14B,259,5.785877534666128,0.8395883159032421,4.946289218762886,5.778878927230835,0.9639371121521569,4.8639341821949404
14B,260,5.790135262825576,0.8546208421216356,4.9355144207039405,6.005376100540161,0.954434002924965,5.067199652589199
14B,261,5.006167134591888,0.7923451690474108,4.2138219655444775,5.013050556182861,0.9319574523469683,4.098723772712274
14B,262,2.956006987252061,0.6120531676944894,2.3439538195575715,2.432947039604187,0.7524617420196192,1.7396330750176712
14B,263,3.9922418653900866,0.7484339708930813,3.2438078944970052,4.017568111419678,0.9068282457124686,3.148410051996894
14B,264,1.9302666342573127,0.44706642915915223,1.4832002050981605,1.1408581137657166,0.3955378064564774,0.7011697293755773
14B,265,4.806538774025631,0.7961083206483806,4.01043045337725,4.907862186431885,0.9301719278216587,3.9911013684953676
14B,266,4.658270281542406,0.7799263122578016,3.8783439692846047,4.826357364654541,0.9319574523469683,3.9455299282986536
14B,267,3.8816162288499676,0.7384402768392588,3.1431759520107083,3.9761632680892944,0.8725253619169874,3.143886080493543
14B,268,4.673602869072426,0.8150187054887575,3.858584163583669,4.67968487739563,0.9283620723948676,3.8273941609220983
14B,269,3.150712284615555,0.6348995954827052,2.51581268913285,2.6019359827041626,0.7855602922535472,1.8701597959539866
14B,270,3.1502223271580085,0.5473111342500486,2.60291119290796,2.345319151878357,0.6530369782801025,1.723714502093911
14B,271,3.846748936391482,0.6735181113270657,3.1732308250644157,3.7799144983291626,0.8675071344816212,2.929366189237498
14B,272,4.8695501583651275,0.7578398825721736,4.111710275792954,4.900663375854492,0.9354557645575772,3.978601608826214
14B,273,2.6958173801212535,0.543929301958026,2.151888078163228,1.9389939308166504,0.64850357736923,1.335813800635501
14B,274,6.49265561542364,0.8515419967768647,5.641113618646775,6.488129377365112,0.9606713085005427,5.546113968012111
14B,275,4.178793369980395,0.7651669674684036,3.413626402511992,4.126222372055054,0.8982471255793865,3.267077242987291
14B,276,3.8736938850830582,0.7105229693519091,3.1631709157311487,3.744374394416809,0.8725253619169873,2.89568184637986
14B,277,8.134572024986692,0.9324509676874302,7.202121057299262,8.745285987854004,0.9951405030499998,7.765384380253725
14B,278,3.5432554237779943,0.6714748626994496,2.8717805610785447,3.4242842197418213,0.8050279555733038,2.64149106557221
14B,279,3.955692836654795,0.7271239886525159,3.2285688480022796,3.9994757175445557,0.8869456102215852,3.1728184291705803
14B,280,4.287653983907776,0.7576828758673392,3.5299711080404372,4.318847417831421,0.9025884080335268,3.4359276825500955
14B,281,0.9002804484117274,0.2448155921255494,0.6554648562861779,0.05132797546684742,0.0013153866011750047,0.010833672224193663
14B,282,2.389286556968137,0.5150162113503455,1.8742703456177918,1.8245756030082703,0.6022108627712435,1.2467516300298138
14B,283,3.777970752398172,0.7300203416029806,3.047950410795192,3.7480520009994507,0.8798536873545876,2.8971424284437868
14B,284,5.094308952313963,0.7761977195515736,4.318111232762389,5.237344264984131,0.9405223203811051,4.297094490522376
14B,285,4.66031607754472,0.7890376741308623,3.8712784034138576,4.854804515838623,0.9227858605773946,3.946582147007575
14B,286,1.9388836663381448,0.4530571591189586,1.485826507219186,1.2898569703102112,0.3955378064564774,0.834771735131453
14B,287,4.501406742572388,0.6572894245066847,3.8441173180657033,4.587903022766113,0.8700295850755476,3.73485892340967
14B,288,4.841131856419128,0.6663756319649092,4.17475622445422,4.074159383773804,0.9078692865614137,3.213161992079333
14B,289,4.284751997948266,0.7674189126846374,3.517333085263629,4.325764417648315,0.9047209661860875,3.4686633311266526
14B,290,4.5315138457831825,0.7720015035279706,3.7595123422552117,4.575754165649414,0.9068282457124686,3.691849640165611
14B,291,4.486740091431865,0.7772155743646412,3.7095245170672233,4.442241191864014,0.9208780154383214,3.552556727811554
14B,292,1.874135491840711,0.48757143052007784,1.386564061320633,1.4957366585731506,0.5162223819695279,0.9491720978858222
14B,293,3.6610081874062494,0.6595378804648485,3.0014703069414006,3.3602293729782104,0.840791205012962,2.5044896581864977
14B,294,4.454439049153122,0.785329532065947,3.669109517087176,4.4607765674591064,0.9283620723948676,3.569471477073656
14B,295,4.353670220069646,0.7727390901691188,3.580931129900527,4.334298372268677,0.9129992135852473,3.45821047617937
14B,296,4.847551683381723,0.8077424881775221,4.039809195204201,5.033408880233765,0.9421631690835511,4.121287036932418
14B,297,4.851968218897216,0.7903525973902152,4.061615621507,4.839618921279907,0.9274449465207307,3.970531503626857
14B,298,5.115986626429513,0.8375035397000954,4.278483086729418,5.227216958999634,0.9354557645575772,4.313517793274452
14B,299,5.362090811368791,0.8138792810193416,4.548211530349449,5.253261566162109,0.9337187102245466,4.310361586838402
14B,300,5.3709297342973725,0.8376643580917519,4.5332653762056205,5.283317804336548,0.9421631690835511,4.383000580866867
14B,301,4.539937536044673,0.7987962782416588,3.7411412578030134,4.50094199180603,0.9283620723948676,3.617164089729049
14B,302,2.7618050118834643,0.5801769604353111,2.1816280514481527,2.1677430868148804,0.6962122601251458,1.5380921766678424
14B,303,3.558782576919823,0.7329424715963065,2.825840105323516,3.5045021772384644,0.8725253619169873,2.6680972920577304
14B,304,5.545534415073902,0.8237858700604203,4.721748545013482,5.634882926940918,0.9453732087003415,4.71383813973123
14B,305,5.24818730632109,0.8062952043799971,4.441892101941093,5.256361722946167,0.9371686773139664,4.362605932915275
14B,306,4.387413420496803,0.8076861062359696,3.5797273142608335,4.5830981731414795,0.921831938007858,3.6964386708822445
14B,307,4.194566217084451,0.7390438871981604,3.4555223298862905,4.226484060287476,0.8949209779323771,3.3912610465739723
14B,308,5.0444568034443815,0.8068376151013206,4.237619188343062,5.120453834533691,0.9283620723948676,4.227773095541476
14B,309,5.076309911457303,0.8141510328992676,4.2621588785580355,5.161109447479248,0.9345872373910619,4.252025042422964
14B,310,2.139160903266657,0.511984510049626,1.627176393217031,1.720172643661499,0.5651013322959568,1.138080602839985
14B,311,4.14671060068335,0.7703613160524734,3.376349284630877,4.043479681015015,0.9089103274103589,3.201002471294216
14B,312,4.981567962522685,0.8433298654920423,4.1382380970306425,5.124335050582886,0.9453732087003415,4.224996341847566
14B,313,3.5536884638305244,0.6926671780290266,2.8610212858014976,3.591323494911194,0.8749945696399304,2.731088628562203
14B,314,1.836331761167263,0.4580595239281659,1.3782722372390972,1.2887971997261047,0.4359480597900055,0.7232254103554333
14B,315,4.238464608780844,0.6479833794461766,3.5904812293346677,3.25332248210907,0.8518061887486321,2.5175006298722966
14B,316,4.542776099519889,0.6740002999427521,3.868775799577137,4.019954681396484,0.8834257689418807,3.2169141010766906
14B,317,4.317935409676103,0.7595627104924111,3.5583726991836926,4.332917928695679,0.9129992135852473,3.4723450020167035
14B,318,2.2570493876233884,0.548501044634732,1.7085483429886565,1.7924951910972595,0.6439403638806509,1.197296439272044
14B,319,6.330678853737803,0.862791771602856,5.467887082134948,6.6454150676727295,0.9652016987500656,5.703297242869932
14B,320,3.550963576613444,0.6782115314597134,2.872752045153731,3.5665587186813354,0.8504500617429216,2.7271533988836425
14B,321,3.6104528219307563,0.6161381011636584,2.994314720767098,2.8658041954040527,0.7921703563573823,2.1522592100038143
14B,322,5.634453349654558,0.8444076204033771,4.790045729251181,5.716867208480835,0.9453732087003415,4.799290493012983
14B,323,4.6545210820700005,0.7721806046667431,3.8823404774032575,4.752314329147339,0.9169882436828392,3.8546343747482776
14B,324,4.656697659359717,0.8111158355755796,3.8455818237841375,4.692974090576172,0.9283620723948676,3.803597103594535
14B,325,3.616241469419496,0.6759939689496267,2.94024750046987,3.5462371110916138,0.840791205012962,2.7209745920758666
14B,326,4.922502758993679,0.8097353734918544,4.112767385501825,4.907752275466919,0.9301719278216587,4.022254616200826
14B,327,2.712080034762059,0.5806417463327848,2.1314382884292744,2.359278678894043,0.712453444966878,1.6854209705525933
14B,328,5.486405375400719,0.825026570617173,4.661378804783546,5.6467604637146,0.9421631690835511,4.765251972269251
14B,329,4.386400076060888,0.7700481664568009,3.6163519096040875,4.225764036178589,0.8960382325345573,3.361141702237849
14B,330,4.337659325690829,0.7471748231706328,3.590484502520197,4.223186016082764,0.893803723330197,3.340809985082628
14B,331,5.173980553264228,0.8323222303856542,4.341658322878574,5.224787950515747,0.9500099555782802,4.279846030539858
14B,332,4.432375487251466,0.7986451781774851,3.6337303090739814,4.578176498413086,0.9208780154383214,3.6930465111244697
14B,333,3.054485105239012,0.5896676187138814,2.464817486525131,2.650219440460205,0.7506399446452308,1.8991397461121318
14B,334,3.5223481263502894,0.7018200044524795,2.82052812189781,3.4789315462112427,0.8518061887486321,2.6696688422716326
14B,335,3.9742628482444804,0.7680530192414583,3.206209829003022,4.060935735702515,0.8915435098801496,3.1948332462509077
14B,336,4.8599503199033105,0.8140556727316842,4.045894647171626,4.986223220825195,0.9301719278216587,4.09598498078077
14B,337,3.958661824653053,0.6718062792575331,3.28685554539552,4.05683445930481,0.877437311089633,3.196838269585852
14B,338,3.847807110621411,0.7000635841272262,3.1477435264941844,3.749666929244995,0.8798536873545876,2.89759779416155
14B,339,4.072097599558067,0.7650578808610555,3.3070397186970113,3.961014986038208,0.9089103274103589,3.1076138218390357
14B,340,4.095693391458631,0.7037433930011342,3.391949998457497,3.6019946336746216,0.8675071344816212,2.816829024893248
14B,341,1.5623128983603003,0.4328077805111274,1.1295051178491726,1.1493527293205261,0.3458150341301057,0.7476097823638439
14B,342,4.248095747107989,0.7261398836194584,3.521955863488531,3.9183387756347656,0.8949209779323771,3.056933385247898
14B,343,2.5957529584218446,0.5636662381657286,2.0320867202561157,2.209994912147522,0.6597510473638963,1.565301279592835
14B,344,2.520530280030688,0.539094812670702,1.9814354673599859,2.0017195343971252,0.6462294471798568,1.3760012584465096
14B,345,2.5849324143980237,0.5462664546683917,2.038665959729632,1.9261692762374878,0.6370127273354493,1.3306206713721187
14B,346,1.1459365053584276,0.3013329438805796,0.8446035614778483,0.26935917139053345,0.03796886572768293,0.0837795457961322
14B,347,1.6551263089342474,0.41138478635894166,1.243741522575306,0.8452064096927643,0.2557420200756248,0.436346373325388
14B,348,4.423468063994717,0.7671323939242244,3.656335670070492,4.5819385051727295,0.9208780154383214,3.717851449671219
14B,349,4.298161033632519,0.7200247986839861,3.5781362349485333,4.355713367462158,0.8892575025680446,3.501089338149509
14B,350,4.07771904683676,0.745042950865755,3.332676095971006,4.158998966217041,0.8960382325345574,3.313563945286353
14B,351,3.9857058704836454,0.6480320564407085,3.3376738140429367,3.6918259859085083,0.8571484374283715,2.89137113402582
14B,352,1.9622904554007758,0.4889825334810223,1.4733079219197538,1.5100051164627075,0.5097345489307137,0.9845447446050992
14B,353,5.054615468681024,0.8234234501640119,4.231192018517012,4.9733545780181885,0.9421631690835511,4.077288393509281
14B,354,5.0079815201636455,0.8307215816628941,4.177259938500751,5.012117624282837,0.9388575093412462,4.151295938111311
14B,355,3.0191523397541387,0.5979871471141612,2.4211651926399775,2.409059524536133,0.7506399446452308,1.6969455192997187
14B,356,2.945474633244239,0.5531485111766236,2.3923261220676153,2.2238080501556396,0.6878760365869007,1.567101740510405
14B,357,6.098847763765082,0.8815219222880956,5.2173258414769865,5.924154043197632,0.9688569007596826,4.9877458603058535
14B,358,4.767154078815489,0.7892883702407202,3.9778657085747686,4.746750354766846,0.9189455003071654,3.894199307503401
14B,359,4.791204667461632,0.7916550834966862,3.999549583964946,4.828588247299194,0.924669105974498,3.9719032273048835
14B,360,4.513441496467387,0.8039345344332799,3.709506962034107,4.637647390365601,0.9371686773139664,3.7428101554250306
14B,361,3.3395568978015264,0.6744053401366829,2.6651515576648435,2.992637515068054,0.8249099616117402,2.2705491955229347
14B,362,4.165925264435314,0.7655720612862922,3.4003532031490225,4.247694969177246,0.9089103274103589,3.4035055780168135
14B,363,4.586907328682623,0.7436528780205308,3.8432544506620925,4.738747835159302,0.924669105974498,3.833740206443469
14B,364,4.913408143432972,0.8041842873692674,4.109223856063704,4.869654417037964,0.924669105974498,3.9758798592298126
14B,365,4.926025485150273,0.7642972159573116,4.161728269192961,5.018710613250732,0.9445766608605313,4.149196559296712
14B,366,5.092820571238418,0.8062539611433595,4.286566610095059,5.043392896652222,0.9319574523469683,4.188019274331578
14B,367,3.2475453811937927,0.6375245971321447,2.6100207840616476,3.0188573598861694,0.8174108828059471,2.2055626306151104
14B,368,5.742681647505121,0.8286354014802751,4.914046246024845,6.080695867538452,0.9484880760741909,5.124918806844198
14B,369,4.6217750152575245,0.7964184837527017,3.8253565315048226,4.821859121322632,0.9319574523469683,3.9341326342543854
14B,370,4.860027260708893,0.8009177060737654,4.059109554635128,4.951916933059692,0.9388575093412462,4.063045087566914
14B,371,5.430342877865769,0.8219722245292468,4.6083706533365225,5.599425315856934,0.9484880760741909,4.663567119673505
14B,372,4.686769224022108,0.7889645938404815,3.897804630181627,4.6369946002960205,0.9199117578727434,3.7604475620401363
14B,373,1.7273395030912846,0.41948247785027676,1.3078570252410073,1.0964736938476562,0.27825095695046465,0.6751475301216414
14B,374,2.6908257646000004,0.6144942673975381,2.0763314972024625,2.4993773698806763,0.7432709194035553,1.7464352407663544
14B,375,2.718042114446064,0.5678607471799607,2.150181367266103,2.087214469909668,0.6889249022658313,1.444168360434655
14B,376,4.015358948148089,0.7277945047816359,3.2875644433664535,3.911105513572693,0.8881015563948149,3.0455895963202826
14B,377,2.8986665628830277,0.5713947096944156,2.3272718531886123,2.3869471549987793,0.7193806745044827,1.689844578653579
14B,378,4.834682092074818,0.7066132282861481,4.12806886378867,5.120143890380859,0.9129992135852473,4.24208984904466
14B,379,1.898301809589413,0.45735364619102237,1.4409481633983907,1.2085771560668945,0.4440496709109674,0.7466709338389428
14B,380,2.37489464704582,0.5620519680518842,1.8128426789939358,2.0554773807525635,0.6740141336160627,1.371464153050571
14B,381,3.7480099859966285,0.7182325841178026,3.0297774018788264,3.654314160346985,0.8869456102215852,2.791965542978741
14B,382,3.2898741267384772,0.6509557905784702,2.638918336160007,3.0286728143692017,0.8174108828059471,2.300485070420306
14B,383,4.633947416094201,0.7513265449471669,3.8826208711470342,4.763928174972534,0.8892575025680446,3.922537568120459
14B,384,6.055926474232888,0.8347957668431102,5.2211307073897775,6.144195079803467,0.9600042072840912,5.213512661774038
14B,385,4.974346074589375,0.7814451317548269,4.192900942834549,5.1552345752716064,0.9189455003071654,4.266539135703161
14B,386,4.9102078671891665,0.7860488424281008,4.124159024761065,4.889234304428101,0.9354557645575772,3.9674305579412477
14B,387,5.515312601992087,0.8153835146687953,4.699929087323291,5.570472717285156,0.9421631690835511,4.6798450285641895
14B,388,4.701092727862472,0.8055592381679907,3.895533489694481,4.844562768936157,0.9283620723948676,3.9475810883785627
14B,389,4.607503278552223,0.7605352327435583,3.8469680458086652,4.607081651687622,0.9089103274103589,3.723729075520687
14B,390,5.52310089172482,0.8184733737915083,4.704627517933311,5.851285696029663,0.9405223203811051,4.939043963968745
14B,391,5.578338530482935,0.8155665361006971,4.762771994382238,5.779173851013184,0.9469425115788506,4.8381661062078285
14B,392,4.351535503573657,0.752705673915253,3.598829829658404,4.5075905323028564,0.9089103274103589,3.610491458031879
14B,393,5.329057718109468,0.8205493219431552,4.508508396166312,5.35996150970459,0.9405223203811051,4.437224037928779
14B,394,3.3183383083506897,0.621230363639416,2.6971079447112736,3.1227632761001587,0.7830490029704782,2.335631460898662
14B,395,3.350657715292827,0.6592786685468439,2.6913790467459835,2.9877432584762573,0.8234274317947734,2.2296523302022635
14B,396,4.322898234527693,0.7565347422591877,3.5663634922685046,4.281949043273926,0.9129992135852473,3.4219188521609674
14B,397,4.487597732843542,0.7527202089481525,3.73487752389539,4.574241876602173,0.9109672906879394,3.6891610684848555
14B,398,2.0875994987604556,0.5012685555399268,1.5863309432205288,1.6257580518722534,0.5097345489307137,1.0983801976153984
14B,399,3.2157033135449717,0.630930283109387,2.5847730304355845,3.0303311347961426,0.8234274317947734,2.2613280875153223
14B,400,4.313941459802873,0.7730659716364804,3.540875488166392,4.389443397521973,0.9119832521365934,3.499697252167035
14B,401,4.798737244382402,0.7860504709580587,4.0126867734243445,4.98873233795166,0.9283620723948676,4.0963429793657475
14B,402,2.1333610997954815,0.4583869064582331,1.6749741933372484,1.4587083458900452,0.4277370675639022,0.9786556589520039
14B,403,4.20315327674338,0.7629400940812315,3.440213182662148,4.250198125839233,0.9169882436828392,3.3830715548681907
14B,404,6.88830788001244,0.8741323996797924,6.014175480332648,7.288741827011108,0.9723051006568468,6.353212749585692
14B,405,6.028978245649631,0.8482887055080567,5.180689540141574,6.290466070175171,0.9544340029249649,5.345236610528197
14B,406,2.906148915685545,0.6236115264422519,2.282537389243293,2.851369261741638,0.8042374392731994,2.06527626455756
14B,407,2.03175160117478,0.5234913038922667,1.5082602972825134,1.6883614659309387,0.5781710723614986,1.1296195208659667
14B,408,5.123754585165375,0.8156065496381518,4.308148035527223,5.202953815460205,0.9437801130207212,4.288053198857559
14B,409,4.169488382462508,0.6430860883293867,3.526402294133121,3.946972131729126,0.8700295850755476,3.1008501433977136
14B,410,4.311685846473979,0.7487307877729372,3.562955058701042,4.379740238189697,0.9129992135852473,3.521252195735436
14B,411,2.5213700263179213,0.5438501703183284,1.9775198559995928,2.1729745864868164,0.6619760641115652,1.5033075264089435
14B,412,4.289869990312742,0.7498597538000205,3.540010236512722,4.493455171585083,0.9089103274103589,3.5744327984840742
14B,413,4.15819805220982,0.7441660741167995,3.4140319780930213,4.193218946456909,0.8892575025680446,3.334319581129701
14B,414,6.562775956077756,0.8562218736561971,5.706554082421559,6.755715847015381,0.9700292494214555,5.811988442356748
14B,415,4.560107551439381,0.7815350388080534,3.7785725126313277,4.489486932754517,0.9109672906879394,3.628005008472953
14B,416,3.9486576161643905,0.7132092996449321,3.2354483165194585,4.1073267459869385,0.8725253619169873,3.2139556184119007
14B,417,5.602722567038557,0.8271537992335756,4.775568767804982,5.748143434524536,0.9586467114543629,4.838677278091945
14B,418,4.193001438326487,0.7474494416714599,3.445551996655027,4.247323751449585,0.9047209661860875,3.398368795821572
14B,419,2.4490482265753366,0.5504234190972375,1.8986248074780991,1.8574021458625793,0.6439403638806509,1.2020117826058403
14B,420,4.036300209554659,0.7530382481414214,3.2832619614132375,3.961652159690857,0.9004304890456556,3.1075479828783665
14B,421,4.49208701202446,0.7960831272165257,3.696003884807935,4.649580240249634,0.9283620723948676,3.7797186092457107
14B,422,4.753649137478911,0.7926035316270189,3.961045605851892,4.792856216430664,0.9283620723948676,3.890105999464993
14B,423,1.6320577978549786,0.3935073249125636,1.2385504729424153,0.7740934789180756,0.20542549990356584,0.3613943721110397
14B,424,5.103234766671625,0.8115604596401071,4.291674307031518,5.258797645568848,0.9337187102245466,4.361619345742724
14B,425,3.924262874057141,0.7002896598446358,3.223973214212506,3.7457501888275146,0.8749945696399304,2.9261392311790764
14B,426,4.383361412079354,0.7480736655747688,3.6352877465045847,4.576071500778198,0.9004304890456556,3.74115975949256
14B,427,1.7304475654695672,0.4442265502492859,1.286221015220281,1.074686348438263,0.3814735439675174,0.6434903254077199
14B,428,4.548638088318746,0.7559729711045868,3.792665117214159,4.707348346710205,0.9089103274103589,3.840971653438327
14B,429,7.043733327019036,0.9005970361381906,6.143136290880845,7.299773216247559,0.9639371121521569,6.355003996877061
14B,430,4.767628821928848,0.8010052596703324,3.966623562258516,4.730081796646118,0.9265278206465941,3.865568926217041
14B,431,4.528859533787812,0.7972317217788919,3.73162781200892,4.445516347885132,0.924669105974498,3.591576384249822
14B,432,4.0271792080345055,0.7719725187803185,3.255206689254187,4.038441181182861,0.9068282457124686,3.168348859571828
14B,433,3.750848149526901,0.707006260785214,3.0438418887416874,3.688385486602783,0.8892575025680446,2.8240618113093596
14B,434,3.017644991348322,0.6230070484822139,2.3946379428661078,2.4219356775283813,0.7805223118522664,1.6296508426503253
14B,435,4.211617943886678,0.7589645104059952,3.4526534334806827,4.21083927154541,0.9129992135852473,3.3641703654576762
14B,436,4.667834650808445,0.780433431388816,3.8874012194196292,4.790743350982666,0.9208780154383214,3.904585374556098
14B,437,3.5209964191094794,0.674796187533324,2.846200231576155,3.3023511171340942,0.8322368857340847,2.522112806152965
14B,438,5.25743729818975,0.8061272110926156,4.451310087097134,5.300925970077515,0.9354557645575772,4.387820277370023
14B,439,4.551387608707038,0.811165465217236,3.7402221434898015,4.5329296588897705,0.9301719278216587,3.656199324861467
14B,440,3.854340991558604,0.7410575989255402,3.113283392633064,3.8456844091415405,0.8857766751538636,2.99587484114746
14B,441,4.281546205092521,0.741448596047238,3.540097609045283,4.200925350189209,0.88224379779762,3.336654951492002
14B,442,5.374897685575397,0.8155991179980926,4.559298567577305,5.329725027084351,0.9469425115788506,4.432228693269641
14B,443,2.419406709162488,0.49666698411286936,1.9227397250496188,1.627315640449524,0.5097345489307137,1.148901937251627
14B,444,3.2720930178010295,0.6478463015240675,2.624246716276962,3.160829186439514,0.8050279555733038,2.3535366976155245
14B,445,4.356537153641403,0.733057690073138,3.623479463568265,4.455466270446777,0.9036546871098072,3.633945969471132
14B,446,3.6904925828547137,0.6768259661464824,3.0136666167082313,3.4570318460464478,0.840791205012962,2.690409238828423
14B,447,4.240258315095185,0.7886652791526618,3.451593035942524,4.33751654624939,0.9208780154383214,3.4443935075719248
14B,448,4.163842914879727,0.7253846021895012,3.4384583126902264,4.060953378677368,0.9004304890456556,3.2522549877080986
14B,449,3.8198108836011477,0.7235775900174651,3.096233293583683,3.7660419940948486,0.877437311089633,2.921747157127583
14B,450,2.1305705202509087,0.4756101943091508,1.6549603259417576,1.326730728149414,0.4980278865344765,0.8401666896532026
14B,451,4.452331561067244,0.8106191530202277,3.6417124080470167,4.5166709423065186,0.9388575093412462,3.589081325869774
14B,452,4.286173917518762,0.7624675528775248,3.523706364641237,4.299405097961426,0.9025884080335268,3.4028131137898576
14B,453,4.140181338090512,0.7536140984074783,3.3865672396830337,4.011971473693848,0.8915435098801496,3.1717720668479537
14B,454,4.352463634118539,0.7577107936427835,3.5947528404757567,4.303559303283691,0.9199117578727434,3.4228424569287865
14B,455,3.716330898555815,0.6994263351348889,3.016904563420926,3.654566764831543,0.8597786663171395,2.7963495466475647
14B,456,4.628711720672668,0.8087257218041327,3.819985998868535,4.725912570953369,0.9274449465207307,3.851978350303429
14B,457,4.903954761980547,0.8156116951027991,4.088343066877748,4.823889255523682,0.9319574523469683,3.9217199283142286
14B,458,3.401833669607092,0.6410113727609795,2.7608222968461127,2.975932240486145,0.8204336100852311,2.199124823411915
14B,459,3.8238835573313343,0.7357873941963374,3.088096163134997,3.765771269798279,0.877437311089633,2.9204161615487596
14B,460,3.727474348102911,0.698944246802929,3.0285301012999817,3.7057082653045654,0.8846077400861416,2.8901104370878725
14B,461,5.593959585887141,0.8326282526513268,4.761331333235814,5.584359645843506,0.9537084355239207,4.674250874302556
14B,462,1.4594994345428511,0.38491429968152696,1.0745851348613242,0.8603215515613556,0.2196248780687649,0.42835243078922536
14B,463,3.9941492134886714,0.7415853125763655,3.252563900912306,4.063697814941406,0.877437311089633,3.2294371322089965
14B,464,5.145454152845286,0.8038077811204387,4.341646371724846,5.280479669570923,0.9354557645575772,4.386834219740561
14B,465,5.061428944416495,0.7651534770561281,4.296275467360366,5.281267166137695,0.9413427447323282,4.3770434656276525
14B,466,4.528538067483523,0.7878742510869535,3.740663816396569,4.526255369186401,0.9208780154383214,3.653404675169088
14B,467,1.7863854204369576,0.46269900768532574,1.3236864127516317,1.4183549284934998,0.43185641803859276,0.9269749405638554
14B,468,3.875402500029922,0.7537718118179654,3.1216306882119573,3.8050196170806885,0.8834257689418807,2.9664049098471224
14B,469,2.3764104280300336,0.4878286161213611,1.8885818119086726,1.4311606287956238,0.5226412053360386,0.8887500568257581
14B,470,3.844310466021627,0.7528609261742294,3.0914495398473973,3.9301748275756836,0.893803723330197,3.05927132013248
14B,471,4.471882034827595,0.7853171376355343,3.6865648971920604,4.3956098556518555,0.9169882436828392,3.497023826374094
14B,472,4.557787238647265,0.7772296426623454,3.78055759598492,4.590430498123169,0.921831938007858,3.6869063081269813
14B,473,6.054604364575956,0.8828999295687896,5.171704435007167,6.232167959213257,0.9652016987500656,5.290326993124418
14B,474,5.742127568418247,0.8376309357859013,4.904496632632345,6.10531759262085,0.9558616562817717,5.173368260581185
14B,475,4.9839851570775915,0.8169755847584982,4.167009572319094,5.062807559967041,0.9484880760741909,4.177556112957269
14B,476,3.8612059079215664,0.7241045879745728,3.1371013199469937,3.8041837215423584,0.8700295850755476,2.9739009032970065
14B,477,4.575875031930327,0.7797562334236994,3.796118798506628,4.605140686035156,0.9208780154383214,3.7539185234291343
14B,478,3.3143762012054165,0.6541081602254649,2.6602680409799517,3.019381880760193,0.8204336100852311,2.2581021267755004
14B,479,3.3216162013598485,0.6315016990135639,2.690114502346285,2.9432345628738403,0.7897049180762246,2.258719166908443
14B,480,1.5853704859479334,0.3485054554463707,1.2368650305015625,0.1720700040459633,0.03687450625387197,0.07807982569810762
14B,481,4.140326500983274,0.7371020573435801,3.4032244436396937,4.230708360671997,0.8822437977976197,3.3798710712408653
14B,482,4.562321528498767,0.7477708991770735,3.8145506293216944,4.577211618423462,0.9129992135852473,3.6831790650234004
14B,483,4.274819493585573,0.7733170562890719,3.501502437296501,4.364689350128174,0.899338807312521,3.506032843133698
14B,484,4.2287192466460555,0.7681453604690481,3.460573886177007,4.346825122833252,0.9004304890456556,3.457418321304375
14B,485,5.0884726133887925,0.7826221182058233,4.305850495182969,5.22718620300293,0.9354557645575772,4.325544449045793
14B,486,4.546919764522169,0.7877291670196955,3.7591905975024735,4.494451999664307,0.9354557645575772,3.6362894250469644
14B,487,2.094550642918176,0.485683022629278,1.6088676202888983,1.3946300745010376,0.4980278865344765,0.9440861204754162
14B,488,3.630580947527598,0.6753493957563099,2.9552315517712877,3.604970932006836,0.8449703338200643,2.8027872974774386
14B,489,2.732925516673652,0.542091843408127,2.1908336732655256,2.168758988380432,0.6783209282399465,1.5358296288127364
14B,490,5.23630646071607,0.8195681652643362,4.416738295451734,5.2643303871154785,0.9421631690835511,4.3327566435210905
14B,491,4.756501636531748,0.8013331681190065,3.955168468412741,4.788694381713867,0.9265278206465939,3.921674103624733
14B,492,5.648659861166251,0.8321454822269896,4.816514378939261,5.6833837032318115,0.9558616562817717,4.775473174141842
14B,493,4.909800920530379,0.7921409232509367,4.117659997279442,5.045483112335205,0.9283620723948676,4.1649754235198735
14B,494,5.026019177271442,0.8056567554793987,4.220362421792043,5.050400257110596,0.9371686773139664,4.190092721942116
14B,495,1.876389927558969,0.46336016170599853,1.4130297658529705,1.4493158459663391,0.4416309989951423,0.9383357184939058
14B,496,5.203116372056973,0.8265782923246348,4.376538079732338,5.233586549758911,0.9453732087003415,4.367096028621134
14B,497,3.1856062464108956,0.6541131145337103,2.5314931318771845,2.9777655601501465,0.8234274317947734,2.159562827866478
14B,498,4.490644548197399,0.773526926769986,3.717117621427413,4.318707227706909,0.9150061727949925,3.4310172086382758
14B,499,4.403584763766611,0.7935154430155519,3.6100693207510592,4.57214879989624,0.9169882436828392,3.694105487730193
