CSV line,PRC Construction,Generation Model,Entropy Model,eta,T,n,WM N,Existing soft FPR,Naive TPR status,Naive FPR status,Reason,Run
26,online_causal_prc_v1,Qwen3-0.6B-Base,Qwen3-0.6B-Base,0.05,416,416,500,0/500 (0.0%),missing saved score,missing saved score,No saved all-coordinate naive counts for this cohort and prefix,completion_only_raw_abstain_v1/integrated/5ed80c3468e45f456dcb3a72
27,online_causal_prc_v1,Qwen3-0.6B-Base,Qwen3-0.6B-Base,0.05,432,432,500,0/500 (0.0%),missing saved score,missing saved score,No saved all-coordinate naive counts for this cohort and prefix,completion_only_raw_abstain_v1/integrated/5ed80c3468e45f456dcb3a72
29,online_causal_prc_v1,Qwen3-0.6B-Base,Qwen3-0.6B-Base,0.05,464,464,500,0/500 (0.0%),missing saved score,missing saved score,No saved all-coordinate naive counts for this cohort and prefix,completion_only_raw_abstain_v1/integrated/5ed80c3468e45f456dcb3a72
30,online_causal_prc_v1,Qwen3-0.6B-Base,Qwen3-0.6B-Base,0.05,480,480,500,0/500 (0.0%),missing saved score,missing saved score,No saved all-coordinate naive counts for this cohort and prefix,completion_only_raw_abstain_v1/integrated/5ed80c3468e45f456dcb3a72
31,online_causal_prc_v1,Qwen3-0.6B-Base,Qwen3-0.6B-Base,0.05,496,496,500,0/500 (0.0%),missing saved score,missing saved score,No saved all-coordinate naive counts for this cohort and prefix,completion_only_raw_abstain_v1/integrated/5ed80c3468e45f456dcb3a72
32,online_causal_prc_v1,Qwen3-0.6B-Base,Qwen3-0.6B-Base,0.05,512,512,500,0/500 (0.0%),missing saved score,missing saved score,No saved all-coordinate naive counts for this cohort and prefix,completion_only_raw_abstain_v1/integrated/5ed80c3468e45f456dcb3a72
33,online_causal_prc_v1,Qwen3-0.6B-Base,Qwen3-0.6B-Base,0.05,512,512,500,0/500 (0.0%),missing saved score,missing saved score,No saved all-coordinate naive counts for this cohort and prefix,completion_only_raw_abstain_v1/integrated/dd058330a60f9d1a5d679d4b
35,online_causal_prc_v1,Qwen3-8B-Base,Qwen3-8B-Base,0.05,848,848,500,0/500 (0.0%),missing saved score,missing saved score,No saved all-coordinate naive counts for this cohort and prefix,completion_only_raw_abstain_v1/integrated/ae819bd51cc9e88ec2af6a8f
36,online_causal_prc_v1,Qwen3-8B-Base,Qwen3-8B-Base,0.05,864,864,500,1/500 (0.2%),missing saved score,missing saved score,No saved all-coordinate naive counts for this cohort and prefix,completion_only_raw_abstain_v1/integrated/ae819bd51cc9e88ec2af6a8f
37,online_causal_prc_v1,Qwen3-8B-Base,Qwen3-8B-Base,0.05,880,880,500,1/500 (0.2%),missing saved score,missing saved score,No saved all-coordinate naive counts for this cohort and prefix,completion_only_raw_abstain_v1/integrated/ae819bd51cc9e88ec2af6a8f
38,online_causal_prc_v1,Qwen3-8B-Base,Qwen3-8B-Base,0.05,896,896,500,0/500 (0.0%),missing saved score,missing saved score,No saved all-coordinate naive counts for this cohort and prefix,completion_only_raw_abstain_v1/integrated/ae819bd51cc9e88ec2af6a8f
39,online_causal_prc_v1,Qwen3-8B-Base,Qwen3-8B-Base,0.05,912,912,500,0/500 (0.0%),missing saved score,missing saved score,No saved all-coordinate naive counts for this cohort and prefix,completion_only_raw_abstain_v1/integrated/ae819bd51cc9e88ec2af6a8f
40,online_causal_prc_v1,Qwen3-8B-Base,Qwen3-8B-Base,0.05,928,928,500,0/500 (0.0%),missing saved score,missing saved score,No saved all-coordinate naive counts for this cohort and prefix,completion_only_raw_abstain_v1/integrated/ae819bd51cc9e88ec2af6a8f
41,online_causal_prc_v1,Qwen3-8B-Base,Qwen3-8B-Base,0.05,944,944,500,0/500 (0.0%),missing saved score,missing saved score,No saved all-coordinate naive counts for this cohort and prefix,completion_only_raw_abstain_v1/integrated/ae819bd51cc9e88ec2af6a8f
42,online_causal_prc_v1,Qwen3-8B-Base,Qwen3-8B-Base,0.05,960,960,500,0/500 (0.0%),missing saved score,missing saved score,No saved all-coordinate naive counts for this cohort and prefix,completion_only_raw_abstain_v1/integrated/ae819bd51cc9e88ec2af6a8f
43,online_causal_prc_v1,Qwen3-8B-Base,Qwen3-8B-Base,0.05,976,976,500,0/500 (0.0%),missing saved score,missing saved score,No saved all-coordinate naive counts for this cohort and prefix,completion_only_raw_abstain_v1/integrated/ae819bd51cc9e88ec2af6a8f
44,online_causal_prc_v1,Qwen3-8B-Base,Qwen3-8B-Base,0.05,992,992,500,0/500 (0.0%),missing saved score,missing saved score,No saved all-coordinate naive counts for this cohort and prefix,completion_only_raw_abstain_v1/integrated/ae819bd51cc9e88ec2af6a8f
45,online_causal_prc_v1,Qwen3-8B-Base,Qwen3-8B-Base,0.05,1008,1008,500,0/500 (0.0%),missing saved score,missing saved score,No saved all-coordinate naive counts for this cohort and prefix,completion_only_raw_abstain_v1/integrated/ae819bd51cc9e88ec2af6a8f
46,online_causal_prc_v1,Qwen3-8B-Base,Qwen3-8B-Base,0.05,1024,1024,500,0/500 (0.0%),missing saved score,missing saved score,No saved all-coordinate naive counts for this cohort and prefix,completion_only_raw_abstain_v1/integrated/d79b1fb3223ea92105ebb171/prefixes/n1024
47,online_causal_prc_v1,Qwen3-8B-Base,Qwen3-8B-Base,0.05,1040,1040,500,0/500 (0.0%),missing saved score,missing saved score,No saved all-coordinate naive counts for this cohort and prefix,completion_only_raw_abstain_v1/integrated/ae819bd51cc9e88ec2af6a8f
48,online_causal_prc_v1,Qwen3-8B-Base,Qwen3-8B-Base,0.05,1056,1056,500,0/500 (0.0%),missing saved score,missing saved score,No saved all-coordinate naive counts for this cohort and prefix,completion_only_raw_abstain_v1/integrated/ae819bd51cc9e88ec2af6a8f
49,online_causal_prc_v1,Qwen3-8B-Base,Qwen3-8B-Base,0.05,1072,1072,500,0/500 (0.0%),missing saved score,missing saved score,No saved all-coordinate naive counts for this cohort and prefix,completion_only_raw_abstain_v1/integrated/ae819bd51cc9e88ec2af6a8f
50,online_causal_prc_v1,Qwen3-8B-Base,Qwen3-8B-Base,0.05,1088,1088,500,0/500 (0.0%),missing saved score,missing saved score,No saved all-coordinate naive counts for this cohort and prefix,completion_only_raw_abstain_v1/integrated/ae819bd51cc9e88ec2af6a8f
51,online_causal_prc_v1,Qwen3-8B-Base,Qwen3-8B-Base,0.05,1104,1104,500,0/500 (0.0%),missing saved score,missing saved score,No saved all-coordinate naive counts for this cohort and prefix,completion_only_raw_abstain_v1/integrated/ae819bd51cc9e88ec2af6a8f
52,online_causal_prc_v1,Qwen3-8B-Base,Qwen3-8B-Base,0.05,1120,1120,500,0/500 (0.0%),missing saved score,missing saved score,No saved all-coordinate naive counts for this cohort and prefix,completion_only_raw_abstain_v1/integrated/ae819bd51cc9e88ec2af6a8f
53,online_causal_prc_v1,Qwen3-8B-Base,Qwen3-8B-Base,0.05,1136,1136,500,0/500 (0.0%),missing saved score,missing saved score,No saved all-coordinate naive counts for this cohort and prefix,completion_only_raw_abstain_v1/integrated/ae819bd51cc9e88ec2af6a8f
54,online_causal_prc_v1,Qwen3-8B-Base,Qwen3-8B-Base,0.05,1152,1152,500,0/500 (0.0%),missing saved score,missing saved score,No saved all-coordinate naive counts for this cohort and prefix,completion_only_raw_abstain_v1/integrated/ae819bd51cc9e88ec2af6a8f
55,online_causal_prc_v1,Qwen3-8B-Base,Qwen3-8B-Base,0.05,1168,1168,500,0/500 (0.0%),missing saved score,missing saved score,No saved all-coordinate naive counts for this cohort and prefix,completion_only_raw_abstain_v1/integrated/ae819bd51cc9e88ec2af6a8f
56,online_causal_prc_v1,Qwen3-8B-Base,Qwen3-8B-Base,0.05,1184,1184,500,0/500 (0.0%),missing saved score,missing saved score,No saved all-coordinate naive counts for this cohort and prefix,completion_only_raw_abstain_v1/integrated/ae819bd51cc9e88ec2af6a8f
57,online_causal_prc_v1,Qwen3-8B-Base,Qwen3-8B-Base,0.05,1200,1200,500,0/500 (0.0%),missing saved score,missing saved score,No saved all-coordinate naive counts for this cohort and prefix,completion_only_raw_abstain_v1/integrated/ae819bd51cc9e88ec2af6a8f
58,online_causal_prc_v1,Qwen3-8B-Base,Qwen3-8B-Base,0.05,1216,1216,500,0/500 (0.0%),missing saved score,missing saved score,No saved all-coordinate naive counts for this cohort and prefix,completion_only_raw_abstain_v1/integrated/ae819bd51cc9e88ec2af6a8f
59,online_causal_prc_v1,Qwen3-8B-Base,Qwen3-8B-Base,0.05,1232,1232,500,0/500 (0.0%),missing saved score,missing saved score,No saved all-coordinate naive counts for this cohort and prefix,completion_only_raw_abstain_v1/integrated/ae819bd51cc9e88ec2af6a8f
60,online_causal_prc_v1,Qwen3-8B-Base,Qwen3-8B-Base,0.05,1248,1248,500,0/500 (0.0%),missing saved score,missing saved score,No saved all-coordinate naive counts for this cohort and prefix,completion_only_raw_abstain_v1/integrated/ae819bd51cc9e88ec2af6a8f
61,online_causal_prc_v1,Qwen3-8B-Base,Qwen3-8B-Base,0.05,1264,1264,500,0/500 (0.0%),missing saved score,missing saved score,No saved all-coordinate naive counts for this cohort and prefix,completion_only_raw_abstain_v1/integrated/ae819bd51cc9e88ec2af6a8f
62,online_causal_prc_v1,Qwen3-8B-Base,Qwen3-8B-Base,0.05,1280,1280,500,0/500 (0.0%),missing saved score,missing saved score,No saved all-coordinate naive counts for this cohort and prefix,completion_only_raw_abstain_v1/integrated/d79b1fb3223ea92105ebb171
63,online_causal_prc_v1,Qwen3-0.6B-Base,Qwen3-0.6B-Base,0.1,784,784,500,0/500 (0.0%),missing saved score,missing saved score,No saved all-coordinate naive counts for this cohort and prefix,completion_only_raw_abstain_v1/integrated/f4dec6f7f6d747d166e633bb
65,online_causal_prc_v1,Qwen3-0.6B-Base,Qwen3-0.6B-Base,0.1,816,816,500,0/500 (0.0%),missing saved score,missing saved score,No saved all-coordinate naive counts for this cohort and prefix,completion_only_raw_abstain_v1/integrated/f4dec6f7f6d747d166e633bb
66,online_causal_prc_v1,Qwen3-0.6B-Base,Qwen3-0.6B-Base,0.1,832,832,500,0/500 (0.0%),missing saved score,missing saved score,No saved all-coordinate naive counts for this cohort and prefix,completion_only_raw_abstain_v1/integrated/f4dec6f7f6d747d166e633bb
67,online_causal_prc_v1,Qwen3-0.6B-Base,Qwen3-0.6B-Base,0.1,848,848,500,0/500 (0.0%),missing saved score,missing saved score,No saved all-coordinate naive counts for this cohort and prefix,completion_only_raw_abstain_v1/integrated/f4dec6f7f6d747d166e633bb
68,online_causal_prc_v1,Qwen3-0.6B-Base,Qwen3-0.6B-Base,0.1,864,864,500,0/500 (0.0%),missing saved score,missing saved score,No saved all-coordinate naive counts for this cohort and prefix,completion_only_raw_abstain_v1/integrated/f4dec6f7f6d747d166e633bb
69,online_causal_prc_v1,Qwen3-0.6B-Base,Qwen3-0.6B-Base,0.1,880,880,500,0/500 (0.0%),missing saved score,missing saved score,No saved all-coordinate naive counts for this cohort and prefix,completion_only_raw_abstain_v1/integrated/f4dec6f7f6d747d166e633bb
70,online_causal_prc_v1,Qwen3-0.6B-Base,Qwen3-0.6B-Base,0.1,896,896,500,0/500 (0.0%),missing saved score,missing saved score,No saved all-coordinate naive counts for this cohort and prefix,completion_only_raw_abstain_v1/integrated/f4dec6f7f6d747d166e633bb
71,online_causal_prc_v1,Qwen3-0.6B-Base,Qwen3-0.6B-Base,0.1,912,912,500,0/500 (0.0%),missing saved score,missing saved score,No saved all-coordinate naive counts for this cohort and prefix,completion_only_raw_abstain_v1/integrated/f4dec6f7f6d747d166e633bb
72,online_causal_prc_v1,Qwen3-0.6B-Base,Qwen3-0.6B-Base,0.1,928,928,500,0/500 (0.0%),missing saved score,missing saved score,No saved all-coordinate naive counts for this cohort and prefix,completion_only_raw_abstain_v1/integrated/f4dec6f7f6d747d166e633bb
73,online_causal_prc_v1,Qwen3-0.6B-Base,Qwen3-0.6B-Base,0.1,944,944,500,0/500 (0.0%),missing saved score,missing saved score,No saved all-coordinate naive counts for this cohort and prefix,completion_only_raw_abstain_v1/integrated/f4dec6f7f6d747d166e633bb
74,online_causal_prc_v1,Qwen3-0.6B-Base,Qwen3-0.6B-Base,0.1,960,960,500,0/500 (0.0%),missing saved score,missing saved score,No saved all-coordinate naive counts for this cohort and prefix,completion_only_raw_abstain_v1/integrated/f4dec6f7f6d747d166e633bb
75,online_causal_prc_v1,Qwen3-0.6B-Base,Qwen3-0.6B-Base,0.1,976,976,500,0/500 (0.0%),missing saved score,missing saved score,No saved all-coordinate naive counts for this cohort and prefix,completion_only_raw_abstain_v1/integrated/f4dec6f7f6d747d166e633bb
76,online_causal_prc_v1,Qwen3-0.6B-Base,Qwen3-0.6B-Base,0.1,992,992,500,0/500 (0.0%),missing saved score,missing saved score,No saved all-coordinate naive counts for this cohort and prefix,completion_only_raw_abstain_v1/integrated/f4dec6f7f6d747d166e633bb
77,online_causal_prc_v1,Qwen3-0.6B-Base,Qwen3-0.6B-Base,0.1,1008,1008,500,0/500 (0.0%),missing saved score,missing saved score,No saved all-coordinate naive counts for this cohort and prefix,completion_only_raw_abstain_v1/integrated/f4dec6f7f6d747d166e633bb
78,online_causal_prc_v1,Qwen3-0.6B-Base,Qwen3-0.6B-Base,0.1,1024,1024,500,0/500 (0.0%),missing saved score,missing saved score,No saved all-coordinate naive counts for this cohort and prefix,completion_only_raw_abstain_v1/integrated/f4dec6f7f6d747d166e633bb
79,online_causal_prc_v1,Qwen3-8B-Base,Qwen3-8B-Base,0.1,1648,1648,500,1/500 (0.2%),missing saved score,missing saved score,No saved all-coordinate naive counts for this cohort and prefix,completion_only_raw_abstain_v1/integrated/117e979b0363982f5d434fcc
80,online_causal_prc_v1,Qwen3-8B-Base,Qwen3-8B-Base,0.1,1664,1664,500,0/500 (0.0%),missing saved score,missing saved score,No saved all-coordinate naive counts for this cohort and prefix,completion_only_raw_abstain_v1/integrated/117e979b0363982f5d434fcc
81,online_causal_prc_v1,Qwen3-8B-Base,Qwen3-8B-Base,0.1,1680,1680,500,0/500 (0.0%),missing saved score,missing saved score,No saved all-coordinate naive counts for this cohort and prefix,completion_only_raw_abstain_v1/integrated/117e979b0363982f5d434fcc
82,online_causal_prc_v1,Qwen3-8B-Base,Qwen3-8B-Base,0.1,1696,1696,500,0/500 (0.0%),missing saved score,missing saved score,No saved all-coordinate naive counts for this cohort and prefix,completion_only_raw_abstain_v1/integrated/117e979b0363982f5d434fcc
83,online_causal_prc_v1,Qwen3-8B-Base,Qwen3-8B-Base,0.1,1712,1712,500,0/500 (0.0%),missing saved score,missing saved score,No saved all-coordinate naive counts for this cohort and prefix,completion_only_raw_abstain_v1/integrated/117e979b0363982f5d434fcc
84,online_causal_prc_v1,Qwen3-8B-Base,Qwen3-8B-Base,0.1,1728,1728,500,0/500 (0.0%),missing saved score,missing saved score,No saved all-coordinate naive counts for this cohort and prefix,completion_only_raw_abstain_v1/integrated/117e979b0363982f5d434fcc
85,online_causal_prc_v1,Qwen3-8B-Base,Qwen3-8B-Base,0.1,1744,1744,500,0/500 (0.0%),missing saved score,missing saved score,No saved all-coordinate naive counts for this cohort and prefix,completion_only_raw_abstain_v1/integrated/117e979b0363982f5d434fcc
86,online_causal_prc_v1,Qwen3-8B-Base,Qwen3-8B-Base,0.1,1760,1760,500,0/500 (0.0%),missing saved score,missing saved score,No saved all-coordinate naive counts for this cohort and prefix,completion_only_raw_abstain_v1/integrated/117e979b0363982f5d434fcc
87,online_causal_prc_v1,Qwen3-8B-Base,Qwen3-8B-Base,0.1,1776,1776,500,0/500 (0.0%),missing saved score,missing saved score,No saved all-coordinate naive counts for this cohort and prefix,completion_only_raw_abstain_v1/integrated/117e979b0363982f5d434fcc
88,online_causal_prc_v1,Qwen3-8B-Base,Qwen3-8B-Base,0.1,1792,1792,500,0/500 (0.0%),missing saved score,missing saved score,No saved all-coordinate naive counts for this cohort and prefix,completion_only_raw_abstain_v1/integrated/117e979b0363982f5d434fcc
89,online_causal_prc_v1,Qwen3-8B-Base,Qwen3-8B-Base,0.1,1808,1808,500,0/500 (0.0%),missing saved score,missing saved score,No saved all-coordinate naive counts for this cohort and prefix,completion_only_raw_abstain_v1/integrated/117e979b0363982f5d434fcc
90,online_causal_prc_v1,Qwen3-8B-Base,Qwen3-8B-Base,0.1,1824,1824,500,0/500 (0.0%),missing saved score,missing saved score,No saved all-coordinate naive counts for this cohort and prefix,completion_only_raw_abstain_v1/integrated/117e979b0363982f5d434fcc
91,online_causal_prc_v1,Qwen3-8B-Base,Qwen3-8B-Base,0.1,1840,1840,500,0/500 (0.0%),missing saved score,missing saved score,No saved all-coordinate naive counts for this cohort and prefix,completion_only_raw_abstain_v1/integrated/117e979b0363982f5d434fcc
92,online_causal_prc_v1,Qwen3-8B-Base,Qwen3-8B-Base,0.1,1856,1856,500,0/500 (0.0%),missing saved score,missing saved score,No saved all-coordinate naive counts for this cohort and prefix,completion_only_raw_abstain_v1/integrated/117e979b0363982f5d434fcc
93,online_causal_prc_v1,Qwen3-8B-Base,Qwen3-8B-Base,0.1,1872,1872,500,0/500 (0.0%),missing saved score,missing saved score,No saved all-coordinate naive counts for this cohort and prefix,completion_only_raw_abstain_v1/integrated/117e979b0363982f5d434fcc
94,online_causal_prc_v1,Qwen3-8B-Base,Qwen3-8B-Base,0.1,1888,1888,500,0/500 (0.0%),missing saved score,missing saved score,No saved all-coordinate naive counts for this cohort and prefix,completion_only_raw_abstain_v1/integrated/117e979b0363982f5d434fcc
95,online_causal_prc_v1,Qwen3-8B-Base,Qwen3-8B-Base,0.1,1904,1904,500,0/500 (0.0%),missing saved score,missing saved score,No saved all-coordinate naive counts for this cohort and prefix,completion_only_raw_abstain_v1/integrated/117e979b0363982f5d434fcc
96,online_causal_prc_v1,Qwen3-8B-Base,Qwen3-8B-Base,0.1,1920,1920,500,0/500 (0.0%),missing saved score,missing saved score,No saved all-coordinate naive counts for this cohort and prefix,completion_only_raw_abstain_v1/integrated/117e979b0363982f5d434fcc
97,online_causal_prc_v1,Qwen3-8B-Base,Qwen3-8B-Base,0.1,1936,1936,500,0/500 (0.0%),missing saved score,missing saved score,No saved all-coordinate naive counts for this cohort and prefix,completion_only_raw_abstain_v1/integrated/117e979b0363982f5d434fcc
98,online_causal_prc_v1,Qwen3-8B-Base,Qwen3-8B-Base,0.1,1952,1952,500,0/500 (0.0%),missing saved score,missing saved score,No saved all-coordinate naive counts for this cohort and prefix,completion_only_raw_abstain_v1/integrated/117e979b0363982f5d434fcc
99,online_causal_prc_v1,Qwen3-8B-Base,Qwen3-8B-Base,0.1,1968,1968,500,0/500 (0.0%),missing saved score,missing saved score,No saved all-coordinate naive counts for this cohort and prefix,completion_only_raw_abstain_v1/integrated/117e979b0363982f5d434fcc
100,online_causal_prc_v1,Qwen3-8B-Base,Qwen3-8B-Base,0.1,1984,1984,500,0/500 (0.0%),missing saved score,missing saved score,No saved all-coordinate naive counts for this cohort and prefix,completion_only_raw_abstain_v1/integrated/117e979b0363982f5d434fcc
101,online_causal_prc_v1,Qwen3-8B-Base,Qwen3-8B-Base,0.1,2000,2000,500,0/500 (0.0%),missing saved score,missing saved score,No saved all-coordinate naive counts for this cohort and prefix,completion_only_raw_abstain_v1/integrated/117e979b0363982f5d434fcc
102,online_causal_prc_v1,Qwen3-8B-Base,Qwen3-8B-Base,0.1,2016,2016,500,0/500 (0.0%),missing saved score,missing saved score,No saved all-coordinate naive counts for this cohort and prefix,completion_only_raw_abstain_v1/integrated/117e979b0363982f5d434fcc
103,online_causal_prc_v1,Qwen3-8B-Base,Qwen3-8B-Base,0.1,2032,2032,500,0/500 (0.0%),missing saved score,missing saved score,No saved all-coordinate naive counts for this cohort and prefix,completion_only_raw_abstain_v1/integrated/117e979b0363982f5d434fcc
104,online_causal_prc_v1,Qwen3-8B-Base,Qwen3-8B-Base,0.1,2048,2048,500,0/500 (0.0%),missing saved score,missing saved score,No saved all-coordinate naive counts for this cohort and prefix,completion_only_raw_abstain_v1/integrated/117e979b0363982f5d434fcc
105,online_causal_prc_v1,Qwen3-8B-Base,Qwen3-8B-Base,0.1,2064,2064,500,0/500 (0.0%),missing saved score,missing saved score,No saved all-coordinate naive counts for this cohort and prefix,completion_only_raw_abstain_v1/integrated/117e979b0363982f5d434fcc
106,online_causal_prc_v1,Qwen3-8B-Base,Qwen3-8B-Base,0.1,2080,2080,500,0/500 (0.0%),missing saved score,missing saved score,No saved all-coordinate naive counts for this cohort and prefix,completion_only_raw_abstain_v1/integrated/117e979b0363982f5d434fcc
107,online_causal_prc_v1,Qwen3-8B-Base,Qwen3-8B-Base,0.1,2096,2096,500,0/500 (0.0%),missing saved score,missing saved score,No saved all-coordinate naive counts for this cohort and prefix,completion_only_raw_abstain_v1/integrated/117e979b0363982f5d434fcc
108,online_causal_prc_v1,Qwen3-8B-Base,Qwen3-8B-Base,0.1,2112,2112,500,0/500 (0.0%),missing saved score,missing saved score,No saved all-coordinate naive counts for this cohort and prefix,completion_only_raw_abstain_v1/integrated/117e979b0363982f5d434fcc
109,online_causal_prc_v1,Qwen3-8B-Base,Qwen3-8B-Base,0.1,2128,2128,500,0/500 (0.0%),missing saved score,missing saved score,No saved all-coordinate naive counts for this cohort and prefix,completion_only_raw_abstain_v1/integrated/117e979b0363982f5d434fcc
110,online_causal_prc_v1,Qwen3-8B-Base,Qwen3-8B-Base,0.1,2144,2144,500,0/500 (0.0%),missing saved score,missing saved score,No saved all-coordinate naive counts for this cohort and prefix,completion_only_raw_abstain_v1/integrated/117e979b0363982f5d434fcc
111,online_causal_prc_v1,Qwen3-8B-Base,Qwen3-8B-Base,0.1,2160,2160,500,0/500 (0.0%),missing saved score,missing saved score,No saved all-coordinate naive counts for this cohort and prefix,completion_only_raw_abstain_v1/integrated/117e979b0363982f5d434fcc
112,online_causal_prc_v1,Qwen3-8B-Base,Qwen3-8B-Base,0.1,2176,2176,500,0/500 (0.0%),missing saved score,missing saved score,No saved all-coordinate naive counts for this cohort and prefix,completion_only_raw_abstain_v1/integrated/117e979b0363982f5d434fcc
113,online_causal_prc_v1,Qwen3-8B-Base,Qwen3-8B-Base,0.1,2192,2192,500,0/500 (0.0%),missing saved score,missing saved score,No saved all-coordinate naive counts for this cohort and prefix,completion_only_raw_abstain_v1/integrated/117e979b0363982f5d434fcc
114,online_causal_prc_v1,Qwen3-8B-Base,Qwen3-8B-Base,0.1,2208,2208,500,0/500 (0.0%),missing saved score,missing saved score,No saved all-coordinate naive counts for this cohort and prefix,completion_only_raw_abstain_v1/integrated/117e979b0363982f5d434fcc
115,online_causal_prc_v1,Qwen3-8B-Base,Qwen3-8B-Base,0.1,2224,2224,500,0/500 (0.0%),missing saved score,missing saved score,No saved all-coordinate naive counts for this cohort and prefix,completion_only_raw_abstain_v1/integrated/117e979b0363982f5d434fcc
116,online_causal_prc_v1,Qwen3-8B-Base,Qwen3-8B-Base,0.1,2240,2240,500,0/500 (0.0%),missing saved score,missing saved score,No saved all-coordinate naive counts for this cohort and prefix,completion_only_raw_abstain_v1/integrated/117e979b0363982f5d434fcc
117,online_causal_prc_v1,Qwen3-8B-Base,Qwen3-8B-Base,0.1,2256,2256,500,0/500 (0.0%),missing saved score,missing saved score,No saved all-coordinate naive counts for this cohort and prefix,completion_only_raw_abstain_v1/integrated/117e979b0363982f5d434fcc
118,online_causal_prc_v1,Qwen3-8B-Base,Qwen3-8B-Base,0.1,2272,2272,500,0/500 (0.0%),missing saved score,missing saved score,No saved all-coordinate naive counts for this cohort and prefix,completion_only_raw_abstain_v1/integrated/117e979b0363982f5d434fcc
119,online_causal_prc_v1,Qwen3-8B-Base,Qwen3-8B-Base,0.1,2288,2288,500,0/500 (0.0%),missing saved score,missing saved score,No saved all-coordinate naive counts for this cohort and prefix,completion_only_raw_abstain_v1/integrated/117e979b0363982f5d434fcc
120,online_causal_prc_v1,Qwen3-8B-Base,Qwen3-8B-Base,0.1,2304,2304,500,0/500 (0.0%),missing saved score,missing saved score,No saved all-coordinate naive counts for this cohort and prefix,completion_only_raw_abstain_v1/integrated/117e979b0363982f5d434fcc
121,online_causal_prc_v1,Qwen3-8B-Base,Qwen3-8B-Base,0.1,2320,2320,500,0/500 (0.0%),missing saved score,missing saved score,No saved all-coordinate naive counts for this cohort and prefix,completion_only_raw_abstain_v1/integrated/117e979b0363982f5d434fcc
122,online_causal_prc_v1,Qwen3-8B-Base,Qwen3-8B-Base,0.1,2336,2336,500,0/500 (0.0%),missing saved score,missing saved score,No saved all-coordinate naive counts for this cohort and prefix,completion_only_raw_abstain_v1/integrated/117e979b0363982f5d434fcc
123,online_causal_prc_v1,Qwen3-8B-Base,Qwen3-8B-Base,0.1,2352,2352,500,0/500 (0.0%),missing saved score,missing saved score,No saved all-coordinate naive counts for this cohort and prefix,completion_only_raw_abstain_v1/integrated/117e979b0363982f5d434fcc
124,online_causal_prc_v1,Qwen3-8B-Base,Qwen3-8B-Base,0.1,2368,2368,500,0/500 (0.0%),missing saved score,missing saved score,No saved all-coordinate naive counts for this cohort and prefix,completion_only_raw_abstain_v1/integrated/117e979b0363982f5d434fcc
125,online_causal_prc_v1,Qwen3-8B-Base,Qwen3-8B-Base,0.1,2384,2384,500,0/500 (0.0%),missing saved score,missing saved score,No saved all-coordinate naive counts for this cohort and prefix,completion_only_raw_abstain_v1/integrated/117e979b0363982f5d434fcc
126,online_causal_prc_v1,Qwen3-8B-Base,Qwen3-8B-Base,0.1,2400,2400,500,0/500 (0.0%),missing saved score,missing saved score,No saved all-coordinate naive counts for this cohort and prefix,completion_only_raw_abstain_v1/integrated/117e979b0363982f5d434fcc
127,online_causal_prc_v1,Qwen3-8B-Base,Qwen3-8B-Base,0.1,2416,2416,500,0/500 (0.0%),missing saved score,missing saved score,No saved all-coordinate naive counts for this cohort and prefix,completion_only_raw_abstain_v1/integrated/117e979b0363982f5d434fcc
128,online_causal_prc_v1,Qwen3-8B-Base,Qwen3-8B-Base,0.1,2432,2432,500,0/500 (0.0%),missing saved score,missing saved score,No saved all-coordinate naive counts for this cohort and prefix,completion_only_raw_abstain_v1/integrated/117e979b0363982f5d434fcc
129,online_causal_prc_v1,Qwen3-8B-Base,Qwen3-8B-Base,0.1,2448,2448,500,0/500 (0.0%),missing saved score,missing saved score,No saved all-coordinate naive counts for this cohort and prefix,completion_only_raw_abstain_v1/integrated/117e979b0363982f5d434fcc
130,online_causal_prc_v1,Qwen3-8B-Base,Qwen3-8B-Base,0.1,2464,2464,500,0/500 (0.0%),missing saved score,missing saved score,No saved all-coordinate naive counts for this cohort and prefix,completion_only_raw_abstain_v1/integrated/117e979b0363982f5d434fcc
131,online_causal_prc_v1,Qwen3-8B-Base,Qwen3-8B-Base,0.1,2480,2480,500,0/500 (0.0%),missing saved score,missing saved score,No saved all-coordinate naive counts for this cohort and prefix,completion_only_raw_abstain_v1/integrated/117e979b0363982f5d434fcc
132,online_causal_prc_v1,Qwen3-8B-Base,Qwen3-8B-Base,0.1,2496,2496,500,0/500 (0.0%),missing saved score,missing saved score,No saved all-coordinate naive counts for this cohort and prefix,completion_only_raw_abstain_v1/integrated/117e979b0363982f5d434fcc
133,online_causal_prc_v1,Qwen3-8B-Base,Qwen3-8B-Base,0.1,2512,2512,500,0/500 (0.0%),missing saved score,missing saved score,No saved all-coordinate naive counts for this cohort and prefix,completion_only_raw_abstain_v1/integrated/117e979b0363982f5d434fcc
134,online_causal_prc_v1,Qwen3-8B-Base,Qwen3-8B-Base,0.1,2528,2528,500,0/500 (0.0%),missing saved score,missing saved score,No saved all-coordinate naive counts for this cohort and prefix,completion_only_raw_abstain_v1/integrated/117e979b0363982f5d434fcc
135,online_causal_prc_v1,Qwen3-8B-Base,Qwen3-8B-Base,0.1,2544,2544,500,0/500 (0.0%),missing saved score,missing saved score,No saved all-coordinate naive counts for this cohort and prefix,completion_only_raw_abstain_v1/integrated/117e979b0363982f5d434fcc
136,online_causal_prc_v1,Qwen3-8B-Base,Qwen3-8B-Base,0.1,2560,2560,500,0/500 (0.0%),missing saved score,missing saved score,No saved all-coordinate naive counts for this cohort and prefix,completion_only_raw_abstain_v1/integrated/117e979b0363982f5d434fcc
137,online_causal_prc_v1,Qwen3-8B-Base,Qwen3-8B-Base,0.1,2576,2576,500,0/500 (0.0%),missing saved score,missing saved score,No saved all-coordinate naive counts for this cohort and prefix,completion_only_raw_abstain_v1/integrated/117e979b0363982f5d434fcc
138,online_causal_prc_v1,Qwen3-8B-Base,Qwen3-8B-Base,0.1,2592,2592,500,0/500 (0.0%),missing saved score,missing saved score,No saved all-coordinate naive counts for this cohort and prefix,completion_only_raw_abstain_v1/integrated/117e979b0363982f5d434fcc
139,online_causal_prc_v1,Qwen3-8B-Base,Qwen3-8B-Base,0.1,2608,2608,500,0/500 (0.0%),missing saved score,missing saved score,No saved all-coordinate naive counts for this cohort and prefix,completion_only_raw_abstain_v1/integrated/117e979b0363982f5d434fcc
140,online_causal_prc_v1,Qwen3-8B-Base,Qwen3-8B-Base,0.1,2624,2624,500,0/500 (0.0%),missing saved score,missing saved score,No saved all-coordinate naive counts for this cohort and prefix,completion_only_raw_abstain_v1/integrated/117e979b0363982f5d434fcc
141,online_causal_prc_v1,Qwen3-8B-Base,Qwen3-8B-Base,0.1,2640,2640,500,0/500 (0.0%),missing saved score,missing saved score,No saved all-coordinate naive counts for this cohort and prefix,completion_only_raw_abstain_v1/integrated/117e979b0363982f5d434fcc
142,online_causal_prc_v1,Qwen3-8B-Base,Qwen3-8B-Base,0.1,2656,2656,500,0/500 (0.0%),missing saved score,missing saved score,No saved all-coordinate naive counts for this cohort and prefix,completion_only_raw_abstain_v1/integrated/117e979b0363982f5d434fcc
143,online_causal_prc_v1,Qwen3-8B-Base,Qwen3-8B-Base,0.1,2672,2672,500,0/500 (0.0%),missing saved score,missing saved score,No saved all-coordinate naive counts for this cohort and prefix,completion_only_raw_abstain_v1/integrated/117e979b0363982f5d434fcc
144,online_causal_prc_v1,Qwen3-8B-Base,Qwen3-8B-Base,0.1,2688,2688,500,0/500 (0.0%),missing saved score,missing saved score,No saved all-coordinate naive counts for this cohort and prefix,completion_only_raw_abstain_v1/integrated/117e979b0363982f5d434fcc
145,online_causal_prc_v1,Qwen3-8B-Base,Qwen3-8B-Base,0.1,2704,2704,500,0/500 (0.0%),missing saved score,missing saved score,No saved all-coordinate naive counts for this cohort and prefix,completion_only_raw_abstain_v1/integrated/117e979b0363982f5d434fcc
146,online_causal_prc_v1,Qwen3-8B-Base,Qwen3-8B-Base,0.1,2720,2720,500,0/500 (0.0%),missing saved score,missing saved score,No saved all-coordinate naive counts for this cohort and prefix,completion_only_raw_abstain_v1/integrated/117e979b0363982f5d434fcc
147,online_causal_prc_v1,Qwen3-8B-Base,Qwen3-8B-Base,0.1,2736,2736,500,0/500 (0.0%),missing saved score,missing saved score,No saved all-coordinate naive counts for this cohort and prefix,completion_only_raw_abstain_v1/integrated/117e979b0363982f5d434fcc
148,online_causal_prc_v1,Qwen3-8B-Base,Qwen3-8B-Base,0.1,2752,2752,500,0/500 (0.0%),missing saved score,missing saved score,No saved all-coordinate naive counts for this cohort and prefix,completion_only_raw_abstain_v1/integrated/117e979b0363982f5d434fcc
149,online_causal_prc_v1,Qwen3-8B-Base,Qwen3-8B-Base,0.1,2768,2768,500,0/500 (0.0%),missing saved score,missing saved score,No saved all-coordinate naive counts for this cohort and prefix,completion_only_raw_abstain_v1/integrated/117e979b0363982f5d434fcc
150,online_causal_prc_v1,Qwen3-8B-Base,Qwen3-8B-Base,0.1,2784,2784,500,0/500 (0.0%),missing saved score,missing saved score,No saved all-coordinate naive counts for this cohort and prefix,completion_only_raw_abstain_v1/integrated/117e979b0363982f5d434fcc
151,online_causal_prc_v1,Qwen3-8B-Base,Qwen3-8B-Base,0.1,2800,2800,500,0/500 (0.0%),missing saved score,missing saved score,No saved all-coordinate naive counts for this cohort and prefix,completion_only_raw_abstain_v1/integrated/117e979b0363982f5d434fcc
152,online_causal_prc_v1,Qwen3-8B-Base,Qwen3-8B-Base,0.1,2816,2816,500,0/500 (0.0%),missing saved score,missing saved score,No saved all-coordinate naive counts for this cohort and prefix,completion_only_raw_abstain_v1/integrated/117e979b0363982f5d434fcc
153,online_causal_prc_v1,Qwen3-8B-Base,Qwen3-8B-Base,0.1,2832,2832,500,0/500 (0.0%),missing saved score,missing saved score,No saved all-coordinate naive counts for this cohort and prefix,completion_only_raw_abstain_v1/integrated/117e979b0363982f5d434fcc
154,online_causal_prc_v1,Qwen3-8B-Base,Qwen3-8B-Base,0.1,2848,2848,500,0/500 (0.0%),missing saved score,missing saved score,No saved all-coordinate naive counts for this cohort and prefix,completion_only_raw_abstain_v1/integrated/117e979b0363982f5d434fcc
155,online_causal_prc_v1,Qwen3-8B-Base,Qwen3-8B-Base,0.1,2864,2864,500,0/500 (0.0%),missing saved score,missing saved score,No saved all-coordinate naive counts for this cohort and prefix,completion_only_raw_abstain_v1/integrated/117e979b0363982f5d434fcc
156,online_causal_prc_v1,Qwen3-8B-Base,Qwen3-8B-Base,0.1,2880,2880,500,0/500 (0.0%),missing saved score,missing saved score,No saved all-coordinate naive counts for this cohort and prefix,completion_only_raw_abstain_v1/integrated/117e979b0363982f5d434fcc
157,online_causal_prc_v1,Qwen3-8B-Base,Qwen3-8B-Base,0.1,2896,2896,500,0/500 (0.0%),missing saved score,missing saved score,No saved all-coordinate naive counts for this cohort and prefix,completion_only_raw_abstain_v1/integrated/117e979b0363982f5d434fcc
158,online_causal_prc_v1,Qwen3-8B-Base,Qwen3-8B-Base,0.1,2912,2912,500,0/500 (0.0%),missing saved score,missing saved score,No saved all-coordinate naive counts for this cohort and prefix,completion_only_raw_abstain_v1/integrated/117e979b0363982f5d434fcc
159,online_causal_prc_v1,Qwen3-8B-Base,Qwen3-8B-Base,0.1,2928,2928,500,0/500 (0.0%),missing saved score,missing saved score,No saved all-coordinate naive counts for this cohort and prefix,completion_only_raw_abstain_v1/integrated/117e979b0363982f5d434fcc
160,online_causal_prc_v1,Qwen3-8B-Base,Qwen3-8B-Base,0.1,2944,2944,500,0/500 (0.0%),missing saved score,missing saved score,No saved all-coordinate naive counts for this cohort and prefix,completion_only_raw_abstain_v1/integrated/117e979b0363982f5d434fcc
161,online_causal_prc_v1,Qwen3-8B-Base,Qwen3-8B-Base,0.1,2960,2960,500,0/500 (0.0%),missing saved score,missing saved score,No saved all-coordinate naive counts for this cohort and prefix,completion_only_raw_abstain_v1/integrated/117e979b0363982f5d434fcc
162,online_causal_prc_v1,Qwen3-8B-Base,Qwen3-8B-Base,0.1,2976,2976,500,0/500 (0.0%),missing saved score,missing saved score,No saved all-coordinate naive counts for this cohort and prefix,completion_only_raw_abstain_v1/integrated/117e979b0363982f5d434fcc
163,online_causal_prc_v1,Qwen3-8B-Base,Qwen3-8B-Base,0.1,2992,2992,500,0/500 (0.0%),missing saved score,missing saved score,No saved all-coordinate naive counts for this cohort and prefix,completion_only_raw_abstain_v1/integrated/117e979b0363982f5d434fcc
164,online_causal_prc_v1,Qwen3-8B-Base,Qwen3-8B-Base,0.1,3008,3008,500,0/500 (0.0%),missing saved score,missing saved score,No saved all-coordinate naive counts for this cohort and prefix,completion_only_raw_abstain_v1/integrated/117e979b0363982f5d434fcc
165,online_causal_prc_v1,Qwen3-8B-Base,Qwen3-8B-Base,0.1,3024,3024,500,0/500 (0.0%),missing saved score,missing saved score,No saved all-coordinate naive counts for this cohort and prefix,completion_only_raw_abstain_v1/integrated/117e979b0363982f5d434fcc
166,online_causal_prc_v1,Qwen3-8B-Base,Qwen3-8B-Base,0.1,3040,3040,500,0/500 (0.0%),missing saved score,missing saved score,No saved all-coordinate naive counts for this cohort and prefix,completion_only_raw_abstain_v1/integrated/117e979b0363982f5d434fcc
167,online_causal_prc_v1,Qwen3-8B-Base,Qwen3-8B-Base,0.1,3056,3056,500,0/500 (0.0%),missing saved score,missing saved score,No saved all-coordinate naive counts for this cohort and prefix,completion_only_raw_abstain_v1/integrated/117e979b0363982f5d434fcc
168,online_causal_prc_v1,Qwen3-8B-Base,Qwen3-8B-Base,0.1,3072,3072,500,0/500 (0.0%),missing saved score,missing saved score,No saved all-coordinate naive counts for this cohort and prefix,completion_only_raw_abstain_v1/integrated/117e979b0363982f5d434fcc
169,online_causal_prc_v1,Qwen3-0.6B-Base,Qwen3-0.6B-Base,0.15,1024,1024,500,0/500 (0.0%),missing saved score,missing saved score,No saved all-coordinate naive counts for this cohort and prefix,completion_only_raw_abstain_v1/integrated/d699e18bca296a5064fc7875
170,online_causal_prc_v1,Qwen3-0.6B-Base,Qwen3-0.6B-Base,0.15,1040,1040,500,0/500 (0.0%),missing saved score,missing saved score,No saved all-coordinate naive counts for this cohort and prefix,completion_only_raw_abstain_v1/integrated/d699e18bca296a5064fc7875
171,online_causal_prc_v1,Qwen3-0.6B-Base,Qwen3-0.6B-Base,0.15,1056,1056,500,0/500 (0.0%),missing saved score,missing saved score,No saved all-coordinate naive counts for this cohort and prefix,completion_only_raw_abstain_v1/integrated/d699e18bca296a5064fc7875
172,online_causal_prc_v1,Qwen3-0.6B-Base,Qwen3-0.6B-Base,0.15,1072,1072,500,0/500 (0.0%),missing saved score,missing saved score,No saved all-coordinate naive counts for this cohort and prefix,completion_only_raw_abstain_v1/integrated/d699e18bca296a5064fc7875
173,online_causal_prc_v1,Qwen3-0.6B-Base,Qwen3-0.6B-Base,0.15,1088,1088,500,0/500 (0.0%),missing saved score,missing saved score,No saved all-coordinate naive counts for this cohort and prefix,completion_only_raw_abstain_v1/integrated/d699e18bca296a5064fc7875
174,online_causal_prc_v1,Qwen3-0.6B-Base,Qwen3-0.6B-Base,0.15,1104,1104,500,0/500 (0.0%),missing saved score,missing saved score,No saved all-coordinate naive counts for this cohort and prefix,completion_only_raw_abstain_v1/integrated/d699e18bca296a5064fc7875
175,online_causal_prc_v1,Qwen3-0.6B-Base,Qwen3-0.6B-Base,0.15,1120,1120,500,0/500 (0.0%),missing saved score,missing saved score,No saved all-coordinate naive counts for this cohort and prefix,completion_only_raw_abstain_v1/integrated/d699e18bca296a5064fc7875
176,online_causal_prc_v1,Qwen3-0.6B-Base,Qwen3-0.6B-Base,0.15,1136,1136,500,0/500 (0.0%),missing saved score,missing saved score,No saved all-coordinate naive counts for this cohort and prefix,completion_only_raw_abstain_v1/integrated/d699e18bca296a5064fc7875
177,online_causal_prc_v1,Qwen3-0.6B-Base,Qwen3-0.6B-Base,0.15,1152,1152,500,0/500 (0.0%),missing saved score,missing saved score,No saved all-coordinate naive counts for this cohort and prefix,completion_only_raw_abstain_v1/integrated/d699e18bca296a5064fc7875
178,online_causal_prc_v1,Qwen3-0.6B-Base,Qwen3-0.6B-Base,0.15,1168,1168,500,0/500 (0.0%),missing saved score,missing saved score,No saved all-coordinate naive counts for this cohort and prefix,completion_only_raw_abstain_v1/integrated/d699e18bca296a5064fc7875
179,online_causal_prc_v1,Qwen3-0.6B-Base,Qwen3-0.6B-Base,0.15,1184,1184,500,0/500 (0.0%),missing saved score,missing saved score,No saved all-coordinate naive counts for this cohort and prefix,completion_only_raw_abstain_v1/integrated/d699e18bca296a5064fc7875
180,online_causal_prc_v1,Qwen3-0.6B-Base,Qwen3-0.6B-Base,0.15,1200,1200,500,0/500 (0.0%),missing saved score,missing saved score,No saved all-coordinate naive counts for this cohort and prefix,completion_only_raw_abstain_v1/integrated/d699e18bca296a5064fc7875
181,online_causal_prc_v1,Qwen3-0.6B-Base,Qwen3-0.6B-Base,0.15,1216,1216,500,0/500 (0.0%),missing saved score,missing saved score,No saved all-coordinate naive counts for this cohort and prefix,completion_only_raw_abstain_v1/integrated/d699e18bca296a5064fc7875
182,online_causal_prc_v1,Qwen3-0.6B-Base,Qwen3-0.6B-Base,0.15,1232,1232,500,0/500 (0.0%),missing saved score,missing saved score,No saved all-coordinate naive counts for this cohort and prefix,completion_only_raw_abstain_v1/integrated/d699e18bca296a5064fc7875
183,online_causal_prc_v1,Qwen3-0.6B-Base,Qwen3-0.6B-Base,0.15,1248,1248,500,0/500 (0.0%),missing saved score,missing saved score,No saved all-coordinate naive counts for this cohort and prefix,completion_only_raw_abstain_v1/integrated/d699e18bca296a5064fc7875
184,online_causal_prc_v1,Qwen3-0.6B-Base,Qwen3-0.6B-Base,0.15,1264,1264,500,0/500 (0.0%),missing saved score,missing saved score,No saved all-coordinate naive counts for this cohort and prefix,completion_only_raw_abstain_v1/integrated/d699e18bca296a5064fc7875
185,online_causal_prc_v1,Qwen3-0.6B-Base,Qwen3-0.6B-Base,0.15,1280,1280,500,0/500 (0.0%),missing saved score,missing saved score,No saved all-coordinate naive counts for this cohort and prefix,completion_only_raw_abstain_v1/integrated/d699e18bca296a5064fc7875
186,online_causal_prc_v1,Qwen3-0.6B-Base,Qwen3-0.6B-Base,0.15,1296,1296,500,0/500 (0.0%),missing saved score,missing saved score,No saved all-coordinate naive counts for this cohort and prefix,completion_only_raw_abstain_v1/integrated/d699e18bca296a5064fc7875
187,online_causal_prc_v1,Qwen3-0.6B-Base,Qwen3-0.6B-Base,0.15,1312,1312,500,0/500 (0.0%),missing saved score,missing saved score,No saved all-coordinate naive counts for this cohort and prefix,completion_only_raw_abstain_v1/integrated/d699e18bca296a5064fc7875
188,online_causal_prc_v1,Qwen3-0.6B-Base,Qwen3-0.6B-Base,0.15,1328,1328,500,0/500 (0.0%),missing saved score,missing saved score,No saved all-coordinate naive counts for this cohort and prefix,completion_only_raw_abstain_v1/integrated/d699e18bca296a5064fc7875
189,online_causal_prc_v1,Qwen3-0.6B-Base,Qwen3-0.6B-Base,0.15,1344,1344,500,0/500 (0.0%),missing saved score,missing saved score,No saved all-coordinate naive counts for this cohort and prefix,completion_only_raw_abstain_v1/integrated/d699e18bca296a5064fc7875
190,online_causal_prc_v1,Qwen3-0.6B-Base,Qwen3-0.6B-Base,0.15,1360,1360,500,0/500 (0.0%),missing saved score,missing saved score,No saved all-coordinate naive counts for this cohort and prefix,completion_only_raw_abstain_v1/integrated/d699e18bca296a5064fc7875
191,online_causal_prc_v1,Qwen3-0.6B-Base,Qwen3-0.6B-Base,0.15,1376,1376,500,0/500 (0.0%),missing saved score,missing saved score,No saved all-coordinate naive counts for this cohort and prefix,completion_only_raw_abstain_v1/integrated/d699e18bca296a5064fc7875
192,online_causal_prc_v1,Qwen3-0.6B-Base,Qwen3-0.6B-Base,0.15,1392,1392,500,0/500 (0.0%),missing saved score,missing saved score,No saved all-coordinate naive counts for this cohort and prefix,completion_only_raw_abstain_v1/integrated/d699e18bca296a5064fc7875
193,online_causal_prc_v1,Qwen3-0.6B-Base,Qwen3-0.6B-Base,0.15,1408,1408,500,0/500 (0.0%),missing saved score,missing saved score,No saved all-coordinate naive counts for this cohort and prefix,completion_only_raw_abstain_v1/integrated/d699e18bca296a5064fc7875
194,online_causal_prc_v1,Qwen3-0.6B-Base,Qwen3-0.6B-Base,0.15,1424,1424,500,0/500 (0.0%),missing saved score,missing saved score,No saved all-coordinate naive counts for this cohort and prefix,completion_only_raw_abstain_v1/integrated/d699e18bca296a5064fc7875
195,online_causal_prc_v1,Qwen3-0.6B-Base,Qwen3-0.6B-Base,0.15,1440,1440,500,0/500 (0.0%),missing saved score,missing saved score,No saved all-coordinate naive counts for this cohort and prefix,completion_only_raw_abstain_v1/integrated/d699e18bca296a5064fc7875
196,online_causal_prc_v1,Qwen3-0.6B-Base,Qwen3-0.6B-Base,0.15,1456,1456,500,0/500 (0.0%),missing saved score,missing saved score,No saved all-coordinate naive counts for this cohort and prefix,completion_only_raw_abstain_v1/integrated/d699e18bca296a5064fc7875
197,online_causal_prc_v1,Qwen3-0.6B-Base,Qwen3-0.6B-Base,0.15,1472,1472,500,0/500 (0.0%),missing saved score,missing saved score,No saved all-coordinate naive counts for this cohort and prefix,completion_only_raw_abstain_v1/integrated/d699e18bca296a5064fc7875
198,online_causal_prc_v1,Qwen3-0.6B-Base,Qwen3-0.6B-Base,0.15,1488,1488,500,0/500 (0.0%),missing saved score,missing saved score,No saved all-coordinate naive counts for this cohort and prefix,completion_only_raw_abstain_v1/integrated/d699e18bca296a5064fc7875
200,online_causal_prc_v1,Qwen3-0.6B-Base,Qwen3-0.6B-Base,0.15,1520,1520,500,0/500 (0.0%),missing saved score,missing saved score,No saved all-coordinate naive counts for this cohort and prefix,completion_only_raw_abstain_v1/integrated/d699e18bca296a5064fc7875
201,online_causal_prc_v1,Qwen3-0.6B-Base,Qwen3-0.6B-Base,0.15,1536,1536,500,0/500 (0.0%),missing saved score,missing saved score,No saved all-coordinate naive counts for this cohort and prefix,completion_only_raw_abstain_v1/integrated/d699e18bca296a5064fc7875
202,online_causal_prc_v1,Qwen3-0.6B-Base,Qwen3-0.6B-Base,0.15,1552,1552,500,0/500 (0.0%),missing saved score,missing saved score,No saved all-coordinate naive counts for this cohort and prefix,completion_only_raw_abstain_v1/integrated/d699e18bca296a5064fc7875
203,online_causal_prc_v1,Qwen3-0.6B-Base,Qwen3-0.6B-Base,0.15,1568,1568,500,0/500 (0.0%),missing saved score,missing saved score,No saved all-coordinate naive counts for this cohort and prefix,completion_only_raw_abstain_v1/integrated/d699e18bca296a5064fc7875
204,online_causal_prc_v1,Qwen3-0.6B-Base,Qwen3-0.6B-Base,0.15,1584,1584,500,0/500 (0.0%),missing saved score,missing saved score,No saved all-coordinate naive counts for this cohort and prefix,completion_only_raw_abstain_v1/integrated/d699e18bca296a5064fc7875
205,online_causal_prc_v1,Qwen3-0.6B-Base,Qwen3-0.6B-Base,0.15,1600,1600,500,0/500 (0.0%),missing saved score,missing saved score,No saved all-coordinate naive counts for this cohort and prefix,completion_only_raw_abstain_v1/integrated/d699e18bca296a5064fc7875
206,online_causal_prc_v1,Qwen3-0.6B-Base,Qwen3-0.6B-Base,0.15,1616,1616,500,0/500 (0.0%),missing saved score,missing saved score,No saved all-coordinate naive counts for this cohort and prefix,completion_only_raw_abstain_v1/integrated/d699e18bca296a5064fc7875
207,online_causal_prc_v1,Qwen3-0.6B-Base,Qwen3-0.6B-Base,0.15,1632,1632,500,0/500 (0.0%),missing saved score,missing saved score,No saved all-coordinate naive counts for this cohort and prefix,completion_only_raw_abstain_v1/integrated/d699e18bca296a5064fc7875
208,online_causal_prc_v1,Qwen3-0.6B-Base,Qwen3-0.6B-Base,0.15,1648,1648,500,0/500 (0.0%),missing saved score,missing saved score,No saved all-coordinate naive counts for this cohort and prefix,completion_only_raw_abstain_v1/integrated/d699e18bca296a5064fc7875
209,online_causal_prc_v1,Qwen3-0.6B-Base,Qwen3-0.6B-Base,0.15,1664,1664,500,0/500 (0.0%),missing saved score,missing saved score,No saved all-coordinate naive counts for this cohort and prefix,completion_only_raw_abstain_v1/integrated/d699e18bca296a5064fc7875
210,online_causal_prc_v1,Qwen3-0.6B-Base,Qwen3-0.6B-Base,0.15,1680,1680,500,0/500 (0.0%),missing saved score,missing saved score,No saved all-coordinate naive counts for this cohort and prefix,completion_only_raw_abstain_v1/integrated/d699e18bca296a5064fc7875
211,online_causal_prc_v1,Qwen3-0.6B-Base,Qwen3-0.6B-Base,0.15,1696,1696,500,0/500 (0.0%),missing saved score,missing saved score,No saved all-coordinate naive counts for this cohort and prefix,completion_only_raw_abstain_v1/integrated/d699e18bca296a5064fc7875
212,online_causal_prc_v1,Qwen3-0.6B-Base,Qwen3-0.6B-Base,0.15,1712,1712,500,0/500 (0.0%),missing saved score,missing saved score,No saved all-coordinate naive counts for this cohort and prefix,completion_only_raw_abstain_v1/integrated/d699e18bca296a5064fc7875
213,online_causal_prc_v1,Qwen3-0.6B-Base,Qwen3-0.6B-Base,0.15,1728,1728,500,0/500 (0.0%),missing saved score,missing saved score,No saved all-coordinate naive counts for this cohort and prefix,completion_only_raw_abstain_v1/integrated/d699e18bca296a5064fc7875
214,online_causal_prc_v1,Qwen3-0.6B-Base,Qwen3-0.6B-Base,0.15,1744,1744,500,0/500 (0.0%),missing saved score,missing saved score,No saved all-coordinate naive counts for this cohort and prefix,completion_only_raw_abstain_v1/integrated/d699e18bca296a5064fc7875
215,online_causal_prc_v1,Qwen3-0.6B-Base,Qwen3-0.6B-Base,0.15,1760,1760,500,0/500 (0.0%),missing saved score,missing saved score,No saved all-coordinate naive counts for this cohort and prefix,completion_only_raw_abstain_v1/integrated/d699e18bca296a5064fc7875
216,online_causal_prc_v1,Qwen3-0.6B-Base,Qwen3-0.6B-Base,0.15,1776,1776,500,0/500 (0.0%),missing saved score,missing saved score,No saved all-coordinate naive counts for this cohort and prefix,completion_only_raw_abstain_v1/integrated/d699e18bca296a5064fc7875
217,online_causal_prc_v1,Qwen3-0.6B-Base,Qwen3-0.6B-Base,0.15,1792,1792,500,0/500 (0.0%),missing saved score,missing saved score,No saved all-coordinate naive counts for this cohort and prefix,completion_only_raw_abstain_v1/integrated/d699e18bca296a5064fc7875
218,online_causal_prc_v1,Qwen3-0.6B-Base,Qwen3-0.6B-Base,0.15,1808,1808,500,0/500 (0.0%),missing saved score,missing saved score,No saved all-coordinate naive counts for this cohort and prefix,completion_only_raw_abstain_v1/integrated/d699e18bca296a5064fc7875
219,online_causal_prc_v1,Qwen3-0.6B-Base,Qwen3-0.6B-Base,0.15,1824,1824,500,0/500 (0.0%),missing saved score,missing saved score,No saved all-coordinate naive counts for this cohort and prefix,completion_only_raw_abstain_v1/integrated/d699e18bca296a5064fc7875
220,online_causal_prc_v1,Qwen3-0.6B-Base,Qwen3-0.6B-Base,0.15,1840,1840,500,0/500 (0.0%),missing saved score,missing saved score,No saved all-coordinate naive counts for this cohort and prefix,completion_only_raw_abstain_v1/integrated/d699e18bca296a5064fc7875
221,online_causal_prc_v1,Qwen3-0.6B-Base,Qwen3-0.6B-Base,0.15,1856,1856,500,0/500 (0.0%),missing saved score,missing saved score,No saved all-coordinate naive counts for this cohort and prefix,completion_only_raw_abstain_v1/integrated/d699e18bca296a5064fc7875
222,online_causal_prc_v1,Qwen3-0.6B-Base,Qwen3-0.6B-Base,0.15,1872,1872,500,0/500 (0.0%),missing saved score,missing saved score,No saved all-coordinate naive counts for this cohort and prefix,completion_only_raw_abstain_v1/integrated/d699e18bca296a5064fc7875
223,online_causal_prc_v1,Qwen3-0.6B-Base,Qwen3-0.6B-Base,0.15,1888,1888,500,0/500 (0.0%),missing saved score,missing saved score,No saved all-coordinate naive counts for this cohort and prefix,completion_only_raw_abstain_v1/integrated/d699e18bca296a5064fc7875
224,online_causal_prc_v1,Qwen3-0.6B-Base,Qwen3-0.6B-Base,0.15,1904,1904,500,0/500 (0.0%),missing saved score,missing saved score,No saved all-coordinate naive counts for this cohort and prefix,completion_only_raw_abstain_v1/integrated/d699e18bca296a5064fc7875
225,online_causal_prc_v1,Qwen3-0.6B-Base,Qwen3-0.6B-Base,0.15,1920,1920,500,0/500 (0.0%),missing saved score,missing saved score,No saved all-coordinate naive counts for this cohort and prefix,completion_only_raw_abstain_v1/integrated/d699e18bca296a5064fc7875
226,online_causal_prc_v1,Qwen3-0.6B-Base,Qwen3-0.6B-Base,0.15,1936,1936,500,0/500 (0.0%),missing saved score,missing saved score,No saved all-coordinate naive counts for this cohort and prefix,completion_only_raw_abstain_v1/integrated/d699e18bca296a5064fc7875
227,online_causal_prc_v1,Qwen3-0.6B-Base,Qwen3-0.6B-Base,0.15,1952,1952,500,0/500 (0.0%),missing saved score,missing saved score,No saved all-coordinate naive counts for this cohort and prefix,completion_only_raw_abstain_v1/integrated/d699e18bca296a5064fc7875
228,online_causal_prc_v1,Qwen3-0.6B-Base,Qwen3-0.6B-Base,0.15,1968,1968,500,0/500 (0.0%),missing saved score,missing saved score,No saved all-coordinate naive counts for this cohort and prefix,completion_only_raw_abstain_v1/integrated/d699e18bca296a5064fc7875
229,online_causal_prc_v1,Qwen3-0.6B-Base,Qwen3-0.6B-Base,0.15,1984,1984,500,0/500 (0.0%),missing saved score,missing saved score,No saved all-coordinate naive counts for this cohort and prefix,completion_only_raw_abstain_v1/integrated/d699e18bca296a5064fc7875
230,online_causal_prc_v1,Qwen3-0.6B-Base,Qwen3-0.6B-Base,0.15,2000,2000,500,0/500 (0.0%),missing saved score,missing saved score,No saved all-coordinate naive counts for this cohort and prefix,completion_only_raw_abstain_v1/integrated/d699e18bca296a5064fc7875
231,online_causal_prc_v1,Qwen3-0.6B-Base,Qwen3-0.6B-Base,0.15,2016,2016,500,0/500 (0.0%),missing saved score,missing saved score,No saved all-coordinate naive counts for this cohort and prefix,completion_only_raw_abstain_v1/integrated/d699e18bca296a5064fc7875
232,online_causal_prc_v1,Qwen3-0.6B-Base,Qwen3-0.6B-Base,0.15,2032,2032,500,0/500 (0.0%),missing saved score,missing saved score,No saved all-coordinate naive counts for this cohort and prefix,completion_only_raw_abstain_v1/integrated/d699e18bca296a5064fc7875
233,online_causal_prc_v1,Qwen3-0.6B-Base,Qwen3-0.6B-Base,0.15,2048,2048,500,0/500 (0.0%),missing saved score,missing saved score,No saved all-coordinate naive counts for this cohort and prefix,completion_only_raw_abstain_v1/integrated/d699e18bca296a5064fc7875
235,online_causal_prc_v1,Qwen3-8B-Base,Qwen3-8B-Base,0.15,6144,6144,100,not measured (0 null prompts),missing saved score,missing saved score; no null evaluation in this record,No saved all-coordinate naive counts for this cohort and prefix,completion_only_raw_abstain_v1/integrated/f909991323f756d25cec0038
236,online_causal_prc_v1,Qwen3-0.6B-Base,Qwen3-0.6B-Base,0.2,3088,3088,500,0/500 (0.0%),missing saved score,missing saved score,No saved all-coordinate naive counts for this cohort and prefix,completion_only_raw_abstain_v1/integrated/9bef8259fa1a4bf1ceb817fd
239,online_causal_prc_v1,Qwen3-0.6B-Base,Qwen3-0.6B-Base,0.2,3120,3120,500,0/500 (0.0%),missing saved score,missing saved score,No saved all-coordinate naive counts for this cohort and prefix,completion_only_raw_abstain_v1/integrated/9bef8259fa1a4bf1ceb817fd
240,online_causal_prc_v1,Qwen3-0.6B-Base,Qwen3-0.6B-Base,0.2,3136,3136,500,0/500 (0.0%),missing saved score,missing saved score,No saved all-coordinate naive counts for this cohort and prefix,completion_only_raw_abstain_v1/integrated/9bef8259fa1a4bf1ceb817fd
241,online_causal_prc_v1,Qwen3-0.6B-Base,Qwen3-0.6B-Base,0.2,3152,3152,500,0/500 (0.0%),missing saved score,missing saved score,No saved all-coordinate naive counts for this cohort and prefix,completion_only_raw_abstain_v1/integrated/9bef8259fa1a4bf1ceb817fd
242,online_causal_prc_v1,Qwen3-0.6B-Base,Qwen3-0.6B-Base,0.2,3168,3168,500,0/500 (0.0%),missing saved score,missing saved score,No saved all-coordinate naive counts for this cohort and prefix,completion_only_raw_abstain_v1/integrated/9bef8259fa1a4bf1ceb817fd
243,online_causal_prc_v1,Qwen3-0.6B-Base,Qwen3-0.6B-Base,0.2,3184,3184,500,0/500 (0.0%),missing saved score,missing saved score,No saved all-coordinate naive counts for this cohort and prefix,completion_only_raw_abstain_v1/integrated/9bef8259fa1a4bf1ceb817fd
244,online_causal_prc_v1,Qwen3-0.6B-Base,Qwen3-0.6B-Base,0.2,3200,3200,500,0/500 (0.0%),missing saved score,missing saved score,No saved all-coordinate naive counts for this cohort and prefix,completion_only_raw_abstain_v1/integrated/9bef8259fa1a4bf1ceb817fd
245,online_causal_prc_v1,Qwen3-0.6B-Base,Qwen3-0.6B-Base,0.2,3216,3216,500,0/500 (0.0%),missing saved score,missing saved score,No saved all-coordinate naive counts for this cohort and prefix,completion_only_raw_abstain_v1/integrated/9bef8259fa1a4bf1ceb817fd
246,online_causal_prc_v1,Qwen3-0.6B-Base,Qwen3-0.6B-Base,0.2,3232,3232,500,0/500 (0.0%),missing saved score,missing saved score,No saved all-coordinate naive counts for this cohort and prefix,completion_only_raw_abstain_v1/integrated/9bef8259fa1a4bf1ceb817fd
247,online_causal_prc_v1,Qwen3-0.6B-Base,Qwen3-0.6B-Base,0.2,3248,3248,500,0/500 (0.0%),missing saved score,missing saved score,No saved all-coordinate naive counts for this cohort and prefix,completion_only_raw_abstain_v1/integrated/9bef8259fa1a4bf1ceb817fd
248,online_causal_prc_v1,Qwen3-0.6B-Base,Qwen3-0.6B-Base,0.2,3264,3264,500,0/500 (0.0%),missing saved score,missing saved score,No saved all-coordinate naive counts for this cohort and prefix,completion_only_raw_abstain_v1/integrated/9bef8259fa1a4bf1ceb817fd
249,online_causal_prc_v1,Qwen3-0.6B-Base,Qwen3-0.6B-Base,0.2,3280,3280,500,0/500 (0.0%),missing saved score,missing saved score,No saved all-coordinate naive counts for this cohort and prefix,completion_only_raw_abstain_v1/integrated/9bef8259fa1a4bf1ceb817fd
250,online_causal_prc_v1,Qwen3-0.6B-Base,Qwen3-0.6B-Base,0.2,3296,3296,500,0/500 (0.0%),missing saved score,missing saved score,No saved all-coordinate naive counts for this cohort and prefix,completion_only_raw_abstain_v1/integrated/9bef8259fa1a4bf1ceb817fd
251,online_causal_prc_v1,Qwen3-0.6B-Base,Qwen3-0.6B-Base,0.2,3312,3312,500,0/500 (0.0%),missing saved score,missing saved score,No saved all-coordinate naive counts for this cohort and prefix,completion_only_raw_abstain_v1/integrated/9bef8259fa1a4bf1ceb817fd
252,online_causal_prc_v1,Qwen3-0.6B-Base,Qwen3-0.6B-Base,0.2,3328,3328,500,0/500 (0.0%),missing saved score,missing saved score,No saved all-coordinate naive counts for this cohort and prefix,completion_only_raw_abstain_v1/integrated/9bef8259fa1a4bf1ceb817fd
253,online_causal_prc_v1,Qwen3-0.6B-Base,Qwen3-0.6B-Base,0.2,3344,3344,500,0/500 (0.0%),missing saved score,missing saved score,No saved all-coordinate naive counts for this cohort and prefix,completion_only_raw_abstain_v1/integrated/9bef8259fa1a4bf1ceb817fd
254,online_causal_prc_v1,Qwen3-0.6B-Base,Qwen3-0.6B-Base,0.2,3360,3360,500,0/500 (0.0%),missing saved score,missing saved score,No saved all-coordinate naive counts for this cohort and prefix,completion_only_raw_abstain_v1/integrated/9bef8259fa1a4bf1ceb817fd
255,online_causal_prc_v1,Qwen3-0.6B-Base,Qwen3-0.6B-Base,0.2,3376,3376,500,0/500 (0.0%),missing saved score,missing saved score,No saved all-coordinate naive counts for this cohort and prefix,completion_only_raw_abstain_v1/integrated/9bef8259fa1a4bf1ceb817fd
256,online_causal_prc_v1,Qwen3-0.6B-Base,Qwen3-0.6B-Base,0.2,3392,3392,500,0/500 (0.0%),missing saved score,missing saved score,No saved all-coordinate naive counts for this cohort and prefix,completion_only_raw_abstain_v1/integrated/9bef8259fa1a4bf1ceb817fd
257,online_causal_prc_v1,Qwen3-0.6B-Base,Qwen3-0.6B-Base,0.2,3408,3408,500,0/500 (0.0%),missing saved score,missing saved score,No saved all-coordinate naive counts for this cohort and prefix,completion_only_raw_abstain_v1/integrated/9bef8259fa1a4bf1ceb817fd
258,online_causal_prc_v1,Qwen3-0.6B-Base,Qwen3-0.6B-Base,0.2,3424,3424,500,0/500 (0.0%),missing saved score,missing saved score,No saved all-coordinate naive counts for this cohort and prefix,completion_only_raw_abstain_v1/integrated/9bef8259fa1a4bf1ceb817fd
259,online_causal_prc_v1,Qwen3-0.6B-Base,Qwen3-0.6B-Base,0.2,3440,3440,500,0/500 (0.0%),missing saved score,missing saved score,No saved all-coordinate naive counts for this cohort and prefix,completion_only_raw_abstain_v1/integrated/9bef8259fa1a4bf1ceb817fd
260,online_causal_prc_v1,Qwen3-0.6B-Base,Qwen3-0.6B-Base,0.2,3456,3456,500,0/500 (0.0%),missing saved score,missing saved score,No saved all-coordinate naive counts for this cohort and prefix,completion_only_raw_abstain_v1/integrated/9bef8259fa1a4bf1ceb817fd
261,online_causal_prc_v1,Qwen3-0.6B-Base,Qwen3-0.6B-Base,0.2,3472,3472,500,0/500 (0.0%),missing saved score,missing saved score,No saved all-coordinate naive counts for this cohort and prefix,completion_only_raw_abstain_v1/integrated/9bef8259fa1a4bf1ceb817fd
262,online_causal_prc_v1,Qwen3-0.6B-Base,Qwen3-0.6B-Base,0.2,3488,3488,500,0/500 (0.0%),missing saved score,missing saved score,No saved all-coordinate naive counts for this cohort and prefix,completion_only_raw_abstain_v1/integrated/9bef8259fa1a4bf1ceb817fd
263,online_causal_prc_v1,Qwen3-0.6B-Base,Qwen3-0.6B-Base,0.2,3504,3504,500,0/500 (0.0%),missing saved score,missing saved score,No saved all-coordinate naive counts for this cohort and prefix,completion_only_raw_abstain_v1/integrated/9bef8259fa1a4bf1ceb817fd
264,online_causal_prc_v1,Qwen3-0.6B-Base,Qwen3-0.6B-Base,0.2,3520,3520,500,0/500 (0.0%),missing saved score,missing saved score,No saved all-coordinate naive counts for this cohort and prefix,completion_only_raw_abstain_v1/integrated/9bef8259fa1a4bf1ceb817fd
265,online_causal_prc_v1,Qwen3-0.6B-Base,Qwen3-0.6B-Base,0.2,3536,3536,500,0/500 (0.0%),missing saved score,missing saved score,No saved all-coordinate naive counts for this cohort and prefix,completion_only_raw_abstain_v1/integrated/9bef8259fa1a4bf1ceb817fd
266,online_causal_prc_v1,Qwen3-0.6B-Base,Qwen3-0.6B-Base,0.2,3552,3552,500,0/500 (0.0%),missing saved score,missing saved score,No saved all-coordinate naive counts for this cohort and prefix,completion_only_raw_abstain_v1/integrated/9bef8259fa1a4bf1ceb817fd
267,online_causal_prc_v1,Qwen3-0.6B-Base,Qwen3-0.6B-Base,0.2,3568,3568,500,0/500 (0.0%),missing saved score,missing saved score,No saved all-coordinate naive counts for this cohort and prefix,completion_only_raw_abstain_v1/integrated/9bef8259fa1a4bf1ceb817fd
268,online_causal_prc_v1,Qwen3-0.6B-Base,Qwen3-0.6B-Base,0.2,3584,3584,500,0/500 (0.0%),missing saved score,missing saved score,No saved all-coordinate naive counts for this cohort and prefix,completion_only_raw_abstain_v1/integrated/9bef8259fa1a4bf1ceb817fd
269,online_causal_prc_v1,Qwen3-0.6B-Base,Qwen3-0.6B-Base,0.2,3600,3600,500,0/500 (0.0%),missing saved score,missing saved score,No saved all-coordinate naive counts for this cohort and prefix,completion_only_raw_abstain_v1/integrated/9bef8259fa1a4bf1ceb817fd
270,online_causal_prc_v1,Qwen3-0.6B-Base,Qwen3-0.6B-Base,0.2,3616,3616,500,0/500 (0.0%),missing saved score,missing saved score,No saved all-coordinate naive counts for this cohort and prefix,completion_only_raw_abstain_v1/integrated/9bef8259fa1a4bf1ceb817fd
271,online_causal_prc_v1,Qwen3-0.6B-Base,Qwen3-0.6B-Base,0.2,3632,3632,500,0/500 (0.0%),missing saved score,missing saved score,No saved all-coordinate naive counts for this cohort and prefix,completion_only_raw_abstain_v1/integrated/9bef8259fa1a4bf1ceb817fd
272,online_causal_prc_v1,Qwen3-0.6B-Base,Qwen3-0.6B-Base,0.2,3648,3648,500,0/500 (0.0%),missing saved score,missing saved score,No saved all-coordinate naive counts for this cohort and prefix,completion_only_raw_abstain_v1/integrated/9bef8259fa1a4bf1ceb817fd
273,online_causal_prc_v1,Qwen3-0.6B-Base,Qwen3-0.6B-Base,0.2,3664,3664,500,0/500 (0.0%),missing saved score,missing saved score,No saved all-coordinate naive counts for this cohort and prefix,completion_only_raw_abstain_v1/integrated/9bef8259fa1a4bf1ceb817fd
274,online_causal_prc_v1,Qwen3-0.6B-Base,Qwen3-0.6B-Base,0.2,3680,3680,500,0/500 (0.0%),missing saved score,missing saved score,No saved all-coordinate naive counts for this cohort and prefix,completion_only_raw_abstain_v1/integrated/9bef8259fa1a4bf1ceb817fd
275,online_causal_prc_v1,Qwen3-0.6B-Base,Qwen3-0.6B-Base,0.2,3696,3696,500,0/500 (0.0%),missing saved score,missing saved score,No saved all-coordinate naive counts for this cohort and prefix,completion_only_raw_abstain_v1/integrated/9bef8259fa1a4bf1ceb817fd
276,online_causal_prc_v1,Qwen3-0.6B-Base,Qwen3-0.6B-Base,0.2,3712,3712,500,0/500 (0.0%),missing saved score,missing saved score,No saved all-coordinate naive counts for this cohort and prefix,completion_only_raw_abstain_v1/integrated/9bef8259fa1a4bf1ceb817fd
277,online_causal_prc_v1,Qwen3-0.6B-Base,Qwen3-0.6B-Base,0.2,3728,3728,500,0/500 (0.0%),missing saved score,missing saved score,No saved all-coordinate naive counts for this cohort and prefix,completion_only_raw_abstain_v1/integrated/9bef8259fa1a4bf1ceb817fd
278,online_causal_prc_v1,Qwen3-0.6B-Base,Qwen3-0.6B-Base,0.2,3744,3744,500,0/500 (0.0%),missing saved score,missing saved score,No saved all-coordinate naive counts for this cohort and prefix,completion_only_raw_abstain_v1/integrated/9bef8259fa1a4bf1ceb817fd
279,online_causal_prc_v1,Qwen3-0.6B-Base,Qwen3-0.6B-Base,0.2,3760,3760,500,0/500 (0.0%),missing saved score,missing saved score,No saved all-coordinate naive counts for this cohort and prefix,completion_only_raw_abstain_v1/integrated/9bef8259fa1a4bf1ceb817fd
280,online_causal_prc_v1,Qwen3-0.6B-Base,Qwen3-0.6B-Base,0.2,3776,3776,500,0/500 (0.0%),missing saved score,missing saved score,No saved all-coordinate naive counts for this cohort and prefix,completion_only_raw_abstain_v1/integrated/9bef8259fa1a4bf1ceb817fd
281,online_causal_prc_v1,Qwen3-0.6B-Base,Qwen3-0.6B-Base,0.2,3792,3792,500,0/500 (0.0%),missing saved score,missing saved score,No saved all-coordinate naive counts for this cohort and prefix,completion_only_raw_abstain_v1/integrated/9bef8259fa1a4bf1ceb817fd
282,online_causal_prc_v1,Qwen3-0.6B-Base,Qwen3-0.6B-Base,0.2,3808,3808,500,0/500 (0.0%),missing saved score,missing saved score,No saved all-coordinate naive counts for this cohort and prefix,completion_only_raw_abstain_v1/integrated/9bef8259fa1a4bf1ceb817fd
283,online_causal_prc_v1,Qwen3-0.6B-Base,Qwen3-0.6B-Base,0.2,3824,3824,500,0/500 (0.0%),missing saved score,missing saved score,No saved all-coordinate naive counts for this cohort and prefix,completion_only_raw_abstain_v1/integrated/9bef8259fa1a4bf1ceb817fd
284,online_causal_prc_v1,Qwen3-0.6B-Base,Qwen3-0.6B-Base,0.2,3840,3840,500,0/500 (0.0%),missing saved score,missing saved score,No saved all-coordinate naive counts for this cohort and prefix,completion_only_raw_abstain_v1/integrated/9bef8259fa1a4bf1ceb817fd
285,online_causal_prc_v1,Qwen3-0.6B-Base,Qwen3-0.6B-Base,0.2,3856,3856,500,0/500 (0.0%),missing saved score,missing saved score,No saved all-coordinate naive counts for this cohort and prefix,completion_only_raw_abstain_v1/integrated/9bef8259fa1a4bf1ceb817fd
286,online_causal_prc_v1,Qwen3-0.6B-Base,Qwen3-0.6B-Base,0.2,3872,3872,500,0/500 (0.0%),missing saved score,missing saved score,No saved all-coordinate naive counts for this cohort and prefix,completion_only_raw_abstain_v1/integrated/9bef8259fa1a4bf1ceb817fd
287,online_causal_prc_v1,Qwen3-0.6B-Base,Qwen3-0.6B-Base,0.2,3888,3888,500,0/500 (0.0%),missing saved score,missing saved score,No saved all-coordinate naive counts for this cohort and prefix,completion_only_raw_abstain_v1/integrated/9bef8259fa1a4bf1ceb817fd
288,online_causal_prc_v1,Qwen3-0.6B-Base,Qwen3-0.6B-Base,0.2,3904,3904,500,0/500 (0.0%),missing saved score,missing saved score,No saved all-coordinate naive counts for this cohort and prefix,completion_only_raw_abstain_v1/integrated/9bef8259fa1a4bf1ceb817fd
289,online_causal_prc_v1,Qwen3-0.6B-Base,Qwen3-0.6B-Base,0.2,3920,3920,500,0/500 (0.0%),missing saved score,missing saved score,No saved all-coordinate naive counts for this cohort and prefix,completion_only_raw_abstain_v1/integrated/9bef8259fa1a4bf1ceb817fd
290,online_causal_prc_v1,Qwen3-0.6B-Base,Qwen3-0.6B-Base,0.2,3936,3936,500,0/500 (0.0%),missing saved score,missing saved score,No saved all-coordinate naive counts for this cohort and prefix,completion_only_raw_abstain_v1/integrated/9bef8259fa1a4bf1ceb817fd
291,online_causal_prc_v1,Qwen3-0.6B-Base,Qwen3-0.6B-Base,0.2,3952,3952,500,0/500 (0.0%),missing saved score,missing saved score,No saved all-coordinate naive counts for this cohort and prefix,completion_only_raw_abstain_v1/integrated/9bef8259fa1a4bf1ceb817fd
292,online_causal_prc_v1,Qwen3-0.6B-Base,Qwen3-0.6B-Base,0.2,3968,3968,500,0/500 (0.0%),missing saved score,missing saved score,No saved all-coordinate naive counts for this cohort and prefix,completion_only_raw_abstain_v1/integrated/9bef8259fa1a4bf1ceb817fd
293,online_causal_prc_v1,Qwen3-0.6B-Base,Qwen3-0.6B-Base,0.2,3984,3984,500,0/500 (0.0%),missing saved score,missing saved score,No saved all-coordinate naive counts for this cohort and prefix,completion_only_raw_abstain_v1/integrated/9bef8259fa1a4bf1ceb817fd
294,online_causal_prc_v1,Qwen3-0.6B-Base,Qwen3-0.6B-Base,0.2,4000,4000,500,0/500 (0.0%),missing saved score,missing saved score,No saved all-coordinate naive counts for this cohort and prefix,completion_only_raw_abstain_v1/integrated/9bef8259fa1a4bf1ceb817fd
295,online_causal_prc_v1,Qwen3-0.6B-Base,Qwen3-0.6B-Base,0.2,4016,4016,500,0/500 (0.0%),missing saved score,missing saved score,No saved all-coordinate naive counts for this cohort and prefix,completion_only_raw_abstain_v1/integrated/9bef8259fa1a4bf1ceb817fd
296,online_causal_prc_v1,Qwen3-0.6B-Base,Qwen3-0.6B-Base,0.2,4032,4032,500,0/500 (0.0%),missing saved score,missing saved score,No saved all-coordinate naive counts for this cohort and prefix,completion_only_raw_abstain_v1/integrated/9bef8259fa1a4bf1ceb817fd
297,online_causal_prc_v1,Qwen3-0.6B-Base,Qwen3-0.6B-Base,0.2,4048,4048,500,0/500 (0.0%),missing saved score,missing saved score,No saved all-coordinate naive counts for this cohort and prefix,completion_only_raw_abstain_v1/integrated/9bef8259fa1a4bf1ceb817fd
298,online_causal_prc_v1,Qwen3-0.6B-Base,Qwen3-0.6B-Base,0.2,4064,4064,500,0/500 (0.0%),missing saved score,missing saved score,No saved all-coordinate naive counts for this cohort and prefix,completion_only_raw_abstain_v1/integrated/9bef8259fa1a4bf1ceb817fd
299,online_causal_prc_v1,Qwen3-0.6B-Base,Qwen3-0.6B-Base,0.2,4080,4080,500,0/500 (0.0%),missing saved score,missing saved score,No saved all-coordinate naive counts for this cohort and prefix,completion_only_raw_abstain_v1/integrated/9bef8259fa1a4bf1ceb817fd
300,online_causal_prc_v1,Qwen3-0.6B-Base,Qwen3-0.6B-Base,0.2,4096,4096,500,0/500 (0.0%),missing saved score,missing saved score,No saved all-coordinate naive counts for this cohort and prefix,completion_only_raw_abstain_v1/integrated/9bef8259fa1a4bf1ceb817fd
301,fixed_prc,Qwen3-4B-Base,Qwen3-4B-Base,0.05,1024,1024,100,skipped,missing saved score,missing saved score; no null evaluation in this record,Fixed 4B-generation cohort: naive not scored; nulls not evaluated,completion_only_raw_abstain_v1/integrated/ca29c3c412c2ea56a5b60c7b
302,fixed_prc,Qwen3-4B-Base,Qwen3-0.6B-Base,0.05,1024,1024,100,skipped,missing saved score,missing saved score; no null evaluation in this record,Fixed 4B-generation cohort: naive not scored; nulls not evaluated,completion_only_raw_abstain_v1/integrated/2d9e999b8f2ea462bbcfbf16
303,fixed_prc,Qwen3-4B-Base,Qwen3-4B-Base,0.05,512,512,100,skipped,missing saved score,missing saved score; no null evaluation in this record,Fixed 4B-generation cohort: naive not scored; nulls not evaluated,completion_only_raw_abstain_v1/integrated/a3c934e1089670647e496098
304,fixed_prc,Qwen3-4B-Base,Qwen3-0.6B-Base,0.05,512,512,100,skipped,missing saved score,missing saved score; no null evaluation in this record,Fixed 4B-generation cohort: naive not scored; nulls not evaluated,completion_only_raw_abstain_v1/integrated/b733f82ef1c17f357dac28fe
305,fixed_prc,Qwen3-4B-Base,Qwen3-4B-Base,0.05,256,256,100,skipped,missing saved score,missing saved score; no null evaluation in this record,Fixed 4B-generation cohort: naive not scored; nulls not evaluated,completion_only_raw_abstain_v1/integrated/34ed41583e7165cfcbd0d994
306,fixed_prc,Qwen3-4B-Base,Qwen3-0.6B-Base,0.05,256,256,100,skipped,missing saved score,missing saved score; no null evaluation in this record,Fixed 4B-generation cohort: naive not scored; nulls not evaluated,completion_only_raw_abstain_v1/integrated/01d480ae687f86d8b994e3e4
307,online_causal_prc_v1,Qwen3-8B-Base,Qwen3-0.6B-Base,0.05,1280,1280,500,skipped,missing saved score,missing saved score; no null evaluation in this record,No saved all-coordinate naive counts for this cohort and prefix,completion_only_raw_abstain_v1/integrated/c0a5604a7aff302319379d2a
308,online_causal_prc_v1,Qwen3-8B-Base,Qwen3-0.6B-Base,0.05,1264,1264,500,skipped,missing saved score,missing saved score; no null evaluation in this record,No saved all-coordinate naive counts for this cohort and prefix,completion_only_raw_abstain_v1/integrated/c0a5604a7aff302319379d2a
309,online_causal_prc_v1,Qwen3-8B-Base,Qwen3-0.6B-Base,0.05,1248,1248,500,skipped,missing saved score,missing saved score; no null evaluation in this record,No saved all-coordinate naive counts for this cohort and prefix,completion_only_raw_abstain_v1/integrated/c0a5604a7aff302319379d2a
310,online_causal_prc_v1,Qwen3-8B-Base,Qwen3-0.6B-Base,0.05,1232,1232,500,skipped,missing saved score,missing saved score; no null evaluation in this record,No saved all-coordinate naive counts for this cohort and prefix,completion_only_raw_abstain_v1/integrated/c0a5604a7aff302319379d2a
311,online_causal_prc_v1,Qwen3-8B-Base,Qwen3-0.6B-Base,0.05,1216,1216,500,skipped,missing saved score,missing saved score; no null evaluation in this record,No saved all-coordinate naive counts for this cohort and prefix,completion_only_raw_abstain_v1/integrated/c0a5604a7aff302319379d2a
312,online_causal_prc_v1,Qwen3-8B-Base,Qwen3-0.6B-Base,0.05,1200,1200,500,skipped,missing saved score,missing saved score; no null evaluation in this record,No saved all-coordinate naive counts for this cohort and prefix,completion_only_raw_abstain_v1/integrated/c0a5604a7aff302319379d2a
313,online_causal_prc_v1,Qwen3-8B-Base,Qwen3-0.6B-Base,0.05,1184,1184,500,skipped,missing saved score,missing saved score; no null evaluation in this record,No saved all-coordinate naive counts for this cohort and prefix,completion_only_raw_abstain_v1/integrated/c0a5604a7aff302319379d2a
314,online_causal_prc_v1,Qwen3-8B-Base,Qwen3-0.6B-Base,0.05,1168,1168,500,skipped,missing saved score,missing saved score; no null evaluation in this record,No saved all-coordinate naive counts for this cohort and prefix,completion_only_raw_abstain_v1/integrated/c0a5604a7aff302319379d2a
315,online_causal_prc_v1,Qwen3-8B-Base,Qwen3-0.6B-Base,0.05,1152,1152,500,skipped,missing saved score,missing saved score; no null evaluation in this record,No saved all-coordinate naive counts for this cohort and prefix,completion_only_raw_abstain_v1/integrated/c0a5604a7aff302319379d2a
316,online_causal_prc_v1,Qwen3-8B-Base,Qwen3-0.6B-Base,0.05,1136,1136,500,skipped,missing saved score,missing saved score; no null evaluation in this record,No saved all-coordinate naive counts for this cohort and prefix,completion_only_raw_abstain_v1/integrated/c0a5604a7aff302319379d2a
317,online_causal_prc_v1,Qwen3-8B-Base,Qwen3-0.6B-Base,0.05,1120,1120,500,skipped,missing saved score,missing saved score; no null evaluation in this record,No saved all-coordinate naive counts for this cohort and prefix,completion_only_raw_abstain_v1/integrated/c0a5604a7aff302319379d2a
318,online_causal_prc_v1,Qwen3-8B-Base,Qwen3-0.6B-Base,0.05,1104,1104,500,skipped,missing saved score,missing saved score; no null evaluation in this record,No saved all-coordinate naive counts for this cohort and prefix,completion_only_raw_abstain_v1/integrated/c0a5604a7aff302319379d2a
319,online_causal_prc_v1,Qwen3-8B-Base,Qwen3-0.6B-Base,0.05,1088,1088,500,skipped,missing saved score,missing saved score; no null evaluation in this record,No saved all-coordinate naive counts for this cohort and prefix,completion_only_raw_abstain_v1/integrated/c0a5604a7aff302319379d2a
320,online_causal_prc_v1,Qwen3-8B-Base,Qwen3-0.6B-Base,0.05,1072,1072,500,skipped,missing saved score,missing saved score; no null evaluation in this record,No saved all-coordinate naive counts for this cohort and prefix,completion_only_raw_abstain_v1/integrated/c0a5604a7aff302319379d2a
321,online_causal_prc_v1,Qwen3-8B-Base,Qwen3-0.6B-Base,0.05,1056,1056,500,skipped,missing saved score,missing saved score; no null evaluation in this record,No saved all-coordinate naive counts for this cohort and prefix,completion_only_raw_abstain_v1/integrated/c0a5604a7aff302319379d2a
322,online_causal_prc_v1,Qwen3-8B-Base,Qwen3-0.6B-Base,0.05,1040,1040,500,skipped,missing saved score,missing saved score; no null evaluation in this record,No saved all-coordinate naive counts for this cohort and prefix,completion_only_raw_abstain_v1/integrated/c0a5604a7aff302319379d2a
323,online_causal_prc_v1,Qwen3-8B-Base,Qwen3-0.6B-Base,0.05,1024,1024,500,skipped,missing saved score,missing saved score; no null evaluation in this record,No saved all-coordinate naive counts for this cohort and prefix,completion_only_raw_abstain_v1/integrated/c0a5604a7aff302319379d2a
324,online_causal_prc_v1,Qwen3-8B-Base,Qwen3-0.6B-Base,0.05,1008,1008,500,skipped,missing saved score,missing saved score; no null evaluation in this record,No saved all-coordinate naive counts for this cohort and prefix,completion_only_raw_abstain_v1/integrated/c0a5604a7aff302319379d2a
325,online_causal_prc_v1,Qwen3-8B-Base,Qwen3-0.6B-Base,0.05,992,992,500,skipped,missing saved score,missing saved score; no null evaluation in this record,No saved all-coordinate naive counts for this cohort and prefix,completion_only_raw_abstain_v1/integrated/c0a5604a7aff302319379d2a
326,online_causal_prc_v1,Qwen3-8B-Base,Qwen3-0.6B-Base,0.05,976,976,500,skipped,missing saved score,missing saved score; no null evaluation in this record,No saved all-coordinate naive counts for this cohort and prefix,completion_only_raw_abstain_v1/integrated/c0a5604a7aff302319379d2a
327,online_causal_prc_v1,Qwen3-8B-Base,Qwen3-0.6B-Base,0.05,960,960,500,skipped,missing saved score,missing saved score; no null evaluation in this record,No saved all-coordinate naive counts for this cohort and prefix,completion_only_raw_abstain_v1/integrated/c0a5604a7aff302319379d2a
328,online_causal_prc_v1,Qwen3-8B-Base,Qwen3-0.6B-Base,0.05,944,944,500,skipped,missing saved score,missing saved score; no null evaluation in this record,No saved all-coordinate naive counts for this cohort and prefix,completion_only_raw_abstain_v1/integrated/c0a5604a7aff302319379d2a
329,online_causal_prc_v1,Qwen3-8B-Base,Qwen3-0.6B-Base,0.05,928,928,500,skipped,missing saved score,missing saved score; no null evaluation in this record,No saved all-coordinate naive counts for this cohort and prefix,completion_only_raw_abstain_v1/integrated/c0a5604a7aff302319379d2a
330,online_causal_prc_v1,Qwen3-8B-Base,Qwen3-0.6B-Base,0.05,912,912,500,skipped,missing saved score,missing saved score; no null evaluation in this record,No saved all-coordinate naive counts for this cohort and prefix,completion_only_raw_abstain_v1/integrated/c0a5604a7aff302319379d2a
331,online_causal_prc_v1,Qwen3-8B-Base,Qwen3-0.6B-Base,0.05,896,896,500,skipped,missing saved score,missing saved score; no null evaluation in this record,No saved all-coordinate naive counts for this cohort and prefix,completion_only_raw_abstain_v1/integrated/c0a5604a7aff302319379d2a
332,online_causal_prc_v1,Qwen3-8B-Base,Qwen3-0.6B-Base,0.05,880,880,500,skipped,missing saved score,missing saved score; no null evaluation in this record,No saved all-coordinate naive counts for this cohort and prefix,completion_only_raw_abstain_v1/integrated/c0a5604a7aff302319379d2a
333,online_causal_prc_v1,Qwen3-8B-Base,Qwen3-0.6B-Base,0.05,864,864,500,skipped,missing saved score,missing saved score; no null evaluation in this record,No saved all-coordinate naive counts for this cohort and prefix,completion_only_raw_abstain_v1/integrated/c0a5604a7aff302319379d2a
334,online_causal_prc_v1,Qwen3-8B-Base,Qwen3-0.6B-Base,0.05,848,848,500,skipped,missing saved score,missing saved score; no null evaluation in this record,No saved all-coordinate naive counts for this cohort and prefix,completion_only_raw_abstain_v1/integrated/c0a5604a7aff302319379d2a
335,online_causal_prc_v1,Qwen3-8B-Base,Qwen3-0.6B-Base,0.05,768,768,500,skipped,missing saved score,missing saved score; no null evaluation in this record,No saved all-coordinate naive counts for this cohort and prefix,completion_only_raw_abstain_v1/integrated/c0a5604a7aff302319379d2a
336,online_causal_prc_v1,Qwen3-8B-Base,Qwen3-0.6B-Base,0.05,512,512,500,skipped,missing saved score,missing saved score; no null evaluation in this record,No saved all-coordinate naive counts for this cohort and prefix,completion_only_raw_abstain_v1/integrated/c0a5604a7aff302319379d2a
337,online_causal_prc_v1,Qwen3-8B-Base,Qwen3-0.6B-Base,0.05,400,400,500,skipped,missing saved score,missing saved score; no null evaluation in this record,No saved all-coordinate naive counts for this cohort and prefix,completion_only_raw_abstain_v1/integrated/c0a5604a7aff302319379d2a
338,online_causal_prc_v1,Qwen3-8B-Base,Qwen3-0.6B-Base,0.05,256,256,500,skipped,missing saved score,missing saved score; no null evaluation in this record,No saved all-coordinate naive counts for this cohort and prefix,completion_only_raw_abstain_v1/integrated/c0a5604a7aff302319379d2a
339,online_causal_prc_v1,Qwen3-8B-Base,Qwen3-0.6B-Base,0.05,128,128,500,skipped,missing saved score,missing saved score; no null evaluation in this record,No saved all-coordinate naive counts for this cohort and prefix,completion_only_raw_abstain_v1/integrated/c0a5604a7aff302319379d2a
340,online_causal_prc_v1,Qwen3-8B-Base,Qwen3-0.6B-Base,0.1,3072,3072,500,skipped,missing saved score,missing saved score; no null evaluation in this record,No saved all-coordinate naive counts for this cohort and prefix,completion_only_raw_abstain_v1/integrated/d0c81c12575b6ebdba351628
341,online_causal_prc_v1,Qwen3-8B-Base,Qwen3-0.6B-Base,0.1,3056,3056,500,skipped,missing saved score,missing saved score; no null evaluation in this record,No saved all-coordinate naive counts for this cohort and prefix,completion_only_raw_abstain_v1/integrated/d0c81c12575b6ebdba351628
342,online_causal_prc_v1,Qwen3-8B-Base,Qwen3-0.6B-Base,0.1,3040,3040,500,skipped,missing saved score,missing saved score; no null evaluation in this record,No saved all-coordinate naive counts for this cohort and prefix,completion_only_raw_abstain_v1/integrated/d0c81c12575b6ebdba351628
343,online_causal_prc_v1,Qwen3-8B-Base,Qwen3-0.6B-Base,0.1,3024,3024,500,skipped,missing saved score,missing saved score; no null evaluation in this record,No saved all-coordinate naive counts for this cohort and prefix,completion_only_raw_abstain_v1/integrated/d0c81c12575b6ebdba351628
344,online_causal_prc_v1,Qwen3-8B-Base,Qwen3-0.6B-Base,0.1,3008,3008,500,skipped,missing saved score,missing saved score; no null evaluation in this record,No saved all-coordinate naive counts for this cohort and prefix,completion_only_raw_abstain_v1/integrated/d0c81c12575b6ebdba351628
345,online_causal_prc_v1,Qwen3-8B-Base,Qwen3-0.6B-Base,0.1,2992,2992,500,skipped,missing saved score,missing saved score; no null evaluation in this record,No saved all-coordinate naive counts for this cohort and prefix,completion_only_raw_abstain_v1/integrated/d0c81c12575b6ebdba351628
346,online_causal_prc_v1,Qwen3-8B-Base,Qwen3-0.6B-Base,0.1,2976,2976,500,skipped,missing saved score,missing saved score; no null evaluation in this record,No saved all-coordinate naive counts for this cohort and prefix,completion_only_raw_abstain_v1/integrated/d0c81c12575b6ebdba351628
347,online_causal_prc_v1,Qwen3-8B-Base,Qwen3-0.6B-Base,0.1,2960,2960,500,skipped,missing saved score,missing saved score; no null evaluation in this record,No saved all-coordinate naive counts for this cohort and prefix,completion_only_raw_abstain_v1/integrated/d0c81c12575b6ebdba351628
348,online_causal_prc_v1,Qwen3-8B-Base,Qwen3-0.6B-Base,0.1,2944,2944,500,skipped,missing saved score,missing saved score; no null evaluation in this record,No saved all-coordinate naive counts for this cohort and prefix,completion_only_raw_abstain_v1/integrated/d0c81c12575b6ebdba351628
349,online_causal_prc_v1,Qwen3-8B-Base,Qwen3-0.6B-Base,0.1,2928,2928,500,skipped,missing saved score,missing saved score; no null evaluation in this record,No saved all-coordinate naive counts for this cohort and prefix,completion_only_raw_abstain_v1/integrated/d0c81c12575b6ebdba351628
350,online_causal_prc_v1,Qwen3-8B-Base,Qwen3-0.6B-Base,0.1,2912,2912,500,skipped,missing saved score,missing saved score; no null evaluation in this record,No saved all-coordinate naive counts for this cohort and prefix,completion_only_raw_abstain_v1/integrated/d0c81c12575b6ebdba351628
351,online_causal_prc_v1,Qwen3-8B-Base,Qwen3-0.6B-Base,0.1,2896,2896,500,skipped,missing saved score,missing saved score; no null evaluation in this record,No saved all-coordinate naive counts for this cohort and prefix,completion_only_raw_abstain_v1/integrated/d0c81c12575b6ebdba351628
352,online_causal_prc_v1,Qwen3-8B-Base,Qwen3-0.6B-Base,0.1,2880,2880,500,skipped,missing saved score,missing saved score; no null evaluation in this record,No saved all-coordinate naive counts for this cohort and prefix,completion_only_raw_abstain_v1/integrated/d0c81c12575b6ebdba351628
353,online_causal_prc_v1,Qwen3-8B-Base,Qwen3-0.6B-Base,0.1,2864,2864,500,skipped,missing saved score,missing saved score; no null evaluation in this record,No saved all-coordinate naive counts for this cohort and prefix,completion_only_raw_abstain_v1/integrated/d0c81c12575b6ebdba351628
354,online_causal_prc_v1,Qwen3-8B-Base,Qwen3-0.6B-Base,0.1,2848,2848,500,skipped,missing saved score,missing saved score; no null evaluation in this record,No saved all-coordinate naive counts for this cohort and prefix,completion_only_raw_abstain_v1/integrated/d0c81c12575b6ebdba351628
355,online_causal_prc_v1,Qwen3-8B-Base,Qwen3-0.6B-Base,0.1,2832,2832,500,skipped,missing saved score,missing saved score; no null evaluation in this record,No saved all-coordinate naive counts for this cohort and prefix,completion_only_raw_abstain_v1/integrated/d0c81c12575b6ebdba351628
356,online_causal_prc_v1,Qwen3-8B-Base,Qwen3-0.6B-Base,0.1,2816,2816,500,skipped,missing saved score,missing saved score; no null evaluation in this record,No saved all-coordinate naive counts for this cohort and prefix,completion_only_raw_abstain_v1/integrated/d0c81c12575b6ebdba351628
357,online_causal_prc_v1,Qwen3-8B-Base,Qwen3-0.6B-Base,0.1,2800,2800,500,skipped,missing saved score,missing saved score; no null evaluation in this record,No saved all-coordinate naive counts for this cohort and prefix,completion_only_raw_abstain_v1/integrated/d0c81c12575b6ebdba351628
358,online_causal_prc_v1,Qwen3-8B-Base,Qwen3-0.6B-Base,0.1,2784,2784,500,skipped,missing saved score,missing saved score; no null evaluation in this record,No saved all-coordinate naive counts for this cohort and prefix,completion_only_raw_abstain_v1/integrated/d0c81c12575b6ebdba351628
359,online_causal_prc_v1,Qwen3-8B-Base,Qwen3-0.6B-Base,0.1,2768,2768,500,skipped,missing saved score,missing saved score; no null evaluation in this record,No saved all-coordinate naive counts for this cohort and prefix,completion_only_raw_abstain_v1/integrated/d0c81c12575b6ebdba351628
360,online_causal_prc_v1,Qwen3-8B-Base,Qwen3-0.6B-Base,0.1,2752,2752,500,skipped,missing saved score,missing saved score; no null evaluation in this record,No saved all-coordinate naive counts for this cohort and prefix,completion_only_raw_abstain_v1/integrated/d0c81c12575b6ebdba351628
361,online_causal_prc_v1,Qwen3-8B-Base,Qwen3-0.6B-Base,0.1,2736,2736,500,skipped,missing saved score,missing saved score; no null evaluation in this record,No saved all-coordinate naive counts for this cohort and prefix,completion_only_raw_abstain_v1/integrated/d0c81c12575b6ebdba351628
362,online_causal_prc_v1,Qwen3-8B-Base,Qwen3-0.6B-Base,0.1,2720,2720,500,skipped,missing saved score,missing saved score; no null evaluation in this record,No saved all-coordinate naive counts for this cohort and prefix,completion_only_raw_abstain_v1/integrated/d0c81c12575b6ebdba351628
363,online_causal_prc_v1,Qwen3-8B-Base,Qwen3-0.6B-Base,0.1,2704,2704,500,skipped,missing saved score,missing saved score; no null evaluation in this record,No saved all-coordinate naive counts for this cohort and prefix,completion_only_raw_abstain_v1/integrated/d0c81c12575b6ebdba351628
364,online_causal_prc_v1,Qwen3-8B-Base,Qwen3-0.6B-Base,0.1,2688,2688,500,skipped,missing saved score,missing saved score; no null evaluation in this record,No saved all-coordinate naive counts for this cohort and prefix,completion_only_raw_abstain_v1/integrated/d0c81c12575b6ebdba351628
365,online_causal_prc_v1,Qwen3-8B-Base,Qwen3-0.6B-Base,0.1,2672,2672,500,skipped,missing saved score,missing saved score; no null evaluation in this record,No saved all-coordinate naive counts for this cohort and prefix,completion_only_raw_abstain_v1/integrated/d0c81c12575b6ebdba351628
366,online_causal_prc_v1,Qwen3-8B-Base,Qwen3-0.6B-Base,0.1,2656,2656,500,skipped,missing saved score,missing saved score; no null evaluation in this record,No saved all-coordinate naive counts for this cohort and prefix,completion_only_raw_abstain_v1/integrated/d0c81c12575b6ebdba351628
367,online_causal_prc_v1,Qwen3-8B-Base,Qwen3-0.6B-Base,0.1,2640,2640,500,skipped,missing saved score,missing saved score; no null evaluation in this record,No saved all-coordinate naive counts for this cohort and prefix,completion_only_raw_abstain_v1/integrated/d0c81c12575b6ebdba351628
368,online_causal_prc_v1,Qwen3-8B-Base,Qwen3-0.6B-Base,0.1,2624,2624,500,skipped,missing saved score,missing saved score; no null evaluation in this record,No saved all-coordinate naive counts for this cohort and prefix,completion_only_raw_abstain_v1/integrated/d0c81c12575b6ebdba351628
369,online_causal_prc_v1,Qwen3-8B-Base,Qwen3-0.6B-Base,0.1,2608,2608,500,skipped,missing saved score,missing saved score; no null evaluation in this record,No saved all-coordinate naive counts for this cohort and prefix,completion_only_raw_abstain_v1/integrated/d0c81c12575b6ebdba351628
370,online_causal_prc_v1,Qwen3-8B-Base,Qwen3-0.6B-Base,0.1,2592,2592,500,skipped,missing saved score,missing saved score; no null evaluation in this record,No saved all-coordinate naive counts for this cohort and prefix,completion_only_raw_abstain_v1/integrated/d0c81c12575b6ebdba351628
371,online_causal_prc_v1,Qwen3-8B-Base,Qwen3-0.6B-Base,0.1,2576,2576,500,skipped,missing saved score,missing saved score; no null evaluation in this record,No saved all-coordinate naive counts for this cohort and prefix,completion_only_raw_abstain_v1/integrated/d0c81c12575b6ebdba351628
372,online_causal_prc_v1,Qwen3-8B-Base,Qwen3-0.6B-Base,0.1,2560,2560,500,skipped,missing saved score,missing saved score; no null evaluation in this record,No saved all-coordinate naive counts for this cohort and prefix,completion_only_raw_abstain_v1/integrated/d0c81c12575b6ebdba351628
373,online_causal_prc_v1,Qwen3-8B-Base,Qwen3-0.6B-Base,0.1,2544,2544,500,skipped,missing saved score,missing saved score; no null evaluation in this record,No saved all-coordinate naive counts for this cohort and prefix,completion_only_raw_abstain_v1/integrated/d0c81c12575b6ebdba351628
374,online_causal_prc_v1,Qwen3-8B-Base,Qwen3-0.6B-Base,0.1,2528,2528,500,skipped,missing saved score,missing saved score; no null evaluation in this record,No saved all-coordinate naive counts for this cohort and prefix,completion_only_raw_abstain_v1/integrated/d0c81c12575b6ebdba351628
375,online_causal_prc_v1,Qwen3-8B-Base,Qwen3-0.6B-Base,0.1,2512,2512,500,skipped,missing saved score,missing saved score; no null evaluation in this record,No saved all-coordinate naive counts for this cohort and prefix,completion_only_raw_abstain_v1/integrated/d0c81c12575b6ebdba351628
376,online_causal_prc_v1,Qwen3-8B-Base,Qwen3-0.6B-Base,0.1,2496,2496,500,skipped,missing saved score,missing saved score; no null evaluation in this record,No saved all-coordinate naive counts for this cohort and prefix,completion_only_raw_abstain_v1/integrated/d0c81c12575b6ebdba351628
377,online_causal_prc_v1,Qwen3-8B-Base,Qwen3-0.6B-Base,0.1,2480,2480,500,skipped,missing saved score,missing saved score; no null evaluation in this record,No saved all-coordinate naive counts for this cohort and prefix,completion_only_raw_abstain_v1/integrated/d0c81c12575b6ebdba351628
378,online_causal_prc_v1,Qwen3-8B-Base,Qwen3-0.6B-Base,0.1,2464,2464,500,skipped,missing saved score,missing saved score; no null evaluation in this record,No saved all-coordinate naive counts for this cohort and prefix,completion_only_raw_abstain_v1/integrated/d0c81c12575b6ebdba351628
379,online_causal_prc_v1,Qwen3-8B-Base,Qwen3-0.6B-Base,0.1,2448,2448,500,skipped,missing saved score,missing saved score; no null evaluation in this record,No saved all-coordinate naive counts for this cohort and prefix,completion_only_raw_abstain_v1/integrated/d0c81c12575b6ebdba351628
380,online_causal_prc_v1,Qwen3-8B-Base,Qwen3-0.6B-Base,0.1,2432,2432,500,skipped,missing saved score,missing saved score; no null evaluation in this record,No saved all-coordinate naive counts for this cohort and prefix,completion_only_raw_abstain_v1/integrated/d0c81c12575b6ebdba351628
381,online_causal_prc_v1,Qwen3-8B-Base,Qwen3-0.6B-Base,0.1,2416,2416,500,skipped,missing saved score,missing saved score; no null evaluation in this record,No saved all-coordinate naive counts for this cohort and prefix,completion_only_raw_abstain_v1/integrated/d0c81c12575b6ebdba351628
382,online_causal_prc_v1,Qwen3-8B-Base,Qwen3-0.6B-Base,0.1,2400,2400,500,skipped,missing saved score,missing saved score; no null evaluation in this record,No saved all-coordinate naive counts for this cohort and prefix,completion_only_raw_abstain_v1/integrated/d0c81c12575b6ebdba351628
383,online_causal_prc_v1,Qwen3-8B-Base,Qwen3-0.6B-Base,0.1,2384,2384,500,skipped,missing saved score,missing saved score; no null evaluation in this record,No saved all-coordinate naive counts for this cohort and prefix,completion_only_raw_abstain_v1/integrated/d0c81c12575b6ebdba351628
384,online_causal_prc_v1,Qwen3-8B-Base,Qwen3-0.6B-Base,0.1,2368,2368,500,skipped,missing saved score,missing saved score; no null evaluation in this record,No saved all-coordinate naive counts for this cohort and prefix,completion_only_raw_abstain_v1/integrated/d0c81c12575b6ebdba351628
385,online_causal_prc_v1,Qwen3-8B-Base,Qwen3-0.6B-Base,0.1,2352,2352,500,skipped,missing saved score,missing saved score; no null evaluation in this record,No saved all-coordinate naive counts for this cohort and prefix,completion_only_raw_abstain_v1/integrated/d0c81c12575b6ebdba351628
386,online_causal_prc_v1,Qwen3-8B-Base,Qwen3-0.6B-Base,0.1,2336,2336,500,skipped,missing saved score,missing saved score; no null evaluation in this record,No saved all-coordinate naive counts for this cohort and prefix,completion_only_raw_abstain_v1/integrated/d0c81c12575b6ebdba351628
387,online_causal_prc_v1,Qwen3-8B-Base,Qwen3-0.6B-Base,0.1,2320,2320,500,skipped,missing saved score,missing saved score; no null evaluation in this record,No saved all-coordinate naive counts for this cohort and prefix,completion_only_raw_abstain_v1/integrated/d0c81c12575b6ebdba351628
388,online_causal_prc_v1,Qwen3-8B-Base,Qwen3-0.6B-Base,0.1,2304,2304,500,skipped,missing saved score,missing saved score; no null evaluation in this record,No saved all-coordinate naive counts for this cohort and prefix,completion_only_raw_abstain_v1/integrated/d0c81c12575b6ebdba351628
389,online_causal_prc_v1,Qwen3-8B-Base,Qwen3-0.6B-Base,0.1,2288,2288,500,skipped,missing saved score,missing saved score; no null evaluation in this record,No saved all-coordinate naive counts for this cohort and prefix,completion_only_raw_abstain_v1/integrated/d0c81c12575b6ebdba351628
390,online_causal_prc_v1,Qwen3-8B-Base,Qwen3-0.6B-Base,0.1,2272,2272,500,skipped,missing saved score,missing saved score; no null evaluation in this record,No saved all-coordinate naive counts for this cohort and prefix,completion_only_raw_abstain_v1/integrated/d0c81c12575b6ebdba351628
391,online_causal_prc_v1,Qwen3-8B-Base,Qwen3-0.6B-Base,0.1,2256,2256,500,skipped,missing saved score,missing saved score; no null evaluation in this record,No saved all-coordinate naive counts for this cohort and prefix,completion_only_raw_abstain_v1/integrated/d0c81c12575b6ebdba351628
392,online_causal_prc_v1,Qwen3-8B-Base,Qwen3-0.6B-Base,0.1,2240,2240,500,skipped,missing saved score,missing saved score; no null evaluation in this record,No saved all-coordinate naive counts for this cohort and prefix,completion_only_raw_abstain_v1/integrated/d0c81c12575b6ebdba351628
393,online_causal_prc_v1,Qwen3-8B-Base,Qwen3-0.6B-Base,0.1,2224,2224,500,skipped,missing saved score,missing saved score; no null evaluation in this record,No saved all-coordinate naive counts for this cohort and prefix,completion_only_raw_abstain_v1/integrated/d0c81c12575b6ebdba351628
394,online_causal_prc_v1,Qwen3-8B-Base,Qwen3-0.6B-Base,0.1,2208,2208,500,skipped,missing saved score,missing saved score; no null evaluation in this record,No saved all-coordinate naive counts for this cohort and prefix,completion_only_raw_abstain_v1/integrated/d0c81c12575b6ebdba351628
395,online_causal_prc_v1,Qwen3-8B-Base,Qwen3-0.6B-Base,0.1,2192,2192,500,skipped,missing saved score,missing saved score; no null evaluation in this record,No saved all-coordinate naive counts for this cohort and prefix,completion_only_raw_abstain_v1/integrated/d0c81c12575b6ebdba351628
396,online_causal_prc_v1,Qwen3-8B-Base,Qwen3-0.6B-Base,0.1,2176,2176,500,skipped,missing saved score,missing saved score; no null evaluation in this record,No saved all-coordinate naive counts for this cohort and prefix,completion_only_raw_abstain_v1/integrated/d0c81c12575b6ebdba351628
397,online_causal_prc_v1,Qwen3-8B-Base,Qwen3-0.6B-Base,0.1,2160,2160,500,skipped,missing saved score,missing saved score; no null evaluation in this record,No saved all-coordinate naive counts for this cohort and prefix,completion_only_raw_abstain_v1/integrated/d0c81c12575b6ebdba351628
398,online_causal_prc_v1,Qwen3-8B-Base,Qwen3-0.6B-Base,0.1,2144,2144,500,skipped,missing saved score,missing saved score; no null evaluation in this record,No saved all-coordinate naive counts for this cohort and prefix,completion_only_raw_abstain_v1/integrated/d0c81c12575b6ebdba351628
399,online_causal_prc_v1,Qwen3-8B-Base,Qwen3-0.6B-Base,0.1,2128,2128,500,skipped,missing saved score,missing saved score; no null evaluation in this record,No saved all-coordinate naive counts for this cohort and prefix,completion_only_raw_abstain_v1/integrated/d0c81c12575b6ebdba351628
400,online_causal_prc_v1,Qwen3-8B-Base,Qwen3-0.6B-Base,0.1,2112,2112,500,skipped,missing saved score,missing saved score; no null evaluation in this record,No saved all-coordinate naive counts for this cohort and prefix,completion_only_raw_abstain_v1/integrated/d0c81c12575b6ebdba351628
401,online_causal_prc_v1,Qwen3-8B-Base,Qwen3-0.6B-Base,0.1,2096,2096,500,skipped,missing saved score,missing saved score; no null evaluation in this record,No saved all-coordinate naive counts for this cohort and prefix,completion_only_raw_abstain_v1/integrated/d0c81c12575b6ebdba351628
402,online_causal_prc_v1,Qwen3-8B-Base,Qwen3-0.6B-Base,0.1,2080,2080,500,skipped,missing saved score,missing saved score; no null evaluation in this record,No saved all-coordinate naive counts for this cohort and prefix,completion_only_raw_abstain_v1/integrated/d0c81c12575b6ebdba351628
403,online_causal_prc_v1,Qwen3-8B-Base,Qwen3-0.6B-Base,0.1,2064,2064,500,skipped,missing saved score,missing saved score; no null evaluation in this record,No saved all-coordinate naive counts for this cohort and prefix,completion_only_raw_abstain_v1/integrated/d0c81c12575b6ebdba351628
404,online_causal_prc_v1,Qwen3-8B-Base,Qwen3-0.6B-Base,0.1,2048,2048,500,skipped,missing saved score,missing saved score; no null evaluation in this record,No saved all-coordinate naive counts for this cohort and prefix,completion_only_raw_abstain_v1/integrated/d0c81c12575b6ebdba351628
405,online_causal_prc_v1,Qwen3-8B-Base,Qwen3-0.6B-Base,0.1,2032,2032,500,skipped,missing saved score,missing saved score; no null evaluation in this record,No saved all-coordinate naive counts for this cohort and prefix,completion_only_raw_abstain_v1/integrated/d0c81c12575b6ebdba351628
406,online_causal_prc_v1,Qwen3-8B-Base,Qwen3-0.6B-Base,0.1,2016,2016,500,skipped,missing saved score,missing saved score; no null evaluation in this record,No saved all-coordinate naive counts for this cohort and prefix,completion_only_raw_abstain_v1/integrated/d0c81c12575b6ebdba351628
407,online_causal_prc_v1,Qwen3-8B-Base,Qwen3-0.6B-Base,0.1,2000,2000,500,skipped,missing saved score,missing saved score; no null evaluation in this record,No saved all-coordinate naive counts for this cohort and prefix,completion_only_raw_abstain_v1/integrated/d0c81c12575b6ebdba351628
408,online_causal_prc_v1,Qwen3-8B-Base,Qwen3-0.6B-Base,0.1,1984,1984,500,skipped,missing saved score,missing saved score; no null evaluation in this record,No saved all-coordinate naive counts for this cohort and prefix,completion_only_raw_abstain_v1/integrated/d0c81c12575b6ebdba351628
409,online_causal_prc_v1,Qwen3-8B-Base,Qwen3-0.6B-Base,0.1,1968,1968,500,skipped,missing saved score,missing saved score; no null evaluation in this record,No saved all-coordinate naive counts for this cohort and prefix,completion_only_raw_abstain_v1/integrated/d0c81c12575b6ebdba351628
410,online_causal_prc_v1,Qwen3-8B-Base,Qwen3-0.6B-Base,0.1,1952,1952,500,skipped,missing saved score,missing saved score; no null evaluation in this record,No saved all-coordinate naive counts for this cohort and prefix,completion_only_raw_abstain_v1/integrated/d0c81c12575b6ebdba351628
411,online_causal_prc_v1,Qwen3-8B-Base,Qwen3-0.6B-Base,0.1,1936,1936,500,skipped,missing saved score,missing saved score; no null evaluation in this record,No saved all-coordinate naive counts for this cohort and prefix,completion_only_raw_abstain_v1/integrated/d0c81c12575b6ebdba351628
412,online_causal_prc_v1,Qwen3-8B-Base,Qwen3-0.6B-Base,0.1,1920,1920,500,skipped,missing saved score,missing saved score; no null evaluation in this record,No saved all-coordinate naive counts for this cohort and prefix,completion_only_raw_abstain_v1/integrated/d0c81c12575b6ebdba351628
413,online_causal_prc_v1,Qwen3-8B-Base,Qwen3-0.6B-Base,0.1,1904,1904,500,skipped,missing saved score,missing saved score; no null evaluation in this record,No saved all-coordinate naive counts for this cohort and prefix,completion_only_raw_abstain_v1/integrated/d0c81c12575b6ebdba351628
414,online_causal_prc_v1,Qwen3-8B-Base,Qwen3-0.6B-Base,0.1,1888,1888,500,skipped,missing saved score,missing saved score; no null evaluation in this record,No saved all-coordinate naive counts for this cohort and prefix,completion_only_raw_abstain_v1/integrated/d0c81c12575b6ebdba351628
415,online_causal_prc_v1,Qwen3-8B-Base,Qwen3-0.6B-Base,0.1,1872,1872,500,skipped,missing saved score,missing saved score; no null evaluation in this record,No saved all-coordinate naive counts for this cohort and prefix,completion_only_raw_abstain_v1/integrated/d0c81c12575b6ebdba351628
416,online_causal_prc_v1,Qwen3-8B-Base,Qwen3-0.6B-Base,0.1,1856,1856,500,skipped,missing saved score,missing saved score; no null evaluation in this record,No saved all-coordinate naive counts for this cohort and prefix,completion_only_raw_abstain_v1/integrated/d0c81c12575b6ebdba351628
417,online_causal_prc_v1,Qwen3-8B-Base,Qwen3-0.6B-Base,0.1,1840,1840,500,skipped,missing saved score,missing saved score; no null evaluation in this record,No saved all-coordinate naive counts for this cohort and prefix,completion_only_raw_abstain_v1/integrated/d0c81c12575b6ebdba351628
418,online_causal_prc_v1,Qwen3-8B-Base,Qwen3-0.6B-Base,0.1,1824,1824,500,skipped,missing saved score,missing saved score; no null evaluation in this record,No saved all-coordinate naive counts for this cohort and prefix,completion_only_raw_abstain_v1/integrated/d0c81c12575b6ebdba351628
419,online_causal_prc_v1,Qwen3-8B-Base,Qwen3-0.6B-Base,0.1,1808,1808,500,skipped,missing saved score,missing saved score; no null evaluation in this record,No saved all-coordinate naive counts for this cohort and prefix,completion_only_raw_abstain_v1/integrated/d0c81c12575b6ebdba351628
420,online_causal_prc_v1,Qwen3-8B-Base,Qwen3-0.6B-Base,0.1,1792,1792,500,skipped,missing saved score,missing saved score; no null evaluation in this record,No saved all-coordinate naive counts for this cohort and prefix,completion_only_raw_abstain_v1/integrated/d0c81c12575b6ebdba351628
421,online_causal_prc_v1,Qwen3-8B-Base,Qwen3-0.6B-Base,0.1,1776,1776,500,skipped,missing saved score,missing saved score; no null evaluation in this record,No saved all-coordinate naive counts for this cohort and prefix,completion_only_raw_abstain_v1/integrated/d0c81c12575b6ebdba351628
422,online_causal_prc_v1,Qwen3-8B-Base,Qwen3-0.6B-Base,0.1,1760,1760,500,skipped,missing saved score,missing saved score; no null evaluation in this record,No saved all-coordinate naive counts for this cohort and prefix,completion_only_raw_abstain_v1/integrated/d0c81c12575b6ebdba351628
423,online_causal_prc_v1,Qwen3-8B-Base,Qwen3-0.6B-Base,0.1,1744,1744,500,skipped,missing saved score,missing saved score; no null evaluation in this record,No saved all-coordinate naive counts for this cohort and prefix,completion_only_raw_abstain_v1/integrated/d0c81c12575b6ebdba351628
424,online_causal_prc_v1,Qwen3-8B-Base,Qwen3-0.6B-Base,0.1,1728,1728,500,skipped,missing saved score,missing saved score; no null evaluation in this record,No saved all-coordinate naive counts for this cohort and prefix,completion_only_raw_abstain_v1/integrated/d0c81c12575b6ebdba351628
425,online_causal_prc_v1,Qwen3-8B-Base,Qwen3-0.6B-Base,0.1,1712,1712,500,skipped,missing saved score,missing saved score; no null evaluation in this record,No saved all-coordinate naive counts for this cohort and prefix,completion_only_raw_abstain_v1/integrated/d0c81c12575b6ebdba351628
426,online_causal_prc_v1,Qwen3-8B-Base,Qwen3-0.6B-Base,0.1,1696,1696,500,skipped,missing saved score,missing saved score; no null evaluation in this record,No saved all-coordinate naive counts for this cohort and prefix,completion_only_raw_abstain_v1/integrated/d0c81c12575b6ebdba351628
427,online_causal_prc_v1,Qwen3-8B-Base,Qwen3-0.6B-Base,0.1,1680,1680,500,skipped,missing saved score,missing saved score; no null evaluation in this record,No saved all-coordinate naive counts for this cohort and prefix,completion_only_raw_abstain_v1/integrated/d0c81c12575b6ebdba351628
428,online_causal_prc_v1,Qwen3-8B-Base,Qwen3-0.6B-Base,0.1,1664,1664,500,skipped,missing saved score,missing saved score; no null evaluation in this record,No saved all-coordinate naive counts for this cohort and prefix,completion_only_raw_abstain_v1/integrated/d0c81c12575b6ebdba351628
429,online_causal_prc_v1,Qwen3-8B-Base,Qwen3-0.6B-Base,0.1,1648,1648,500,skipped,missing saved score,missing saved score; no null evaluation in this record,No saved all-coordinate naive counts for this cohort and prefix,completion_only_raw_abstain_v1/integrated/d0c81c12575b6ebdba351628
430,online_causal_prc_v1,Qwen3-8B-Base,Qwen3-0.6B-Base,0.15,6144,6144,100,skipped,missing saved score,missing saved score; no null evaluation in this record,No saved all-coordinate naive counts for this cohort and prefix,completion_only_raw_abstain_v1/integrated/fa6ef1c4a5699524417f485a
431,online_causal_prc_v1,Qwen3-8B-Base,Qwen3-8B-Base,0.15,6144,6144,500,skipped,missing saved score,missing saved score; no null evaluation in this record,No saved all-coordinate naive counts for this cohort and prefix,online_8b_eta015_remaining400_v1/combined/8B
432,online_causal_prc_v1,Qwen3-8B-Base,Qwen3-0.6B-Base,0.15,6144,6144,500,skipped,missing saved score,missing saved score; no null evaluation in this record,No saved all-coordinate naive counts for this cohort and prefix,online_8b_eta015_remaining400_v1/combined/0.6B
433,online_causal_prc_v1,Qwen3-8B-Base,Qwen3-8B-Base,0.15,6128,6128,500,skipped,missing saved score,missing saved score; no null evaluation in this record,No saved all-coordinate naive counts for this cohort and prefix,online_8b_eta015_N500_prefixes_v1/8B
434,online_causal_prc_v1,Qwen3-8B-Base,Qwen3-8B-Base,0.15,6112,6112,500,skipped,missing saved score,missing saved score; no null evaluation in this record,No saved all-coordinate naive counts for this cohort and prefix,online_8b_eta015_N500_prefixes_v1/8B
435,online_causal_prc_v1,Qwen3-8B-Base,Qwen3-8B-Base,0.15,6096,6096,500,skipped,missing saved score,missing saved score; no null evaluation in this record,No saved all-coordinate naive counts for this cohort and prefix,online_8b_eta015_N500_prefixes_v1/8B
436,online_causal_prc_v1,Qwen3-8B-Base,Qwen3-8B-Base,0.15,6080,6080,500,skipped,missing saved score,missing saved score; no null evaluation in this record,No saved all-coordinate naive counts for this cohort and prefix,online_8b_eta015_N500_prefixes_v1/8B
437,online_causal_prc_v1,Qwen3-8B-Base,Qwen3-8B-Base,0.15,6064,6064,500,skipped,missing saved score,missing saved score; no null evaluation in this record,No saved all-coordinate naive counts for this cohort and prefix,online_8b_eta015_N500_prefixes_v1/8B
438,online_causal_prc_v1,Qwen3-8B-Base,Qwen3-8B-Base,0.15,6048,6048,500,skipped,missing saved score,missing saved score; no null evaluation in this record,No saved all-coordinate naive counts for this cohort and prefix,online_8b_eta015_N500_prefixes_v1/8B
439,online_causal_prc_v1,Qwen3-8B-Base,Qwen3-8B-Base,0.15,6032,6032,500,skipped,missing saved score,missing saved score; no null evaluation in this record,No saved all-coordinate naive counts for this cohort and prefix,online_8b_eta015_N500_prefixes_v1/8B
440,online_causal_prc_v1,Qwen3-8B-Base,Qwen3-8B-Base,0.15,6016,6016,500,skipped,missing saved score,missing saved score; no null evaluation in this record,No saved all-coordinate naive counts for this cohort and prefix,online_8b_eta015_N500_prefixes_v1/8B
441,online_causal_prc_v1,Qwen3-8B-Base,Qwen3-8B-Base,0.15,6000,6000,500,skipped,missing saved score,missing saved score; no null evaluation in this record,No saved all-coordinate naive counts for this cohort and prefix,online_8b_eta015_N500_prefixes_v1/8B
442,online_causal_prc_v1,Qwen3-8B-Base,Qwen3-8B-Base,0.15,5984,5984,500,skipped,missing saved score,missing saved score; no null evaluation in this record,No saved all-coordinate naive counts for this cohort and prefix,online_8b_eta015_N500_prefixes_v1/8B
443,online_causal_prc_v1,Qwen3-8B-Base,Qwen3-8B-Base,0.15,5968,5968,500,skipped,missing saved score,missing saved score; no null evaluation in this record,No saved all-coordinate naive counts for this cohort and prefix,online_8b_eta015_N500_prefixes_v1/8B
444,online_causal_prc_v1,Qwen3-8B-Base,Qwen3-8B-Base,0.15,5952,5952,500,skipped,missing saved score,missing saved score; no null evaluation in this record,No saved all-coordinate naive counts for this cohort and prefix,online_8b_eta015_N500_prefixes_v1/8B
445,online_causal_prc_v1,Qwen3-8B-Base,Qwen3-8B-Base,0.15,5936,5936,500,skipped,missing saved score,missing saved score; no null evaluation in this record,No saved all-coordinate naive counts for this cohort and prefix,online_8b_eta015_N500_prefixes_v1/8B
446,online_causal_prc_v1,Qwen3-8B-Base,Qwen3-8B-Base,0.15,5920,5920,500,skipped,missing saved score,missing saved score; no null evaluation in this record,No saved all-coordinate naive counts for this cohort and prefix,online_8b_eta015_N500_prefixes_v1/8B
447,online_causal_prc_v1,Qwen3-8B-Base,Qwen3-8B-Base,0.15,5904,5904,500,skipped,missing saved score,missing saved score; no null evaluation in this record,No saved all-coordinate naive counts for this cohort and prefix,online_8b_eta015_N500_prefixes_v1/8B
448,online_causal_prc_v1,Qwen3-8B-Base,Qwen3-8B-Base,0.15,5888,5888,500,skipped,missing saved score,missing saved score; no null evaluation in this record,No saved all-coordinate naive counts for this cohort and prefix,online_8b_eta015_N500_prefixes_v1/8B
449,online_causal_prc_v1,Qwen3-8B-Base,Qwen3-8B-Base,0.15,5872,5872,500,skipped,missing saved score,missing saved score; no null evaluation in this record,No saved all-coordinate naive counts for this cohort and prefix,online_8b_eta015_N500_prefixes_v1/8B
450,online_causal_prc_v1,Qwen3-8B-Base,Qwen3-8B-Base,0.15,5856,5856,500,skipped,missing saved score,missing saved score; no null evaluation in this record,No saved all-coordinate naive counts for this cohort and prefix,online_8b_eta015_N500_prefixes_v1/8B
451,online_causal_prc_v1,Qwen3-8B-Base,Qwen3-8B-Base,0.15,5840,5840,500,skipped,missing saved score,missing saved score; no null evaluation in this record,No saved all-coordinate naive counts for this cohort and prefix,online_8b_eta015_N500_prefixes_v1/8B
452,online_causal_prc_v1,Qwen3-8B-Base,Qwen3-8B-Base,0.15,5824,5824,500,skipped,missing saved score,missing saved score; no null evaluation in this record,No saved all-coordinate naive counts for this cohort and prefix,online_8b_eta015_N500_prefixes_v1/8B
453,online_causal_prc_v1,Qwen3-8B-Base,Qwen3-8B-Base,0.15,5808,5808,500,skipped,missing saved score,missing saved score; no null evaluation in this record,No saved all-coordinate naive counts for this cohort and prefix,online_8b_eta015_N500_prefixes_v1/8B
454,online_causal_prc_v1,Qwen3-8B-Base,Qwen3-8B-Base,0.15,5792,5792,500,skipped,missing saved score,missing saved score; no null evaluation in this record,No saved all-coordinate naive counts for this cohort and prefix,online_8b_eta015_N500_prefixes_v1/8B
455,online_causal_prc_v1,Qwen3-8B-Base,Qwen3-8B-Base,0.15,5776,5776,500,skipped,missing saved score,missing saved score; no null evaluation in this record,No saved all-coordinate naive counts for this cohort and prefix,online_8b_eta015_N500_prefixes_v1/8B
456,online_causal_prc_v1,Qwen3-8B-Base,Qwen3-8B-Base,0.15,5760,5760,500,skipped,missing saved score,missing saved score; no null evaluation in this record,No saved all-coordinate naive counts for this cohort and prefix,online_8b_eta015_N500_prefixes_v1/8B
457,online_causal_prc_v1,Qwen3-8B-Base,Qwen3-8B-Base,0.15,5744,5744,500,skipped,missing saved score,missing saved score; no null evaluation in this record,No saved all-coordinate naive counts for this cohort and prefix,online_8b_eta015_N500_prefixes_v1/8B
458,online_causal_prc_v1,Qwen3-8B-Base,Qwen3-8B-Base,0.15,5728,5728,500,skipped,missing saved score,missing saved score; no null evaluation in this record,No saved all-coordinate naive counts for this cohort and prefix,online_8b_eta015_N500_prefixes_v1/8B
459,online_causal_prc_v1,Qwen3-8B-Base,Qwen3-8B-Base,0.15,5712,5712,500,skipped,missing saved score,missing saved score; no null evaluation in this record,No saved all-coordinate naive counts for this cohort and prefix,online_8b_eta015_N500_prefixes_v1/8B
460,online_causal_prc_v1,Qwen3-8B-Base,Qwen3-8B-Base,0.15,5696,5696,500,skipped,missing saved score,missing saved score; no null evaluation in this record,No saved all-coordinate naive counts for this cohort and prefix,online_8b_eta015_N500_prefixes_v1/8B
461,online_causal_prc_v1,Qwen3-8B-Base,Qwen3-8B-Base,0.15,5680,5680,500,skipped,missing saved score,missing saved score; no null evaluation in this record,No saved all-coordinate naive counts for this cohort and prefix,online_8b_eta015_N500_prefixes_v1/8B
462,online_causal_prc_v1,Qwen3-8B-Base,Qwen3-8B-Base,0.15,5664,5664,500,skipped,missing saved score,missing saved score; no null evaluation in this record,No saved all-coordinate naive counts for this cohort and prefix,online_8b_eta015_N500_prefixes_v1/8B
463,online_causal_prc_v1,Qwen3-8B-Base,Qwen3-8B-Base,0.15,5648,5648,500,skipped,missing saved score,missing saved score; no null evaluation in this record,No saved all-coordinate naive counts for this cohort and prefix,online_8b_eta015_N500_prefixes_v1/8B
464,online_causal_prc_v1,Qwen3-8B-Base,Qwen3-8B-Base,0.15,5632,5632,500,skipped,missing saved score,missing saved score; no null evaluation in this record,No saved all-coordinate naive counts for this cohort and prefix,online_8b_eta015_N500_prefixes_v1/8B
465,online_causal_prc_v1,Qwen3-8B-Base,Qwen3-8B-Base,0.15,5616,5616,500,skipped,missing saved score,missing saved score; no null evaluation in this record,No saved all-coordinate naive counts for this cohort and prefix,online_8b_eta015_N500_prefixes_v1/8B
466,online_causal_prc_v1,Qwen3-8B-Base,Qwen3-8B-Base,0.15,5600,5600,500,skipped,missing saved score,missing saved score; no null evaluation in this record,No saved all-coordinate naive counts for this cohort and prefix,online_8b_eta015_N500_prefixes_v1/8B
467,online_causal_prc_v1,Qwen3-8B-Base,Qwen3-8B-Base,0.15,5584,5584,500,skipped,missing saved score,missing saved score; no null evaluation in this record,No saved all-coordinate naive counts for this cohort and prefix,online_8b_eta015_N500_prefixes_v1/8B
468,online_causal_prc_v1,Qwen3-8B-Base,Qwen3-8B-Base,0.15,5568,5568,500,skipped,missing saved score,missing saved score; no null evaluation in this record,No saved all-coordinate naive counts for this cohort and prefix,online_8b_eta015_N500_prefixes_v1/8B
469,online_causal_prc_v1,Qwen3-8B-Base,Qwen3-8B-Base,0.15,5552,5552,500,skipped,missing saved score,missing saved score; no null evaluation in this record,No saved all-coordinate naive counts for this cohort and prefix,online_8b_eta015_N500_prefixes_v1/8B
470,online_causal_prc_v1,Qwen3-8B-Base,Qwen3-8B-Base,0.15,5536,5536,500,skipped,missing saved score,missing saved score; no null evaluation in this record,No saved all-coordinate naive counts for this cohort and prefix,online_8b_eta015_N500_prefixes_v1/8B
471,online_causal_prc_v1,Qwen3-8B-Base,Qwen3-8B-Base,0.15,5520,5520,500,skipped,missing saved score,missing saved score; no null evaluation in this record,No saved all-coordinate naive counts for this cohort and prefix,online_8b_eta015_N500_prefixes_v1/8B
472,online_causal_prc_v1,Qwen3-8B-Base,Qwen3-8B-Base,0.15,5504,5504,500,skipped,missing saved score,missing saved score; no null evaluation in this record,No saved all-coordinate naive counts for this cohort and prefix,online_8b_eta015_N500_prefixes_v1/8B
473,online_causal_prc_v1,Qwen3-8B-Base,Qwen3-8B-Base,0.15,5488,5488,500,skipped,missing saved score,missing saved score; no null evaluation in this record,No saved all-coordinate naive counts for this cohort and prefix,online_8b_eta015_N500_prefixes_v1/8B
474,online_causal_prc_v1,Qwen3-8B-Base,Qwen3-8B-Base,0.15,5472,5472,500,skipped,missing saved score,missing saved score; no null evaluation in this record,No saved all-coordinate naive counts for this cohort and prefix,online_8b_eta015_N500_prefixes_v1/8B
475,online_causal_prc_v1,Qwen3-8B-Base,Qwen3-8B-Base,0.15,5456,5456,500,skipped,missing saved score,missing saved score; no null evaluation in this record,No saved all-coordinate naive counts for this cohort and prefix,online_8b_eta015_N500_prefixes_v1/8B
476,online_causal_prc_v1,Qwen3-8B-Base,Qwen3-8B-Base,0.15,5440,5440,500,skipped,missing saved score,missing saved score; no null evaluation in this record,No saved all-coordinate naive counts for this cohort and prefix,online_8b_eta015_N500_prefixes_v1/8B
477,online_causal_prc_v1,Qwen3-8B-Base,Qwen3-8B-Base,0.15,5424,5424,500,skipped,missing saved score,missing saved score; no null evaluation in this record,No saved all-coordinate naive counts for this cohort and prefix,online_8b_eta015_N500_prefixes_v1/8B
478,online_causal_prc_v1,Qwen3-8B-Base,Qwen3-8B-Base,0.15,5408,5408,500,skipped,missing saved score,missing saved score; no null evaluation in this record,No saved all-coordinate naive counts for this cohort and prefix,online_8b_eta015_N500_prefixes_v1/8B
479,online_causal_prc_v1,Qwen3-8B-Base,Qwen3-8B-Base,0.15,5392,5392,500,skipped,missing saved score,missing saved score; no null evaluation in this record,No saved all-coordinate naive counts for this cohort and prefix,online_8b_eta015_N500_prefixes_v1/8B
480,online_causal_prc_v1,Qwen3-8B-Base,Qwen3-8B-Base,0.15,5376,5376,500,skipped,missing saved score,missing saved score; no null evaluation in this record,No saved all-coordinate naive counts for this cohort and prefix,online_8b_eta015_N500_prefixes_v1/8B
481,online_causal_prc_v1,Qwen3-8B-Base,Qwen3-8B-Base,0.15,5360,5360,500,skipped,missing saved score,missing saved score; no null evaluation in this record,No saved all-coordinate naive counts for this cohort and prefix,online_8b_eta015_N500_prefixes_v1/8B
482,online_causal_prc_v1,Qwen3-8B-Base,Qwen3-8B-Base,0.15,5344,5344,500,skipped,missing saved score,missing saved score; no null evaluation in this record,No saved all-coordinate naive counts for this cohort and prefix,online_8b_eta015_N500_prefixes_v1/8B
483,online_causal_prc_v1,Qwen3-8B-Base,Qwen3-8B-Base,0.15,5328,5328,500,skipped,missing saved score,missing saved score; no null evaluation in this record,No saved all-coordinate naive counts for this cohort and prefix,online_8b_eta015_N500_prefixes_v1/8B
484,online_causal_prc_v1,Qwen3-8B-Base,Qwen3-8B-Base,0.15,5312,5312,500,skipped,missing saved score,missing saved score; no null evaluation in this record,No saved all-coordinate naive counts for this cohort and prefix,online_8b_eta015_N500_prefixes_v1/8B
485,online_causal_prc_v1,Qwen3-8B-Base,Qwen3-8B-Base,0.15,5296,5296,500,skipped,missing saved score,missing saved score; no null evaluation in this record,No saved all-coordinate naive counts for this cohort and prefix,online_8b_eta015_N500_prefixes_v1/8B
486,online_causal_prc_v1,Qwen3-8B-Base,Qwen3-8B-Base,0.15,5280,5280,500,skipped,missing saved score,missing saved score; no null evaluation in this record,No saved all-coordinate naive counts for this cohort and prefix,online_8b_eta015_N500_prefixes_v1/8B
487,online_causal_prc_v1,Qwen3-8B-Base,Qwen3-8B-Base,0.15,5264,5264,500,skipped,missing saved score,missing saved score; no null evaluation in this record,No saved all-coordinate naive counts for this cohort and prefix,online_8b_eta015_N500_prefixes_v1/8B
488,online_causal_prc_v1,Qwen3-8B-Base,Qwen3-8B-Base,0.15,5248,5248,500,skipped,missing saved score,missing saved score; no null evaluation in this record,No saved all-coordinate naive counts for this cohort and prefix,online_8b_eta015_N500_prefixes_v1/8B
489,online_causal_prc_v1,Qwen3-8B-Base,Qwen3-8B-Base,0.15,5232,5232,500,skipped,missing saved score,missing saved score; no null evaluation in this record,No saved all-coordinate naive counts for this cohort and prefix,online_8b_eta015_N500_prefixes_v1/8B
490,online_causal_prc_v1,Qwen3-8B-Base,Qwen3-8B-Base,0.15,5216,5216,500,skipped,missing saved score,missing saved score; no null evaluation in this record,No saved all-coordinate naive counts for this cohort and prefix,online_8b_eta015_N500_prefixes_v1/8B
491,online_causal_prc_v1,Qwen3-8B-Base,Qwen3-8B-Base,0.15,5200,5200,500,skipped,missing saved score,missing saved score; no null evaluation in this record,No saved all-coordinate naive counts for this cohort and prefix,online_8b_eta015_N500_prefixes_v1/8B
492,online_causal_prc_v1,Qwen3-8B-Base,Qwen3-8B-Base,0.15,5184,5184,500,skipped,missing saved score,missing saved score; no null evaluation in this record,No saved all-coordinate naive counts for this cohort and prefix,online_8b_eta015_N500_prefixes_v1/8B
493,online_causal_prc_v1,Qwen3-8B-Base,Qwen3-8B-Base,0.15,5168,5168,500,skipped,missing saved score,missing saved score; no null evaluation in this record,No saved all-coordinate naive counts for this cohort and prefix,online_8b_eta015_N500_prefixes_v1/8B
494,online_causal_prc_v1,Qwen3-8B-Base,Qwen3-8B-Base,0.15,5152,5152,500,skipped,missing saved score,missing saved score; no null evaluation in this record,No saved all-coordinate naive counts for this cohort and prefix,online_8b_eta015_N500_prefixes_v1/8B
495,online_causal_prc_v1,Qwen3-8B-Base,Qwen3-8B-Base,0.15,5136,5136,500,skipped,missing saved score,missing saved score; no null evaluation in this record,No saved all-coordinate naive counts for this cohort and prefix,online_8b_eta015_N500_prefixes_v1/8B
496,online_causal_prc_v1,Qwen3-8B-Base,Qwen3-8B-Base,0.15,5120,5120,500,skipped,missing saved score,missing saved score; no null evaluation in this record,No saved all-coordinate naive counts for this cohort and prefix,online_8b_eta015_N500_prefixes_v1/8B
497,online_causal_prc_v1,Qwen3-8B-Base,Qwen3-8B-Base,0.15,5104,5104,500,skipped,missing saved score,missing saved score; no null evaluation in this record,No saved all-coordinate naive counts for this cohort and prefix,online_8b_eta015_N500_prefixes_v1/8B
498,online_causal_prc_v1,Qwen3-8B-Base,Qwen3-8B-Base,0.15,5088,5088,500,skipped,missing saved score,missing saved score; no null evaluation in this record,No saved all-coordinate naive counts for this cohort and prefix,online_8b_eta015_N500_prefixes_v1/8B
499,online_causal_prc_v1,Qwen3-8B-Base,Qwen3-8B-Base,0.15,5072,5072,500,skipped,missing saved score,missing saved score; no null evaluation in this record,No saved all-coordinate naive counts for this cohort and prefix,online_8b_eta015_N500_prefixes_v1/8B
500,online_causal_prc_v1,Qwen3-8B-Base,Qwen3-8B-Base,0.15,5056,5056,500,skipped,missing saved score,missing saved score; no null evaluation in this record,No saved all-coordinate naive counts for this cohort and prefix,online_8b_eta015_N500_prefixes_v1/8B
501,online_causal_prc_v1,Qwen3-8B-Base,Qwen3-8B-Base,0.15,5040,5040,500,skipped,missing saved score,missing saved score; no null evaluation in this record,No saved all-coordinate naive counts for this cohort and prefix,online_8b_eta015_N500_prefixes_v1/8B
502,online_causal_prc_v1,Qwen3-8B-Base,Qwen3-8B-Base,0.15,5024,5024,500,skipped,missing saved score,missing saved score; no null evaluation in this record,No saved all-coordinate naive counts for this cohort and prefix,online_8b_eta015_N500_prefixes_v1/8B
503,online_causal_prc_v1,Qwen3-8B-Base,Qwen3-8B-Base,0.15,5008,5008,500,skipped,missing saved score,missing saved score; no null evaluation in this record,No saved all-coordinate naive counts for this cohort and prefix,online_8b_eta015_N500_prefixes_v1/8B
504,online_causal_prc_v1,Qwen3-8B-Base,Qwen3-8B-Base,0.15,4992,4992,500,skipped,missing saved score,missing saved score; no null evaluation in this record,No saved all-coordinate naive counts for this cohort and prefix,online_8b_eta015_N500_prefixes_v1/8B
505,online_causal_prc_v1,Qwen3-8B-Base,Qwen3-8B-Base,0.15,4976,4976,500,skipped,missing saved score,missing saved score; no null evaluation in this record,No saved all-coordinate naive counts for this cohort and prefix,online_8b_eta015_N500_prefixes_v1/8B
506,online_causal_prc_v1,Qwen3-8B-Base,Qwen3-8B-Base,0.15,4960,4960,500,skipped,missing saved score,missing saved score; no null evaluation in this record,No saved all-coordinate naive counts for this cohort and prefix,online_8b_eta015_N500_prefixes_v1/8B
507,online_causal_prc_v1,Qwen3-8B-Base,Qwen3-8B-Base,0.15,4944,4944,500,skipped,missing saved score,missing saved score; no null evaluation in this record,No saved all-coordinate naive counts for this cohort and prefix,online_8b_eta015_N500_prefixes_v1/8B
508,online_causal_prc_v1,Qwen3-8B-Base,Qwen3-8B-Base,0.15,4928,4928,500,skipped,missing saved score,missing saved score; no null evaluation in this record,No saved all-coordinate naive counts for this cohort and prefix,online_8b_eta015_N500_prefixes_v1/8B
509,online_causal_prc_v1,Qwen3-8B-Base,Qwen3-8B-Base,0.15,4912,4912,500,skipped,missing saved score,missing saved score; no null evaluation in this record,No saved all-coordinate naive counts for this cohort and prefix,online_8b_eta015_N500_prefixes_v1/8B
510,online_causal_prc_v1,Qwen3-8B-Base,Qwen3-8B-Base,0.15,4896,4896,500,skipped,missing saved score,missing saved score; no null evaluation in this record,No saved all-coordinate naive counts for this cohort and prefix,online_8b_eta015_N500_prefixes_v1/8B
511,online_causal_prc_v1,Qwen3-8B-Base,Qwen3-8B-Base,0.15,4880,4880,500,skipped,missing saved score,missing saved score; no null evaluation in this record,No saved all-coordinate naive counts for this cohort and prefix,online_8b_eta015_N500_prefixes_v1/8B
512,online_causal_prc_v1,Qwen3-8B-Base,Qwen3-8B-Base,0.15,4864,4864,500,skipped,missing saved score,missing saved score; no null evaluation in this record,No saved all-coordinate naive counts for this cohort and prefix,online_8b_eta015_N500_prefixes_v1/8B
513,online_causal_prc_v1,Qwen3-8B-Base,Qwen3-8B-Base,0.15,4848,4848,500,skipped,missing saved score,missing saved score; no null evaluation in this record,No saved all-coordinate naive counts for this cohort and prefix,online_8b_eta015_N500_prefixes_v1/8B
514,online_causal_prc_v1,Qwen3-8B-Base,Qwen3-8B-Base,0.15,4832,4832,500,skipped,missing saved score,missing saved score; no null evaluation in this record,No saved all-coordinate naive counts for this cohort and prefix,online_8b_eta015_N500_prefixes_v1/8B
515,online_causal_prc_v1,Qwen3-8B-Base,Qwen3-8B-Base,0.15,4816,4816,500,skipped,missing saved score,missing saved score; no null evaluation in this record,No saved all-coordinate naive counts for this cohort and prefix,online_8b_eta015_N500_prefixes_v1/8B
516,online_causal_prc_v1,Qwen3-8B-Base,Qwen3-8B-Base,0.15,4800,4800,500,skipped,missing saved score,missing saved score; no null evaluation in this record,No saved all-coordinate naive counts for this cohort and prefix,online_8b_eta015_N500_prefixes_v1/8B
517,online_causal_prc_v1,Qwen3-8B-Base,Qwen3-8B-Base,0.15,4784,4784,500,skipped,missing saved score,missing saved score; no null evaluation in this record,No saved all-coordinate naive counts for this cohort and prefix,online_8b_eta015_N500_prefixes_v1/8B
518,online_causal_prc_v1,Qwen3-8B-Base,Qwen3-8B-Base,0.15,4768,4768,500,skipped,missing saved score,missing saved score; no null evaluation in this record,No saved all-coordinate naive counts for this cohort and prefix,online_8b_eta015_N500_prefixes_v1/8B
519,online_causal_prc_v1,Qwen3-8B-Base,Qwen3-8B-Base,0.15,4752,4752,500,skipped,missing saved score,missing saved score; no null evaluation in this record,No saved all-coordinate naive counts for this cohort and prefix,online_8b_eta015_N500_prefixes_v1/8B
520,online_causal_prc_v1,Qwen3-8B-Base,Qwen3-8B-Base,0.15,4736,4736,500,skipped,missing saved score,missing saved score; no null evaluation in this record,No saved all-coordinate naive counts for this cohort and prefix,online_8b_eta015_N500_prefixes_v1/8B
521,online_causal_prc_v1,Qwen3-8B-Base,Qwen3-8B-Base,0.15,4720,4720,500,skipped,missing saved score,missing saved score; no null evaluation in this record,No saved all-coordinate naive counts for this cohort and prefix,online_8b_eta015_N500_prefixes_v1/8B
522,online_causal_prc_v1,Qwen3-8B-Base,Qwen3-8B-Base,0.15,4704,4704,500,skipped,missing saved score,missing saved score; no null evaluation in this record,No saved all-coordinate naive counts for this cohort and prefix,online_8b_eta015_N500_prefixes_v1/8B
523,online_causal_prc_v1,Qwen3-8B-Base,Qwen3-8B-Base,0.15,4688,4688,500,skipped,missing saved score,missing saved score; no null evaluation in this record,No saved all-coordinate naive counts for this cohort and prefix,online_8b_eta015_N500_prefixes_v1/8B
524,online_causal_prc_v1,Qwen3-8B-Base,Qwen3-8B-Base,0.15,4672,4672,500,skipped,missing saved score,missing saved score; no null evaluation in this record,No saved all-coordinate naive counts for this cohort and prefix,online_8b_eta015_N500_prefixes_v1/8B
525,online_causal_prc_v1,Qwen3-8B-Base,Qwen3-8B-Base,0.15,4656,4656,500,skipped,missing saved score,missing saved score; no null evaluation in this record,No saved all-coordinate naive counts for this cohort and prefix,online_8b_eta015_N500_prefixes_v1/8B
526,online_causal_prc_v1,Qwen3-8B-Base,Qwen3-0.6B-Base,0.15,6128,6128,500,skipped,missing saved score,missing saved score; no null evaluation in this record,No saved all-coordinate naive counts for this cohort and prefix,online_8b_eta015_N500_prefixes_v1/0.6B
527,online_causal_prc_v1,Qwen3-8B-Base,Qwen3-0.6B-Base,0.15,6112,6112,500,skipped,missing saved score,missing saved score; no null evaluation in this record,No saved all-coordinate naive counts for this cohort and prefix,online_8b_eta015_N500_prefixes_v1/0.6B
528,online_causal_prc_v1,Qwen3-8B-Base,Qwen3-0.6B-Base,0.15,6096,6096,500,skipped,missing saved score,missing saved score; no null evaluation in this record,No saved all-coordinate naive counts for this cohort and prefix,online_8b_eta015_N500_prefixes_v1/0.6B
529,online_causal_prc_v1,Qwen3-8B-Base,Qwen3-0.6B-Base,0.15,6080,6080,500,skipped,missing saved score,missing saved score; no null evaluation in this record,No saved all-coordinate naive counts for this cohort and prefix,online_8b_eta015_N500_prefixes_v1/0.6B
530,online_causal_prc_v1,Qwen3-8B-Base,Qwen3-0.6B-Base,0.15,6064,6064,500,skipped,missing saved score,missing saved score; no null evaluation in this record,No saved all-coordinate naive counts for this cohort and prefix,online_8b_eta015_N500_prefixes_v1/0.6B
531,online_causal_prc_v1,Qwen3-8B-Base,Qwen3-0.6B-Base,0.15,6048,6048,500,skipped,missing saved score,missing saved score; no null evaluation in this record,No saved all-coordinate naive counts for this cohort and prefix,online_8b_eta015_N500_prefixes_v1/0.6B
532,online_causal_prc_v1,Qwen3-8B-Base,Qwen3-0.6B-Base,0.15,6032,6032,500,skipped,missing saved score,missing saved score; no null evaluation in this record,No saved all-coordinate naive counts for this cohort and prefix,online_8b_eta015_N500_prefixes_v1/0.6B
533,online_causal_prc_v1,Qwen3-8B-Base,Qwen3-0.6B-Base,0.15,6016,6016,500,skipped,missing saved score,missing saved score; no null evaluation in this record,No saved all-coordinate naive counts for this cohort and prefix,online_8b_eta015_N500_prefixes_v1/0.6B
534,online_causal_prc_v1,Qwen3-8B-Base,Qwen3-0.6B-Base,0.15,6000,6000,500,skipped,missing saved score,missing saved score; no null evaluation in this record,No saved all-coordinate naive counts for this cohort and prefix,online_8b_eta015_N500_prefixes_v1/0.6B
535,online_causal_prc_v1,Qwen3-8B-Base,Qwen3-0.6B-Base,0.15,5984,5984,500,skipped,missing saved score,missing saved score; no null evaluation in this record,No saved all-coordinate naive counts for this cohort and prefix,online_8b_eta015_N500_prefixes_v1/0.6B
536,online_causal_prc_v1,Qwen3-8B-Base,Qwen3-0.6B-Base,0.15,5968,5968,500,skipped,missing saved score,missing saved score; no null evaluation in this record,No saved all-coordinate naive counts for this cohort and prefix,online_8b_eta015_N500_prefixes_v1/0.6B
537,online_causal_prc_v1,Qwen3-8B-Base,Qwen3-0.6B-Base,0.15,5952,5952,500,skipped,missing saved score,missing saved score; no null evaluation in this record,No saved all-coordinate naive counts for this cohort and prefix,online_8b_eta015_N500_prefixes_v1/0.6B
538,online_causal_prc_v1,Qwen3-8B-Base,Qwen3-0.6B-Base,0.15,5936,5936,500,skipped,missing saved score,missing saved score; no null evaluation in this record,No saved all-coordinate naive counts for this cohort and prefix,online_8b_eta015_N500_prefixes_v1/0.6B
539,online_causal_prc_v1,Qwen3-8B-Base,Qwen3-0.6B-Base,0.15,5920,5920,500,skipped,missing saved score,missing saved score; no null evaluation in this record,No saved all-coordinate naive counts for this cohort and prefix,online_8b_eta015_N500_prefixes_v1/0.6B
540,online_causal_prc_v1,Qwen3-8B-Base,Qwen3-0.6B-Base,0.15,5904,5904,500,skipped,missing saved score,missing saved score; no null evaluation in this record,No saved all-coordinate naive counts for this cohort and prefix,online_8b_eta015_N500_prefixes_v1/0.6B
541,online_causal_prc_v1,Qwen3-8B-Base,Qwen3-0.6B-Base,0.15,5888,5888,500,skipped,missing saved score,missing saved score; no null evaluation in this record,No saved all-coordinate naive counts for this cohort and prefix,online_8b_eta015_N500_prefixes_v1/0.6B
542,online_causal_prc_v1,Qwen3-8B-Base,Qwen3-0.6B-Base,0.15,5872,5872,500,skipped,missing saved score,missing saved score; no null evaluation in this record,No saved all-coordinate naive counts for this cohort and prefix,online_8b_eta015_N500_prefixes_v1/0.6B
543,online_causal_prc_v1,Qwen3-8B-Base,Qwen3-0.6B-Base,0.15,5856,5856,500,skipped,missing saved score,missing saved score; no null evaluation in this record,No saved all-coordinate naive counts for this cohort and prefix,online_8b_eta015_N500_prefixes_v1/0.6B
544,online_causal_prc_v1,Qwen3-8B-Base,Qwen3-0.6B-Base,0.15,5840,5840,500,skipped,missing saved score,missing saved score; no null evaluation in this record,No saved all-coordinate naive counts for this cohort and prefix,online_8b_eta015_N500_prefixes_v1/0.6B
545,online_causal_prc_v1,Qwen3-8B-Base,Qwen3-0.6B-Base,0.15,5824,5824,500,skipped,missing saved score,missing saved score; no null evaluation in this record,No saved all-coordinate naive counts for this cohort and prefix,online_8b_eta015_N500_prefixes_v1/0.6B
546,online_causal_prc_v1,Qwen3-8B-Base,Qwen3-0.6B-Base,0.15,5808,5808,500,skipped,missing saved score,missing saved score; no null evaluation in this record,No saved all-coordinate naive counts for this cohort and prefix,online_8b_eta015_N500_prefixes_v1/0.6B
547,online_causal_prc_v1,Qwen3-8B-Base,Qwen3-0.6B-Base,0.15,5792,5792,500,skipped,missing saved score,missing saved score; no null evaluation in this record,No saved all-coordinate naive counts for this cohort and prefix,online_8b_eta015_N500_prefixes_v1/0.6B
548,online_causal_prc_v1,Qwen3-8B-Base,Qwen3-0.6B-Base,0.15,5776,5776,500,skipped,missing saved score,missing saved score; no null evaluation in this record,No saved all-coordinate naive counts for this cohort and prefix,online_8b_eta015_N500_prefixes_v1/0.6B
549,online_causal_prc_v1,Qwen3-8B-Base,Qwen3-0.6B-Base,0.15,5760,5760,500,skipped,missing saved score,missing saved score; no null evaluation in this record,No saved all-coordinate naive counts for this cohort and prefix,online_8b_eta015_N500_prefixes_v1/0.6B
550,online_causal_prc_v1,Qwen3-8B-Base,Qwen3-0.6B-Base,0.15,5744,5744,500,skipped,missing saved score,missing saved score; no null evaluation in this record,No saved all-coordinate naive counts for this cohort and prefix,online_8b_eta015_N500_prefixes_v1/0.6B
551,online_causal_prc_v1,Qwen3-8B-Base,Qwen3-0.6B-Base,0.15,5728,5728,500,skipped,missing saved score,missing saved score; no null evaluation in this record,No saved all-coordinate naive counts for this cohort and prefix,online_8b_eta015_N500_prefixes_v1/0.6B
552,online_causal_prc_v1,Qwen3-8B-Base,Qwen3-0.6B-Base,0.15,5712,5712,500,skipped,missing saved score,missing saved score; no null evaluation in this record,No saved all-coordinate naive counts for this cohort and prefix,online_8b_eta015_N500_prefixes_v1/0.6B
553,online_causal_prc_v1,Qwen3-8B-Base,Qwen3-0.6B-Base,0.15,5696,5696,500,skipped,missing saved score,missing saved score; no null evaluation in this record,No saved all-coordinate naive counts for this cohort and prefix,online_8b_eta015_N500_prefixes_v1/0.6B
554,online_causal_prc_v1,Qwen3-8B-Base,Qwen3-0.6B-Base,0.15,5680,5680,500,skipped,missing saved score,missing saved score; no null evaluation in this record,No saved all-coordinate naive counts for this cohort and prefix,online_8b_eta015_N500_prefixes_v1/0.6B
555,online_causal_prc_v1,Qwen3-8B-Base,Qwen3-0.6B-Base,0.15,5664,5664,500,skipped,missing saved score,missing saved score; no null evaluation in this record,No saved all-coordinate naive counts for this cohort and prefix,online_8b_eta015_N500_prefixes_v1/0.6B
556,online_causal_prc_v1,Qwen3-8B-Base,Qwen3-0.6B-Base,0.15,5648,5648,500,skipped,missing saved score,missing saved score; no null evaluation in this record,No saved all-coordinate naive counts for this cohort and prefix,online_8b_eta015_N500_prefixes_v1/0.6B
557,online_causal_prc_v1,Qwen3-8B-Base,Qwen3-0.6B-Base,0.15,5632,5632,500,skipped,missing saved score,missing saved score; no null evaluation in this record,No saved all-coordinate naive counts for this cohort and prefix,online_8b_eta015_N500_prefixes_v1/0.6B
558,online_causal_prc_v1,Qwen3-8B-Base,Qwen3-0.6B-Base,0.15,5616,5616,500,skipped,missing saved score,missing saved score; no null evaluation in this record,No saved all-coordinate naive counts for this cohort and prefix,online_8b_eta015_N500_prefixes_v1/0.6B
559,online_causal_prc_v1,Qwen3-8B-Base,Qwen3-0.6B-Base,0.15,5600,5600,500,skipped,missing saved score,missing saved score; no null evaluation in this record,No saved all-coordinate naive counts for this cohort and prefix,online_8b_eta015_N500_prefixes_v1/0.6B
560,online_causal_prc_v1,Qwen3-8B-Base,Qwen3-0.6B-Base,0.15,5584,5584,500,skipped,missing saved score,missing saved score; no null evaluation in this record,No saved all-coordinate naive counts for this cohort and prefix,online_8b_eta015_N500_prefixes_v1/0.6B
561,online_causal_prc_v1,Qwen3-8B-Base,Qwen3-0.6B-Base,0.15,5568,5568,500,skipped,missing saved score,missing saved score; no null evaluation in this record,No saved all-coordinate naive counts for this cohort and prefix,online_8b_eta015_N500_prefixes_v1/0.6B
562,online_causal_prc_v1,Qwen3-8B-Base,Qwen3-0.6B-Base,0.15,5552,5552,500,skipped,missing saved score,missing saved score; no null evaluation in this record,No saved all-coordinate naive counts for this cohort and prefix,online_8b_eta015_N500_prefixes_v1/0.6B
563,online_causal_prc_v1,Qwen3-8B-Base,Qwen3-0.6B-Base,0.15,5536,5536,500,skipped,missing saved score,missing saved score; no null evaluation in this record,No saved all-coordinate naive counts for this cohort and prefix,online_8b_eta015_N500_prefixes_v1/0.6B
564,online_causal_prc_v1,Qwen3-8B-Base,Qwen3-0.6B-Base,0.15,5520,5520,500,skipped,missing saved score,missing saved score; no null evaluation in this record,No saved all-coordinate naive counts for this cohort and prefix,online_8b_eta015_N500_prefixes_v1/0.6B
565,online_causal_prc_v1,Qwen3-8B-Base,Qwen3-0.6B-Base,0.15,5504,5504,500,skipped,missing saved score,missing saved score; no null evaluation in this record,No saved all-coordinate naive counts for this cohort and prefix,online_8b_eta015_N500_prefixes_v1/0.6B
566,online_causal_prc_v1,Qwen3-8B-Base,Qwen3-0.6B-Base,0.15,5488,5488,500,skipped,missing saved score,missing saved score; no null evaluation in this record,No saved all-coordinate naive counts for this cohort and prefix,online_8b_eta015_N500_prefixes_v1/0.6B
567,online_causal_prc_v1,Qwen3-8B-Base,Qwen3-0.6B-Base,0.15,5472,5472,500,skipped,missing saved score,missing saved score; no null evaluation in this record,No saved all-coordinate naive counts for this cohort and prefix,online_8b_eta015_N500_prefixes_v1/0.6B
568,online_causal_prc_v1,Qwen3-8B-Base,Qwen3-0.6B-Base,0.15,5456,5456,500,skipped,missing saved score,missing saved score; no null evaluation in this record,No saved all-coordinate naive counts for this cohort and prefix,online_8b_eta015_N500_prefixes_v1/0.6B
569,online_causal_prc_v1,Qwen3-8B-Base,Qwen3-0.6B-Base,0.15,5440,5440,500,skipped,missing saved score,missing saved score; no null evaluation in this record,No saved all-coordinate naive counts for this cohort and prefix,online_8b_eta015_N500_prefixes_v1/0.6B
570,online_causal_prc_v1,Qwen3-8B-Base,Qwen3-0.6B-Base,0.15,5424,5424,500,skipped,missing saved score,missing saved score; no null evaluation in this record,No saved all-coordinate naive counts for this cohort and prefix,online_8b_eta015_N500_prefixes_v1/0.6B
571,online_causal_prc_v1,Qwen3-8B-Base,Qwen3-0.6B-Base,0.15,5408,5408,500,skipped,missing saved score,missing saved score; no null evaluation in this record,No saved all-coordinate naive counts for this cohort and prefix,online_8b_eta015_N500_prefixes_v1/0.6B
572,online_causal_prc_v1,Qwen3-8B-Base,Qwen3-0.6B-Base,0.15,5392,5392,500,skipped,missing saved score,missing saved score; no null evaluation in this record,No saved all-coordinate naive counts for this cohort and prefix,online_8b_eta015_N500_prefixes_v1/0.6B
573,online_causal_prc_v1,Qwen3-8B-Base,Qwen3-0.6B-Base,0.15,5376,5376,500,skipped,missing saved score,missing saved score; no null evaluation in this record,No saved all-coordinate naive counts for this cohort and prefix,online_8b_eta015_N500_prefixes_v1/0.6B
574,online_causal_prc_v1,Qwen3-8B-Base,Qwen3-0.6B-Base,0.15,5360,5360,500,skipped,missing saved score,missing saved score; no null evaluation in this record,No saved all-coordinate naive counts for this cohort and prefix,online_8b_eta015_N500_prefixes_v1/0.6B
575,online_causal_prc_v1,Qwen3-8B-Base,Qwen3-0.6B-Base,0.15,5344,5344,500,skipped,missing saved score,missing saved score; no null evaluation in this record,No saved all-coordinate naive counts for this cohort and prefix,online_8b_eta015_N500_prefixes_v1/0.6B
576,online_causal_prc_v1,Qwen3-8B-Base,Qwen3-0.6B-Base,0.15,5328,5328,500,skipped,missing saved score,missing saved score; no null evaluation in this record,No saved all-coordinate naive counts for this cohort and prefix,online_8b_eta015_N500_prefixes_v1/0.6B
577,online_causal_prc_v1,Qwen3-8B-Base,Qwen3-0.6B-Base,0.15,5312,5312,500,skipped,missing saved score,missing saved score; no null evaluation in this record,No saved all-coordinate naive counts for this cohort and prefix,online_8b_eta015_N500_prefixes_v1/0.6B
578,online_causal_prc_v1,Qwen3-8B-Base,Qwen3-0.6B-Base,0.15,5296,5296,500,skipped,missing saved score,missing saved score; no null evaluation in this record,No saved all-coordinate naive counts for this cohort and prefix,online_8b_eta015_N500_prefixes_v1/0.6B
579,online_causal_prc_v1,Qwen3-8B-Base,Qwen3-0.6B-Base,0.15,5280,5280,500,skipped,missing saved score,missing saved score; no null evaluation in this record,No saved all-coordinate naive counts for this cohort and prefix,online_8b_eta015_N500_prefixes_v1/0.6B
580,online_causal_prc_v1,Qwen3-8B-Base,Qwen3-0.6B-Base,0.15,5264,5264,500,skipped,missing saved score,missing saved score; no null evaluation in this record,No saved all-coordinate naive counts for this cohort and prefix,online_8b_eta015_N500_prefixes_v1/0.6B
581,online_causal_prc_v1,Qwen3-8B-Base,Qwen3-0.6B-Base,0.15,5248,5248,500,skipped,missing saved score,missing saved score; no null evaluation in this record,No saved all-coordinate naive counts for this cohort and prefix,online_8b_eta015_N500_prefixes_v1/0.6B
582,online_causal_prc_v1,Qwen3-8B-Base,Qwen3-0.6B-Base,0.15,5232,5232,500,skipped,missing saved score,missing saved score; no null evaluation in this record,No saved all-coordinate naive counts for this cohort and prefix,online_8b_eta015_N500_prefixes_v1/0.6B
583,online_causal_prc_v1,Qwen3-8B-Base,Qwen3-0.6B-Base,0.15,5216,5216,500,skipped,missing saved score,missing saved score; no null evaluation in this record,No saved all-coordinate naive counts for this cohort and prefix,online_8b_eta015_N500_prefixes_v1/0.6B
584,online_causal_prc_v1,Qwen3-8B-Base,Qwen3-0.6B-Base,0.15,5200,5200,500,skipped,missing saved score,missing saved score; no null evaluation in this record,No saved all-coordinate naive counts for this cohort and prefix,online_8b_eta015_N500_prefixes_v1/0.6B
585,online_causal_prc_v1,Qwen3-8B-Base,Qwen3-0.6B-Base,0.15,5184,5184,500,skipped,missing saved score,missing saved score; no null evaluation in this record,No saved all-coordinate naive counts for this cohort and prefix,online_8b_eta015_N500_prefixes_v1/0.6B
586,online_causal_prc_v1,Qwen3-8B-Base,Qwen3-0.6B-Base,0.15,5168,5168,500,skipped,missing saved score,missing saved score; no null evaluation in this record,No saved all-coordinate naive counts for this cohort and prefix,online_8b_eta015_N500_prefixes_v1/0.6B
587,online_causal_prc_v1,Qwen3-8B-Base,Qwen3-0.6B-Base,0.15,5152,5152,500,skipped,missing saved score,missing saved score; no null evaluation in this record,No saved all-coordinate naive counts for this cohort and prefix,online_8b_eta015_N500_prefixes_v1/0.6B
588,online_causal_prc_v1,Qwen3-8B-Base,Qwen3-0.6B-Base,0.15,5136,5136,500,skipped,missing saved score,missing saved score; no null evaluation in this record,No saved all-coordinate naive counts for this cohort and prefix,online_8b_eta015_N500_prefixes_v1/0.6B
589,online_causal_prc_v1,Qwen3-8B-Base,Qwen3-0.6B-Base,0.15,5120,5120,500,skipped,missing saved score,missing saved score; no null evaluation in this record,No saved all-coordinate naive counts for this cohort and prefix,online_8b_eta015_N500_prefixes_v1/0.6B
590,online_causal_prc_v1,Qwen3-8B-Base,Qwen3-0.6B-Base,0.15,5104,5104,500,skipped,missing saved score,missing saved score; no null evaluation in this record,No saved all-coordinate naive counts for this cohort and prefix,online_8b_eta015_N500_prefixes_v1/0.6B
591,online_causal_prc_v1,Qwen3-8B-Base,Qwen3-0.6B-Base,0.15,5088,5088,500,skipped,missing saved score,missing saved score; no null evaluation in this record,No saved all-coordinate naive counts for this cohort and prefix,online_8b_eta015_N500_prefixes_v1/0.6B
592,online_causal_prc_v1,Qwen3-8B-Base,Qwen3-0.6B-Base,0.15,5072,5072,500,skipped,missing saved score,missing saved score; no null evaluation in this record,No saved all-coordinate naive counts for this cohort and prefix,online_8b_eta015_N500_prefixes_v1/0.6B
593,online_causal_prc_v1,Qwen3-8B-Base,Qwen3-0.6B-Base,0.15,5056,5056,500,skipped,missing saved score,missing saved score; no null evaluation in this record,No saved all-coordinate naive counts for this cohort and prefix,online_8b_eta015_N500_prefixes_v1/0.6B
594,online_causal_prc_v1,Qwen3-8B-Base,Qwen3-0.6B-Base,0.15,5040,5040,500,skipped,missing saved score,missing saved score; no null evaluation in this record,No saved all-coordinate naive counts for this cohort and prefix,online_8b_eta015_N500_prefixes_v1/0.6B
595,online_causal_prc_v1,Qwen3-8B-Base,Qwen3-0.6B-Base,0.15,5024,5024,500,skipped,missing saved score,missing saved score; no null evaluation in this record,No saved all-coordinate naive counts for this cohort and prefix,online_8b_eta015_N500_prefixes_v1/0.6B
596,online_causal_prc_v1,Qwen3-8B-Base,Qwen3-0.6B-Base,0.15,5008,5008,500,skipped,missing saved score,missing saved score; no null evaluation in this record,No saved all-coordinate naive counts for this cohort and prefix,online_8b_eta015_N500_prefixes_v1/0.6B
597,online_causal_prc_v1,Qwen3-8B-Base,Qwen3-0.6B-Base,0.15,4992,4992,500,skipped,missing saved score,missing saved score; no null evaluation in this record,No saved all-coordinate naive counts for this cohort and prefix,online_8b_eta015_N500_prefixes_v1/0.6B
598,online_causal_prc_v1,Qwen3-8B-Base,Qwen3-0.6B-Base,0.15,4976,4976,500,skipped,missing saved score,missing saved score; no null evaluation in this record,No saved all-coordinate naive counts for this cohort and prefix,online_8b_eta015_N500_prefixes_v1/0.6B
599,online_causal_prc_v1,Qwen3-8B-Base,Qwen3-0.6B-Base,0.15,4960,4960,500,skipped,missing saved score,missing saved score; no null evaluation in this record,No saved all-coordinate naive counts for this cohort and prefix,online_8b_eta015_N500_prefixes_v1/0.6B
600,online_causal_prc_v1,Qwen3-8B-Base,Qwen3-0.6B-Base,0.15,4944,4944,500,skipped,missing saved score,missing saved score; no null evaluation in this record,No saved all-coordinate naive counts for this cohort and prefix,online_8b_eta015_N500_prefixes_v1/0.6B
601,online_causal_prc_v1,Qwen3-8B-Base,Qwen3-0.6B-Base,0.15,4928,4928,500,skipped,missing saved score,missing saved score; no null evaluation in this record,No saved all-coordinate naive counts for this cohort and prefix,online_8b_eta015_N500_prefixes_v1/0.6B
602,online_causal_prc_v1,Qwen3-8B-Base,Qwen3-0.6B-Base,0.15,4912,4912,500,skipped,missing saved score,missing saved score; no null evaluation in this record,No saved all-coordinate naive counts for this cohort and prefix,online_8b_eta015_N500_prefixes_v1/0.6B
603,online_causal_prc_v1,Qwen3-8B-Base,Qwen3-0.6B-Base,0.15,4896,4896,500,skipped,missing saved score,missing saved score; no null evaluation in this record,No saved all-coordinate naive counts for this cohort and prefix,online_8b_eta015_N500_prefixes_v1/0.6B
604,online_causal_prc_v1,Qwen3-8B-Base,Qwen3-0.6B-Base,0.15,4880,4880,500,skipped,missing saved score,missing saved score; no null evaluation in this record,No saved all-coordinate naive counts for this cohort and prefix,online_8b_eta015_N500_prefixes_v1/0.6B
605,online_causal_prc_v1,Qwen3-8B-Base,Qwen3-0.6B-Base,0.15,4864,4864,500,skipped,missing saved score,missing saved score; no null evaluation in this record,No saved all-coordinate naive counts for this cohort and prefix,online_8b_eta015_N500_prefixes_v1/0.6B
606,online_causal_prc_v1,Qwen3-8B-Base,Qwen3-0.6B-Base,0.15,4848,4848,500,skipped,missing saved score,missing saved score; no null evaluation in this record,No saved all-coordinate naive counts for this cohort and prefix,online_8b_eta015_N500_prefixes_v1/0.6B
607,online_causal_prc_v1,Qwen3-8B-Base,Qwen3-0.6B-Base,0.15,4832,4832,500,skipped,missing saved score,missing saved score; no null evaluation in this record,No saved all-coordinate naive counts for this cohort and prefix,online_8b_eta015_N500_prefixes_v1/0.6B
608,online_causal_prc_v1,Qwen3-8B-Base,Qwen3-0.6B-Base,0.15,4816,4816,500,skipped,missing saved score,missing saved score; no null evaluation in this record,No saved all-coordinate naive counts for this cohort and prefix,online_8b_eta015_N500_prefixes_v1/0.6B
609,online_causal_prc_v1,Qwen3-8B-Base,Qwen3-0.6B-Base,0.15,4800,4800,500,skipped,missing saved score,missing saved score; no null evaluation in this record,No saved all-coordinate naive counts for this cohort and prefix,online_8b_eta015_N500_prefixes_v1/0.6B
610,online_causal_prc_v1,Qwen3-8B-Base,Qwen3-0.6B-Base,0.15,4784,4784,500,skipped,missing saved score,missing saved score; no null evaluation in this record,No saved all-coordinate naive counts for this cohort and prefix,online_8b_eta015_N500_prefixes_v1/0.6B
611,online_causal_prc_v1,Qwen3-8B-Base,Qwen3-0.6B-Base,0.15,4768,4768,500,skipped,missing saved score,missing saved score; no null evaluation in this record,No saved all-coordinate naive counts for this cohort and prefix,online_8b_eta015_N500_prefixes_v1/0.6B
612,online_causal_prc_v1,Qwen3-8B-Base,Qwen3-0.6B-Base,0.15,4752,4752,500,skipped,missing saved score,missing saved score; no null evaluation in this record,No saved all-coordinate naive counts for this cohort and prefix,online_8b_eta015_N500_prefixes_v1/0.6B
613,online_causal_prc_v1,Qwen3-8B-Base,Qwen3-0.6B-Base,0.15,4736,4736,500,skipped,missing saved score,missing saved score; no null evaluation in this record,No saved all-coordinate naive counts for this cohort and prefix,online_8b_eta015_N500_prefixes_v1/0.6B
614,online_causal_prc_v1,Qwen3-8B-Base,Qwen3-0.6B-Base,0.15,4720,4720,500,skipped,missing saved score,missing saved score; no null evaluation in this record,No saved all-coordinate naive counts for this cohort and prefix,online_8b_eta015_N500_prefixes_v1/0.6B
615,online_causal_prc_v1,Qwen3-8B-Base,Qwen3-0.6B-Base,0.15,4704,4704,500,skipped,missing saved score,missing saved score; no null evaluation in this record,No saved all-coordinate naive counts for this cohort and prefix,online_8b_eta015_N500_prefixes_v1/0.6B
616,online_causal_prc_v1,Qwen3-8B-Base,Qwen3-0.6B-Base,0.15,4688,4688,500,skipped,missing saved score,missing saved score; no null evaluation in this record,No saved all-coordinate naive counts for this cohort and prefix,online_8b_eta015_N500_prefixes_v1/0.6B
617,online_causal_prc_v1,Qwen3-8B-Base,Qwen3-0.6B-Base,0.15,4672,4672,500,skipped,missing saved score,missing saved score; no null evaluation in this record,No saved all-coordinate naive counts for this cohort and prefix,online_8b_eta015_N500_prefixes_v1/0.6B
618,online_causal_prc_v1,Qwen3-8B-Base,Qwen3-0.6B-Base,0.15,4656,4656,500,skipped,missing saved score,missing saved score; no null evaluation in this record,No saved all-coordinate naive counts for this cohort and prefix,online_8b_eta015_N500_prefixes_v1/0.6B
619,online_causal_prc_v1,Qwen3-8B-Base,Qwen3-8B-Base,0.2,14336,14336,50,skipped,missing saved score,intentionally not measured: above T13088; excluded by user,"No saved all-coordinate naive counts for this cohort and prefix; FPR omitted by user, no longer null generation; naive TPR remains pending",completion_only_raw_abstain_v1/integrated/2b5c9fe9995098df6db69e1a
620,online_causal_prc_v1,Qwen3-8B-Base,Qwen3-8B-Base,0.2,14336,14336,500,skipped,missing saved score,intentionally not measured: above T13088; excluded by user,"No saved all-coordinate naive counts for this cohort and prefix; FPR omitted by user, no longer null generation; naive TPR remains pending",online_8b_eta020_T14336_remaining450_v1/combined/8B
621,online_causal_prc_v1,Qwen3-8B-Base,Qwen3-8B-Base,0.2,14320,14320,500,skipped,missing saved score,intentionally not measured: above T13088; excluded by user,"No saved all-coordinate naive counts for this cohort and prefix; FPR omitted by user, no longer null generation; naive TPR remains pending",online_8b_eta020_N500_prefixes_v1/8B
622,online_causal_prc_v1,Qwen3-8B-Base,Qwen3-8B-Base,0.2,14304,14304,500,skipped,missing saved score,intentionally not measured: above T13088; excluded by user,"No saved all-coordinate naive counts for this cohort and prefix; FPR omitted by user, no longer null generation; naive TPR remains pending",online_8b_eta020_N500_prefixes_v1/8B
623,online_causal_prc_v1,Qwen3-8B-Base,Qwen3-8B-Base,0.2,14288,14288,500,skipped,missing saved score,intentionally not measured: above T13088; excluded by user,"No saved all-coordinate naive counts for this cohort and prefix; FPR omitted by user, no longer null generation; naive TPR remains pending",online_8b_eta020_N500_prefixes_v1/8B
624,online_causal_prc_v1,Qwen3-8B-Base,Qwen3-8B-Base,0.2,14272,14272,500,skipped,missing saved score,intentionally not measured: above T13088; excluded by user,"No saved all-coordinate naive counts for this cohort and prefix; FPR omitted by user, no longer null generation; naive TPR remains pending",online_8b_eta020_N500_prefixes_v1/8B
625,online_causal_prc_v1,Qwen3-8B-Base,Qwen3-8B-Base,0.2,14256,14256,500,skipped,missing saved score,intentionally not measured: above T13088; excluded by user,"No saved all-coordinate naive counts for this cohort and prefix; FPR omitted by user, no longer null generation; naive TPR remains pending",online_8b_eta020_N500_prefixes_v1/8B
626,online_causal_prc_v1,Qwen3-8B-Base,Qwen3-8B-Base,0.2,14240,14240,500,skipped,missing saved score,intentionally not measured: above T13088; excluded by user,"No saved all-coordinate naive counts for this cohort and prefix; FPR omitted by user, no longer null generation; naive TPR remains pending",online_8b_eta020_N500_prefixes_v1/8B
627,online_causal_prc_v1,Qwen3-8B-Base,Qwen3-8B-Base,0.2,14224,14224,500,skipped,missing saved score,intentionally not measured: above T13088; excluded by user,"No saved all-coordinate naive counts for this cohort and prefix; FPR omitted by user, no longer null generation; naive TPR remains pending",online_8b_eta020_N500_prefixes_v1/8B
628,online_causal_prc_v1,Qwen3-8B-Base,Qwen3-8B-Base,0.2,14208,14208,500,skipped,missing saved score,intentionally not measured: above T13088; excluded by user,"No saved all-coordinate naive counts for this cohort and prefix; FPR omitted by user, no longer null generation; naive TPR remains pending",online_8b_eta020_N500_prefixes_v1/8B
629,online_causal_prc_v1,Qwen3-8B-Base,Qwen3-8B-Base,0.2,14192,14192,500,skipped,missing saved score,intentionally not measured: above T13088; excluded by user,"No saved all-coordinate naive counts for this cohort and prefix; FPR omitted by user, no longer null generation; naive TPR remains pending",online_8b_eta020_N500_prefixes_v1/8B
630,online_causal_prc_v1,Qwen3-8B-Base,Qwen3-8B-Base,0.2,14176,14176,500,skipped,missing saved score,intentionally not measured: above T13088; excluded by user,"No saved all-coordinate naive counts for this cohort and prefix; FPR omitted by user, no longer null generation; naive TPR remains pending",online_8b_eta020_N500_prefixes_v1/8B
631,online_causal_prc_v1,Qwen3-8B-Base,Qwen3-8B-Base,0.2,14160,14160,500,skipped,missing saved score,intentionally not measured: above T13088; excluded by user,"No saved all-coordinate naive counts for this cohort and prefix; FPR omitted by user, no longer null generation; naive TPR remains pending",online_8b_eta020_N500_prefixes_v1/8B
632,online_causal_prc_v1,Qwen3-8B-Base,Qwen3-8B-Base,0.2,14144,14144,500,skipped,missing saved score,intentionally not measured: above T13088; excluded by user,"No saved all-coordinate naive counts for this cohort and prefix; FPR omitted by user, no longer null generation; naive TPR remains pending",online_8b_eta020_N500_prefixes_v1/8B
633,online_causal_prc_v1,Qwen3-8B-Base,Qwen3-8B-Base,0.2,14128,14128,500,skipped,missing saved score,intentionally not measured: above T13088; excluded by user,"No saved all-coordinate naive counts for this cohort and prefix; FPR omitted by user, no longer null generation; naive TPR remains pending",online_8b_eta020_N500_prefixes_v1/8B
634,online_causal_prc_v1,Qwen3-8B-Base,Qwen3-8B-Base,0.2,14112,14112,500,skipped,missing saved score,intentionally not measured: above T13088; excluded by user,"No saved all-coordinate naive counts for this cohort and prefix; FPR omitted by user, no longer null generation; naive TPR remains pending",online_8b_eta020_N500_prefixes_v1/8B
635,online_causal_prc_v1,Qwen3-8B-Base,Qwen3-8B-Base,0.2,14096,14096,500,skipped,missing saved score,intentionally not measured: above T13088; excluded by user,"No saved all-coordinate naive counts for this cohort and prefix; FPR omitted by user, no longer null generation; naive TPR remains pending",online_8b_eta020_N500_prefixes_v1/8B
636,online_causal_prc_v1,Qwen3-8B-Base,Qwen3-8B-Base,0.2,14080,14080,500,skipped,missing saved score,intentionally not measured: above T13088; excluded by user,"No saved all-coordinate naive counts for this cohort and prefix; FPR omitted by user, no longer null generation; naive TPR remains pending",online_8b_eta020_N500_prefixes_v1/8B
637,online_causal_prc_v1,Qwen3-8B-Base,Qwen3-8B-Base,0.2,14064,14064,500,skipped,missing saved score,intentionally not measured: above T13088; excluded by user,"No saved all-coordinate naive counts for this cohort and prefix; FPR omitted by user, no longer null generation; naive TPR remains pending",online_8b_eta020_N500_prefixes_v1/8B
638,online_causal_prc_v1,Qwen3-8B-Base,Qwen3-8B-Base,0.2,14048,14048,500,skipped,missing saved score,intentionally not measured: above T13088; excluded by user,"No saved all-coordinate naive counts for this cohort and prefix; FPR omitted by user, no longer null generation; naive TPR remains pending",online_8b_eta020_N500_prefixes_v1/8B
639,online_causal_prc_v1,Qwen3-8B-Base,Qwen3-8B-Base,0.2,14032,14032,500,skipped,missing saved score,intentionally not measured: above T13088; excluded by user,"No saved all-coordinate naive counts for this cohort and prefix; FPR omitted by user, no longer null generation; naive TPR remains pending",online_8b_eta020_N500_prefixes_v1/8B
640,online_causal_prc_v1,Qwen3-8B-Base,Qwen3-8B-Base,0.2,14016,14016,500,skipped,missing saved score,intentionally not measured: above T13088; excluded by user,"No saved all-coordinate naive counts for this cohort and prefix; FPR omitted by user, no longer null generation; naive TPR remains pending",online_8b_eta020_N500_prefixes_v1/8B
641,online_causal_prc_v1,Qwen3-8B-Base,Qwen3-8B-Base,0.2,14000,14000,500,skipped,missing saved score,intentionally not measured: above T13088; excluded by user,"No saved all-coordinate naive counts for this cohort and prefix; FPR omitted by user, no longer null generation; naive TPR remains pending",online_8b_eta020_N500_prefixes_v1/8B
642,online_causal_prc_v1,Qwen3-8B-Base,Qwen3-8B-Base,0.2,13984,13984,500,skipped,missing saved score,intentionally not measured: above T13088; excluded by user,"No saved all-coordinate naive counts for this cohort and prefix; FPR omitted by user, no longer null generation; naive TPR remains pending",online_8b_eta020_N500_prefixes_v1/8B
643,online_causal_prc_v1,Qwen3-8B-Base,Qwen3-8B-Base,0.2,13968,13968,500,skipped,missing saved score,intentionally not measured: above T13088; excluded by user,"No saved all-coordinate naive counts for this cohort and prefix; FPR omitted by user, no longer null generation; naive TPR remains pending",online_8b_eta020_N500_prefixes_v1/8B
644,online_causal_prc_v1,Qwen3-8B-Base,Qwen3-8B-Base,0.2,13952,13952,500,skipped,missing saved score,intentionally not measured: above T13088; excluded by user,"No saved all-coordinate naive counts for this cohort and prefix; FPR omitted by user, no longer null generation; naive TPR remains pending",online_8b_eta020_N500_prefixes_v1/8B
645,online_causal_prc_v1,Qwen3-8B-Base,Qwen3-8B-Base,0.2,13936,13936,500,skipped,missing saved score,intentionally not measured: above T13088; excluded by user,"No saved all-coordinate naive counts for this cohort and prefix; FPR omitted by user, no longer null generation; naive TPR remains pending",online_8b_eta020_N500_prefixes_v1/8B
646,online_causal_prc_v1,Qwen3-8B-Base,Qwen3-8B-Base,0.2,13920,13920,500,skipped,missing saved score,intentionally not measured: above T13088; excluded by user,"No saved all-coordinate naive counts for this cohort and prefix; FPR omitted by user, no longer null generation; naive TPR remains pending",online_8b_eta020_N500_prefixes_v1/8B
647,online_causal_prc_v1,Qwen3-8B-Base,Qwen3-8B-Base,0.2,13904,13904,500,skipped,missing saved score,intentionally not measured: above T13088; excluded by user,"No saved all-coordinate naive counts for this cohort and prefix; FPR omitted by user, no longer null generation; naive TPR remains pending",online_8b_eta020_N500_prefixes_v1/8B
648,online_causal_prc_v1,Qwen3-8B-Base,Qwen3-8B-Base,0.2,13888,13888,500,skipped,missing saved score,intentionally not measured: above T13088; excluded by user,"No saved all-coordinate naive counts for this cohort and prefix; FPR omitted by user, no longer null generation; naive TPR remains pending",online_8b_eta020_N500_prefixes_v1/8B
649,online_causal_prc_v1,Qwen3-8B-Base,Qwen3-8B-Base,0.2,13872,13872,500,skipped,missing saved score,intentionally not measured: above T13088; excluded by user,"No saved all-coordinate naive counts for this cohort and prefix; FPR omitted by user, no longer null generation; naive TPR remains pending",online_8b_eta020_N500_prefixes_v1/8B
650,online_causal_prc_v1,Qwen3-8B-Base,Qwen3-8B-Base,0.2,13856,13856,500,skipped,missing saved score,intentionally not measured: above T13088; excluded by user,"No saved all-coordinate naive counts for this cohort and prefix; FPR omitted by user, no longer null generation; naive TPR remains pending",online_8b_eta020_N500_prefixes_v1/8B
651,online_causal_prc_v1,Qwen3-8B-Base,Qwen3-8B-Base,0.2,13840,13840,500,skipped,missing saved score,intentionally not measured: above T13088; excluded by user,"No saved all-coordinate naive counts for this cohort and prefix; FPR omitted by user, no longer null generation; naive TPR remains pending",online_8b_eta020_N500_prefixes_v1/8B
652,online_causal_prc_v1,Qwen3-8B-Base,Qwen3-8B-Base,0.2,13824,13824,500,skipped,missing saved score,intentionally not measured: above T13088; excluded by user,"No saved all-coordinate naive counts for this cohort and prefix; FPR omitted by user, no longer null generation; naive TPR remains pending",online_8b_eta020_N500_prefixes_v1/8B
653,online_causal_prc_v1,Qwen3-8B-Base,Qwen3-8B-Base,0.2,13808,13808,500,skipped,missing saved score,intentionally not measured: above T13088; excluded by user,"No saved all-coordinate naive counts for this cohort and prefix; FPR omitted by user, no longer null generation; naive TPR remains pending",online_8b_eta020_N500_prefixes_v1/8B
654,online_causal_prc_v1,Qwen3-8B-Base,Qwen3-8B-Base,0.2,13792,13792,500,skipped,missing saved score,intentionally not measured: above T13088; excluded by user,"No saved all-coordinate naive counts for this cohort and prefix; FPR omitted by user, no longer null generation; naive TPR remains pending",online_8b_eta020_N500_prefixes_v1/8B
655,online_causal_prc_v1,Qwen3-8B-Base,Qwen3-8B-Base,0.2,13776,13776,500,skipped,missing saved score,intentionally not measured: above T13088; excluded by user,"No saved all-coordinate naive counts for this cohort and prefix; FPR omitted by user, no longer null generation; naive TPR remains pending",online_8b_eta020_N500_prefixes_v1/8B
656,online_causal_prc_v1,Qwen3-8B-Base,Qwen3-8B-Base,0.2,13760,13760,500,skipped,missing saved score,intentionally not measured: above T13088; excluded by user,"No saved all-coordinate naive counts for this cohort and prefix; FPR omitted by user, no longer null generation; naive TPR remains pending",online_8b_eta020_N500_prefixes_v1/8B
657,online_causal_prc_v1,Qwen3-8B-Base,Qwen3-8B-Base,0.2,13744,13744,500,skipped,missing saved score,intentionally not measured: above T13088; excluded by user,"No saved all-coordinate naive counts for this cohort and prefix; FPR omitted by user, no longer null generation; naive TPR remains pending",online_8b_eta020_N500_prefixes_v1/8B
658,online_causal_prc_v1,Qwen3-8B-Base,Qwen3-8B-Base,0.2,13728,13728,500,skipped,missing saved score,intentionally not measured: above T13088; excluded by user,"No saved all-coordinate naive counts for this cohort and prefix; FPR omitted by user, no longer null generation; naive TPR remains pending",online_8b_eta020_N500_prefixes_v1/8B
659,online_causal_prc_v1,Qwen3-8B-Base,Qwen3-8B-Base,0.2,13712,13712,500,skipped,missing saved score,intentionally not measured: above T13088; excluded by user,"No saved all-coordinate naive counts for this cohort and prefix; FPR omitted by user, no longer null generation; naive TPR remains pending",online_8b_eta020_N500_prefixes_v1/8B
660,online_causal_prc_v1,Qwen3-8B-Base,Qwen3-8B-Base,0.2,13696,13696,500,skipped,missing saved score,intentionally not measured: above T13088; excluded by user,"No saved all-coordinate naive counts for this cohort and prefix; FPR omitted by user, no longer null generation; naive TPR remains pending",online_8b_eta020_N500_prefixes_v1/8B
661,online_causal_prc_v1,Qwen3-8B-Base,Qwen3-8B-Base,0.2,13680,13680,500,skipped,missing saved score,intentionally not measured: above T13088; excluded by user,"No saved all-coordinate naive counts for this cohort and prefix; FPR omitted by user, no longer null generation; naive TPR remains pending",online_8b_eta020_N500_prefixes_v1/8B
662,online_causal_prc_v1,Qwen3-8B-Base,Qwen3-8B-Base,0.2,13664,13664,500,skipped,missing saved score,intentionally not measured: above T13088; excluded by user,"No saved all-coordinate naive counts for this cohort and prefix; FPR omitted by user, no longer null generation; naive TPR remains pending",online_8b_eta020_N500_prefixes_v1/8B
663,online_causal_prc_v1,Qwen3-8B-Base,Qwen3-8B-Base,0.2,13648,13648,500,skipped,missing saved score,intentionally not measured: above T13088; excluded by user,"No saved all-coordinate naive counts for this cohort and prefix; FPR omitted by user, no longer null generation; naive TPR remains pending",online_8b_eta020_N500_prefixes_v1/8B
664,online_causal_prc_v1,Qwen3-8B-Base,Qwen3-8B-Base,0.2,13632,13632,500,skipped,missing saved score,intentionally not measured: above T13088; excluded by user,"No saved all-coordinate naive counts for this cohort and prefix; FPR omitted by user, no longer null generation; naive TPR remains pending",online_8b_eta020_N500_prefixes_v1/8B
665,online_causal_prc_v1,Qwen3-8B-Base,Qwen3-8B-Base,0.2,13616,13616,500,skipped,missing saved score,intentionally not measured: above T13088; excluded by user,"No saved all-coordinate naive counts for this cohort and prefix; FPR omitted by user, no longer null generation; naive TPR remains pending",online_8b_eta020_N500_prefixes_v1/8B
666,online_causal_prc_v1,Qwen3-8B-Base,Qwen3-8B-Base,0.2,13600,13600,500,skipped,missing saved score,intentionally not measured: above T13088; excluded by user,"No saved all-coordinate naive counts for this cohort and prefix; FPR omitted by user, no longer null generation; naive TPR remains pending",online_8b_eta020_N500_prefixes_v1/8B
667,online_causal_prc_v1,Qwen3-8B-Base,Qwen3-8B-Base,0.2,13584,13584,500,skipped,missing saved score,intentionally not measured: above T13088; excluded by user,"No saved all-coordinate naive counts for this cohort and prefix; FPR omitted by user, no longer null generation; naive TPR remains pending",online_8b_eta020_N500_prefixes_v1/8B
668,online_causal_prc_v1,Qwen3-8B-Base,Qwen3-8B-Base,0.2,13568,13568,500,skipped,missing saved score,intentionally not measured: above T13088; excluded by user,"No saved all-coordinate naive counts for this cohort and prefix; FPR omitted by user, no longer null generation; naive TPR remains pending",online_8b_eta020_N500_prefixes_v1/8B
669,online_causal_prc_v1,Qwen3-8B-Base,Qwen3-8B-Base,0.2,13552,13552,500,skipped,missing saved score,intentionally not measured: above T13088; excluded by user,"No saved all-coordinate naive counts for this cohort and prefix; FPR omitted by user, no longer null generation; naive TPR remains pending",online_8b_eta020_N500_prefixes_v1/8B
670,online_causal_prc_v1,Qwen3-8B-Base,Qwen3-8B-Base,0.2,13536,13536,500,skipped,missing saved score,intentionally not measured: above T13088; excluded by user,"No saved all-coordinate naive counts for this cohort and prefix; FPR omitted by user, no longer null generation; naive TPR remains pending",online_8b_eta020_N500_prefixes_v1/8B
671,online_causal_prc_v1,Qwen3-8B-Base,Qwen3-8B-Base,0.2,13520,13520,500,skipped,missing saved score,intentionally not measured: above T13088; excluded by user,"No saved all-coordinate naive counts for this cohort and prefix; FPR omitted by user, no longer null generation; naive TPR remains pending",online_8b_eta020_N500_prefixes_v1/8B
672,online_causal_prc_v1,Qwen3-8B-Base,Qwen3-8B-Base,0.2,13504,13504,500,skipped,missing saved score,intentionally not measured: above T13088; excluded by user,"No saved all-coordinate naive counts for this cohort and prefix; FPR omitted by user, no longer null generation; naive TPR remains pending",online_8b_eta020_N500_prefixes_v1/8B
673,online_causal_prc_v1,Qwen3-8B-Base,Qwen3-8B-Base,0.2,13488,13488,500,skipped,missing saved score,intentionally not measured: above T13088; excluded by user,"No saved all-coordinate naive counts for this cohort and prefix; FPR omitted by user, no longer null generation; naive TPR remains pending",online_8b_eta020_N500_prefixes_v1/8B
674,online_causal_prc_v1,Qwen3-8B-Base,Qwen3-8B-Base,0.2,13472,13472,500,skipped,missing saved score,intentionally not measured: above T13088; excluded by user,"No saved all-coordinate naive counts for this cohort and prefix; FPR omitted by user, no longer null generation; naive TPR remains pending",online_8b_eta020_N500_prefixes_v1/8B
675,online_causal_prc_v1,Qwen3-8B-Base,Qwen3-8B-Base,0.2,13456,13456,500,skipped,missing saved score,intentionally not measured: above T13088; excluded by user,"No saved all-coordinate naive counts for this cohort and prefix; FPR omitted by user, no longer null generation; naive TPR remains pending",online_8b_eta020_N500_prefixes_v1/8B
676,online_causal_prc_v1,Qwen3-8B-Base,Qwen3-8B-Base,0.2,13440,13440,500,skipped,missing saved score,intentionally not measured: above T13088; excluded by user,"No saved all-coordinate naive counts for this cohort and prefix; FPR omitted by user, no longer null generation; naive TPR remains pending",online_8b_eta020_N500_prefixes_v1/8B
677,online_causal_prc_v1,Qwen3-8B-Base,Qwen3-8B-Base,0.2,13424,13424,500,skipped,missing saved score,intentionally not measured: above T13088; excluded by user,"No saved all-coordinate naive counts for this cohort and prefix; FPR omitted by user, no longer null generation; naive TPR remains pending",online_8b_eta020_N500_prefixes_v1/8B
678,online_causal_prc_v1,Qwen3-8B-Base,Qwen3-8B-Base,0.2,13408,13408,500,skipped,missing saved score,intentionally not measured: above T13088; excluded by user,"No saved all-coordinate naive counts for this cohort and prefix; FPR omitted by user, no longer null generation; naive TPR remains pending",online_8b_eta020_N500_prefixes_v1/8B
679,online_causal_prc_v1,Qwen3-8B-Base,Qwen3-8B-Base,0.2,13392,13392,500,skipped,missing saved score,intentionally not measured: above T13088; excluded by user,"No saved all-coordinate naive counts for this cohort and prefix; FPR omitted by user, no longer null generation; naive TPR remains pending",online_8b_eta020_N500_prefixes_v1/8B
680,online_causal_prc_v1,Qwen3-8B-Base,Qwen3-8B-Base,0.2,13376,13376,500,skipped,missing saved score,intentionally not measured: above T13088; excluded by user,"No saved all-coordinate naive counts for this cohort and prefix; FPR omitted by user, no longer null generation; naive TPR remains pending",online_8b_eta020_N500_prefixes_v1/8B
681,online_causal_prc_v1,Qwen3-8B-Base,Qwen3-8B-Base,0.2,13360,13360,500,skipped,missing saved score,intentionally not measured: above T13088; excluded by user,"No saved all-coordinate naive counts for this cohort and prefix; FPR omitted by user, no longer null generation; naive TPR remains pending",online_8b_eta020_N500_prefixes_v1/8B
682,online_causal_prc_v1,Qwen3-8B-Base,Qwen3-8B-Base,0.2,13344,13344,500,skipped,missing saved score,intentionally not measured: above T13088; excluded by user,"No saved all-coordinate naive counts for this cohort and prefix; FPR omitted by user, no longer null generation; naive TPR remains pending",online_8b_eta020_N500_prefixes_v1/8B
683,online_causal_prc_v1,Qwen3-8B-Base,Qwen3-8B-Base,0.2,13328,13328,500,skipped,missing saved score,intentionally not measured: above T13088; excluded by user,"No saved all-coordinate naive counts for this cohort and prefix; FPR omitted by user, no longer null generation; naive TPR remains pending",online_8b_eta020_N500_prefixes_v1/8B
684,online_causal_prc_v1,Qwen3-8B-Base,Qwen3-8B-Base,0.2,13312,13312,500,skipped,missing saved score,intentionally not measured: above T13088; excluded by user,"No saved all-coordinate naive counts for this cohort and prefix; FPR omitted by user, no longer null generation; naive TPR remains pending",online_8b_eta020_N500_prefixes_v1/8B
685,online_causal_prc_v1,Qwen3-8B-Base,Qwen3-8B-Base,0.2,13296,13296,500,skipped,missing saved score,intentionally not measured: above T13088; excluded by user,"No saved all-coordinate naive counts for this cohort and prefix; FPR omitted by user, no longer null generation; naive TPR remains pending",online_8b_eta020_N500_prefixes_v1/8B
686,online_causal_prc_v1,Qwen3-8B-Base,Qwen3-8B-Base,0.2,13280,13280,500,skipped,missing saved score,intentionally not measured: above T13088; excluded by user,"No saved all-coordinate naive counts for this cohort and prefix; FPR omitted by user, no longer null generation; naive TPR remains pending",online_8b_eta020_N500_prefixes_v1/8B
687,online_causal_prc_v1,Qwen3-8B-Base,Qwen3-8B-Base,0.2,13264,13264,500,skipped,missing saved score,intentionally not measured: above T13088; excluded by user,"No saved all-coordinate naive counts for this cohort and prefix; FPR omitted by user, no longer null generation; naive TPR remains pending",online_8b_eta020_N500_prefixes_v1/8B
688,online_causal_prc_v1,Qwen3-8B-Base,Qwen3-8B-Base,0.2,13248,13248,500,skipped,missing saved score,intentionally not measured: above T13088; excluded by user,"No saved all-coordinate naive counts for this cohort and prefix; FPR omitted by user, no longer null generation; naive TPR remains pending",online_8b_eta020_N500_prefixes_v1/8B
689,online_causal_prc_v1,Qwen3-8B-Base,Qwen3-8B-Base,0.2,13232,13232,500,skipped,missing saved score,intentionally not measured: above T13088; excluded by user,"No saved all-coordinate naive counts for this cohort and prefix; FPR omitted by user, no longer null generation; naive TPR remains pending",online_8b_eta020_N500_prefixes_v1/8B
690,online_causal_prc_v1,Qwen3-8B-Base,Qwen3-8B-Base,0.2,13216,13216,500,skipped,missing saved score,intentionally not measured: above T13088; excluded by user,"No saved all-coordinate naive counts for this cohort and prefix; FPR omitted by user, no longer null generation; naive TPR remains pending",online_8b_eta020_N500_prefixes_v1/8B
691,online_causal_prc_v1,Qwen3-8B-Base,Qwen3-8B-Base,0.2,13200,13200,500,skipped,missing saved score,intentionally not measured: above T13088; excluded by user,"No saved all-coordinate naive counts for this cohort and prefix; FPR omitted by user, no longer null generation; naive TPR remains pending",online_8b_eta020_N500_prefixes_v1/8B
692,online_causal_prc_v1,Qwen3-8B-Base,Qwen3-8B-Base,0.2,13184,13184,500,skipped,missing saved score,intentionally not measured: above T13088; excluded by user,"No saved all-coordinate naive counts for this cohort and prefix; FPR omitted by user, no longer null generation; naive TPR remains pending",online_8b_eta020_N500_prefixes_v1/8B
693,online_causal_prc_v1,Qwen3-8B-Base,Qwen3-8B-Base,0.2,13168,13168,500,skipped,missing saved score,intentionally not measured: above T13088; excluded by user,"No saved all-coordinate naive counts for this cohort and prefix; FPR omitted by user, no longer null generation; naive TPR remains pending",online_8b_eta020_N500_prefixes_v1/8B
694,online_causal_prc_v1,Qwen3-8B-Base,Qwen3-8B-Base,0.2,13152,13152,500,skipped,missing saved score,intentionally not measured: above T13088; excluded by user,"No saved all-coordinate naive counts for this cohort and prefix; FPR omitted by user, no longer null generation; naive TPR remains pending",online_8b_eta020_N500_prefixes_v1/8B
695,online_causal_prc_v1,Qwen3-8B-Base,Qwen3-8B-Base,0.2,13136,13136,500,skipped,missing saved score,intentionally not measured: above T13088; excluded by user,"No saved all-coordinate naive counts for this cohort and prefix; FPR omitted by user, no longer null generation; naive TPR remains pending",online_8b_eta020_N500_prefixes_v1/8B
696,online_causal_prc_v1,Qwen3-8B-Base,Qwen3-8B-Base,0.2,13120,13120,500,skipped,missing saved score,intentionally not measured: above T13088; excluded by user,"No saved all-coordinate naive counts for this cohort and prefix; FPR omitted by user, no longer null generation; naive TPR remains pending",online_8b_eta020_N500_prefixes_v1/8B
697,online_causal_prc_v1,Qwen3-8B-Base,Qwen3-8B-Base,0.2,13104,13104,500,skipped,missing saved score,intentionally not measured: above T13088; excluded by user,"No saved all-coordinate naive counts for this cohort and prefix; FPR omitted by user, no longer null generation; naive TPR remains pending",online_8b_eta020_N500_prefixes_v1/8B
699,online_causal_prc_v1,Qwen3-8B-Base,Qwen3-8B-Base,0.2,13072,13072,500,skipped,missing saved score,missing saved score; no null evaluation in this record,No saved all-coordinate naive counts for this cohort and prefix,online_8b_eta020_N500_prefixes_v1/8B
700,online_causal_prc_v1,Qwen3-8B-Base,Qwen3-8B-Base,0.2,13056,13056,500,skipped,missing saved score,missing saved score; no null evaluation in this record,No saved all-coordinate naive counts for this cohort and prefix,online_8b_eta020_N500_prefixes_v1/8B
701,online_causal_prc_v1,Qwen3-8B-Base,Qwen3-8B-Base,0.2,13040,13040,500,skipped,missing saved score,missing saved score; no null evaluation in this record,No saved all-coordinate naive counts for this cohort and prefix,online_8b_eta020_N500_prefixes_v1/8B
702,online_causal_prc_v1,Qwen3-8B-Base,Qwen3-8B-Base,0.2,13024,13024,500,skipped,missing saved score,missing saved score; no null evaluation in this record,No saved all-coordinate naive counts for this cohort and prefix,online_8b_eta020_N500_prefixes_v1/8B
703,online_causal_prc_v1,Qwen3-8B-Base,Qwen3-8B-Base,0.2,13008,13008,500,skipped,missing saved score,missing saved score; no null evaluation in this record,No saved all-coordinate naive counts for this cohort and prefix,online_8b_eta020_N500_prefixes_v1/8B
704,online_causal_prc_v1,Qwen3-8B-Base,Qwen3-8B-Base,0.2,12992,12992,500,skipped,missing saved score,missing saved score; no null evaluation in this record,No saved all-coordinate naive counts for this cohort and prefix,online_8b_eta020_N500_prefixes_v1/8B
705,online_causal_prc_v1,Qwen3-8B-Base,Qwen3-8B-Base,0.2,12976,12976,500,skipped,missing saved score,missing saved score; no null evaluation in this record,No saved all-coordinate naive counts for this cohort and prefix,online_8b_eta020_N500_prefixes_v1/8B
706,online_causal_prc_v1,Qwen3-8B-Base,Qwen3-8B-Base,0.2,12960,12960,500,skipped,missing saved score,missing saved score; no null evaluation in this record,No saved all-coordinate naive counts for this cohort and prefix,online_8b_eta020_N500_prefixes_v1/8B
707,online_causal_prc_v1,Qwen3-8B-Base,Qwen3-8B-Base,0.2,12944,12944,500,skipped,missing saved score,missing saved score; no null evaluation in this record,No saved all-coordinate naive counts for this cohort and prefix,online_8b_eta020_N500_prefixes_v1/8B
708,online_causal_prc_v1,Qwen3-8B-Base,Qwen3-8B-Base,0.2,12928,12928,500,skipped,missing saved score,missing saved score; no null evaluation in this record,No saved all-coordinate naive counts for this cohort and prefix,online_8b_eta020_N500_prefixes_v1/8B
709,online_causal_prc_v1,Qwen3-8B-Base,Qwen3-8B-Base,0.2,12912,12912,500,skipped,missing saved score,missing saved score; no null evaluation in this record,No saved all-coordinate naive counts for this cohort and prefix,online_8b_eta020_N500_prefixes_v1/8B
710,online_causal_prc_v1,Qwen3-8B-Base,Qwen3-8B-Base,0.2,12896,12896,500,skipped,missing saved score,missing saved score; no null evaluation in this record,No saved all-coordinate naive counts for this cohort and prefix,online_8b_eta020_N500_prefixes_v1/8B
711,online_causal_prc_v1,Qwen3-8B-Base,Qwen3-8B-Base,0.2,12880,12880,500,skipped,missing saved score,missing saved score; no null evaluation in this record,No saved all-coordinate naive counts for this cohort and prefix,online_8b_eta020_N500_prefixes_v1/8B
712,online_causal_prc_v1,Qwen3-8B-Base,Qwen3-8B-Base,0.2,12864,12864,500,skipped,missing saved score,missing saved score; no null evaluation in this record,No saved all-coordinate naive counts for this cohort and prefix,online_8b_eta020_N500_prefixes_v1/8B
713,online_causal_prc_v1,Qwen3-8B-Base,Qwen3-8B-Base,0.2,12848,12848,500,skipped,missing saved score,missing saved score; no null evaluation in this record,No saved all-coordinate naive counts for this cohort and prefix,online_8b_eta020_N500_prefixes_v1/8B
714,online_causal_prc_v1,Qwen3-8B-Base,Qwen3-8B-Base,0.2,12832,12832,500,skipped,missing saved score,missing saved score; no null evaluation in this record,No saved all-coordinate naive counts for this cohort and prefix,online_8b_eta020_N500_prefixes_v1/8B
715,online_causal_prc_v1,Qwen3-8B-Base,Qwen3-8B-Base,0.2,12816,12816,500,skipped,missing saved score,missing saved score; no null evaluation in this record,No saved all-coordinate naive counts for this cohort and prefix,online_8b_eta020_N500_prefixes_v1/8B
716,online_causal_prc_v1,Qwen3-8B-Base,Qwen3-8B-Base,0.2,12800,12800,500,skipped,missing saved score,missing saved score; no null evaluation in this record,No saved all-coordinate naive counts for this cohort and prefix,online_8b_eta020_N500_prefixes_v1/8B
717,online_causal_prc_v1,Qwen3-8B-Base,Qwen3-8B-Base,0.2,12784,12784,500,skipped,missing saved score,missing saved score; no null evaluation in this record,No saved all-coordinate naive counts for this cohort and prefix,online_8b_eta020_N500_prefixes_v1/8B
718,online_causal_prc_v1,Qwen3-8B-Base,Qwen3-8B-Base,0.2,12768,12768,500,skipped,missing saved score,missing saved score; no null evaluation in this record,No saved all-coordinate naive counts for this cohort and prefix,online_8b_eta020_N500_prefixes_v1/8B
719,online_causal_prc_v1,Qwen3-8B-Base,Qwen3-8B-Base,0.2,12752,12752,500,skipped,missing saved score,missing saved score; no null evaluation in this record,No saved all-coordinate naive counts for this cohort and prefix,online_8b_eta020_N500_prefixes_v1/8B
720,online_causal_prc_v1,Qwen3-8B-Base,Qwen3-8B-Base,0.2,12736,12736,500,skipped,missing saved score,missing saved score; no null evaluation in this record,No saved all-coordinate naive counts for this cohort and prefix,online_8b_eta020_N500_prefixes_v1/8B
721,online_causal_prc_v1,Qwen3-8B-Base,Qwen3-8B-Base,0.2,12720,12720,500,skipped,missing saved score,missing saved score; no null evaluation in this record,No saved all-coordinate naive counts for this cohort and prefix,online_8b_eta020_N500_prefixes_v1/8B
722,online_causal_prc_v1,Qwen3-8B-Base,Qwen3-8B-Base,0.2,12704,12704,500,skipped,missing saved score,missing saved score; no null evaluation in this record,No saved all-coordinate naive counts for this cohort and prefix,online_8b_eta020_N500_prefixes_v1/8B
723,online_causal_prc_v1,Qwen3-8B-Base,Qwen3-8B-Base,0.2,12688,12688,500,skipped,missing saved score,missing saved score; no null evaluation in this record,No saved all-coordinate naive counts for this cohort and prefix,online_8b_eta020_N500_prefixes_v1/8B
724,online_causal_prc_v1,Qwen3-8B-Base,Qwen3-8B-Base,0.2,12672,12672,500,skipped,missing saved score,missing saved score; no null evaluation in this record,No saved all-coordinate naive counts for this cohort and prefix,online_8b_eta020_N500_prefixes_v1/8B
725,online_causal_prc_v1,Qwen3-8B-Base,Qwen3-8B-Base,0.2,12656,12656,500,skipped,missing saved score,missing saved score; no null evaluation in this record,No saved all-coordinate naive counts for this cohort and prefix,online_8b_eta020_N500_prefixes_v1/8B
726,online_causal_prc_v1,Qwen3-8B-Base,Qwen3-8B-Base,0.2,12640,12640,500,skipped,missing saved score,missing saved score; no null evaluation in this record,No saved all-coordinate naive counts for this cohort and prefix,online_8b_eta020_N500_prefixes_v1/8B
727,online_causal_prc_v1,Qwen3-8B-Base,Qwen3-8B-Base,0.2,12624,12624,500,skipped,missing saved score,missing saved score; no null evaluation in this record,No saved all-coordinate naive counts for this cohort and prefix,online_8b_eta020_N500_prefixes_v1/8B
728,online_causal_prc_v1,Qwen3-8B-Base,Qwen3-8B-Base,0.2,12608,12608,500,skipped,missing saved score,missing saved score; no null evaluation in this record,No saved all-coordinate naive counts for this cohort and prefix,online_8b_eta020_N500_prefixes_v1/8B
729,online_causal_prc_v1,Qwen3-8B-Base,Qwen3-8B-Base,0.2,12592,12592,500,skipped,missing saved score,missing saved score; no null evaluation in this record,No saved all-coordinate naive counts for this cohort and prefix,online_8b_eta020_N500_prefixes_v1/8B
730,online_causal_prc_v1,Qwen3-8B-Base,Qwen3-8B-Base,0.2,12576,12576,500,skipped,missing saved score,missing saved score; no null evaluation in this record,No saved all-coordinate naive counts for this cohort and prefix,online_8b_eta020_N500_prefixes_v1/8B
731,online_causal_prc_v1,Qwen3-8B-Base,Qwen3-8B-Base,0.2,12560,12560,500,skipped,missing saved score,missing saved score; no null evaluation in this record,No saved all-coordinate naive counts for this cohort and prefix,online_8b_eta020_N500_prefixes_v1/8B
732,online_causal_prc_v1,Qwen3-8B-Base,Qwen3-8B-Base,0.2,12544,12544,500,skipped,missing saved score,missing saved score; no null evaluation in this record,No saved all-coordinate naive counts for this cohort and prefix,online_8b_eta020_N500_prefixes_v1/8B
733,online_causal_prc_v1,Qwen3-8B-Base,Qwen3-8B-Base,0.2,12528,12528,500,skipped,missing saved score,missing saved score; no null evaluation in this record,No saved all-coordinate naive counts for this cohort and prefix,online_8b_eta020_N500_prefixes_v1/8B
734,online_causal_prc_v1,Qwen3-8B-Base,Qwen3-8B-Base,0.2,12512,12512,500,skipped,missing saved score,missing saved score; no null evaluation in this record,No saved all-coordinate naive counts for this cohort and prefix,online_8b_eta020_N500_prefixes_v1/8B
735,online_causal_prc_v1,Qwen3-8B-Base,Qwen3-8B-Base,0.2,12496,12496,500,skipped,missing saved score,missing saved score; no null evaluation in this record,No saved all-coordinate naive counts for this cohort and prefix,online_8b_eta020_N500_prefixes_v1/8B
736,online_causal_prc_v1,Qwen3-8B-Base,Qwen3-8B-Base,0.2,12480,12480,500,skipped,missing saved score,missing saved score; no null evaluation in this record,No saved all-coordinate naive counts for this cohort and prefix,online_8b_eta020_N500_prefixes_v1/8B
737,online_causal_prc_v1,Qwen3-8B-Base,Qwen3-8B-Base,0.2,12464,12464,500,skipped,missing saved score,missing saved score; no null evaluation in this record,No saved all-coordinate naive counts for this cohort and prefix,online_8b_eta020_N500_prefixes_v1/8B
738,online_causal_prc_v1,Qwen3-8B-Base,Qwen3-8B-Base,0.2,12448,12448,500,skipped,missing saved score,missing saved score; no null evaluation in this record,No saved all-coordinate naive counts for this cohort and prefix,online_8b_eta020_N500_prefixes_v1/8B
739,online_causal_prc_v1,Qwen3-8B-Base,Qwen3-8B-Base,0.2,12432,12432,500,skipped,missing saved score,missing saved score; no null evaluation in this record,No saved all-coordinate naive counts for this cohort and prefix,online_8b_eta020_N500_prefixes_v1/8B
740,online_causal_prc_v1,Qwen3-8B-Base,Qwen3-8B-Base,0.2,12416,12416,500,skipped,missing saved score,missing saved score; no null evaluation in this record,No saved all-coordinate naive counts for this cohort and prefix,online_8b_eta020_N500_prefixes_v1/8B
741,online_causal_prc_v1,Qwen3-8B-Base,Qwen3-8B-Base,0.2,12400,12400,500,skipped,missing saved score,missing saved score; no null evaluation in this record,No saved all-coordinate naive counts for this cohort and prefix,online_8b_eta020_N500_prefixes_v1/8B
742,online_causal_prc_v1,Qwen3-8B-Base,Qwen3-8B-Base,0.2,12384,12384,500,skipped,missing saved score,missing saved score; no null evaluation in this record,No saved all-coordinate naive counts for this cohort and prefix,online_8b_eta020_N500_prefixes_v1/8B
743,online_causal_prc_v1,Qwen3-8B-Base,Qwen3-8B-Base,0.2,12368,12368,500,skipped,missing saved score,missing saved score; no null evaluation in this record,No saved all-coordinate naive counts for this cohort and prefix,online_8b_eta020_N500_prefixes_v1/8B
744,online_causal_prc_v1,Qwen3-8B-Base,Qwen3-8B-Base,0.2,12352,12352,500,skipped,missing saved score,missing saved score; no null evaluation in this record,No saved all-coordinate naive counts for this cohort and prefix,online_8b_eta020_N500_prefixes_v1/8B
745,online_causal_prc_v1,Qwen3-8B-Base,Qwen3-8B-Base,0.2,12336,12336,500,skipped,missing saved score,missing saved score; no null evaluation in this record,No saved all-coordinate naive counts for this cohort and prefix,online_8b_eta020_N500_prefixes_v1/8B
746,online_causal_prc_v1,Qwen3-8B-Base,Qwen3-8B-Base,0.2,12320,12320,500,skipped,missing saved score,missing saved score; no null evaluation in this record,No saved all-coordinate naive counts for this cohort and prefix,online_8b_eta020_N500_prefixes_v1/8B
747,online_causal_prc_v1,Qwen3-8B-Base,Qwen3-8B-Base,0.2,12304,12304,500,skipped,missing saved score,missing saved score; no null evaluation in this record,No saved all-coordinate naive counts for this cohort and prefix,online_8b_eta020_N500_prefixes_v1/8B
748,online_causal_prc_v1,Qwen3-8B-Base,Qwen3-8B-Base,0.2,12288,12288,500,skipped,missing saved score,missing saved score; no null evaluation in this record,No saved all-coordinate naive counts for this cohort and prefix,online_8b_eta020_N500_prefixes_v1/8B
749,online_causal_prc_v1,Qwen3-8B-Base,Qwen3-8B-Base,0.2,12272,12272,500,skipped,missing saved score,missing saved score; no null evaluation in this record,No saved all-coordinate naive counts for this cohort and prefix,online_8b_eta020_N500_prefixes_v1/8B
750,online_causal_prc_v1,Qwen3-8B-Base,Qwen3-8B-Base,0.2,12256,12256,500,skipped,missing saved score,missing saved score; no null evaluation in this record,No saved all-coordinate naive counts for this cohort and prefix,online_8b_eta020_N500_prefixes_v1/8B
751,online_causal_prc_v1,Qwen3-8B-Base,Qwen3-8B-Base,0.2,12240,12240,500,skipped,missing saved score,missing saved score; no null evaluation in this record,No saved all-coordinate naive counts for this cohort and prefix,online_8b_eta020_N500_prefixes_v1/8B
752,online_causal_prc_v1,Qwen3-8B-Base,Qwen3-8B-Base,0.2,12224,12224,500,skipped,missing saved score,missing saved score; no null evaluation in this record,No saved all-coordinate naive counts for this cohort and prefix,online_8b_eta020_N500_prefixes_v1/8B
753,online_causal_prc_v1,Qwen3-8B-Base,Qwen3-8B-Base,0.2,12208,12208,500,skipped,missing saved score,missing saved score; no null evaluation in this record,No saved all-coordinate naive counts for this cohort and prefix,online_8b_eta020_N500_prefixes_v1/8B
754,online_causal_prc_v1,Qwen3-8B-Base,Qwen3-8B-Base,0.2,12192,12192,500,skipped,missing saved score,missing saved score; no null evaluation in this record,No saved all-coordinate naive counts for this cohort and prefix,online_8b_eta020_N500_prefixes_v1/8B
755,online_causal_prc_v1,Qwen3-8B-Base,Qwen3-8B-Base,0.2,12176,12176,500,skipped,missing saved score,missing saved score; no null evaluation in this record,No saved all-coordinate naive counts for this cohort and prefix,online_8b_eta020_N500_prefixes_v1/8B
756,online_causal_prc_v1,Qwen3-8B-Base,Qwen3-8B-Base,0.2,12160,12160,500,skipped,missing saved score,missing saved score; no null evaluation in this record,No saved all-coordinate naive counts for this cohort and prefix,online_8b_eta020_N500_prefixes_v1/8B
757,online_causal_prc_v1,Qwen3-8B-Base,Qwen3-8B-Base,0.2,12144,12144,500,skipped,missing saved score,missing saved score; no null evaluation in this record,No saved all-coordinate naive counts for this cohort and prefix,online_8b_eta020_N500_prefixes_v1/8B
758,online_causal_prc_v1,Qwen3-8B-Base,Qwen3-8B-Base,0.2,12128,12128,500,skipped,missing saved score,missing saved score; no null evaluation in this record,No saved all-coordinate naive counts for this cohort and prefix,online_8b_eta020_N500_prefixes_v1/8B
759,online_causal_prc_v1,Qwen3-8B-Base,Qwen3-8B-Base,0.2,12112,12112,500,skipped,missing saved score,missing saved score; no null evaluation in this record,No saved all-coordinate naive counts for this cohort and prefix,online_8b_eta020_N500_prefixes_v1/8B
760,online_causal_prc_v1,Qwen3-8B-Base,Qwen3-8B-Base,0.2,12096,12096,500,skipped,missing saved score,missing saved score; no null evaluation in this record,No saved all-coordinate naive counts for this cohort and prefix,online_8b_eta020_N500_prefixes_v1/8B
761,online_causal_prc_v1,Qwen3-8B-Base,Qwen3-8B-Base,0.2,12080,12080,500,skipped,missing saved score,missing saved score; no null evaluation in this record,No saved all-coordinate naive counts for this cohort and prefix,online_8b_eta020_N500_prefixes_v1/8B
762,online_causal_prc_v1,Qwen3-8B-Base,Qwen3-8B-Base,0.2,12064,12064,500,skipped,missing saved score,missing saved score; no null evaluation in this record,No saved all-coordinate naive counts for this cohort and prefix,online_8b_eta020_N500_prefixes_v1/8B
763,online_causal_prc_v1,Qwen3-8B-Base,Qwen3-8B-Base,0.2,12048,12048,500,skipped,missing saved score,missing saved score; no null evaluation in this record,No saved all-coordinate naive counts for this cohort and prefix,online_8b_eta020_N500_prefixes_v1/8B
764,online_causal_prc_v1,Qwen3-8B-Base,Qwen3-8B-Base,0.2,12032,12032,500,skipped,missing saved score,missing saved score; no null evaluation in this record,No saved all-coordinate naive counts for this cohort and prefix,online_8b_eta020_N500_prefixes_v1/8B
765,online_causal_prc_v1,Qwen3-8B-Base,Qwen3-8B-Base,0.2,12016,12016,500,skipped,missing saved score,missing saved score; no null evaluation in this record,No saved all-coordinate naive counts for this cohort and prefix,online_8b_eta020_N500_prefixes_v1/8B
766,online_causal_prc_v1,Qwen3-8B-Base,Qwen3-8B-Base,0.2,12000,12000,500,skipped,missing saved score,missing saved score; no null evaluation in this record,No saved all-coordinate naive counts for this cohort and prefix,online_8b_eta020_N500_prefixes_v1/8B
767,online_causal_prc_v1,Qwen3-8B-Base,Qwen3-8B-Base,0.2,11984,11984,500,skipped,missing saved score,missing saved score; no null evaluation in this record,No saved all-coordinate naive counts for this cohort and prefix,online_8b_eta020_N500_prefixes_v1/8B
768,online_causal_prc_v1,Qwen3-8B-Base,Qwen3-8B-Base,0.2,11968,11968,500,skipped,missing saved score,missing saved score; no null evaluation in this record,No saved all-coordinate naive counts for this cohort and prefix,online_8b_eta020_N500_prefixes_v1/8B
769,online_causal_prc_v1,Qwen3-8B-Base,Qwen3-8B-Base,0.2,11952,11952,500,skipped,missing saved score,missing saved score; no null evaluation in this record,No saved all-coordinate naive counts for this cohort and prefix,online_8b_eta020_N500_prefixes_v1/8B
770,online_causal_prc_v1,Qwen3-8B-Base,Qwen3-8B-Base,0.2,11936,11936,500,skipped,missing saved score,missing saved score; no null evaluation in this record,No saved all-coordinate naive counts for this cohort and prefix,online_8b_eta020_N500_prefixes_v1/8B
771,online_causal_prc_v1,Qwen3-8B-Base,Qwen3-8B-Base,0.2,11920,11920,500,skipped,missing saved score,missing saved score; no null evaluation in this record,No saved all-coordinate naive counts for this cohort and prefix,online_8b_eta020_N500_prefixes_v1/8B
772,online_causal_prc_v1,Qwen3-8B-Base,Qwen3-8B-Base,0.2,11904,11904,500,skipped,missing saved score,missing saved score; no null evaluation in this record,No saved all-coordinate naive counts for this cohort and prefix,online_8b_eta020_N500_prefixes_v1/8B
773,online_causal_prc_v1,Qwen3-8B-Base,Qwen3-8B-Base,0.2,11888,11888,500,skipped,missing saved score,missing saved score; no null evaluation in this record,No saved all-coordinate naive counts for this cohort and prefix,online_8b_eta020_N500_prefixes_v1/8B
774,online_causal_prc_v1,Qwen3-8B-Base,Qwen3-8B-Base,0.2,11872,11872,500,skipped,missing saved score,missing saved score; no null evaluation in this record,No saved all-coordinate naive counts for this cohort and prefix,online_8b_eta020_N500_prefixes_v1/8B
775,online_causal_prc_v1,Qwen3-8B-Base,Qwen3-8B-Base,0.2,11856,11856,500,skipped,missing saved score,missing saved score; no null evaluation in this record,No saved all-coordinate naive counts for this cohort and prefix,online_8b_eta020_N500_prefixes_v1/8B
776,online_causal_prc_v1,Qwen3-8B-Base,Qwen3-8B-Base,0.2,11840,11840,500,skipped,missing saved score,missing saved score; no null evaluation in this record,No saved all-coordinate naive counts for this cohort and prefix,online_8b_eta020_N500_prefixes_v1/8B
777,online_causal_prc_v1,Qwen3-8B-Base,Qwen3-0.6B-Base,0.2,14336,14336,500,skipped,missing saved score,intentionally not measured: above T13088; excluded by user,"No saved all-coordinate naive counts for this cohort and prefix; FPR omitted by user, no longer null generation; naive TPR remains pending",completion_only_raw_abstain_v1/integrated/0263dfa535b7b6b4a3ee39a2
778,online_causal_prc_v1,Qwen3-8B-Base,Qwen3-8B-Base,0.15,6144,6144,500,0/500 (0.0%),missing saved score,missing saved score,No saved all-coordinate naive counts for this cohort and prefix,online_8b_shared_null_T13088_N500_v1/eta015
779,online_causal_prc_v1,Qwen3-8B-Base,Qwen3-8B-Base,0.15,6128,6128,500,0/500 (0.0%),missing saved score,missing saved score,No saved all-coordinate naive counts for this cohort and prefix,online_8b_shared_null_T13088_N500_v1/eta015
780,online_causal_prc_v1,Qwen3-8B-Base,Qwen3-8B-Base,0.15,6112,6112,500,0/500 (0.0%),missing saved score,missing saved score,No saved all-coordinate naive counts for this cohort and prefix,online_8b_shared_null_T13088_N500_v1/eta015
781,online_causal_prc_v1,Qwen3-8B-Base,Qwen3-8B-Base,0.15,6096,6096,500,0/500 (0.0%),missing saved score,missing saved score,No saved all-coordinate naive counts for this cohort and prefix,online_8b_shared_null_T13088_N500_v1/eta015
782,online_causal_prc_v1,Qwen3-8B-Base,Qwen3-8B-Base,0.15,6080,6080,500,0/500 (0.0%),missing saved score,missing saved score,No saved all-coordinate naive counts for this cohort and prefix,online_8b_shared_null_T13088_N500_v1/eta015
783,online_causal_prc_v1,Qwen3-8B-Base,Qwen3-8B-Base,0.15,6064,6064,500,0/500 (0.0%),missing saved score,missing saved score,No saved all-coordinate naive counts for this cohort and prefix,online_8b_shared_null_T13088_N500_v1/eta015
784,online_causal_prc_v1,Qwen3-8B-Base,Qwen3-8B-Base,0.15,6048,6048,500,0/500 (0.0%),missing saved score,missing saved score,No saved all-coordinate naive counts for this cohort and prefix,online_8b_shared_null_T13088_N500_v1/eta015
785,online_causal_prc_v1,Qwen3-8B-Base,Qwen3-8B-Base,0.15,6032,6032,500,0/500 (0.0%),missing saved score,missing saved score,No saved all-coordinate naive counts for this cohort and prefix,online_8b_shared_null_T13088_N500_v1/eta015
786,online_causal_prc_v1,Qwen3-8B-Base,Qwen3-8B-Base,0.15,6016,6016,500,0/500 (0.0%),missing saved score,missing saved score,No saved all-coordinate naive counts for this cohort and prefix,online_8b_shared_null_T13088_N500_v1/eta015
787,online_causal_prc_v1,Qwen3-8B-Base,Qwen3-8B-Base,0.15,6000,6000,500,0/500 (0.0%),missing saved score,missing saved score,No saved all-coordinate naive counts for this cohort and prefix,online_8b_shared_null_T13088_N500_v1/eta015
788,online_causal_prc_v1,Qwen3-8B-Base,Qwen3-8B-Base,0.15,5984,5984,500,0/500 (0.0%),missing saved score,missing saved score,No saved all-coordinate naive counts for this cohort and prefix,online_8b_shared_null_T13088_N500_v1/eta015
789,online_causal_prc_v1,Qwen3-8B-Base,Qwen3-8B-Base,0.15,5968,5968,500,0/500 (0.0%),missing saved score,missing saved score,No saved all-coordinate naive counts for this cohort and prefix,online_8b_shared_null_T13088_N500_v1/eta015
790,online_causal_prc_v1,Qwen3-8B-Base,Qwen3-8B-Base,0.15,5952,5952,500,0/500 (0.0%),missing saved score,missing saved score,No saved all-coordinate naive counts for this cohort and prefix,online_8b_shared_null_T13088_N500_v1/eta015
791,online_causal_prc_v1,Qwen3-8B-Base,Qwen3-8B-Base,0.15,5936,5936,500,0/500 (0.0%),missing saved score,missing saved score,No saved all-coordinate naive counts for this cohort and prefix,online_8b_shared_null_T13088_N500_v1/eta015
792,online_causal_prc_v1,Qwen3-8B-Base,Qwen3-8B-Base,0.15,5920,5920,500,0/500 (0.0%),missing saved score,missing saved score,No saved all-coordinate naive counts for this cohort and prefix,online_8b_shared_null_T13088_N500_v1/eta015
793,online_causal_prc_v1,Qwen3-8B-Base,Qwen3-8B-Base,0.15,5904,5904,500,0/500 (0.0%),missing saved score,missing saved score,No saved all-coordinate naive counts for this cohort and prefix,online_8b_shared_null_T13088_N500_v1/eta015
794,online_causal_prc_v1,Qwen3-8B-Base,Qwen3-8B-Base,0.15,5888,5888,500,0/500 (0.0%),missing saved score,missing saved score,No saved all-coordinate naive counts for this cohort and prefix,online_8b_shared_null_T13088_N500_v1/eta015
795,online_causal_prc_v1,Qwen3-8B-Base,Qwen3-8B-Base,0.15,5872,5872,500,0/500 (0.0%),missing saved score,missing saved score,No saved all-coordinate naive counts for this cohort and prefix,online_8b_shared_null_T13088_N500_v1/eta015
796,online_causal_prc_v1,Qwen3-8B-Base,Qwen3-8B-Base,0.15,5856,5856,500,0/500 (0.0%),missing saved score,missing saved score,No saved all-coordinate naive counts for this cohort and prefix,online_8b_shared_null_T13088_N500_v1/eta015
797,online_causal_prc_v1,Qwen3-8B-Base,Qwen3-8B-Base,0.15,5840,5840,500,0/500 (0.0%),missing saved score,missing saved score,No saved all-coordinate naive counts for this cohort and prefix,online_8b_shared_null_T13088_N500_v1/eta015
798,online_causal_prc_v1,Qwen3-8B-Base,Qwen3-8B-Base,0.15,5824,5824,500,0/500 (0.0%),missing saved score,missing saved score,No saved all-coordinate naive counts for this cohort and prefix,online_8b_shared_null_T13088_N500_v1/eta015
799,online_causal_prc_v1,Qwen3-8B-Base,Qwen3-8B-Base,0.15,5808,5808,500,0/500 (0.0%),missing saved score,missing saved score,No saved all-coordinate naive counts for this cohort and prefix,online_8b_shared_null_T13088_N500_v1/eta015
800,online_causal_prc_v1,Qwen3-8B-Base,Qwen3-8B-Base,0.15,5792,5792,500,0/500 (0.0%),missing saved score,missing saved score,No saved all-coordinate naive counts for this cohort and prefix,online_8b_shared_null_T13088_N500_v1/eta015
801,online_causal_prc_v1,Qwen3-8B-Base,Qwen3-8B-Base,0.15,5776,5776,500,0/500 (0.0%),missing saved score,missing saved score,No saved all-coordinate naive counts for this cohort and prefix,online_8b_shared_null_T13088_N500_v1/eta015
802,online_causal_prc_v1,Qwen3-8B-Base,Qwen3-8B-Base,0.15,5760,5760,500,0/500 (0.0%),missing saved score,missing saved score,No saved all-coordinate naive counts for this cohort and prefix,online_8b_shared_null_T13088_N500_v1/eta015
803,online_causal_prc_v1,Qwen3-8B-Base,Qwen3-8B-Base,0.15,5744,5744,500,0/500 (0.0%),missing saved score,missing saved score,No saved all-coordinate naive counts for this cohort and prefix,online_8b_shared_null_T13088_N500_v1/eta015
804,online_causal_prc_v1,Qwen3-8B-Base,Qwen3-8B-Base,0.15,5728,5728,500,0/500 (0.0%),missing saved score,missing saved score,No saved all-coordinate naive counts for this cohort and prefix,online_8b_shared_null_T13088_N500_v1/eta015
805,online_causal_prc_v1,Qwen3-8B-Base,Qwen3-8B-Base,0.15,5712,5712,500,0/500 (0.0%),missing saved score,missing saved score,No saved all-coordinate naive counts for this cohort and prefix,online_8b_shared_null_T13088_N500_v1/eta015
806,online_causal_prc_v1,Qwen3-8B-Base,Qwen3-8B-Base,0.15,5696,5696,500,0/500 (0.0%),missing saved score,missing saved score,No saved all-coordinate naive counts for this cohort and prefix,online_8b_shared_null_T13088_N500_v1/eta015
807,online_causal_prc_v1,Qwen3-8B-Base,Qwen3-8B-Base,0.15,5680,5680,500,0/500 (0.0%),missing saved score,missing saved score,No saved all-coordinate naive counts for this cohort and prefix,online_8b_shared_null_T13088_N500_v1/eta015
808,online_causal_prc_v1,Qwen3-8B-Base,Qwen3-8B-Base,0.15,5664,5664,500,0/500 (0.0%),missing saved score,missing saved score,No saved all-coordinate naive counts for this cohort and prefix,online_8b_shared_null_T13088_N500_v1/eta015
809,online_causal_prc_v1,Qwen3-8B-Base,Qwen3-8B-Base,0.15,5648,5648,500,0/500 (0.0%),missing saved score,missing saved score,No saved all-coordinate naive counts for this cohort and prefix,online_8b_shared_null_T13088_N500_v1/eta015
810,online_causal_prc_v1,Qwen3-8B-Base,Qwen3-8B-Base,0.15,5632,5632,500,0/500 (0.0%),missing saved score,missing saved score,No saved all-coordinate naive counts for this cohort and prefix,online_8b_shared_null_T13088_N500_v1/eta015
811,online_causal_prc_v1,Qwen3-8B-Base,Qwen3-8B-Base,0.15,5616,5616,500,0/500 (0.0%),missing saved score,missing saved score,No saved all-coordinate naive counts for this cohort and prefix,online_8b_shared_null_T13088_N500_v1/eta015
812,online_causal_prc_v1,Qwen3-8B-Base,Qwen3-8B-Base,0.15,5600,5600,500,0/500 (0.0%),missing saved score,missing saved score,No saved all-coordinate naive counts for this cohort and prefix,online_8b_shared_null_T13088_N500_v1/eta015
813,online_causal_prc_v1,Qwen3-8B-Base,Qwen3-8B-Base,0.15,5584,5584,500,0/500 (0.0%),missing saved score,missing saved score,No saved all-coordinate naive counts for this cohort and prefix,online_8b_shared_null_T13088_N500_v1/eta015
814,online_causal_prc_v1,Qwen3-8B-Base,Qwen3-8B-Base,0.15,5568,5568,500,0/500 (0.0%),missing saved score,missing saved score,No saved all-coordinate naive counts for this cohort and prefix,online_8b_shared_null_T13088_N500_v1/eta015
815,online_causal_prc_v1,Qwen3-8B-Base,Qwen3-8B-Base,0.15,5552,5552,500,0/500 (0.0%),missing saved score,missing saved score,No saved all-coordinate naive counts for this cohort and prefix,online_8b_shared_null_T13088_N500_v1/eta015
816,online_causal_prc_v1,Qwen3-8B-Base,Qwen3-8B-Base,0.15,5536,5536,500,0/500 (0.0%),missing saved score,missing saved score,No saved all-coordinate naive counts for this cohort and prefix,online_8b_shared_null_T13088_N500_v1/eta015
817,online_causal_prc_v1,Qwen3-8B-Base,Qwen3-8B-Base,0.15,5520,5520,500,0/500 (0.0%),missing saved score,missing saved score,No saved all-coordinate naive counts for this cohort and prefix,online_8b_shared_null_T13088_N500_v1/eta015
818,online_causal_prc_v1,Qwen3-8B-Base,Qwen3-8B-Base,0.15,5504,5504,500,0/500 (0.0%),missing saved score,missing saved score,No saved all-coordinate naive counts for this cohort and prefix,online_8b_shared_null_T13088_N500_v1/eta015
819,online_causal_prc_v1,Qwen3-8B-Base,Qwen3-8B-Base,0.15,5488,5488,500,0/500 (0.0%),missing saved score,missing saved score,No saved all-coordinate naive counts for this cohort and prefix,online_8b_shared_null_T13088_N500_v1/eta015
820,online_causal_prc_v1,Qwen3-8B-Base,Qwen3-8B-Base,0.15,5472,5472,500,0/500 (0.0%),missing saved score,missing saved score,No saved all-coordinate naive counts for this cohort and prefix,online_8b_shared_null_T13088_N500_v1/eta015
821,online_causal_prc_v1,Qwen3-8B-Base,Qwen3-8B-Base,0.15,5456,5456,500,0/500 (0.0%),missing saved score,missing saved score,No saved all-coordinate naive counts for this cohort and prefix,online_8b_shared_null_T13088_N500_v1/eta015
822,online_causal_prc_v1,Qwen3-8B-Base,Qwen3-8B-Base,0.15,5440,5440,500,0/500 (0.0%),missing saved score,missing saved score,No saved all-coordinate naive counts for this cohort and prefix,online_8b_shared_null_T13088_N500_v1/eta015
823,online_causal_prc_v1,Qwen3-8B-Base,Qwen3-8B-Base,0.15,5424,5424,500,0/500 (0.0%),missing saved score,missing saved score,No saved all-coordinate naive counts for this cohort and prefix,online_8b_shared_null_T13088_N500_v1/eta015
824,online_causal_prc_v1,Qwen3-8B-Base,Qwen3-8B-Base,0.15,5408,5408,500,0/500 (0.0%),missing saved score,missing saved score,No saved all-coordinate naive counts for this cohort and prefix,online_8b_shared_null_T13088_N500_v1/eta015
825,online_causal_prc_v1,Qwen3-8B-Base,Qwen3-8B-Base,0.15,5392,5392,500,0/500 (0.0%),missing saved score,missing saved score,No saved all-coordinate naive counts for this cohort and prefix,online_8b_shared_null_T13088_N500_v1/eta015
826,online_causal_prc_v1,Qwen3-8B-Base,Qwen3-8B-Base,0.15,5376,5376,500,0/500 (0.0%),missing saved score,missing saved score,No saved all-coordinate naive counts for this cohort and prefix,online_8b_shared_null_T13088_N500_v1/eta015
827,online_causal_prc_v1,Qwen3-8B-Base,Qwen3-8B-Base,0.15,5360,5360,500,1/500 (0.2%),missing saved score,missing saved score,No saved all-coordinate naive counts for this cohort and prefix,online_8b_shared_null_T13088_N500_v1/eta015
828,online_causal_prc_v1,Qwen3-8B-Base,Qwen3-8B-Base,0.15,5344,5344,500,0/500 (0.0%),missing saved score,missing saved score,No saved all-coordinate naive counts for this cohort and prefix,online_8b_shared_null_T13088_N500_v1/eta015
829,online_causal_prc_v1,Qwen3-8B-Base,Qwen3-8B-Base,0.15,5328,5328,500,0/500 (0.0%),missing saved score,missing saved score,No saved all-coordinate naive counts for this cohort and prefix,online_8b_shared_null_T13088_N500_v1/eta015
830,online_causal_prc_v1,Qwen3-8B-Base,Qwen3-8B-Base,0.15,5312,5312,500,0/500 (0.0%),missing saved score,missing saved score,No saved all-coordinate naive counts for this cohort and prefix,online_8b_shared_null_T13088_N500_v1/eta015
831,online_causal_prc_v1,Qwen3-8B-Base,Qwen3-8B-Base,0.15,5296,5296,500,1/500 (0.2%),missing saved score,missing saved score,No saved all-coordinate naive counts for this cohort and prefix,online_8b_shared_null_T13088_N500_v1/eta015
832,online_causal_prc_v1,Qwen3-8B-Base,Qwen3-8B-Base,0.15,5280,5280,500,0/500 (0.0%),missing saved score,missing saved score,No saved all-coordinate naive counts for this cohort and prefix,online_8b_shared_null_T13088_N500_v1/eta015
833,online_causal_prc_v1,Qwen3-8B-Base,Qwen3-8B-Base,0.15,5264,5264,500,0/500 (0.0%),missing saved score,missing saved score,No saved all-coordinate naive counts for this cohort and prefix,online_8b_shared_null_T13088_N500_v1/eta015
834,online_causal_prc_v1,Qwen3-8B-Base,Qwen3-8B-Base,0.15,5248,5248,500,0/500 (0.0%),missing saved score,missing saved score,No saved all-coordinate naive counts for this cohort and prefix,online_8b_shared_null_T13088_N500_v1/eta015
835,online_causal_prc_v1,Qwen3-8B-Base,Qwen3-8B-Base,0.15,5232,5232,500,0/500 (0.0%),missing saved score,missing saved score,No saved all-coordinate naive counts for this cohort and prefix,online_8b_shared_null_T13088_N500_v1/eta015
836,online_causal_prc_v1,Qwen3-8B-Base,Qwen3-8B-Base,0.15,5216,5216,500,0/500 (0.0%),missing saved score,missing saved score,No saved all-coordinate naive counts for this cohort and prefix,online_8b_shared_null_T13088_N500_v1/eta015
837,online_causal_prc_v1,Qwen3-8B-Base,Qwen3-8B-Base,0.15,5200,5200,500,0/500 (0.0%),missing saved score,missing saved score,No saved all-coordinate naive counts for this cohort and prefix,online_8b_shared_null_T13088_N500_v1/eta015
838,online_causal_prc_v1,Qwen3-8B-Base,Qwen3-8B-Base,0.15,5184,5184,500,0/500 (0.0%),missing saved score,missing saved score,No saved all-coordinate naive counts for this cohort and prefix,online_8b_shared_null_T13088_N500_v1/eta015
839,online_causal_prc_v1,Qwen3-8B-Base,Qwen3-8B-Base,0.15,5168,5168,500,0/500 (0.0%),missing saved score,missing saved score,No saved all-coordinate naive counts for this cohort and prefix,online_8b_shared_null_T13088_N500_v1/eta015
840,online_causal_prc_v1,Qwen3-8B-Base,Qwen3-8B-Base,0.15,5152,5152,500,0/500 (0.0%),missing saved score,missing saved score,No saved all-coordinate naive counts for this cohort and prefix,online_8b_shared_null_T13088_N500_v1/eta015
841,online_causal_prc_v1,Qwen3-8B-Base,Qwen3-8B-Base,0.15,5136,5136,500,0/500 (0.0%),missing saved score,missing saved score,No saved all-coordinate naive counts for this cohort and prefix,online_8b_shared_null_T13088_N500_v1/eta015
842,online_causal_prc_v1,Qwen3-8B-Base,Qwen3-8B-Base,0.15,5120,5120,500,0/500 (0.0%),missing saved score,missing saved score,No saved all-coordinate naive counts for this cohort and prefix,online_8b_shared_null_T13088_N500_v1/eta015
843,online_causal_prc_v1,Qwen3-8B-Base,Qwen3-8B-Base,0.15,5104,5104,500,0/500 (0.0%),missing saved score,missing saved score,No saved all-coordinate naive counts for this cohort and prefix,online_8b_shared_null_T13088_N500_v1/eta015
844,online_causal_prc_v1,Qwen3-8B-Base,Qwen3-8B-Base,0.15,5088,5088,500,0/500 (0.0%),missing saved score,missing saved score,No saved all-coordinate naive counts for this cohort and prefix,online_8b_shared_null_T13088_N500_v1/eta015
845,online_causal_prc_v1,Qwen3-8B-Base,Qwen3-8B-Base,0.15,5072,5072,500,0/500 (0.0%),missing saved score,missing saved score,No saved all-coordinate naive counts for this cohort and prefix,online_8b_shared_null_T13088_N500_v1/eta015
846,online_causal_prc_v1,Qwen3-8B-Base,Qwen3-8B-Base,0.15,5056,5056,500,0/500 (0.0%),missing saved score,missing saved score,No saved all-coordinate naive counts for this cohort and prefix,online_8b_shared_null_T13088_N500_v1/eta015
847,online_causal_prc_v1,Qwen3-8B-Base,Qwen3-8B-Base,0.15,5040,5040,500,0/500 (0.0%),missing saved score,missing saved score,No saved all-coordinate naive counts for this cohort and prefix,online_8b_shared_null_T13088_N500_v1/eta015
848,online_causal_prc_v1,Qwen3-8B-Base,Qwen3-8B-Base,0.15,5024,5024,500,0/500 (0.0%),missing saved score,missing saved score,No saved all-coordinate naive counts for this cohort and prefix,online_8b_shared_null_T13088_N500_v1/eta015
849,online_causal_prc_v1,Qwen3-8B-Base,Qwen3-8B-Base,0.15,5008,5008,500,0/500 (0.0%),missing saved score,missing saved score,No saved all-coordinate naive counts for this cohort and prefix,online_8b_shared_null_T13088_N500_v1/eta015
850,online_causal_prc_v1,Qwen3-8B-Base,Qwen3-8B-Base,0.15,4992,4992,500,0/500 (0.0%),missing saved score,missing saved score,No saved all-coordinate naive counts for this cohort and prefix,online_8b_shared_null_T13088_N500_v1/eta015
851,online_causal_prc_v1,Qwen3-8B-Base,Qwen3-8B-Base,0.15,4976,4976,500,0/500 (0.0%),missing saved score,missing saved score,No saved all-coordinate naive counts for this cohort and prefix,online_8b_shared_null_T13088_N500_v1/eta015
852,online_causal_prc_v1,Qwen3-8B-Base,Qwen3-8B-Base,0.15,4960,4960,500,0/500 (0.0%),missing saved score,missing saved score,No saved all-coordinate naive counts for this cohort and prefix,online_8b_shared_null_T13088_N500_v1/eta015
853,online_causal_prc_v1,Qwen3-8B-Base,Qwen3-8B-Base,0.15,4944,4944,500,0/500 (0.0%),missing saved score,missing saved score,No saved all-coordinate naive counts for this cohort and prefix,online_8b_shared_null_T13088_N500_v1/eta015
854,online_causal_prc_v1,Qwen3-8B-Base,Qwen3-8B-Base,0.15,4928,4928,500,0/500 (0.0%),missing saved score,missing saved score,No saved all-coordinate naive counts for this cohort and prefix,online_8b_shared_null_T13088_N500_v1/eta015
855,online_causal_prc_v1,Qwen3-8B-Base,Qwen3-8B-Base,0.15,4912,4912,500,0/500 (0.0%),missing saved score,missing saved score,No saved all-coordinate naive counts for this cohort and prefix,online_8b_shared_null_T13088_N500_v1/eta015
856,online_causal_prc_v1,Qwen3-8B-Base,Qwen3-8B-Base,0.15,4896,4896,500,0/500 (0.0%),missing saved score,missing saved score,No saved all-coordinate naive counts for this cohort and prefix,online_8b_shared_null_T13088_N500_v1/eta015
857,online_causal_prc_v1,Qwen3-8B-Base,Qwen3-8B-Base,0.15,4880,4880,500,0/500 (0.0%),missing saved score,missing saved score,No saved all-coordinate naive counts for this cohort and prefix,online_8b_shared_null_T13088_N500_v1/eta015
858,online_causal_prc_v1,Qwen3-8B-Base,Qwen3-8B-Base,0.15,4864,4864,500,0/500 (0.0%),missing saved score,missing saved score,No saved all-coordinate naive counts for this cohort and prefix,online_8b_shared_null_T13088_N500_v1/eta015
859,online_causal_prc_v1,Qwen3-8B-Base,Qwen3-8B-Base,0.15,4848,4848,500,0/500 (0.0%),missing saved score,missing saved score,No saved all-coordinate naive counts for this cohort and prefix,online_8b_shared_null_T13088_N500_v1/eta015
860,online_causal_prc_v1,Qwen3-8B-Base,Qwen3-8B-Base,0.15,4832,4832,500,0/500 (0.0%),missing saved score,missing saved score,No saved all-coordinate naive counts for this cohort and prefix,online_8b_shared_null_T13088_N500_v1/eta015
861,online_causal_prc_v1,Qwen3-8B-Base,Qwen3-8B-Base,0.15,4816,4816,500,0/500 (0.0%),missing saved score,missing saved score,No saved all-coordinate naive counts for this cohort and prefix,online_8b_shared_null_T13088_N500_v1/eta015
862,online_causal_prc_v1,Qwen3-8B-Base,Qwen3-8B-Base,0.15,4800,4800,500,0/500 (0.0%),missing saved score,missing saved score,No saved all-coordinate naive counts for this cohort and prefix,online_8b_shared_null_T13088_N500_v1/eta015
863,online_causal_prc_v1,Qwen3-8B-Base,Qwen3-8B-Base,0.15,4784,4784,500,0/500 (0.0%),missing saved score,missing saved score,No saved all-coordinate naive counts for this cohort and prefix,online_8b_shared_null_T13088_N500_v1/eta015
864,online_causal_prc_v1,Qwen3-8B-Base,Qwen3-8B-Base,0.15,4768,4768,500,0/500 (0.0%),missing saved score,missing saved score,No saved all-coordinate naive counts for this cohort and prefix,online_8b_shared_null_T13088_N500_v1/eta015
865,online_causal_prc_v1,Qwen3-8B-Base,Qwen3-8B-Base,0.15,4752,4752,500,0/500 (0.0%),missing saved score,missing saved score,No saved all-coordinate naive counts for this cohort and prefix,online_8b_shared_null_T13088_N500_v1/eta015
866,online_causal_prc_v1,Qwen3-8B-Base,Qwen3-8B-Base,0.15,4736,4736,500,0/500 (0.0%),missing saved score,missing saved score,No saved all-coordinate naive counts for this cohort and prefix,online_8b_shared_null_T13088_N500_v1/eta015
867,online_causal_prc_v1,Qwen3-8B-Base,Qwen3-8B-Base,0.15,4720,4720,500,0/500 (0.0%),missing saved score,missing saved score,No saved all-coordinate naive counts for this cohort and prefix,online_8b_shared_null_T13088_N500_v1/eta015
868,online_causal_prc_v1,Qwen3-8B-Base,Qwen3-8B-Base,0.15,4704,4704,500,0/500 (0.0%),missing saved score,missing saved score,No saved all-coordinate naive counts for this cohort and prefix,online_8b_shared_null_T13088_N500_v1/eta015
869,online_causal_prc_v1,Qwen3-8B-Base,Qwen3-8B-Base,0.15,4688,4688,500,0/500 (0.0%),missing saved score,missing saved score,No saved all-coordinate naive counts for this cohort and prefix,online_8b_shared_null_T13088_N500_v1/eta015
870,online_causal_prc_v1,Qwen3-8B-Base,Qwen3-8B-Base,0.15,4672,4672,500,0/500 (0.0%),missing saved score,missing saved score,No saved all-coordinate naive counts for this cohort and prefix,online_8b_shared_null_T13088_N500_v1/eta015
871,online_causal_prc_v1,Qwen3-8B-Base,Qwen3-8B-Base,0.15,4656,4656,500,0/500 (0.0%),missing saved score,missing saved score,No saved all-coordinate naive counts for this cohort and prefix,online_8b_shared_null_T13088_N500_v1/eta015
873,online_causal_prc_v1,Qwen3-8B-Base,Qwen3-8B-Base,0.2,13072,13072,500,1/500 (0.2%),missing saved score,missing saved score,No saved all-coordinate naive counts for this cohort and prefix,online_8b_shared_null_T13088_N500_v1/eta020
874,online_causal_prc_v1,Qwen3-8B-Base,Qwen3-8B-Base,0.2,13056,13056,500,1/500 (0.2%),missing saved score,missing saved score,No saved all-coordinate naive counts for this cohort and prefix,online_8b_shared_null_T13088_N500_v1/eta020
875,online_causal_prc_v1,Qwen3-8B-Base,Qwen3-8B-Base,0.2,13040,13040,500,1/500 (0.2%),missing saved score,missing saved score,No saved all-coordinate naive counts for this cohort and prefix,online_8b_shared_null_T13088_N500_v1/eta020
876,online_causal_prc_v1,Qwen3-8B-Base,Qwen3-8B-Base,0.2,13024,13024,500,1/500 (0.2%),missing saved score,missing saved score,No saved all-coordinate naive counts for this cohort and prefix,online_8b_shared_null_T13088_N500_v1/eta020
877,online_causal_prc_v1,Qwen3-8B-Base,Qwen3-8B-Base,0.2,13008,13008,500,1/500 (0.2%),missing saved score,missing saved score,No saved all-coordinate naive counts for this cohort and prefix,online_8b_shared_null_T13088_N500_v1/eta020
878,online_causal_prc_v1,Qwen3-8B-Base,Qwen3-8B-Base,0.2,12992,12992,500,1/500 (0.2%),missing saved score,missing saved score,No saved all-coordinate naive counts for this cohort and prefix,online_8b_shared_null_T13088_N500_v1/eta020
879,online_causal_prc_v1,Qwen3-8B-Base,Qwen3-8B-Base,0.2,12976,12976,500,1/500 (0.2%),missing saved score,missing saved score,No saved all-coordinate naive counts for this cohort and prefix,online_8b_shared_null_T13088_N500_v1/eta020
880,online_causal_prc_v1,Qwen3-8B-Base,Qwen3-8B-Base,0.2,12960,12960,500,1/500 (0.2%),missing saved score,missing saved score,No saved all-coordinate naive counts for this cohort and prefix,online_8b_shared_null_T13088_N500_v1/eta020
881,online_causal_prc_v1,Qwen3-8B-Base,Qwen3-8B-Base,0.2,12944,12944,500,1/500 (0.2%),missing saved score,missing saved score,No saved all-coordinate naive counts for this cohort and prefix,online_8b_shared_null_T13088_N500_v1/eta020
882,online_causal_prc_v1,Qwen3-8B-Base,Qwen3-8B-Base,0.2,12928,12928,500,1/500 (0.2%),missing saved score,missing saved score,No saved all-coordinate naive counts for this cohort and prefix,online_8b_shared_null_T13088_N500_v1/eta020
883,online_causal_prc_v1,Qwen3-8B-Base,Qwen3-8B-Base,0.2,12912,12912,500,1/500 (0.2%),missing saved score,missing saved score,No saved all-coordinate naive counts for this cohort and prefix,online_8b_shared_null_T13088_N500_v1/eta020
884,online_causal_prc_v1,Qwen3-8B-Base,Qwen3-8B-Base,0.2,12896,12896,500,1/500 (0.2%),missing saved score,missing saved score,No saved all-coordinate naive counts for this cohort and prefix,online_8b_shared_null_T13088_N500_v1/eta020
885,online_causal_prc_v1,Qwen3-8B-Base,Qwen3-8B-Base,0.2,12880,12880,500,1/500 (0.2%),missing saved score,missing saved score,No saved all-coordinate naive counts for this cohort and prefix,online_8b_shared_null_T13088_N500_v1/eta020
886,online_causal_prc_v1,Qwen3-8B-Base,Qwen3-8B-Base,0.2,12864,12864,500,1/500 (0.2%),missing saved score,missing saved score,No saved all-coordinate naive counts for this cohort and prefix,online_8b_shared_null_T13088_N500_v1/eta020
887,online_causal_prc_v1,Qwen3-8B-Base,Qwen3-8B-Base,0.2,12848,12848,500,1/500 (0.2%),missing saved score,missing saved score,No saved all-coordinate naive counts for this cohort and prefix,online_8b_shared_null_T13088_N500_v1/eta020
888,online_causal_prc_v1,Qwen3-8B-Base,Qwen3-8B-Base,0.2,12832,12832,500,1/500 (0.2%),missing saved score,missing saved score,No saved all-coordinate naive counts for this cohort and prefix,online_8b_shared_null_T13088_N500_v1/eta020
889,online_causal_prc_v1,Qwen3-8B-Base,Qwen3-8B-Base,0.2,12816,12816,500,1/500 (0.2%),missing saved score,missing saved score,No saved all-coordinate naive counts for this cohort and prefix,online_8b_shared_null_T13088_N500_v1/eta020
890,online_causal_prc_v1,Qwen3-8B-Base,Qwen3-8B-Base,0.2,12800,12800,500,1/500 (0.2%),missing saved score,missing saved score,No saved all-coordinate naive counts for this cohort and prefix,online_8b_shared_null_T13088_N500_v1/eta020
891,online_causal_prc_v1,Qwen3-8B-Base,Qwen3-8B-Base,0.2,12784,12784,500,1/500 (0.2%),missing saved score,missing saved score,No saved all-coordinate naive counts for this cohort and prefix,online_8b_shared_null_T13088_N500_v1/eta020
892,online_causal_prc_v1,Qwen3-8B-Base,Qwen3-8B-Base,0.2,12768,12768,500,1/500 (0.2%),missing saved score,missing saved score,No saved all-coordinate naive counts for this cohort and prefix,online_8b_shared_null_T13088_N500_v1/eta020
893,online_causal_prc_v1,Qwen3-8B-Base,Qwen3-8B-Base,0.2,12752,12752,500,1/500 (0.2%),missing saved score,missing saved score,No saved all-coordinate naive counts for this cohort and prefix,online_8b_shared_null_T13088_N500_v1/eta020
894,online_causal_prc_v1,Qwen3-8B-Base,Qwen3-8B-Base,0.2,12736,12736,500,1/500 (0.2%),missing saved score,missing saved score,No saved all-coordinate naive counts for this cohort and prefix,online_8b_shared_null_T13088_N500_v1/eta020
895,online_causal_prc_v1,Qwen3-8B-Base,Qwen3-8B-Base,0.2,12720,12720,500,1/500 (0.2%),missing saved score,missing saved score,No saved all-coordinate naive counts for this cohort and prefix,online_8b_shared_null_T13088_N500_v1/eta020
896,online_causal_prc_v1,Qwen3-8B-Base,Qwen3-8B-Base,0.2,12704,12704,500,1/500 (0.2%),missing saved score,missing saved score,No saved all-coordinate naive counts for this cohort and prefix,online_8b_shared_null_T13088_N500_v1/eta020
897,online_causal_prc_v1,Qwen3-8B-Base,Qwen3-8B-Base,0.2,12688,12688,500,1/500 (0.2%),missing saved score,missing saved score,No saved all-coordinate naive counts for this cohort and prefix,online_8b_shared_null_T13088_N500_v1/eta020
898,online_causal_prc_v1,Qwen3-8B-Base,Qwen3-8B-Base,0.2,12672,12672,500,1/500 (0.2%),missing saved score,missing saved score,No saved all-coordinate naive counts for this cohort and prefix,online_8b_shared_null_T13088_N500_v1/eta020
899,online_causal_prc_v1,Qwen3-8B-Base,Qwen3-8B-Base,0.2,12656,12656,500,1/500 (0.2%),missing saved score,missing saved score,No saved all-coordinate naive counts for this cohort and prefix,online_8b_shared_null_T13088_N500_v1/eta020
900,online_causal_prc_v1,Qwen3-8B-Base,Qwen3-8B-Base,0.2,12640,12640,500,1/500 (0.2%),missing saved score,missing saved score,No saved all-coordinate naive counts for this cohort and prefix,online_8b_shared_null_T13088_N500_v1/eta020
901,online_causal_prc_v1,Qwen3-8B-Base,Qwen3-8B-Base,0.2,12624,12624,500,1/500 (0.2%),missing saved score,missing saved score,No saved all-coordinate naive counts for this cohort and prefix,online_8b_shared_null_T13088_N500_v1/eta020
902,online_causal_prc_v1,Qwen3-8B-Base,Qwen3-8B-Base,0.2,12608,12608,500,1/500 (0.2%),missing saved score,missing saved score,No saved all-coordinate naive counts for this cohort and prefix,online_8b_shared_null_T13088_N500_v1/eta020
903,online_causal_prc_v1,Qwen3-8B-Base,Qwen3-8B-Base,0.2,12592,12592,500,1/500 (0.2%),missing saved score,missing saved score,No saved all-coordinate naive counts for this cohort and prefix,online_8b_shared_null_T13088_N500_v1/eta020
904,online_causal_prc_v1,Qwen3-8B-Base,Qwen3-8B-Base,0.2,12576,12576,500,1/500 (0.2%),missing saved score,missing saved score,No saved all-coordinate naive counts for this cohort and prefix,online_8b_shared_null_T13088_N500_v1/eta020
905,online_causal_prc_v1,Qwen3-8B-Base,Qwen3-8B-Base,0.2,12560,12560,500,1/500 (0.2%),missing saved score,missing saved score,No saved all-coordinate naive counts for this cohort and prefix,online_8b_shared_null_T13088_N500_v1/eta020
906,online_causal_prc_v1,Qwen3-8B-Base,Qwen3-8B-Base,0.2,12544,12544,500,1/500 (0.2%),missing saved score,missing saved score,No saved all-coordinate naive counts for this cohort and prefix,online_8b_shared_null_T13088_N500_v1/eta020
907,online_causal_prc_v1,Qwen3-8B-Base,Qwen3-8B-Base,0.2,12528,12528,500,1/500 (0.2%),missing saved score,missing saved score,No saved all-coordinate naive counts for this cohort and prefix,online_8b_shared_null_T13088_N500_v1/eta020
908,online_causal_prc_v1,Qwen3-8B-Base,Qwen3-8B-Base,0.2,12512,12512,500,1/500 (0.2%),missing saved score,missing saved score,No saved all-coordinate naive counts for this cohort and prefix,online_8b_shared_null_T13088_N500_v1/eta020
909,online_causal_prc_v1,Qwen3-8B-Base,Qwen3-8B-Base,0.2,12496,12496,500,1/500 (0.2%),missing saved score,missing saved score,No saved all-coordinate naive counts for this cohort and prefix,online_8b_shared_null_T13088_N500_v1/eta020
910,online_causal_prc_v1,Qwen3-8B-Base,Qwen3-8B-Base,0.2,12480,12480,500,1/500 (0.2%),missing saved score,missing saved score,No saved all-coordinate naive counts for this cohort and prefix,online_8b_shared_null_T13088_N500_v1/eta020
911,online_causal_prc_v1,Qwen3-8B-Base,Qwen3-8B-Base,0.2,12464,12464,500,1/500 (0.2%),missing saved score,missing saved score,No saved all-coordinate naive counts for this cohort and prefix,online_8b_shared_null_T13088_N500_v1/eta020
912,online_causal_prc_v1,Qwen3-8B-Base,Qwen3-8B-Base,0.2,12448,12448,500,1/500 (0.2%),missing saved score,missing saved score,No saved all-coordinate naive counts for this cohort and prefix,online_8b_shared_null_T13088_N500_v1/eta020
913,online_causal_prc_v1,Qwen3-8B-Base,Qwen3-8B-Base,0.2,12432,12432,500,0/500 (0.0%),missing saved score,missing saved score,No saved all-coordinate naive counts for this cohort and prefix,online_8b_shared_null_T13088_N500_v1/eta020
914,online_causal_prc_v1,Qwen3-8B-Base,Qwen3-8B-Base,0.2,12416,12416,500,0/500 (0.0%),missing saved score,missing saved score,No saved all-coordinate naive counts for this cohort and prefix,online_8b_shared_null_T13088_N500_v1/eta020
915,online_causal_prc_v1,Qwen3-8B-Base,Qwen3-8B-Base,0.2,12400,12400,500,0/500 (0.0%),missing saved score,missing saved score,No saved all-coordinate naive counts for this cohort and prefix,online_8b_shared_null_T13088_N500_v1/eta020
916,online_causal_prc_v1,Qwen3-8B-Base,Qwen3-8B-Base,0.2,12384,12384,500,0/500 (0.0%),missing saved score,missing saved score,No saved all-coordinate naive counts for this cohort and prefix,online_8b_shared_null_T13088_N500_v1/eta020
917,online_causal_prc_v1,Qwen3-8B-Base,Qwen3-8B-Base,0.2,12368,12368,500,0/500 (0.0%),missing saved score,missing saved score,No saved all-coordinate naive counts for this cohort and prefix,online_8b_shared_null_T13088_N500_v1/eta020
918,online_causal_prc_v1,Qwen3-8B-Base,Qwen3-8B-Base,0.2,12352,12352,500,0/500 (0.0%),missing saved score,missing saved score,No saved all-coordinate naive counts for this cohort and prefix,online_8b_shared_null_T13088_N500_v1/eta020
919,online_causal_prc_v1,Qwen3-8B-Base,Qwen3-8B-Base,0.2,12336,12336,500,0/500 (0.0%),missing saved score,missing saved score,No saved all-coordinate naive counts for this cohort and prefix,online_8b_shared_null_T13088_N500_v1/eta020
920,online_causal_prc_v1,Qwen3-8B-Base,Qwen3-8B-Base,0.2,12320,12320,500,0/500 (0.0%),missing saved score,missing saved score,No saved all-coordinate naive counts for this cohort and prefix,online_8b_shared_null_T13088_N500_v1/eta020
921,online_causal_prc_v1,Qwen3-8B-Base,Qwen3-8B-Base,0.2,12304,12304,500,0/500 (0.0%),missing saved score,missing saved score,No saved all-coordinate naive counts for this cohort and prefix,online_8b_shared_null_T13088_N500_v1/eta020
922,online_causal_prc_v1,Qwen3-8B-Base,Qwen3-8B-Base,0.2,12288,12288,500,0/500 (0.0%),missing saved score,missing saved score,No saved all-coordinate naive counts for this cohort and prefix,online_8b_shared_null_T13088_N500_v1/eta020
923,online_causal_prc_v1,Qwen3-8B-Base,Qwen3-8B-Base,0.2,12272,12272,500,0/500 (0.0%),missing saved score,missing saved score,No saved all-coordinate naive counts for this cohort and prefix,online_8b_shared_null_T13088_N500_v1/eta020
924,online_causal_prc_v1,Qwen3-8B-Base,Qwen3-8B-Base,0.2,12256,12256,500,0/500 (0.0%),missing saved score,missing saved score,No saved all-coordinate naive counts for this cohort and prefix,online_8b_shared_null_T13088_N500_v1/eta020
925,online_causal_prc_v1,Qwen3-8B-Base,Qwen3-8B-Base,0.2,12240,12240,500,0/500 (0.0%),missing saved score,missing saved score,No saved all-coordinate naive counts for this cohort and prefix,online_8b_shared_null_T13088_N500_v1/eta020
926,online_causal_prc_v1,Qwen3-8B-Base,Qwen3-8B-Base,0.2,12224,12224,500,0/500 (0.0%),missing saved score,missing saved score,No saved all-coordinate naive counts for this cohort and prefix,online_8b_shared_null_T13088_N500_v1/eta020
927,online_causal_prc_v1,Qwen3-8B-Base,Qwen3-8B-Base,0.2,12208,12208,500,0/500 (0.0%),missing saved score,missing saved score,No saved all-coordinate naive counts for this cohort and prefix,online_8b_shared_null_T13088_N500_v1/eta020
928,online_causal_prc_v1,Qwen3-8B-Base,Qwen3-8B-Base,0.2,12192,12192,500,0/500 (0.0%),missing saved score,missing saved score,No saved all-coordinate naive counts for this cohort and prefix,online_8b_shared_null_T13088_N500_v1/eta020
929,online_causal_prc_v1,Qwen3-8B-Base,Qwen3-8B-Base,0.2,12176,12176,500,0/500 (0.0%),missing saved score,missing saved score,No saved all-coordinate naive counts for this cohort and prefix,online_8b_shared_null_T13088_N500_v1/eta020
930,online_causal_prc_v1,Qwen3-8B-Base,Qwen3-8B-Base,0.2,12160,12160,500,0/500 (0.0%),missing saved score,missing saved score,No saved all-coordinate naive counts for this cohort and prefix,online_8b_shared_null_T13088_N500_v1/eta020
931,online_causal_prc_v1,Qwen3-8B-Base,Qwen3-8B-Base,0.2,12144,12144,500,0/500 (0.0%),missing saved score,missing saved score,No saved all-coordinate naive counts for this cohort and prefix,online_8b_shared_null_T13088_N500_v1/eta020
932,online_causal_prc_v1,Qwen3-8B-Base,Qwen3-8B-Base,0.2,12128,12128,500,0/500 (0.0%),missing saved score,missing saved score,No saved all-coordinate naive counts for this cohort and prefix,online_8b_shared_null_T13088_N500_v1/eta020
933,online_causal_prc_v1,Qwen3-8B-Base,Qwen3-8B-Base,0.2,12112,12112,500,0/500 (0.0%),missing saved score,missing saved score,No saved all-coordinate naive counts for this cohort and prefix,online_8b_shared_null_T13088_N500_v1/eta020
934,online_causal_prc_v1,Qwen3-8B-Base,Qwen3-8B-Base,0.2,12096,12096,500,0/500 (0.0%),missing saved score,missing saved score,No saved all-coordinate naive counts for this cohort and prefix,online_8b_shared_null_T13088_N500_v1/eta020
935,online_causal_prc_v1,Qwen3-8B-Base,Qwen3-8B-Base,0.2,12080,12080,500,0/500 (0.0%),missing saved score,missing saved score,No saved all-coordinate naive counts for this cohort and prefix,online_8b_shared_null_T13088_N500_v1/eta020
936,online_causal_prc_v1,Qwen3-8B-Base,Qwen3-8B-Base,0.2,12064,12064,500,1/500 (0.2%),missing saved score,missing saved score,No saved all-coordinate naive counts for this cohort and prefix,online_8b_shared_null_T13088_N500_v1/eta020
937,online_causal_prc_v1,Qwen3-8B-Base,Qwen3-8B-Base,0.2,12048,12048,500,1/500 (0.2%),missing saved score,missing saved score,No saved all-coordinate naive counts for this cohort and prefix,online_8b_shared_null_T13088_N500_v1/eta020
938,online_causal_prc_v1,Qwen3-8B-Base,Qwen3-8B-Base,0.2,12032,12032,500,1/500 (0.2%),missing saved score,missing saved score,No saved all-coordinate naive counts for this cohort and prefix,online_8b_shared_null_T13088_N500_v1/eta020
939,online_causal_prc_v1,Qwen3-8B-Base,Qwen3-8B-Base,0.2,12016,12016,500,1/500 (0.2%),missing saved score,missing saved score,No saved all-coordinate naive counts for this cohort and prefix,online_8b_shared_null_T13088_N500_v1/eta020
940,online_causal_prc_v1,Qwen3-8B-Base,Qwen3-8B-Base,0.2,12000,12000,500,1/500 (0.2%),missing saved score,missing saved score,No saved all-coordinate naive counts for this cohort and prefix,online_8b_shared_null_T13088_N500_v1/eta020
941,online_causal_prc_v1,Qwen3-8B-Base,Qwen3-8B-Base,0.2,11984,11984,500,1/500 (0.2%),missing saved score,missing saved score,No saved all-coordinate naive counts for this cohort and prefix,online_8b_shared_null_T13088_N500_v1/eta020
942,online_causal_prc_v1,Qwen3-8B-Base,Qwen3-8B-Base,0.2,11968,11968,500,1/500 (0.2%),missing saved score,missing saved score,No saved all-coordinate naive counts for this cohort and prefix,online_8b_shared_null_T13088_N500_v1/eta020
943,online_causal_prc_v1,Qwen3-8B-Base,Qwen3-8B-Base,0.2,11952,11952,500,1/500 (0.2%),missing saved score,missing saved score,No saved all-coordinate naive counts for this cohort and prefix,online_8b_shared_null_T13088_N500_v1/eta020
944,online_causal_prc_v1,Qwen3-8B-Base,Qwen3-8B-Base,0.2,11936,11936,500,1/500 (0.2%),missing saved score,missing saved score,No saved all-coordinate naive counts for this cohort and prefix,online_8b_shared_null_T13088_N500_v1/eta020
945,online_causal_prc_v1,Qwen3-8B-Base,Qwen3-8B-Base,0.2,11920,11920,500,1/500 (0.2%),missing saved score,missing saved score,No saved all-coordinate naive counts for this cohort and prefix,online_8b_shared_null_T13088_N500_v1/eta020
946,online_causal_prc_v1,Qwen3-8B-Base,Qwen3-8B-Base,0.2,11904,11904,500,1/500 (0.2%),missing saved score,missing saved score,No saved all-coordinate naive counts for this cohort and prefix,online_8b_shared_null_T13088_N500_v1/eta020
947,online_causal_prc_v1,Qwen3-8B-Base,Qwen3-8B-Base,0.2,11888,11888,500,1/500 (0.2%),missing saved score,missing saved score,No saved all-coordinate naive counts for this cohort and prefix,online_8b_shared_null_T13088_N500_v1/eta020
948,online_causal_prc_v1,Qwen3-8B-Base,Qwen3-8B-Base,0.2,11872,11872,500,1/500 (0.2%),missing saved score,missing saved score,No saved all-coordinate naive counts for this cohort and prefix,online_8b_shared_null_T13088_N500_v1/eta020
949,online_causal_prc_v1,Qwen3-8B-Base,Qwen3-8B-Base,0.2,11856,11856,500,1/500 (0.2%),missing saved score,missing saved score,No saved all-coordinate naive counts for this cohort and prefix,online_8b_shared_null_T13088_N500_v1/eta020
950,online_causal_prc_v1,Qwen3-8B-Base,Qwen3-8B-Base,0.2,11840,11840,500,1/500 (0.2%),missing saved score,missing saved score,No saved all-coordinate naive counts for this cohort and prefix,online_8b_shared_null_T13088_N500_v1/eta020
951,online_causal_prc_v1,Qwen3-8B-Base,Qwen3-0.6B-Base,0.2,11840,11840,500,skipped,missing saved score,missing saved score,No saved all-coordinate naive counts for this cohort and prefix,online_8b_0p6b_missing_prefixes_20260924_v1/eta020
952,online_causal_prc_v1,Qwen3-8B-Base,Qwen3-0.6B-Base,0.2,11856,11856,500,skipped,missing saved score,missing saved score,No saved all-coordinate naive counts for this cohort and prefix,online_8b_0p6b_missing_prefixes_20260924_v1/eta020
953,online_causal_prc_v1,Qwen3-8B-Base,Qwen3-0.6B-Base,0.2,11872,11872,500,skipped,missing saved score,missing saved score,No saved all-coordinate naive counts for this cohort and prefix,online_8b_0p6b_missing_prefixes_20260924_v1/eta020
954,online_causal_prc_v1,Qwen3-8B-Base,Qwen3-0.6B-Base,0.2,11888,11888,500,skipped,missing saved score,missing saved score,No saved all-coordinate naive counts for this cohort and prefix,online_8b_0p6b_missing_prefixes_20260924_v1/eta020
955,online_causal_prc_v1,Qwen3-8B-Base,Qwen3-0.6B-Base,0.2,11904,11904,500,skipped,missing saved score,missing saved score,No saved all-coordinate naive counts for this cohort and prefix,online_8b_0p6b_missing_prefixes_20260924_v1/eta020
956,online_causal_prc_v1,Qwen3-8B-Base,Qwen3-0.6B-Base,0.2,11920,11920,500,skipped,missing saved score,missing saved score,No saved all-coordinate naive counts for this cohort and prefix,online_8b_0p6b_missing_prefixes_20260924_v1/eta020
957,online_causal_prc_v1,Qwen3-8B-Base,Qwen3-0.6B-Base,0.2,11936,11936,500,skipped,missing saved score,missing saved score,No saved all-coordinate naive counts for this cohort and prefix,online_8b_0p6b_missing_prefixes_20260924_v1/eta020
958,online_causal_prc_v1,Qwen3-8B-Base,Qwen3-0.6B-Base,0.2,11952,11952,500,skipped,missing saved score,missing saved score,No saved all-coordinate naive counts for this cohort and prefix,online_8b_0p6b_missing_prefixes_20260924_v1/eta020
959,online_causal_prc_v1,Qwen3-8B-Base,Qwen3-0.6B-Base,0.2,11968,11968,500,skipped,missing saved score,missing saved score,No saved all-coordinate naive counts for this cohort and prefix,online_8b_0p6b_missing_prefixes_20260924_v1/eta020
960,online_causal_prc_v1,Qwen3-8B-Base,Qwen3-0.6B-Base,0.2,11984,11984,500,skipped,missing saved score,missing saved score,No saved all-coordinate naive counts for this cohort and prefix,online_8b_0p6b_missing_prefixes_20260924_v1/eta020
961,online_causal_prc_v1,Qwen3-8B-Base,Qwen3-0.6B-Base,0.2,12000,12000,500,skipped,missing saved score,missing saved score,No saved all-coordinate naive counts for this cohort and prefix,online_8b_0p6b_missing_prefixes_20260924_v1/eta020
962,online_causal_prc_v1,Qwen3-8B-Base,Qwen3-0.6B-Base,0.2,12016,12016,500,skipped,missing saved score,missing saved score,No saved all-coordinate naive counts for this cohort and prefix,online_8b_0p6b_missing_prefixes_20260924_v1/eta020
963,online_causal_prc_v1,Qwen3-8B-Base,Qwen3-0.6B-Base,0.2,12032,12032,500,skipped,missing saved score,missing saved score,No saved all-coordinate naive counts for this cohort and prefix,online_8b_0p6b_missing_prefixes_20260924_v1/eta020
964,online_causal_prc_v1,Qwen3-8B-Base,Qwen3-0.6B-Base,0.2,12048,12048,500,skipped,missing saved score,missing saved score,No saved all-coordinate naive counts for this cohort and prefix,online_8b_0p6b_missing_prefixes_20260924_v1/eta020
965,online_causal_prc_v1,Qwen3-8B-Base,Qwen3-0.6B-Base,0.2,12064,12064,500,skipped,missing saved score,missing saved score,No saved all-coordinate naive counts for this cohort and prefix,online_8b_0p6b_missing_prefixes_20260924_v1/eta020
966,online_causal_prc_v1,Qwen3-8B-Base,Qwen3-0.6B-Base,0.2,12080,12080,500,skipped,missing saved score,missing saved score,No saved all-coordinate naive counts for this cohort and prefix,online_8b_0p6b_missing_prefixes_20260924_v1/eta020
967,online_causal_prc_v1,Qwen3-8B-Base,Qwen3-0.6B-Base,0.2,12096,12096,500,skipped,missing saved score,missing saved score,No saved all-coordinate naive counts for this cohort and prefix,online_8b_0p6b_missing_prefixes_20260924_v1/eta020
968,online_causal_prc_v1,Qwen3-8B-Base,Qwen3-0.6B-Base,0.2,12112,12112,500,skipped,missing saved score,missing saved score,No saved all-coordinate naive counts for this cohort and prefix,online_8b_0p6b_missing_prefixes_20260924_v1/eta020
969,online_causal_prc_v1,Qwen3-8B-Base,Qwen3-0.6B-Base,0.2,12128,12128,500,skipped,missing saved score,missing saved score,No saved all-coordinate naive counts for this cohort and prefix,online_8b_0p6b_missing_prefixes_20260924_v1/eta020
970,online_causal_prc_v1,Qwen3-8B-Base,Qwen3-0.6B-Base,0.2,12144,12144,500,skipped,missing saved score,missing saved score,No saved all-coordinate naive counts for this cohort and prefix,online_8b_0p6b_missing_prefixes_20260924_v1/eta020
971,online_causal_prc_v1,Qwen3-8B-Base,Qwen3-0.6B-Base,0.2,12160,12160,500,skipped,missing saved score,missing saved score,No saved all-coordinate naive counts for this cohort and prefix,online_8b_0p6b_missing_prefixes_20260924_v1/eta020
972,online_causal_prc_v1,Qwen3-8B-Base,Qwen3-0.6B-Base,0.2,12176,12176,500,skipped,missing saved score,missing saved score,No saved all-coordinate naive counts for this cohort and prefix,online_8b_0p6b_missing_prefixes_20260924_v1/eta020
973,online_causal_prc_v1,Qwen3-8B-Base,Qwen3-0.6B-Base,0.2,12192,12192,500,skipped,missing saved score,missing saved score,No saved all-coordinate naive counts for this cohort and prefix,online_8b_0p6b_missing_prefixes_20260924_v1/eta020
974,online_causal_prc_v1,Qwen3-8B-Base,Qwen3-0.6B-Base,0.2,12208,12208,500,skipped,missing saved score,missing saved score,No saved all-coordinate naive counts for this cohort and prefix,online_8b_0p6b_missing_prefixes_20260924_v1/eta020
975,online_causal_prc_v1,Qwen3-8B-Base,Qwen3-0.6B-Base,0.2,12224,12224,500,skipped,missing saved score,missing saved score,No saved all-coordinate naive counts for this cohort and prefix,online_8b_0p6b_missing_prefixes_20260924_v1/eta020
976,online_causal_prc_v1,Qwen3-8B-Base,Qwen3-0.6B-Base,0.2,12240,12240,500,skipped,missing saved score,missing saved score,No saved all-coordinate naive counts for this cohort and prefix,online_8b_0p6b_missing_prefixes_20260924_v1/eta020
977,online_causal_prc_v1,Qwen3-8B-Base,Qwen3-0.6B-Base,0.2,12256,12256,500,skipped,missing saved score,missing saved score,No saved all-coordinate naive counts for this cohort and prefix,online_8b_0p6b_missing_prefixes_20260924_v1/eta020
978,online_causal_prc_v1,Qwen3-8B-Base,Qwen3-0.6B-Base,0.2,12272,12272,500,skipped,missing saved score,missing saved score,No saved all-coordinate naive counts for this cohort and prefix,online_8b_0p6b_missing_prefixes_20260924_v1/eta020
979,online_causal_prc_v1,Qwen3-8B-Base,Qwen3-0.6B-Base,0.2,12288,12288,500,skipped,missing saved score,missing saved score,No saved all-coordinate naive counts for this cohort and prefix,online_8b_0p6b_missing_prefixes_20260924_v1/eta020
980,online_causal_prc_v1,Qwen3-8B-Base,Qwen3-0.6B-Base,0.2,12304,12304,500,skipped,missing saved score,missing saved score,No saved all-coordinate naive counts for this cohort and prefix,online_8b_0p6b_missing_prefixes_20260924_v1/eta020
981,online_causal_prc_v1,Qwen3-8B-Base,Qwen3-0.6B-Base,0.2,12320,12320,500,skipped,missing saved score,missing saved score,No saved all-coordinate naive counts for this cohort and prefix,online_8b_0p6b_missing_prefixes_20260924_v1/eta020
982,online_causal_prc_v1,Qwen3-8B-Base,Qwen3-0.6B-Base,0.2,12336,12336,500,skipped,missing saved score,missing saved score,No saved all-coordinate naive counts for this cohort and prefix,online_8b_0p6b_missing_prefixes_20260924_v1/eta020
983,online_causal_prc_v1,Qwen3-8B-Base,Qwen3-0.6B-Base,0.2,12352,12352,500,skipped,missing saved score,missing saved score,No saved all-coordinate naive counts for this cohort and prefix,online_8b_0p6b_missing_prefixes_20260924_v1/eta020
984,online_causal_prc_v1,Qwen3-8B-Base,Qwen3-0.6B-Base,0.2,12368,12368,500,skipped,missing saved score,missing saved score,No saved all-coordinate naive counts for this cohort and prefix,online_8b_0p6b_missing_prefixes_20260924_v1/eta020
985,online_causal_prc_v1,Qwen3-8B-Base,Qwen3-0.6B-Base,0.2,12384,12384,500,skipped,missing saved score,missing saved score,No saved all-coordinate naive counts for this cohort and prefix,online_8b_0p6b_missing_prefixes_20260924_v1/eta020
986,online_causal_prc_v1,Qwen3-8B-Base,Qwen3-0.6B-Base,0.2,12400,12400,500,skipped,missing saved score,missing saved score,No saved all-coordinate naive counts for this cohort and prefix,online_8b_0p6b_missing_prefixes_20260924_v1/eta020
987,online_causal_prc_v1,Qwen3-8B-Base,Qwen3-0.6B-Base,0.2,12416,12416,500,skipped,missing saved score,missing saved score,No saved all-coordinate naive counts for this cohort and prefix,online_8b_0p6b_missing_prefixes_20260924_v1/eta020
988,online_causal_prc_v1,Qwen3-8B-Base,Qwen3-0.6B-Base,0.2,12432,12432,500,skipped,missing saved score,missing saved score,No saved all-coordinate naive counts for this cohort and prefix,online_8b_0p6b_missing_prefixes_20260924_v1/eta020
989,online_causal_prc_v1,Qwen3-8B-Base,Qwen3-0.6B-Base,0.2,12448,12448,500,skipped,missing saved score,missing saved score,No saved all-coordinate naive counts for this cohort and prefix,online_8b_0p6b_missing_prefixes_20260924_v1/eta020
990,online_causal_prc_v1,Qwen3-8B-Base,Qwen3-0.6B-Base,0.2,12464,12464,500,skipped,missing saved score,missing saved score,No saved all-coordinate naive counts for this cohort and prefix,online_8b_0p6b_missing_prefixes_20260924_v1/eta020
991,online_causal_prc_v1,Qwen3-8B-Base,Qwen3-0.6B-Base,0.2,12480,12480,500,skipped,missing saved score,missing saved score,No saved all-coordinate naive counts for this cohort and prefix,online_8b_0p6b_missing_prefixes_20260924_v1/eta020
992,online_causal_prc_v1,Qwen3-8B-Base,Qwen3-0.6B-Base,0.2,12496,12496,500,skipped,missing saved score,missing saved score,No saved all-coordinate naive counts for this cohort and prefix,online_8b_0p6b_missing_prefixes_20260924_v1/eta020
993,online_causal_prc_v1,Qwen3-8B-Base,Qwen3-0.6B-Base,0.2,12512,12512,500,skipped,missing saved score,missing saved score,No saved all-coordinate naive counts for this cohort and prefix,online_8b_0p6b_missing_prefixes_20260924_v1/eta020
994,online_causal_prc_v1,Qwen3-8B-Base,Qwen3-0.6B-Base,0.2,12528,12528,500,skipped,missing saved score,missing saved score,No saved all-coordinate naive counts for this cohort and prefix,online_8b_0p6b_missing_prefixes_20260924_v1/eta020
995,online_causal_prc_v1,Qwen3-8B-Base,Qwen3-0.6B-Base,0.2,12544,12544,500,skipped,missing saved score,missing saved score,No saved all-coordinate naive counts for this cohort and prefix,online_8b_0p6b_missing_prefixes_20260924_v1/eta020
996,online_causal_prc_v1,Qwen3-8B-Base,Qwen3-0.6B-Base,0.2,12560,12560,500,skipped,missing saved score,missing saved score,No saved all-coordinate naive counts for this cohort and prefix,online_8b_0p6b_missing_prefixes_20260924_v1/eta020
997,online_causal_prc_v1,Qwen3-8B-Base,Qwen3-0.6B-Base,0.2,12576,12576,500,skipped,missing saved score,missing saved score,No saved all-coordinate naive counts for this cohort and prefix,online_8b_0p6b_missing_prefixes_20260924_v1/eta020
998,online_causal_prc_v1,Qwen3-8B-Base,Qwen3-0.6B-Base,0.2,12592,12592,500,skipped,missing saved score,missing saved score,No saved all-coordinate naive counts for this cohort and prefix,online_8b_0p6b_missing_prefixes_20260924_v1/eta020
999,online_causal_prc_v1,Qwen3-8B-Base,Qwen3-0.6B-Base,0.2,12608,12608,500,skipped,missing saved score,missing saved score,No saved all-coordinate naive counts for this cohort and prefix,online_8b_0p6b_missing_prefixes_20260924_v1/eta020
1000,online_causal_prc_v1,Qwen3-8B-Base,Qwen3-0.6B-Base,0.2,12624,12624,500,skipped,missing saved score,missing saved score,No saved all-coordinate naive counts for this cohort and prefix,online_8b_0p6b_missing_prefixes_20260924_v1/eta020
1001,online_causal_prc_v1,Qwen3-8B-Base,Qwen3-0.6B-Base,0.2,12640,12640,500,skipped,missing saved score,missing saved score,No saved all-coordinate naive counts for this cohort and prefix,online_8b_0p6b_missing_prefixes_20260924_v1/eta020
1002,online_causal_prc_v1,Qwen3-8B-Base,Qwen3-0.6B-Base,0.2,12656,12656,500,skipped,missing saved score,missing saved score,No saved all-coordinate naive counts for this cohort and prefix,online_8b_0p6b_missing_prefixes_20260924_v1/eta020
1003,online_causal_prc_v1,Qwen3-8B-Base,Qwen3-0.6B-Base,0.2,12672,12672,500,skipped,missing saved score,missing saved score,No saved all-coordinate naive counts for this cohort and prefix,online_8b_0p6b_missing_prefixes_20260924_v1/eta020
1004,online_causal_prc_v1,Qwen3-8B-Base,Qwen3-0.6B-Base,0.2,12688,12688,500,skipped,missing saved score,missing saved score,No saved all-coordinate naive counts for this cohort and prefix,online_8b_0p6b_missing_prefixes_20260924_v1/eta020
1005,online_causal_prc_v1,Qwen3-8B-Base,Qwen3-0.6B-Base,0.2,12704,12704,500,skipped,missing saved score,missing saved score,No saved all-coordinate naive counts for this cohort and prefix,online_8b_0p6b_missing_prefixes_20260924_v1/eta020
1006,online_causal_prc_v1,Qwen3-8B-Base,Qwen3-0.6B-Base,0.2,12720,12720,500,skipped,missing saved score,missing saved score,No saved all-coordinate naive counts for this cohort and prefix,online_8b_0p6b_missing_prefixes_20260924_v1/eta020
1007,online_causal_prc_v1,Qwen3-8B-Base,Qwen3-0.6B-Base,0.2,12736,12736,500,skipped,missing saved score,missing saved score,No saved all-coordinate naive counts for this cohort and prefix,online_8b_0p6b_missing_prefixes_20260924_v1/eta020
1008,online_causal_prc_v1,Qwen3-8B-Base,Qwen3-0.6B-Base,0.2,12752,12752,500,skipped,missing saved score,missing saved score,No saved all-coordinate naive counts for this cohort and prefix,online_8b_0p6b_missing_prefixes_20260924_v1/eta020
1009,online_causal_prc_v1,Qwen3-8B-Base,Qwen3-0.6B-Base,0.2,12768,12768,500,skipped,missing saved score,missing saved score,No saved all-coordinate naive counts for this cohort and prefix,online_8b_0p6b_missing_prefixes_20260924_v1/eta020
1010,online_causal_prc_v1,Qwen3-8B-Base,Qwen3-0.6B-Base,0.2,12784,12784,500,skipped,missing saved score,missing saved score,No saved all-coordinate naive counts for this cohort and prefix,online_8b_0p6b_missing_prefixes_20260924_v1/eta020
1011,online_causal_prc_v1,Qwen3-8B-Base,Qwen3-0.6B-Base,0.2,12800,12800,500,skipped,missing saved score,missing saved score,No saved all-coordinate naive counts for this cohort and prefix,online_8b_0p6b_missing_prefixes_20260924_v1/eta020
1012,online_causal_prc_v1,Qwen3-8B-Base,Qwen3-0.6B-Base,0.2,12816,12816,500,skipped,missing saved score,missing saved score,No saved all-coordinate naive counts for this cohort and prefix,online_8b_0p6b_missing_prefixes_20260924_v1/eta020
1013,online_causal_prc_v1,Qwen3-8B-Base,Qwen3-0.6B-Base,0.2,12832,12832,500,skipped,missing saved score,missing saved score,No saved all-coordinate naive counts for this cohort and prefix,online_8b_0p6b_missing_prefixes_20260924_v1/eta020
1014,online_causal_prc_v1,Qwen3-8B-Base,Qwen3-0.6B-Base,0.2,12848,12848,500,skipped,missing saved score,missing saved score,No saved all-coordinate naive counts for this cohort and prefix,online_8b_0p6b_missing_prefixes_20260924_v1/eta020
1015,online_causal_prc_v1,Qwen3-8B-Base,Qwen3-0.6B-Base,0.2,12864,12864,500,skipped,missing saved score,missing saved score,No saved all-coordinate naive counts for this cohort and prefix,online_8b_0p6b_missing_prefixes_20260924_v1/eta020
1016,online_causal_prc_v1,Qwen3-8B-Base,Qwen3-0.6B-Base,0.2,12880,12880,500,skipped,missing saved score,missing saved score,No saved all-coordinate naive counts for this cohort and prefix,online_8b_0p6b_missing_prefixes_20260924_v1/eta020
1017,online_causal_prc_v1,Qwen3-8B-Base,Qwen3-0.6B-Base,0.2,12896,12896,500,skipped,missing saved score,missing saved score,No saved all-coordinate naive counts for this cohort and prefix,online_8b_0p6b_missing_prefixes_20260924_v1/eta020
1018,online_causal_prc_v1,Qwen3-8B-Base,Qwen3-0.6B-Base,0.2,12912,12912,500,skipped,missing saved score,missing saved score,No saved all-coordinate naive counts for this cohort and prefix,online_8b_0p6b_missing_prefixes_20260924_v1/eta020
1019,online_causal_prc_v1,Qwen3-8B-Base,Qwen3-0.6B-Base,0.2,12928,12928,500,skipped,missing saved score,missing saved score,No saved all-coordinate naive counts for this cohort and prefix,online_8b_0p6b_missing_prefixes_20260924_v1/eta020
1020,online_causal_prc_v1,Qwen3-8B-Base,Qwen3-0.6B-Base,0.2,12944,12944,500,skipped,missing saved score,missing saved score,No saved all-coordinate naive counts for this cohort and prefix,online_8b_0p6b_missing_prefixes_20260924_v1/eta020
1021,online_causal_prc_v1,Qwen3-8B-Base,Qwen3-0.6B-Base,0.2,12960,12960,500,skipped,missing saved score,missing saved score,No saved all-coordinate naive counts for this cohort and prefix,online_8b_0p6b_missing_prefixes_20260924_v1/eta020
1022,online_causal_prc_v1,Qwen3-8B-Base,Qwen3-0.6B-Base,0.2,12976,12976,500,skipped,missing saved score,missing saved score,No saved all-coordinate naive counts for this cohort and prefix,online_8b_0p6b_missing_prefixes_20260924_v1/eta020
1023,online_causal_prc_v1,Qwen3-8B-Base,Qwen3-0.6B-Base,0.2,12992,12992,500,skipped,missing saved score,missing saved score,No saved all-coordinate naive counts for this cohort and prefix,online_8b_0p6b_missing_prefixes_20260924_v1/eta020
1024,online_causal_prc_v1,Qwen3-8B-Base,Qwen3-0.6B-Base,0.2,13008,13008,500,skipped,missing saved score,missing saved score,No saved all-coordinate naive counts for this cohort and prefix,online_8b_0p6b_missing_prefixes_20260924_v1/eta020
1025,online_causal_prc_v1,Qwen3-8B-Base,Qwen3-0.6B-Base,0.2,13024,13024,500,skipped,missing saved score,missing saved score,No saved all-coordinate naive counts for this cohort and prefix,online_8b_0p6b_missing_prefixes_20260924_v1/eta020
1026,online_causal_prc_v1,Qwen3-8B-Base,Qwen3-0.6B-Base,0.2,13040,13040,500,skipped,missing saved score,missing saved score,No saved all-coordinate naive counts for this cohort and prefix,online_8b_0p6b_missing_prefixes_20260924_v1/eta020
1027,online_causal_prc_v1,Qwen3-8B-Base,Qwen3-0.6B-Base,0.2,13056,13056,500,skipped,missing saved score,missing saved score,No saved all-coordinate naive counts for this cohort and prefix,online_8b_0p6b_missing_prefixes_20260924_v1/eta020
1028,online_causal_prc_v1,Qwen3-8B-Base,Qwen3-0.6B-Base,0.2,13072,13072,500,skipped,missing saved score,missing saved score,No saved all-coordinate naive counts for this cohort and prefix,online_8b_0p6b_missing_prefixes_20260924_v1/eta020
1030,online_causal_prc_v1,Qwen3-8B-Base,Qwen3-0.6B-Base,0.2,13104,13104,500,skipped,missing saved score,intentionally omitted (beyond T13088),No saved all-coordinate naive TPR for this prefix; longer-null FPR intentionally omitted by user,online_8b_0p6b_missing_prefixes_20260924_v1/eta020
1031,online_causal_prc_v1,Qwen3-8B-Base,Qwen3-0.6B-Base,0.2,13120,13120,500,skipped,missing saved score,intentionally omitted (beyond T13088),No saved all-coordinate naive TPR for this prefix; longer-null FPR intentionally omitted by user,online_8b_0p6b_missing_prefixes_20260924_v1/eta020
1032,online_causal_prc_v1,Qwen3-8B-Base,Qwen3-0.6B-Base,0.2,13136,13136,500,skipped,missing saved score,intentionally omitted (beyond T13088),No saved all-coordinate naive TPR for this prefix; longer-null FPR intentionally omitted by user,online_8b_0p6b_missing_prefixes_20260924_v1/eta020
1033,online_causal_prc_v1,Qwen3-8B-Base,Qwen3-0.6B-Base,0.2,13152,13152,500,skipped,missing saved score,intentionally omitted (beyond T13088),No saved all-coordinate naive TPR for this prefix; longer-null FPR intentionally omitted by user,online_8b_0p6b_missing_prefixes_20260924_v1/eta020
1034,online_causal_prc_v1,Qwen3-8B-Base,Qwen3-0.6B-Base,0.2,13168,13168,500,skipped,missing saved score,intentionally omitted (beyond T13088),No saved all-coordinate naive TPR for this prefix; longer-null FPR intentionally omitted by user,online_8b_0p6b_missing_prefixes_20260924_v1/eta020
1035,online_causal_prc_v1,Qwen3-8B-Base,Qwen3-0.6B-Base,0.2,13184,13184,500,skipped,missing saved score,intentionally omitted (beyond T13088),No saved all-coordinate naive TPR for this prefix; longer-null FPR intentionally omitted by user,online_8b_0p6b_missing_prefixes_20260924_v1/eta020
1036,online_causal_prc_v1,Qwen3-8B-Base,Qwen3-0.6B-Base,0.2,13200,13200,500,skipped,missing saved score,intentionally omitted (beyond T13088),No saved all-coordinate naive TPR for this prefix; longer-null FPR intentionally omitted by user,online_8b_0p6b_missing_prefixes_20260924_v1/eta020
1037,online_causal_prc_v1,Qwen3-8B-Base,Qwen3-0.6B-Base,0.2,13216,13216,500,skipped,missing saved score,intentionally omitted (beyond T13088),No saved all-coordinate naive TPR for this prefix; longer-null FPR intentionally omitted by user,online_8b_0p6b_missing_prefixes_20260924_v1/eta020
1038,online_causal_prc_v1,Qwen3-8B-Base,Qwen3-0.6B-Base,0.2,13232,13232,500,skipped,missing saved score,intentionally omitted (beyond T13088),No saved all-coordinate naive TPR for this prefix; longer-null FPR intentionally omitted by user,online_8b_0p6b_missing_prefixes_20260924_v1/eta020
1039,online_causal_prc_v1,Qwen3-8B-Base,Qwen3-0.6B-Base,0.2,13248,13248,500,skipped,missing saved score,intentionally omitted (beyond T13088),No saved all-coordinate naive TPR for this prefix; longer-null FPR intentionally omitted by user,online_8b_0p6b_missing_prefixes_20260924_v1/eta020
1040,online_causal_prc_v1,Qwen3-8B-Base,Qwen3-0.6B-Base,0.2,13264,13264,500,skipped,missing saved score,intentionally omitted (beyond T13088),No saved all-coordinate naive TPR for this prefix; longer-null FPR intentionally omitted by user,online_8b_0p6b_missing_prefixes_20260924_v1/eta020
1041,online_causal_prc_v1,Qwen3-8B-Base,Qwen3-0.6B-Base,0.2,13280,13280,500,skipped,missing saved score,intentionally omitted (beyond T13088),No saved all-coordinate naive TPR for this prefix; longer-null FPR intentionally omitted by user,online_8b_0p6b_missing_prefixes_20260924_v1/eta020
1042,online_causal_prc_v1,Qwen3-8B-Base,Qwen3-0.6B-Base,0.2,13296,13296,500,skipped,missing saved score,intentionally omitted (beyond T13088),No saved all-coordinate naive TPR for this prefix; longer-null FPR intentionally omitted by user,online_8b_0p6b_missing_prefixes_20260924_v1/eta020
1043,online_causal_prc_v1,Qwen3-8B-Base,Qwen3-0.6B-Base,0.2,13312,13312,500,skipped,missing saved score,intentionally omitted (beyond T13088),No saved all-coordinate naive TPR for this prefix; longer-null FPR intentionally omitted by user,online_8b_0p6b_missing_prefixes_20260924_v1/eta020
1044,online_causal_prc_v1,Qwen3-8B-Base,Qwen3-0.6B-Base,0.2,13328,13328,500,skipped,missing saved score,intentionally omitted (beyond T13088),No saved all-coordinate naive TPR for this prefix; longer-null FPR intentionally omitted by user,online_8b_0p6b_missing_prefixes_20260924_v1/eta020
1045,online_causal_prc_v1,Qwen3-8B-Base,Qwen3-0.6B-Base,0.2,13344,13344,500,skipped,missing saved score,intentionally omitted (beyond T13088),No saved all-coordinate naive TPR for this prefix; longer-null FPR intentionally omitted by user,online_8b_0p6b_missing_prefixes_20260924_v1/eta020
1046,online_causal_prc_v1,Qwen3-8B-Base,Qwen3-0.6B-Base,0.2,13360,13360,500,skipped,missing saved score,intentionally omitted (beyond T13088),No saved all-coordinate naive TPR for this prefix; longer-null FPR intentionally omitted by user,online_8b_0p6b_missing_prefixes_20260924_v1/eta020
1047,online_causal_prc_v1,Qwen3-8B-Base,Qwen3-0.6B-Base,0.2,13376,13376,500,skipped,missing saved score,intentionally omitted (beyond T13088),No saved all-coordinate naive TPR for this prefix; longer-null FPR intentionally omitted by user,online_8b_0p6b_missing_prefixes_20260924_v1/eta020
1048,online_causal_prc_v1,Qwen3-8B-Base,Qwen3-0.6B-Base,0.2,13392,13392,500,skipped,missing saved score,intentionally omitted (beyond T13088),No saved all-coordinate naive TPR for this prefix; longer-null FPR intentionally omitted by user,online_8b_0p6b_missing_prefixes_20260924_v1/eta020
1049,online_causal_prc_v1,Qwen3-8B-Base,Qwen3-0.6B-Base,0.2,13408,13408,500,skipped,missing saved score,intentionally omitted (beyond T13088),No saved all-coordinate naive TPR for this prefix; longer-null FPR intentionally omitted by user,online_8b_0p6b_missing_prefixes_20260924_v1/eta020
1050,online_causal_prc_v1,Qwen3-8B-Base,Qwen3-0.6B-Base,0.2,13424,13424,500,skipped,missing saved score,intentionally omitted (beyond T13088),No saved all-coordinate naive TPR for this prefix; longer-null FPR intentionally omitted by user,online_8b_0p6b_missing_prefixes_20260924_v1/eta020
1051,online_causal_prc_v1,Qwen3-8B-Base,Qwen3-0.6B-Base,0.2,13440,13440,500,skipped,missing saved score,intentionally omitted (beyond T13088),No saved all-coordinate naive TPR for this prefix; longer-null FPR intentionally omitted by user,online_8b_0p6b_missing_prefixes_20260924_v1/eta020
1052,online_causal_prc_v1,Qwen3-8B-Base,Qwen3-0.6B-Base,0.2,13456,13456,500,skipped,missing saved score,intentionally omitted (beyond T13088),No saved all-coordinate naive TPR for this prefix; longer-null FPR intentionally omitted by user,online_8b_0p6b_missing_prefixes_20260924_v1/eta020
1053,online_causal_prc_v1,Qwen3-8B-Base,Qwen3-0.6B-Base,0.2,13472,13472,500,skipped,missing saved score,intentionally omitted (beyond T13088),No saved all-coordinate naive TPR for this prefix; longer-null FPR intentionally omitted by user,online_8b_0p6b_missing_prefixes_20260924_v1/eta020
1054,online_causal_prc_v1,Qwen3-8B-Base,Qwen3-0.6B-Base,0.2,13488,13488,500,skipped,missing saved score,intentionally omitted (beyond T13088),No saved all-coordinate naive TPR for this prefix; longer-null FPR intentionally omitted by user,online_8b_0p6b_missing_prefixes_20260924_v1/eta020
1055,online_causal_prc_v1,Qwen3-8B-Base,Qwen3-0.6B-Base,0.2,13504,13504,500,skipped,missing saved score,intentionally omitted (beyond T13088),No saved all-coordinate naive TPR for this prefix; longer-null FPR intentionally omitted by user,online_8b_0p6b_missing_prefixes_20260924_v1/eta020
1056,online_causal_prc_v1,Qwen3-8B-Base,Qwen3-0.6B-Base,0.2,13520,13520,500,skipped,missing saved score,intentionally omitted (beyond T13088),No saved all-coordinate naive TPR for this prefix; longer-null FPR intentionally omitted by user,online_8b_0p6b_missing_prefixes_20260924_v1/eta020
1057,online_causal_prc_v1,Qwen3-8B-Base,Qwen3-0.6B-Base,0.2,13536,13536,500,skipped,missing saved score,intentionally omitted (beyond T13088),No saved all-coordinate naive TPR for this prefix; longer-null FPR intentionally omitted by user,online_8b_0p6b_missing_prefixes_20260924_v1/eta020
1058,online_causal_prc_v1,Qwen3-8B-Base,Qwen3-0.6B-Base,0.2,13552,13552,500,skipped,missing saved score,intentionally omitted (beyond T13088),No saved all-coordinate naive TPR for this prefix; longer-null FPR intentionally omitted by user,online_8b_0p6b_missing_prefixes_20260924_v1/eta020
1059,online_causal_prc_v1,Qwen3-8B-Base,Qwen3-0.6B-Base,0.2,13568,13568,500,skipped,missing saved score,intentionally omitted (beyond T13088),No saved all-coordinate naive TPR for this prefix; longer-null FPR intentionally omitted by user,online_8b_0p6b_missing_prefixes_20260924_v1/eta020
1060,online_causal_prc_v1,Qwen3-8B-Base,Qwen3-0.6B-Base,0.2,13584,13584,500,skipped,missing saved score,intentionally omitted (beyond T13088),No saved all-coordinate naive TPR for this prefix; longer-null FPR intentionally omitted by user,online_8b_0p6b_missing_prefixes_20260924_v1/eta020
1061,online_causal_prc_v1,Qwen3-8B-Base,Qwen3-0.6B-Base,0.2,13600,13600,500,skipped,missing saved score,intentionally omitted (beyond T13088),No saved all-coordinate naive TPR for this prefix; longer-null FPR intentionally omitted by user,online_8b_0p6b_missing_prefixes_20260924_v1/eta020
1062,online_causal_prc_v1,Qwen3-8B-Base,Qwen3-0.6B-Base,0.2,13616,13616,500,skipped,missing saved score,intentionally omitted (beyond T13088),No saved all-coordinate naive TPR for this prefix; longer-null FPR intentionally omitted by user,online_8b_0p6b_missing_prefixes_20260924_v1/eta020
1063,online_causal_prc_v1,Qwen3-8B-Base,Qwen3-0.6B-Base,0.2,13632,13632,500,skipped,missing saved score,intentionally omitted (beyond T13088),No saved all-coordinate naive TPR for this prefix; longer-null FPR intentionally omitted by user,online_8b_0p6b_missing_prefixes_20260924_v1/eta020
1064,online_causal_prc_v1,Qwen3-8B-Base,Qwen3-0.6B-Base,0.2,13648,13648,500,skipped,missing saved score,intentionally omitted (beyond T13088),No saved all-coordinate naive TPR for this prefix; longer-null FPR intentionally omitted by user,online_8b_0p6b_missing_prefixes_20260924_v1/eta020
1065,online_causal_prc_v1,Qwen3-8B-Base,Qwen3-0.6B-Base,0.2,13664,13664,500,skipped,missing saved score,intentionally omitted (beyond T13088),No saved all-coordinate naive TPR for this prefix; longer-null FPR intentionally omitted by user,online_8b_0p6b_missing_prefixes_20260924_v1/eta020
1066,online_causal_prc_v1,Qwen3-8B-Base,Qwen3-0.6B-Base,0.2,13680,13680,500,skipped,missing saved score,intentionally omitted (beyond T13088),No saved all-coordinate naive TPR for this prefix; longer-null FPR intentionally omitted by user,online_8b_0p6b_missing_prefixes_20260924_v1/eta020
1067,online_causal_prc_v1,Qwen3-8B-Base,Qwen3-0.6B-Base,0.2,13696,13696,500,skipped,missing saved score,intentionally omitted (beyond T13088),No saved all-coordinate naive TPR for this prefix; longer-null FPR intentionally omitted by user,online_8b_0p6b_missing_prefixes_20260924_v1/eta020
1068,online_causal_prc_v1,Qwen3-8B-Base,Qwen3-0.6B-Base,0.2,13712,13712,500,skipped,missing saved score,intentionally omitted (beyond T13088),No saved all-coordinate naive TPR for this prefix; longer-null FPR intentionally omitted by user,online_8b_0p6b_missing_prefixes_20260924_v1/eta020
1069,online_causal_prc_v1,Qwen3-8B-Base,Qwen3-0.6B-Base,0.2,13728,13728,500,skipped,missing saved score,intentionally omitted (beyond T13088),No saved all-coordinate naive TPR for this prefix; longer-null FPR intentionally omitted by user,online_8b_0p6b_missing_prefixes_20260924_v1/eta020
1070,online_causal_prc_v1,Qwen3-8B-Base,Qwen3-0.6B-Base,0.2,13744,13744,500,skipped,missing saved score,intentionally omitted (beyond T13088),No saved all-coordinate naive TPR for this prefix; longer-null FPR intentionally omitted by user,online_8b_0p6b_missing_prefixes_20260924_v1/eta020
1071,online_causal_prc_v1,Qwen3-8B-Base,Qwen3-0.6B-Base,0.2,13760,13760,500,skipped,missing saved score,intentionally omitted (beyond T13088),No saved all-coordinate naive TPR for this prefix; longer-null FPR intentionally omitted by user,online_8b_0p6b_missing_prefixes_20260924_v1/eta020
1072,online_causal_prc_v1,Qwen3-8B-Base,Qwen3-0.6B-Base,0.2,13776,13776,500,skipped,missing saved score,intentionally omitted (beyond T13088),No saved all-coordinate naive TPR for this prefix; longer-null FPR intentionally omitted by user,online_8b_0p6b_missing_prefixes_20260924_v1/eta020
1073,online_causal_prc_v1,Qwen3-8B-Base,Qwen3-0.6B-Base,0.2,13792,13792,500,skipped,missing saved score,intentionally omitted (beyond T13088),No saved all-coordinate naive TPR for this prefix; longer-null FPR intentionally omitted by user,online_8b_0p6b_missing_prefixes_20260924_v1/eta020
1074,online_causal_prc_v1,Qwen3-8B-Base,Qwen3-0.6B-Base,0.2,13808,13808,500,skipped,missing saved score,intentionally omitted (beyond T13088),No saved all-coordinate naive TPR for this prefix; longer-null FPR intentionally omitted by user,online_8b_0p6b_missing_prefixes_20260924_v1/eta020
1075,online_causal_prc_v1,Qwen3-8B-Base,Qwen3-0.6B-Base,0.2,13824,13824,500,skipped,missing saved score,intentionally omitted (beyond T13088),No saved all-coordinate naive TPR for this prefix; longer-null FPR intentionally omitted by user,online_8b_0p6b_missing_prefixes_20260924_v1/eta020
1076,online_causal_prc_v1,Qwen3-8B-Base,Qwen3-0.6B-Base,0.2,13840,13840,500,skipped,missing saved score,intentionally omitted (beyond T13088),No saved all-coordinate naive TPR for this prefix; longer-null FPR intentionally omitted by user,online_8b_0p6b_missing_prefixes_20260924_v1/eta020
1077,online_causal_prc_v1,Qwen3-8B-Base,Qwen3-0.6B-Base,0.2,13856,13856,500,skipped,missing saved score,intentionally omitted (beyond T13088),No saved all-coordinate naive TPR for this prefix; longer-null FPR intentionally omitted by user,online_8b_0p6b_missing_prefixes_20260924_v1/eta020
1078,online_causal_prc_v1,Qwen3-8B-Base,Qwen3-0.6B-Base,0.2,13872,13872,500,skipped,missing saved score,intentionally omitted (beyond T13088),No saved all-coordinate naive TPR for this prefix; longer-null FPR intentionally omitted by user,online_8b_0p6b_missing_prefixes_20260924_v1/eta020
1079,online_causal_prc_v1,Qwen3-8B-Base,Qwen3-0.6B-Base,0.2,13888,13888,500,skipped,missing saved score,intentionally omitted (beyond T13088),No saved all-coordinate naive TPR for this prefix; longer-null FPR intentionally omitted by user,online_8b_0p6b_missing_prefixes_20260924_v1/eta020
1080,online_causal_prc_v1,Qwen3-8B-Base,Qwen3-0.6B-Base,0.2,13904,13904,500,skipped,missing saved score,intentionally omitted (beyond T13088),No saved all-coordinate naive TPR for this prefix; longer-null FPR intentionally omitted by user,online_8b_0p6b_missing_prefixes_20260924_v1/eta020
1081,online_causal_prc_v1,Qwen3-8B-Base,Qwen3-0.6B-Base,0.2,13920,13920,500,skipped,missing saved score,intentionally omitted (beyond T13088),No saved all-coordinate naive TPR for this prefix; longer-null FPR intentionally omitted by user,online_8b_0p6b_missing_prefixes_20260924_v1/eta020
1082,online_causal_prc_v1,Qwen3-8B-Base,Qwen3-0.6B-Base,0.2,13936,13936,500,skipped,missing saved score,intentionally omitted (beyond T13088),No saved all-coordinate naive TPR for this prefix; longer-null FPR intentionally omitted by user,online_8b_0p6b_missing_prefixes_20260924_v1/eta020
1083,online_causal_prc_v1,Qwen3-8B-Base,Qwen3-0.6B-Base,0.2,13952,13952,500,skipped,missing saved score,intentionally omitted (beyond T13088),No saved all-coordinate naive TPR for this prefix; longer-null FPR intentionally omitted by user,online_8b_0p6b_missing_prefixes_20260924_v1/eta020
1084,online_causal_prc_v1,Qwen3-8B-Base,Qwen3-0.6B-Base,0.2,13968,13968,500,skipped,missing saved score,intentionally omitted (beyond T13088),No saved all-coordinate naive TPR for this prefix; longer-null FPR intentionally omitted by user,online_8b_0p6b_missing_prefixes_20260924_v1/eta020
1085,online_causal_prc_v1,Qwen3-8B-Base,Qwen3-0.6B-Base,0.2,13984,13984,500,skipped,missing saved score,intentionally omitted (beyond T13088),No saved all-coordinate naive TPR for this prefix; longer-null FPR intentionally omitted by user,online_8b_0p6b_missing_prefixes_20260924_v1/eta020
1086,online_causal_prc_v1,Qwen3-8B-Base,Qwen3-0.6B-Base,0.2,14000,14000,500,skipped,missing saved score,intentionally omitted (beyond T13088),No saved all-coordinate naive TPR for this prefix; longer-null FPR intentionally omitted by user,online_8b_0p6b_missing_prefixes_20260924_v1/eta020
1087,online_causal_prc_v1,Qwen3-8B-Base,Qwen3-0.6B-Base,0.2,14016,14016,500,skipped,missing saved score,intentionally omitted (beyond T13088),No saved all-coordinate naive TPR for this prefix; longer-null FPR intentionally omitted by user,online_8b_0p6b_missing_prefixes_20260924_v1/eta020
1088,online_causal_prc_v1,Qwen3-8B-Base,Qwen3-0.6B-Base,0.2,14032,14032,500,skipped,missing saved score,intentionally omitted (beyond T13088),No saved all-coordinate naive TPR for this prefix; longer-null FPR intentionally omitted by user,online_8b_0p6b_missing_prefixes_20260924_v1/eta020
1089,online_causal_prc_v1,Qwen3-8B-Base,Qwen3-0.6B-Base,0.2,14048,14048,500,skipped,missing saved score,intentionally omitted (beyond T13088),No saved all-coordinate naive TPR for this prefix; longer-null FPR intentionally omitted by user,online_8b_0p6b_missing_prefixes_20260924_v1/eta020
1090,online_causal_prc_v1,Qwen3-8B-Base,Qwen3-0.6B-Base,0.2,14064,14064,500,skipped,missing saved score,intentionally omitted (beyond T13088),No saved all-coordinate naive TPR for this prefix; longer-null FPR intentionally omitted by user,online_8b_0p6b_missing_prefixes_20260924_v1/eta020
1091,online_causal_prc_v1,Qwen3-8B-Base,Qwen3-0.6B-Base,0.2,14080,14080,500,skipped,missing saved score,intentionally omitted (beyond T13088),No saved all-coordinate naive TPR for this prefix; longer-null FPR intentionally omitted by user,online_8b_0p6b_missing_prefixes_20260924_v1/eta020
1092,online_causal_prc_v1,Qwen3-8B-Base,Qwen3-0.6B-Base,0.2,14096,14096,500,skipped,missing saved score,intentionally omitted (beyond T13088),No saved all-coordinate naive TPR for this prefix; longer-null FPR intentionally omitted by user,online_8b_0p6b_missing_prefixes_20260924_v1/eta020
1093,online_causal_prc_v1,Qwen3-8B-Base,Qwen3-0.6B-Base,0.2,14112,14112,500,skipped,missing saved score,intentionally omitted (beyond T13088),No saved all-coordinate naive TPR for this prefix; longer-null FPR intentionally omitted by user,online_8b_0p6b_missing_prefixes_20260924_v1/eta020
1094,online_causal_prc_v1,Qwen3-8B-Base,Qwen3-0.6B-Base,0.2,14128,14128,500,skipped,missing saved score,intentionally omitted (beyond T13088),No saved all-coordinate naive TPR for this prefix; longer-null FPR intentionally omitted by user,online_8b_0p6b_missing_prefixes_20260924_v1/eta020
1095,online_causal_prc_v1,Qwen3-8B-Base,Qwen3-0.6B-Base,0.2,14144,14144,500,skipped,missing saved score,intentionally omitted (beyond T13088),No saved all-coordinate naive TPR for this prefix; longer-null FPR intentionally omitted by user,online_8b_0p6b_missing_prefixes_20260924_v1/eta020
1096,online_causal_prc_v1,Qwen3-8B-Base,Qwen3-0.6B-Base,0.2,14160,14160,500,skipped,missing saved score,intentionally omitted (beyond T13088),No saved all-coordinate naive TPR for this prefix; longer-null FPR intentionally omitted by user,online_8b_0p6b_missing_prefixes_20260924_v1/eta020
1097,online_causal_prc_v1,Qwen3-8B-Base,Qwen3-0.6B-Base,0.2,14176,14176,500,skipped,missing saved score,intentionally omitted (beyond T13088),No saved all-coordinate naive TPR for this prefix; longer-null FPR intentionally omitted by user,online_8b_0p6b_missing_prefixes_20260924_v1/eta020
1098,online_causal_prc_v1,Qwen3-8B-Base,Qwen3-0.6B-Base,0.2,14192,14192,500,skipped,missing saved score,intentionally omitted (beyond T13088),No saved all-coordinate naive TPR for this prefix; longer-null FPR intentionally omitted by user,online_8b_0p6b_missing_prefixes_20260924_v1/eta020
1099,online_causal_prc_v1,Qwen3-8B-Base,Qwen3-0.6B-Base,0.2,14208,14208,500,skipped,missing saved score,intentionally omitted (beyond T13088),No saved all-coordinate naive TPR for this prefix; longer-null FPR intentionally omitted by user,online_8b_0p6b_missing_prefixes_20260924_v1/eta020
1100,online_causal_prc_v1,Qwen3-8B-Base,Qwen3-0.6B-Base,0.2,14224,14224,500,skipped,missing saved score,intentionally omitted (beyond T13088),No saved all-coordinate naive TPR for this prefix; longer-null FPR intentionally omitted by user,online_8b_0p6b_missing_prefixes_20260924_v1/eta020
1101,online_causal_prc_v1,Qwen3-8B-Base,Qwen3-0.6B-Base,0.2,14240,14240,500,skipped,missing saved score,intentionally omitted (beyond T13088),No saved all-coordinate naive TPR for this prefix; longer-null FPR intentionally omitted by user,online_8b_0p6b_missing_prefixes_20260924_v1/eta020
1102,online_causal_prc_v1,Qwen3-8B-Base,Qwen3-0.6B-Base,0.2,14256,14256,500,skipped,missing saved score,intentionally omitted (beyond T13088),No saved all-coordinate naive TPR for this prefix; longer-null FPR intentionally omitted by user,online_8b_0p6b_missing_prefixes_20260924_v1/eta020
1103,online_causal_prc_v1,Qwen3-8B-Base,Qwen3-0.6B-Base,0.2,14272,14272,500,skipped,missing saved score,intentionally omitted (beyond T13088),No saved all-coordinate naive TPR for this prefix; longer-null FPR intentionally omitted by user,online_8b_0p6b_missing_prefixes_20260924_v1/eta020
1104,online_causal_prc_v1,Qwen3-8B-Base,Qwen3-0.6B-Base,0.2,14288,14288,500,skipped,missing saved score,intentionally omitted (beyond T13088),No saved all-coordinate naive TPR for this prefix; longer-null FPR intentionally omitted by user,online_8b_0p6b_missing_prefixes_20260924_v1/eta020
1105,online_causal_prc_v1,Qwen3-8B-Base,Qwen3-0.6B-Base,0.2,14304,14304,500,skipped,missing saved score,intentionally omitted (beyond T13088),No saved all-coordinate naive TPR for this prefix; longer-null FPR intentionally omitted by user,online_8b_0p6b_missing_prefixes_20260924_v1/eta020
1106,online_causal_prc_v1,Qwen3-8B-Base,Qwen3-0.6B-Base,0.2,14320,14320,500,skipped,missing saved score,intentionally omitted (beyond T13088),No saved all-coordinate naive TPR for this prefix; longer-null FPR intentionally omitted by user,online_8b_0p6b_missing_prefixes_20260924_v1/eta020
