eta,tokens,prompt_idx,fixed_decision,online_decision,fixed_tokens_sha256,online_tokens_sha256
0.05,512,0,True,True,7657f111f6953ca4164f5cb2bd1d8c436bea67af7a47630ddcad7f16c9a67560,c6ab255b37628cfe5dddb4c63fc3cb7eca3def5b5271537d9d28b64a8e9bb853
0.05,512,1,False,False,b7279518627734e55ae9ce923e78512c4e27d6b5e26f3ac5d236f8546d55f781,cad1b7135328bcf882790cdc3676fe37b25b4a3d4a2750a0e4c7689f539ca2cd
0.05,512,2,True,True,27b0ec30dcaad57692977cd8f87ff78ed263865eda8cfebd77fa5a4d409b3d80,3cc9c8dc5319058b7b35fe6d0b9dfb88d2b874aa3cdd0ad939ffd8ad562139fb
0.05,512,3,True,True,9ca6df462615c1937a2a243f71c7fff703d890f5c9b44e61a165feb1b4ff28f4,39e94f1eea386f830a77cd84101c41e53dbebac2222a029b1fa2b8f33b8fac33
0.05,512,4,True,True,df4dd598686faae58a79ba6d600f81c7e45a8f78804fd364092f3e280c8bde82,74cf34c078e1dc30b37d799ca1790eabe63dffc12f76e4fbbf385d8539c4dccb
0.05,512,5,True,True,66029291b41bc27621380f1aff4fda27f3ca01dce88946aa96bd8ff560750377,ed2327eba8975a5547f58640c155ac2b635151d71773fa861f1410e3e575f4c6
0.05,512,6,True,True,993c8628483e4c7e5a6782039109036a9967be295afda3ace82a32592264597a,09b24913edcdd568ba17449459006d5728e61303146ee9219f7306a9e84d0e0d
0.05,512,7,True,True,28ce4c45cf97ac4783dd4430c93e09d2c8a2b2c1f26d1322cc4adcf2f40df477,7f2396e4626d4538691b373426111104c4e04ad71a89ccdd9bf308bda3a6ac00
0.05,512,8,True,True,53fdc4d5f982f45b8d5db307341059f9a467a83609e7c40959010bc6eb20b6cf,5aac06ea377b109e4d8188303e7a3e465837bb6c8cc49cfc61aecbd865fc51b2
0.05,512,9,True,True,69c6e405bd170705fab1ba8476e2529faa35cd73a0cb1dc89c6809397a031684,d3f4cffcc3e7e1a6831624bab586e2fad886017ded00c9df87f866d7e1c3a918
0.05,512,10,True,True,62ab9194f032c8066445896761ae04765459b4790ca7802d0acc9836f76e03be,7b6d3e56eeba6b488b476b8816034f4b98d2c7916679e58227bea1e3a35247f3
0.05,512,11,True,True,4dcd08c13b80f0667b89aff510488001609f7a79652d39aa87539febc629c5dc,a8e0ee0ff7176a27bc526f2ef100df1f8b4e797d825d9f381cbf654770005941
0.05,512,12,True,True,6a111b305599bb765618b9665c8558fa61e1c980f847af1e0fd41a7a7747b3c3,1aa55f719c2d2d31c818b5dc0a9223d522701e48399d2d2cf333480e8e77ab86
0.05,512,13,False,True,5ea913459f91ae6a7d3a97e18301a9f5b3885ad4f6f0b01631580dd1dad6707b,33270bd4d4cac33c3c022eb4ffd138d95ba0455c93aa5262aba08347f663e075
0.05,512,14,True,True,2c4a5946621c8c4f86a3709e6349fa03c50ac70faa5aafde2570a83691c43a02,8e626e6e34b665255ecc7edf963bb3b746bf4c42e476d746b877e246b7221a8f
0.05,512,15,True,True,ea10faa9de904b899fb202ecfb720368edbac754036407e81b201b9e4d4e50ef,34e4dbfa1cb48a725cb186b5e6d8439830869cd1cba26da4efad3d81cbd458c8
0.05,512,16,True,True,470a202689dd5d5f9584bae89ba88045168b56e006d9d70dc325508ba32b2aa6,ad02499289860b1012b408cdee6adb53e1e6cb7f57c36cd6a85be60e3d8fc04e
0.05,512,17,True,True,7dbc79f18605c71a93b010e1e069edfdc717140b689bb26e93dc84e853c420a5,967bad6d6f17a0bdeeaaeba10d33ace9726d1f4e55cb665097b6dfb425b9ed5c
0.05,512,18,True,True,2dd248b713c0cb89537b610ad251e72e37be4595c9ea90415118b20b7dffe2a3,8ec866e89b6cb44aed2e0b8e1566adf6b24d4b656d5a419fddaa89953840ddb3
0.05,512,19,True,True,16a5dee56e1f81029e703e1cf1a71d942480261ae01e0ce20dd3dea3fa16a887,79b41908ae8466e03115a6088b0fe7db5d99c721ddea55a4ea14abfbd3853312
0.05,512,20,True,True,2d9ba2738edda53519121c7bfe05b67129e9b795d0d5859609d4f9d75fc09dff,8a6866d3c5df17972501cac0b907721a63d60fc53dbcf24e544104ee5f6cd48e
0.05,512,21,True,True,69af879d8ee7eea61bdf9774cb1251e71965ffd2e9083d2589a3db4e7280a585,da6934a1652c27f4c2cacc22ce755402e15095fe36cb93c0a43356f43ce0009c
0.05,512,22,True,True,aaec9b68a235c0962042ac4b4a001bfaa7f3186639e1576cd69d178915a3f851,0788b471bf2e25312f004820ffdf49946fa7d8d4803c5685aafe5d831a28ac8c
0.05,512,23,True,True,dbd062765a2f33cd876fa3eaae55806e7b44b13ec7b7bb3ca51186d8aad19cd5,07b4d9b155041439e56bbaf04faef7416b0ebe994aacf84fae86f4bc27478c6f
0.05,512,24,True,True,b3e7ce5f5e8a2bffdc50abf3844353a38733d228c086a404d890e80a3c859554,6ea564d60a47a080f29dda309d2129fc7a9ad7a97856f2ff0791c1365c9b4b7e
0.05,512,25,True,True,441270cc9cc8345de081b56f4e1e039fa0126e6d34f9e567b4de66db3da7dc69,76034493df53380f25b9c83ae586ffad6b4e4eb16f59d4c09d4c9b203c5b11f3
0.05,512,26,True,True,524f7f7dac980e3d80832220b176b83cf8b58ab1861bf312b06a8d4d49236974,4ec03991dc7d89bd2b28a15703295b54412dae237c3d1170ccdef20faf9e35ef
0.05,512,27,True,True,899afb71ff3d1b7c21d6cf1a96e631faf4e8c181b1349d6ab94e0daf3c906e54,d29441f889c059cc4e7065a4634856486c573479fbaac68047aed3802c0cc954
0.05,512,28,True,True,ff458f02409a693586411d063873a2306c02049e617aa0ad66746f40f03226a1,eeeb270cf112741902566f5a75f4e085782e8b3a9c9b2a4d680881f198221097
0.05,512,29,True,True,9f16bd093106ffdc4b7aede0a3904b2f55dff5468f257ef2792ef4bce401070d,0a38213fcdb57e2d50abec6b8ecf9f955450263100a8d96e709c4e69ae16f6dd
0.05,512,30,True,True,131d5a38bec41caaeb40b27e43cc20437af2018c4fe77ec40885b84d5ade08c6,fc045ba88176035e3303e372e888ad1b9522493fae3a6c92f6c7c2f162ba644b
0.05,512,31,True,True,b749961d47ddc8510b3173e73fdf06a027be0d07256b0a878c9e00ac43f408c9,df086a52f05a64d4da9cfd7a1c79c0ea5d3a091631fb61f3b919dd7f075e8582
0.05,512,32,True,True,8af36df5aa728854e0f6299b07544f5ce1f354cc0f8bbebffad711cb37d6d339,0ca0063927045496755072d00cbc36d3f147a7d4e0681bddfe9785b9a034dc81
0.05,512,33,True,True,2bfc6d94be18fd716c5def2cd69b13ffb31a33deb77ffdb316f540cdb5274869,19222d6039d8914b9772e6cea9fbe4f9c8b7819224be1ba7b5d7c5d6d911fda2
0.05,512,34,True,False,4c31703dd1665b309e509e576cd93a320d294e760353d4d89cbafc80b2c5a701,2d2b32fe80331d46ac6e296c2aa6d4f2e9c5709901d06bff4d9126601723ccf7
0.05,512,35,True,True,00ea36690e7dcdb2e463fd017e8226c4b3353a78445cb549f9dcad03066bdfe0,1c076d111abc6c20cda8c16be344a21ceea20c1ecbe0d9e85388eecf916f72a9
0.05,512,36,True,True,1852200f6cb6313fcef07c7b63fd37505d68f02e260b935765157c9b81de51bb,df5cf3e57332cce21526748d83c8a49b0f99589dba5f62dbb980dd970d664369
0.05,512,37,False,True,7040a8f68bcba51fd1b1e97b56944ac1f71ee44dcddb5e27bbcfc5a102e3d0da,919529add064d465b59d08d06f5deeeb8755868a5cfce75314523453dc4f3f2a
0.05,512,38,True,True,b9746906eaff77546dd3f05202af93468ca6b047ea9b81571e37247b89abaa65,bd3c6d899616594d471ad97d2eb265f5a94834eb0468aac5ef784cef74183fea
0.05,512,39,True,True,c5690da74cb3ca9ee6d32e8dde7257165ed3d9803c32e4915b9252cbc5c2d98f,ed516248e602decb414dcac719a3ea04577056388837061eac916b6b6dfd7cb4
0.05,512,40,True,True,5ac60ee65e4bae98af8c09a222063b1fa9761449d1422858ea15a9b686f4fe1e,7ec5173be290996c6db4293e1760ed1fc97afb775bf8acb937d6f7f80f5090ce
0.05,512,41,True,True,d51f2e298ddae571f9eb0f6a30636726c400c88633640c00dee8b48100b18666,229c7dede6d590e9b4e247ce3f57b78daa695f1a049f4030a1bd6540842a6410
0.05,512,42,True,True,42a500da24bb7be21b9ab86695876ec02936c00315b4615b12720b4c40477fd5,5de7c16b2a8bf6ed84bff46d02a9e42831caa39d6e0de8ed21ebb23289a45b7a
0.05,512,43,True,True,79b813f7807a7f4b3d84ce77e064cdf12b2c6403df77d1189b20dc61dbde9da7,51e152cb17710648b460634a2675cc8468a44fec25fa8cdeb0673d06d99ed694
0.05,512,44,True,True,ad6cae5682f7b3762522dcda40561cd408a419ae9bc16125a5d24b52af793eb2,5cf3e4b7668ad956afbed9f382a1a2227e5c0ac9d0098b588cdc73aa47e66a8f
0.05,512,45,False,False,f8447569d5f100a3be81abcd5edd58b7d975f001bcefa7556cf69352078b67f2,fe3eeb185d8740457a1c0a74d27a008545da2509534cb99d775be6978fdb29ed
0.05,512,46,True,True,6f0d8a763acfac4033393ac02e8c82cbf6385b3423a58a7c5088c57516823224,253151f6d4dbcbd7a9a1d5b929fc16216e776c7d5819380e0948f97909dbd8dc
0.05,512,47,True,True,59cd132e569262c5791946a5f99ac519b7728c22a747ce29e29b1d331182acb7,c0e5d96e2c7637d3e0de44a2992280d2ec9bd60259ebd63c2707f245bfbd5839
0.05,512,48,True,True,fc46629716350b3d3860cbc3078d7384f2c55d1bdabeba56eb0150d4458c0fdb,1d170d8a7927dccbc42acc83e1c217e518b9d4301af1972ece7f6e5b482280b0
0.05,512,49,True,True,2f7e2acf6f0149a483a25bf2d26ce44087d9ef5d91180c007828603b2f180f13,6bebf617959cfc62cfcf50613349d3c4af41f28e9c1605ae862d6c9d494ad981
0.05,512,50,True,True,9372bded94fac6994a23b347fb9db21e5c545495ff38c35d2e45cba29cd29511,2d6460bced137fbcdf68229da1cdde81bf46367e95c9d2d3d446bcbc2cc3100a
0.05,512,51,True,True,230223d5d70073054283c3dae3d0e77e7a603a964ab2f48587e58ce2f97bb3ab,cd72c429e36ca7d59c76b48a788a769ec093dffe66fc324d063c02cd6c872848
0.05,512,52,True,True,7478b3e5faa5c9eef92661f91f6a68563475fc72d3211b7d17ddd3b9c87486cc,6bc94426670210bacc2c4388b57a9ec50365a530670a57d9d2ed478561e46677
0.05,512,53,True,True,98b24ed07ba2f84880a1eec67469dbfcf7d1f49fe1448c61ca914f892d4be80a,93f15d86cf6203bccdc73ae6025ea00a6fb7fb7363fca08743e5b0446e46aa8f
0.05,512,54,True,False,8a384e7d9e0cd30522d1908fcec56d95b3217e9219b3e3944c1374a2dc2aadc0,4d53b8665b41c2aa7447042483c63739c5d7db8857c1d84bb8345e91866bb9d3
0.05,512,55,True,True,5df426ab0a8118760ed207ea061efa3f74bcd64665a3a5d7b0585bbff19879c8,7956d5bf5539eecdc582c615a7a1cc9ba0fc5ed6aaec7d91afc7f5366fe459fa
0.05,512,56,False,False,9c909f925365b780ea6a6461516f3728190d5e2d8c6d2a46e0e13d4926ceb602,b0d54f85f669de05b9050e62d7fd2c41d81d3b7c25b5ff25670cc81aba6709cc
0.05,512,57,True,True,4fc8f36ab05d0b702621ea903cd158ba9f132b827b8b917af9c63a8dd0d1dd36,35f92538fa506309deb3f6977def30f7dca5dddbcad4c02efe134bf139976d83
0.05,512,58,True,True,ea1c477f2aec17dc08488e1c61f62d429e5f6b686de9636450ee3858a56eede2,1b9b77a890da93dee4696a5f3379a41144a5f48457df08d6451ace9c5b1ec659
0.05,512,59,True,True,0c1aa5291d0a16170ff72ea6e6183702096ea365b0ade9454b3aebe96e03e9e1,8819eca55086f0e50d2f73893aba53225d0494e7d093f095f20ea0929d1481e3
0.05,512,60,True,True,aa580b20184a56c8bada1dbd4e3709f00039cabd9d9325ae10db455d943a9911,2acfbe8ba1828c8c7fbe691a972b167257952b1ed7e9f0cc29754aa297886963
0.05,512,61,True,True,0245afc6724dafd7b3bdc48457da64be4fb3af8b2e710d50857358d180a03e04,b65f07bb8dfd697f0df8ddb1770ceb06030adbee202a35264a7cf2dac4e1fcf9
0.05,512,62,True,True,dff83f86318acedbcbb4c885e2f4bc5ce9f7421e4abb3f90e22a53e5657fcec2,82015869831d40ed29be33bfd3335d07e7ad1d72e309f703986ce71f2e2616cf
0.05,512,63,True,False,92ad1121e754fda72ce2ee7d2f268705b2b0249f9db0fb7c771229d1f329af65,b4f3c99f06a572cc857b95f88e2ca8a52f3e3b32b04bcb75381b18c4bbaa14f1
0.05,512,64,True,True,4086c189ef6c0f734a7b4528123334b62f831e3146f1a409a54508dfd3e6c3c4,8dc5bc14388ef8d2e7696266ccd5031edf0326aec5ca7f54dab7d63f5671c647
0.05,512,65,True,True,3b746a54efb0ec62692d832e1a1efa0a291cb0d4aeb15604da0953bea8960724,573b89b3bad8930419e8abb4bfd083419658860936b18033213c5c154d5c98be
0.05,512,66,True,True,385c48285d4262a73fddbe219559f7db8ddbe4fda098a2479db9d1f77cb67161,2b23aa335668d4d449bf9578337a4b158cec0f176595562f634a5c5db5c155b1
0.05,512,67,True,True,be52ee839333694fc401fd80af60275c6acd94c2a70d8c2536a729efd52c7d90,b9c94e7ae2ad1779078894eccb3139f6c37ed26b7c7d4da6bebe56327ea0aedf
0.05,512,68,True,True,3ef6cdfaf8077e40232f5f1076a2cc28c290c1cb71f3a2acfd159be2f71114c9,d0ec0ee36a4f4cf21b54cb4b598f9d52d81bbac93d8295ba9d181715b3867384
0.05,512,69,True,True,18a10f8f825dcccdc76afef35668b4aa91811fc2bd6e3ce42029c4491b807e06,2f07738350f6cd38573c78a4b7189cc02bc5cbb1d39194dfded0014f13bb0fd5
0.05,512,70,True,True,c17ec721cedc3160574a444793a6baa29260ab925471eaa16bb018297fdcffe6,23dd77b38c1da1665a903d6fc63c562da9fcf5de51a419228f24ca09d27bdc62
0.05,512,71,True,True,d239e7e51a23cc89ddeeaf1f3a58a9a86e2df4a4dec0e2746ee6ce9162cfe683,9ee7cd451e916dc7f030ed3ab3fb912a4f6ccf5ad362efe8fe3d0a762a48b007
0.05,512,72,True,False,07e47ab150f06128d213a08587506260c2bfd97626e2fad16197ce220d9a54ee,e3845049e1175edefbdbed7cd5c36ae9f2a923f0f254b24e8870537e302a9b95
0.05,512,73,True,True,4762cdb8f98a6a7359cbee912594c42df1fe19a1655fed287dc6bd3582deeb97,6ff37fbd5c42b18b7518f164d5440c0f6d0c29417f4227ceb4b7a60580722aa4
0.05,512,74,True,True,69a8385a57426d0c401ca34d2641ab767c53b12a2dec258beaef28cddeba5128,64f6d578bf674d31e96786cd46d6a31129d14cec6e7c0dba8d8c9d173c515a63
0.05,512,75,True,True,5a953f8c37c23989448e252ee73b6fae959ffb1c706ac1b6b0cbb0c22ee15565,5319820564bf39959d391338de75cb057cd6744d5e045f8b8486d6ab26ee9a5d
0.05,512,76,False,True,9f7d249b1b6f488d296b00fdc5e1a68d1ff28aa24e2f38d59b0ad3200312c992,da18dee5385750b10b9e225f5b2b95794c58ffc7d538c0127449895f14d30868
0.05,512,77,True,False,45b20a8644fcd1e11f89cc57e9c1c614f4eaf5269dcb439641593fb64c73e2a5,942acef3536ee29ec06d11539198df5063be4294403f29caabe6dd100fd49e99
0.05,512,78,True,True,61f9bcaf414c0796e470b69d266ae04c097fbe185ae016aa1e47257209b3d8d5,71799d31b57387c746d74795f07e26332fa74752838adfe12dd691678cab8dea
0.05,512,79,True,True,1bdd4145160661b3f94add547e1de9c2d617270ccaff815cc51e3772fa27dd5f,ce137ee60dc688b2674cce8a3b2ac4d5a92324cceeba26d5a4777f5fdd244d9e
0.05,512,80,False,True,72799adb3c502a0b3b4456a68d49c1b8bcfbe16abc279381854b02c74aae47d9,c49e6a48b89a1d308ad807db5779abdf0419f054e365272e847ac582887f6169
0.05,512,81,True,True,99d3365f6fd2dda847bad13bfd7139828da44587463fe0124f88382d61731664,10bb34a33f450520781a4ce59a3241d47801154406731c25e0ef7e07bdabd62e
0.05,512,82,True,True,c072b83082309aa832161c199f28376813fae0dd624ac3369a40720a84c78ee1,05d0fd7576d629fb9c737ab96543933f67bb9fad3510e170a2eb93c1ed376ddb
0.05,512,83,True,False,7b4387c4b89eb628dddbf75354749fb833284c3194287950e03d9529c06e9f90,f8ac2d15704237f81a4c0ffb98c9a70392bc83b8f82b6e81cb41479db04778d0
0.05,512,84,True,True,4d7193b3119ebf9679f81c02b7e6f23812b76a15d4e43f6ce255ccefd0b85479,618a0c40da1028872edda45214a43a7e7736f7c44c9db7d57fa6d72addc172c2
0.05,512,85,False,True,5e8a7d22fdf2825e6295ad113f809ebf2e5854a81816ece532b72049c9fca837,01bef4b024393f32a16a3dc8690552353ee18cf80b4f90f720a2cbd8ad3514e3
0.05,512,86,True,True,e11ddd0fc5fded8ec557b45c59f1f6b39e81f741e06e7ceeaa147e10c3b4c9b8,9ef20dd07e8d3535cefa65b3c77484a1ac3b658ac1d309d8134ac0c18b055996
0.05,512,87,True,True,7527f6b535bd7220886dc1374bd57d426e3b2a146906b178b84acc69aac0640b,7a5ad6565bd925719820cc876b8556a81c67f95cb623a7281541b6ac3b08f789
0.05,512,88,True,True,101684ab025807c3784ae0e2543aeef8cc8973c04d10c3a954e01da4c7904dc4,7c1c1f63804026df46da2192ca1075b80ff0f8b992cc4ca0c5d69c515acf2dab
0.05,512,89,False,True,1e968464f735715d8a0c30a0aa92825eb62ecae06ca1cb354a9dcd1801d101b1,3c2438b37b341994e29a91b56d67d309b994425a29f8b2e885ad0e49e0322e40
0.05,512,90,True,False,4d40e0b6f5179a33b9b6236739e18eee98ef1d095840d1433202d61ffcab9d12,c7614ac0c2d775c7ef9547bbe9d7662ed4b10da887f908b9c4b6c8903c8a413d
0.05,512,91,True,True,9d895b281b4ce44f32bd5f07d4ce75192a1b5e7c5a20c86855d45368e2d37449,d06a84a7594ceb65dc029bcf3c724f0c7a9bfcf732c1fecb49eeaf37e1598c4e
0.05,512,92,True,True,1c8b80b0cf57594d6f763098220e84f28c434eaccf969a27218927106d93125f,ba204c1a8e2c3315e2653c523e98b8167403eb04f54908bde4829f9596ca5bfa
0.05,512,93,True,True,fa15c001dd940b15dafa0adc01097a8d69ce43520a7c644db59bb3f2431d5915,3d5e99cb36912c57e61cee71d10f38ab6cac19caf3bb5b773483692fdb88856b
0.05,512,94,True,True,a4d322fef9ca285716bb4beb1fb9f9c709b2558bfd6e7522577823d342d2b1a3,97557f13a7246f301c7cd723cb14b54a951570f0862a07dd6cb65b4f5a88a525
0.05,512,95,True,True,095bb38599771b35c2d917cd4513868995c9f5464245198d2642b23b1bdee75f,8a83584a718026289719ed642fc211f4bbddbbb5d6aa18de3257aff21f2e3e62
0.05,512,96,True,True,e77435077827720ebf34f209047a12dd087c10e9d93712352dd18688e46fb20e,459ec6e11941f442494f5c9edd757b88d6f7bf6ed94559fc5e0dc18b8ae060e8
0.05,512,97,True,True,a72ed6c87f52d2f43ed6c90e56a40509cf535331fac2c3b6ed5f7fd2b1f8a41d,f71be61aedff4029b0370158ec772e08b3c8b05acba7066fe1b198cb51b06b54
0.05,512,98,True,True,a3b8254bef5f4eb6e49040e37d52b272cfb5d80c3552f55b45dd71b0bc3e13a9,0729a2bc291eb6bd0998b5a7937debea8778b09947f83ed55494511b70afa80a
0.05,512,99,True,True,ccf651d8d6d8b6509bafae66351e80685bc2c2b561a50f1ba68adaca46baaf30,7944620f5cec2dc7d61d0bba8a628debd59b40180442ab06c39c56dc0e0d0bff
0.05,512,100,True,True,358bbb8345ed9b7d6893dba39da3ad5843d6e339252bd116e8c040311e358df4,31236228b184cee1e1b6e0121731ac6012d72d8224e781450acd994f2319e325
0.05,512,101,True,True,f417f95991a9071672195693453cdbf1b8cd6c0fd5b2591ed6b651110780b31e,9f51b59e64bdd0f3b040f2ea76b0cc2d4c95fe6b95a4889eb6284328d2da3035
0.05,512,102,True,True,d0aafe78f61aa88a4e2e429229c7b91a3157c586f53169b954e091c000e6c6a6,d6b4f5935a139f4ea761dc839331a5f26734c82c250ca81e8bc0bb2a37650088
0.05,512,103,True,True,0b399f64ffad15a8db6e5f97ac8420796f6bdffbbda66b023fac0a10383d48c8,6e43bfc2cc057a046441ebda944e1cb5b32e7bee3014da35ec1e32a47efdb2fe
0.05,512,104,True,True,bdefdfb2c4cf15ae5ffd5e9f0373d80c35f7a13c6c164b367b9862c98e53796d,b436b660c66cdc63309581c67426c7e5caa046568ed2944359fe6d3310a1d711
0.05,512,105,False,True,b2274b1245a523bc8c3a9be663c95f794fdfc0e08d9350cb49af5fac9653603e,c9c5068c0b79167a923cfa102a5b40348eb2967d7ed7814f506fc3ae1b24609d
0.05,512,106,True,True,a978ccbbf6a4e7a489af56f0a8e5f061b0c6e76aca7fd1b184ceb1f14d036dd4,03ba1cc5c5ae75f5c670a4bd53b9d04619c724686c6fc08fd515c30cdf14bff6
0.05,512,107,True,False,ee715db2d0a7a7501355fea8f29c7cc545dd701f4f9bd73783175016781a175c,0905c31bda0bed3f1b23ce05665a2380b32a8979cb13e67fd2fe97a1bb8ecdb3
0.05,512,108,True,False,07853703ba7faefbad2c2c0bdbc01fc8ed17f9d9cdf834706abaa0d90ccba349,8f73d8204fb43c6d5b8baecf47d3c0efe5853eb9bcef26cf87b98e57e98a77ec
0.05,512,109,True,True,0546c1b7c4ad3019e481e41dae77ed20643fa4538e232c703521b1f36152234b,ecd2083910fddf4bab5aad4edcad106b061bf9e326a4a44606e0f7111bb8bebb
0.05,512,110,True,True,74ad3f43a61a0041af0318d719bb82e288c499880c4f7222b2a128a0cd64ea19,de604c0efb53069ebdd454f83b29e08ae436285487b66f2ee3708ea2878c0048
0.05,512,111,True,True,a2619fff7bd6913c5ddce77e722d05f3fa4c2c04a45aa9834db250798888acf3,b11620ea957637dcfa6b16491e969aaab1abd7044e1a940771768c69beda6318
0.05,512,112,True,False,8523d7aadb4c0738d0b1bb6d590e373d5ab454dd0e11f8ae4fcd0e6be3d5a91f,44816ccaea266457e6f15629ddfe71e53dad4f49348a31565fa4c65e1c648c81
0.05,512,113,True,True,a86d0d4b8a2f06714e41367c3b183c59d7c907ffad5d2de1413d5414bd834405,95e2561e31e96c4b5dd0114a8031ebb7a5b036637e8a08bd9a0e274d8ca12f8e
0.05,512,114,True,True,ecb70a55e29e75a1cfa023a8e82cb76603bd75af934f0728f5d73ffc31a979f6,47f6d7111a5c59d51b2a69ba777cc6c15d23fc6f8433c20fb773ca896fa4ef01
0.05,512,115,True,True,0c6d05a7b4b49d964d6b9f7e3147bc5166640319a696152823f51510950455cc,6087bd018afdf080894ae4eb696d70c413de8068c5901539e047f8ab9c2bb9f5
0.05,512,116,True,True,4e56cc151aa4a904ffd77829ac2053e7b779fac62a6ed7a5b224c698d4dffab7,8648b6d4b1c8222611af68ec7d39607dd87493163dbd849e7ed14d8c34e9771e
0.05,512,117,True,True,c0b413b1c66a104c70cbbf61e2e8678aec2b9ffa549270bf4e3933131da85805,6da7df37c87810e73fa826b47725ffe37548e0b7c3ac27a67d85366b354f223e
0.05,512,118,True,False,651c8ab40cfa444ef842652e1a3a4b705d4b292dc5a37d4cf6094f3f2d240bfd,8d642a42205876bc3cbb5e7cb4a558bb139bc9a415cd8f3eee323bf8e5c879ea
0.05,512,119,True,True,d08edb475af76d1062f10ff6e9c70b1a1397222ca75784d31004a4b06acbd158,f034ac3d779353d083f3ed7499ad2be4dc71ced47b1b87b51d179d89129f236a
0.05,512,120,True,True,4a7f3b5c805d9e7f8e3cdcb4a0a43ba16ec9582d89113efc7f4360f3c30b0cd2,677efcf5526c61ab55c81a173026851f042610507e42a06fa098557d8ce4897e
0.05,512,121,True,False,81c31c132614b97a7eaa5ec58e38887914e525ee31ad1cc465c4ed6344de5711,fdf440c3ad05182426ca82ab4f4d5d7b3f7efe9d9362ed98848a30706d8c4db4
0.05,512,122,True,True,d8f83a8ff9cc3976117e74f33df95888078992b43ed38531cb76aa408713843e,63564030a8b62c58138523515f3bc806dc5328d4bff8e90acd8080145471df60
0.05,512,123,True,True,8d023b651768a7053d8b4dc8d3377ef2b177c7079790bf817f7491960cb4fe8f,46d33a7f35c5bebbdd16aa4dd90e9c10962e1a2d91aede522a55a714d6374436
0.05,512,124,True,False,5ad1ce3621e13a2e47bb94a5ec6d8e53f57b6ab600552d4488c0270fbbf9a9a0,4de62c122ee66d3d1f20e0cdf70bf68a6583ad8a9bd16f77ca7bcd6cfe9bfc52
0.05,512,125,True,False,d4104096b1a9cdf60f9097a9dc212b736bd7722846407ef6f29bd5bd1669b86f,711cc9b456f5d13dde3a7e6b505ee1f35dbd47325dac3f598b77f04535d2bf93
0.05,512,126,True,True,65f72a16883c44213c6e926ad2657c67dab928212818d78e0d40c5743d62654e,b2bccfb5df9eb6b545de96c51c9429eb7f302b5492ce3cf1c95ecc3842c66392
0.05,512,127,False,True,dfc17ce5bbc2aec6b9b751447b6a307724234a064895d0536681e28cb483173e,e2e70ef1da75ecef58545aacd82a8c8844667c7b58b148d2252585dd50c19a84
0.05,512,128,True,True,edd9283e7be011771777952af2dc39ed792da9e6d53e8a49ca2721aecc3fe8bf,be400122d9f1f068a43057a9f89348db7a27ca026b9cad0b497f67064735799e
0.05,512,129,True,True,ab28ef0a4f361bebcff3579a8ce36250d449ea958a21250c20eb9c06e86e5bff,e505171ec9b2a19603a914e74ccc67b05159d312eb55292a866d20ab1251440b
0.05,512,130,True,True,b4252580ab0162b6e553274932ec6f702fcd87cfd6edcba97110dc3ed39a7512,f80e21c8c0fdb53ca463d6b94be0a9a08b749fd5aa618f7155f49e9b32928a6b
0.05,512,131,True,True,690fa1bcd557bca9688d7320ccb5bb9af00bd31dfd26d3773835f310d73ef5a3,3d9f53650189da3234e448ab5a072b75d6553a927debb236babca2b3dd5e33f6
0.05,512,132,True,True,8fce1c9fd307ee5d4b5b751e895f5139c2a42a2dd86a646bfcca34870d159bcd,251c334863a2be717a6b62b203fbd79cb90a9fc2a822f80b960276bfbf025bb4
0.05,512,133,True,True,b5d1545b29f54c0240446cf58b9a89963860ce90acc54856c658c90caef9cd55,2cb895f7f4aeaca2581ded392ef628791dd691010f6b2e55a906e1cc0236cc9d
0.05,512,134,True,True,37bc2cab23e06dadfe5b10a0b8bbf7cebe0108c7fd8b7e7ed4cb9cdfd369a3dc,d6ea832ab8a6d57a9949db0aeb802a20cf9d1c0cd4d4fc9846200969be8a6592
0.05,512,135,True,True,4899084b898635de7ca5c4b107bedac4c8be1a62b176f9f03f390b45de684fe1,9de0ab77ffa54d65121729971657ad5d5279f06ff91d4790256dbea9d79fe3aa
0.05,512,136,True,True,6b1f3e75fb0288fcde1073773473939846fcbaa1e41b74482f0cdd44a5b93852,166f552dc3dbbca51f9cebf1d6f5d7ae26129dd91d02d94cbadab1fdecd588ec
0.05,512,137,True,False,cca1443e56835d7832629a0db938e887cc786bf8bd99b19a9a4d251e69bc228f,314fedb9e3c8eac5f545f79c87758d554ce627a44086163aacad24b33cc99c72
0.05,512,138,True,True,e4a2967cf08a66660067e876a0ad70a2d06481d617d9dcb164ed5a95423327db,09dd6b8de09bfd4d3d9a8ad0b08f9fe7eb25c29e8c54244236e2de9fa99efd2f
0.05,512,139,True,True,83097ced822f33b028ad5ecd50ef3d17fa5e748a80e1119dcefa916404c010e5,ea0480f1b1ce86994a7b5f871503c6e301019609190111f3e84eaaff0105ae03
0.05,512,140,True,True,90ee8f04bfd6751c312b61c2c9185f58fc83ff06fd2b93151ba657e2543672cd,f7bace86c70cb476b59c11cd5532b8208d1965a654c63e7ae05d8f240f965abd
0.05,512,141,True,True,40ddd7b430ced0c85f3cb9ede338c278980ee3a9fe4c8a668c2462c8478cfb7b,95d065df74cab049196ebdec77d3b3575cb1b1cb0fabc07c9ae5e53306b2d74b
0.05,512,142,True,True,a5c224a5f921046fe1e6fa452083240213ab96c40040c67ff9cb9939ce43d13d,eaf455eeff8c46a91941b7190721e3ddbe00a5a95ac7efe05372b34c552afc04
0.05,512,143,True,True,a294f3301e8bd6ec38c87c46fd45bffab2c66f401c8ee518e1aef95dd80b34b1,a0451e31afce5a37253cfc3266b88ad0d5676fb9d427df5f3623de2a1f0f014a
0.05,512,144,True,True,a3e59d92ca6498c200983f07f81ddb9509f303e3b35107d2e41e78c13d03ea1c,523eb1766b1e1ce60c7874096b90c73f11513a71cea17476378c431eda78dc33
0.05,512,145,True,True,1aff6f4d6fe6a4814970298d861490f85fc4bb51c5fac63642e46af6b2f03ea3,085b4cae666a990a38cd6506fc61a30ec50f86eae9165767b2b763e6d0ec83fc
0.05,512,146,True,True,0d0924d95028368c4faa7f092808cc94834573469ba11d01279a978a667c5343,81c3d8f290468518728c682d500d133025504cdbbfaa9292d518d88e077db7b3
0.05,512,147,True,True,10b224be92de74e11eb2021ef0b89c95bc4e5471e01615b36c654bff1a6b767c,d78865d5f5ff5247d1adbdc219fd9850fe67d888c8fcca6bd5ae33138a2cc0d7
0.05,512,148,True,True,e21d894e42b871953b6eb10a99f55c00e2ac4ede1d40ef3749cce656b4c3572d,0cfa0f829749657840f29c6e2ed29e9754262f7f7a8f302c028a763ad8950d9a
0.05,512,149,True,True,535bb04f3442f72148d2cc7efc87771924a42439b0eb9fafe15458e8c6a7a298,709c594873d16a40e40c5499248bc799b563c397c157f6ce1e79d4db856f8ef4
0.05,512,150,True,True,b03045ca6993d1c4f9ae842afa0a24eb753e9a8976d07782b1637513cfdb5011,9b020006598224922dc912df76085162dc358fc2fd709966179da626f42120c6
0.05,512,151,True,True,bdd6524149df825b86b51bd9e1acdbda879b3fceebaa81d3a913168e0bf6b82b,053f11b41e7a9a274a71794702b36c22fbff694c019341d914b3a101abd20722
0.05,512,152,True,True,4babba4b1cad8f86b418dd1561ea7843a79521a7a9cadf0e125d8b1bc2855318,96ef437928752462396a367ceb2b8b50b97be6ef77f64dd6e0f49d08acafb5db
0.05,512,153,True,True,915ef7a904267e8916c7088341b78863f9dc1c5e63f1895958a64dcc95947835,ac2f641fcb3a725f39b0f3ac1c4928356f5515511b64fb60699128850d147260
0.05,512,154,True,True,40fd51cc95097454e6483d4b3920f2cff6c62b4694239687c5814453b6636476,3330543a955e3905d2f8c6f803d09acd084cde63d48a5d6f6260159dafea8cd2
0.05,512,155,False,True,8393daf4528b5bcb66faa1c255bcaa225c710f50eb4e7a8516bed205aca55f59,06bb52e0c4715f40a3ed0b88b6cbd102183e222c03906c2ab444f54fc7f4517b
0.05,512,156,True,True,302f8cb03eadf2f2af7622552a6b1022cf5dd08aeff127c6104e6f33954e24b6,1f6a2e4d68ec8336b3a53b32244414a3c006b1d7be492c12bc4eda1bfcb99cdd
0.05,512,157,True,True,97da7f8d5e11646387d39fc80cac265183940fc8352f7c57fa1d9978a8c9201b,41cd12a92f1b9fbf1008b2108dc512cce440c15b02cb65a8ea3ff5199cdc2c8e
0.05,512,158,True,True,25668bf89db208527d86a01cfabd90ff42680ef868db2334c36be7492ddc15bc,2cb0198cb6bcc75d0b0f93dfde1b2a34bd1a7dc8d87799e92c334d43693ef27e
0.05,512,159,True,True,058a6a28927b9341cb16f627bb467e712c973d088323de23a18b58a87483d3ce,e9df972dc2af385b98b6d24b826d81ef28a8efd1979965ffdbc5b86f64707917
0.05,512,160,True,True,8912f0d4e53d28cf60c6368897756cb7144c446ac88bd0df2cc68c6bd65c392b,11b4f8abf62bab5f41744a91af8f747887133d03b0d23ca5c94b2758c8d74b19
0.05,512,161,True,True,e15dd5b4aa137e37cef109b66dad45107adc26d34b8508f016c0804b717102f6,f818e72547dcd5295ae6d7927b012286e70bcc9df4fe47b4bea5431d5e78b3ab
0.05,512,162,True,True,b8c7daa4c65b300992830e806e0d3bffbd43ae3cd2ffb85a56d771d7329dc4c0,100d4734798e5e12d145b495abfed4837791f234ee1097ecc23bc8ad2f85a3c0
0.05,512,163,True,True,6a8ba17a7ee9926803cf40155c1378832191ff47a7c2ae081eacd3cfdbc8d59d,53ba7cc27d96b6d7e559eae3c5b701974a717c23c4722c6f40468be9f27af3de
0.05,512,164,True,True,2760307c7dc9dfbe5120e2609945099e17ad21cf0712a840f1b97e845fab43fb,d7ae1162e4a4b5c33c019cc3bf677d1091b158ff303f78e9f12c6b2295624d84
0.05,512,165,True,True,d7914afacdc4c3b61fe13523687ec01bb783cdd9de222c783198961e2a235a76,b8be83cf70601c4469347b53a45a724c9b1694fad959c5a5007334c6a494c0d2
0.05,512,166,True,True,26bcf1f93d57b29d8068eebbd2e1728acbbc97c5cf864e8e9d6dac6dee565255,4ac61fcd632024b73d00c63f62319b1cda35c1d2545ea156a6efe35c0ee2b745
0.05,512,167,True,True,cba2b544e41f3314725a7119f9ac92b61b7c8a5c321b2c4c066e758b807e2c76,cc2791a98579bc638d4ee42eb62814d614bcad1d69111fb46e56e211d17b79e5
0.05,512,168,True,True,080b4b4d49e5fc61183793b04060efc3075c6ec80a80915d881f460b1f3f6bdc,3a13732017f584900dfe13ff8ca31184409eeffd98d50f6ebe5fdb10e45eb6b4
0.05,512,169,True,True,7b725e996709e94d6969031b223bc5e4e252f578528ecfbf62160877064d112e,75f4db7b6b932f268a04e2222b6f4bed1fb676c5bf5dc9ba0040b87af810ac8a
0.05,512,170,True,False,8a1d17bd126d5d868d5c577b9cd1633b94a92f273d13852ced9adbf646d74c45,ff698a0876cdaf8dadb1b151f779656628376192c8954d8a6a20973a2a496df2
0.05,512,171,True,True,bba0d81d0173dedc840b20837f4471174aa1c657d0285829788d16d101a58e57,394dc283d7ea4e1aa7a3d35fe96cd42286226f5a355e36e131ebd03bcd48bfdc
0.05,512,172,True,True,adb07031d6d4381fa6325b1995df6174bd0c8a0b2ccc08394f177f07a2c7dd9e,a2c14a4e56ae3051b0e5305d9697066923bcb3ad7545709fec5bcd735d8a97c7
0.05,512,173,True,True,27cb48a95e85956a9eb558723c7a46eca6b2608a255e13ff415d2a94df00c79a,131273f875771afa529c0dd0b454a56297608a951bc00beb65393c345aba06b2
0.05,512,174,True,False,edc4db1e03c4da6576ce3582c66ca81e2c11842130ca0f1d29a465d4cb2c9880,389b4c90b0115060f798a7169e592009ad46b3b45c045a9e4b6d1746f2212ed1
0.05,512,175,True,True,5449f508a59514aef79959d7cd7966e29e0682fb05d9ef1c9a5dc717bc56cc4a,b7c4b55aa8cab1df9eddb8b0c70e71bc5f85add0d3076397400966c9a85bd5ce
0.05,512,176,True,True,6512ffb8ee4ef266481261c8da838c99fa02c112579a82122243153e6f0350f5,17a0aa980ea283fbde8ce077fa70f80584c8d2e01627004540ab20b52519162d
0.05,512,177,True,True,74780eb5f231b694aaa129f0acf6571e1ed09ef89cf202b8ec4dca70cbd59bed,877d3044d41435ee3f544f1b84d8655ef6fc9efd49058fde2c4a983362333da8
0.05,512,178,False,True,9669dc60ab185f3861b62da45982f330042d9a860a89bc8e66b7c183cdea8d50,04b801cc96d156b064412db15c6ea6a65281e75dce555fc36b65e247a11c3810
0.05,512,179,True,True,1ad5b55ab7640d8c7bfc1e11f8b22477ab5d83524878ce983cc66f1014a28f85,d39029fce10e17571d09234ae03ffc412bcb4bf461549849690a76eb41b2035e
0.05,512,180,True,True,ebeaf3cb2761c4576e0b3c8cb05aea6cc2f2a85be59f9c43b52e3c4c41fac5ec,5616a8fda3f244327a44706ca7ee505572d79ac75624cf4fc84346c183587779
0.05,512,181,True,True,29c0974260bf244a67bb4e3a0241a4e91effaabfe034cc818b307a0dd39c5512,9354c60862f644407c8db9c63b26853819cab255e3ea87056f879ffe33b4be61
0.05,512,182,True,True,931fc40d1d77ec3571f91893ae842e054da3ce4e2687f462efcfdf7988a4b8fc,aaf06fd27b5e6fa826fe3752849dbfc79bc181f854d7415e5c494e78f3af4971
0.05,512,183,True,True,c119413ad63e63005819c8d06d0a2a78c8bd478e4862b792f1faf4a89529799f,14bb92c83631b9e7f2594a893861758adfb731646b76afc72dad0ca8108be2d6
0.05,512,184,True,True,3a6f346b6b54b0d6d1faead101f232f4fef0d556cface9471d1ac0c06b145994,4aab2bfb06278af613cefd53149d2220a49e929d7ea29b130ca38adead5acb5d
0.05,512,185,True,True,00303364c7a771957d67358c6231c261544d73a8498b8fcca7aa289200615a31,7eedfa9f1fd40ba51455bfc610b0fb9eb1f4331881c836916722df39e083c909
0.05,512,186,True,True,27b92101fe0502c9dfc9354a516256bd0fef8f93e64e1c0804ec924468866811,ce62d22e2600bfd2fe7a7962e0dddca7989e1e301122fa850dd07d02b0371bf5
0.05,512,187,True,True,346da4e74b45e57c669ffc0fafcf0b0ad1a4294747a01ad4bf4d567e110bafdf,e00e4c6cbdb6f121104f484d870a796884edeffe4a94deeb7fbfc0d86d459766
0.05,512,188,True,True,42e5d296e856e8b19cd27de00fe98d83cc35198f25866397fb784ce692260ae1,cd44313511cd3778fba62128f67954ceb98be32a1ff8fed7346f942b552afc3d
0.05,512,189,True,True,4207af313f85f4c0afbe6c70984782e4cb07750bfca2ded59abbb14b0f7116ac,28a73555bd973afbedf9eacccfaf7c55800d3e20059023b059ff515f591f7ae2
0.05,512,190,True,True,2c987171f1d4fdb726141bab9d5e8ff9ffcb0d2b85fd30872278574092141ab3,30ca13b3c2fb6a48a49a0886eb7534c940bc09ed7d60a2a42bc8f762670a9ae9
0.05,512,191,True,True,74e9fa94cd6552fa44dbe9926b810d0a95e88f45542afe01a2e7ed069b66f9ce,28ade175151772ed720b3bfc05ca8626f212773f54fec2aadbe2c1a8e3be1c27
0.05,512,192,True,True,27b66c9a247daa6b0c52ae9ccca1335940d02201dbab1ab5b1e44897315de652,0444b11852177e35b296c5f885e825058d5f9e1ea7e0794d62d600518ebd6034
0.05,512,193,True,True,10a4115ed1cf083d514fab7eff5a2dc8dc432672634ec0779fe7741cafa08a1b,a7ac9a1a34f4c639908ff0d73a8135e8b88502033e85f95f0407d9c3de8f4843
0.05,512,194,True,True,71c59149752f51b7a640d3c7a57f6ab8afae7db5b6c14978d6de68ed40222f25,52c482718b2294812dcd356649ea74bc6066aa4ed0374b90fbb04a49d4bae1ea
0.05,512,195,True,True,ed22356542b7c01b82a33cfd27b71face1f202be7e041ac1d3348d5c85f638d2,3800a062f5a27b583ba10289cae7341b8331cb1bf70bff694ac28b51bd7ef281
0.05,512,196,True,True,803dbb07d9f68f5ed69a44084e5c2eee0047cef901f04b679414cf9c7749424c,089845e636c825e404681fbce7e10d5558d9475ae2c0950a7182885cf0de3289
0.05,512,197,True,True,053cd029fcbaf97edc2e4555e6f424e42db3375947faa0ee070a7ad237103833,ab530460e33d189810aae33ee8560e1af1a73ddfebef6187155481a6f8d0fe22
0.05,512,198,True,False,e0f62a7028e0c4d7f0745c8a207c012c88d48fc3c221c866f4069c9b5f296f50,b07401513d7cd24d54c1863f9bf8391d6419c1d2f4c28d1957dd729e163eec74
0.05,512,199,True,True,a4f3f334b4e350ab808a013ca53057cf7753652a328447c1ad7b8e9050736d75,60426361739e5d053421206457534ced481baed9e56528d1f0d12905d7aee54a
0.05,512,200,True,True,a0b55a42ad203ad7c4663d959e477eac14f8f437e7d6f833a0508f48c67b5939,f790abe5eb31a3de5a8bbe5bd4970900e214f2840edc1545c93f4a74422d7002
0.05,512,201,True,False,5d167e4ef7cc866b7534196ddd6826d031e95b54b606a71b617f01009c59639c,9de5cf40a73f41da43b8a9737c25d6d73114946610bd5a3ab2c8b4abb4768351
0.05,512,202,True,False,95cec57c10ed5e14e3c43322032467bb46b7b54cc3acad3edb9f12b52fc1f5af,fbad7bc0886a1d7e074200c2be91496a3661be29136801ec26722bedfc458e47
0.05,512,203,True,True,031e078884f84b17178d1f61f43cb91d75f7b1bbcb55c4f67c85dd1961b886e1,3f1d948ca4748cde6ba0bbc71451f79f49c582f298fb5c37c30fd614c0ab424f
0.05,512,204,True,True,bf9c9e7eed8181a662f3ecb378b0add47bc78590c4bea5c23936c2ceeb0a5ae8,1d456bcd6115523f43761c39dd0472dc6f10418520d88b69d5b172c5b932789d
0.05,512,205,True,True,623343df4ba39ac0fd2b8871eafe6025669898bbcb9bf09fd86e378e39f907de,ee1fcd9b3c727c0f7cbd4c1654f3976d7914478016a90b3b048e17dd27df2051
0.05,512,206,True,True,0c34324792d3e3a3b0e503ba72758923738d2f1b831badd13866ddf18ebea4c1,65f134d706737758857e3dadc23812e4b1c4ab4bde58421806450e98a926b58e
0.05,512,207,True,True,4395106eb001df945ef61925572b6dde21841e98aa3da73d0aa1b1bb8882941d,ac7df6cebef2c0f9f10fe68db8b0edd580e2e44b98d3d06459ba8c51a5bb01ae
0.05,512,208,True,True,dbf69860d7e53d2372149dc274c3b3c10b90a4b9ad2d8dd954bbb58a984009c6,9e06dd82b5a79745f87564a3ce0ffaed0622dc3cebf2475216b6f187d91cbd70
0.05,512,209,True,True,5de669351778ca9875c1e347a7a3512c17cca693d21fc18747d6a6e22519ac19,4ba38a1932ce41e5609db5e55ad60c219c1b223b5b69d3fbef90ba6673cdcb23
0.05,512,210,True,True,e442af6ff21344e7ad6640877f8d1b330daa215a82285ce1e8cdb150c3875248,b7b8dfdf66cd636aa02ae841cf97de389a61c4f8fe5f7dbb4a5dbc32369d8533
0.05,512,211,False,True,6e3cf4f82815d6d7b5cc2a7942b4bad5604817359224c60d7dfbfff31a1944ba,7c0c593b883cca8713b1fbdf696238dee26062dcdb97c45ff7fc9d125da99169
0.05,512,212,True,True,5a39e36e86cd1b91f86c5d25f2bdf5648227aaefb3d5933a9eda4603a136e3ce,511322b78af5237c3d7bc9f2b2d4cf766b0d030531cfd01c912b83702606ecc2
0.05,512,213,True,True,a96518a0373bbb5844c295a9a62b7a76fed8792f19b422a72a0b626c8d2721b1,15e9e69c25353f97f48fd05983dae9f6f1679700a489c22514ab339267e63ca8
0.05,512,214,True,True,197cb03eff2c56bdd335a92144825a4fb8a5807769fc9b4520290fe1a14b890c,ed39c414896bd19503863bad621850ab2aa3d6d7ff9b000ba0242c93149eef38
0.05,512,215,True,False,c314b6faf7aff6c64fcf2b66f94db3623ff23b348cc2cd998d7d98085f083f77,01f20eecb3dc0fa3b23328075707af4ba146194ecc7eec7fd12df8e656e9399a
0.05,512,216,True,True,8b1df19b28d59a1ff0a1d011d060af3ab9c0d0d888a80faa9cf5eba8c97abc3a,4386e8d6d00e2e6de2bd6e2372b57dc14e52fe1800a3b7fe477de1141159568d
0.05,512,217,True,True,fa3a4a4c679461fc34c3cfb033ffbdef407203aab2ba8593e37a864f5acb98d4,a40303645267b0ad5ef640518e97a376239a64c64624361034653beb1945c7cd
0.05,512,218,True,True,b83beaf5dc6973632d97a59b87fcfb5ff487e79275dd1bb05659bedb8e420fc2,8f266605c2160eeb231e6a95c91454478c5670d41a4ba8fb06e7b67dbdacd7dc
0.05,512,219,True,True,c3de576524a4038574537665a7b46c43d6eb29942d70c811dc9aa132d54de3af,b0f7322f85999e14b54171b27d76671ed233ec346477376f0473a1f9b118203c
0.05,512,220,False,True,42c6a68d31f002d02f8ad18f78a16ea789a0ddf1a021a9fdd68f6e56ab7220bb,178ef8168ad39cd5a2345f64c3bc0890a3f206beb4ed237822f7a57f292da0d6
0.05,512,221,True,True,dc0ee0f1acb434d658184247f4819898d7cfa697d202ba99191e3d24e29f1715,7233eb682e8325b5657cf8be286e3bfd9758b449715799c6e91bfd79a8fba4e6
0.05,512,222,True,True,4b30f5802c2f052caa9ad5462f19b6461d6d21d0b3443f6a4baa7b7bda9afab1,8cdf29af58632babb3140177efcb385433d633380bbf3bcabd1b3b0defc34483
0.05,512,223,True,True,e0205a7349543cea04fe761b3a18f9ea50d437e85541a8fcbe565453003201e9,c71939e7f6ca731400ee74b6448e66ee1d3ac210ccfcc235e1f43b60211dfc08
0.05,512,224,True,True,0b5177e9151eb711e4d5cc3fbed79f9f22c2bda6a48069d08286414137078534,983c0553edc427290e00d45ec1bb979362596915610a2bf36bbaa9bfee1be996
0.05,512,225,True,True,f1d43af91b8fba68c959bc73a56fb3d443c3ba1fad4dfa0675223d6ab4ea5c84,36dbfd0abca2bbb1bd544411ae26c90ae03fc62e36d378c8f3d4c73414e262a8
0.05,512,226,True,True,82e61d8bb85d9667b7ffdd79b4f34c246371fdf937b485f6f81da292443eaa8e,209fd71f5a9c4e1b2f22dac56dff20ae93fd8acffe345740beae72e114474d4a
0.05,512,227,True,True,878ea22db6e8f968266136f26e127187d8ef2c08f730b165d3acb01ca8833ad9,a25c4b732c452781f5304a2c48ce931c13a25bae3da9cee65bbdb1c85bc1376e
0.05,512,228,True,True,18f36c960b0e78be1d68b14fe59db3f3817fc93a8a359647e48110e7dbfec8b8,19a7e06825bf5409d9bfd988ae05a029e1b5e4c6f2d766fbe3d533caf1ffd3b7
0.05,512,229,True,True,145b69fe71fe110fc3165c18a84d176ce11be06afc89b0144cb98a1a8e68aaa4,623d47be49ed3a73999eec7b1fec0b99e85047e47e04bc5543c6c676944aabe7
0.05,512,230,True,True,8a2df039fde3f59b6bd24170c5740e3c63246ae48ec54b72b59454e4f82b900e,5d5ddaa14486e84a5985b5e63bfd18f13ce38d44a4ebc352ee3cd74404ac7416
0.05,512,231,False,False,b37ee34f72a571c06549f63b01627be4c8f549cddf3933a259278a05600b8812,d47e4fe67ec11599553d5719cdb8233ff2f1e9510c708e9cc7cc5239125f17bb
0.05,512,232,True,True,1ce7b9a8840e1bf7fb10ec68d898bcc48822edcf4568262efd57eb0c06281cad,75f275ed19da7d8668395dad50e621981f9385bcc490de058e942f1f9b3c026e
0.05,512,233,True,True,7a36b078aefdac1bf08ff607fcfbeedcf07c44aad7911bfaeea63527795a640c,f62ed229ae766175cdd9de22c45fef25ab454b3300d5db80970da95bbce5198a
0.05,512,234,True,True,83a05ebfec60ecb654161e1934baa817bb640f458a26f08fb529b74775a08377,d59d24eed63729e1d998c1d3216e152974cd9889bcba42cd3db8bc0d9fb35ec8
0.05,512,235,True,True,e80bad9cc30614ef946852ebc074660c7c151b80c39710225a472f508905dddc,ea736190f3727b4ac60ce15c2447f8fd47a89891e157afdf57b09ddcbc3b786e
0.05,512,236,True,True,6f6bbb3f1b2d7521d8b8c8b25ac799297d24c410790efcfb430b19220d1c5908,d2f1ff00d5f214a07764453113c57a580ee4194e7324b4b01595cf03ecfe4c36
0.05,512,237,True,False,0397cb126930bcdfe166b08a8edd3c8e7a790c862df6b85f3397a282a7cbd73c,6630151564213eea4d2f546d97a7f714372e8dfa158d574d7684891ce48ae77a
0.05,512,238,True,True,d888dd33b7f928a4d3db6dfcadf2df8c9e2e677c591792925237b81077e730c8,c523115a22dc1ad6cb52b8b3b2d781a132cad33f21a62a58283819f0fbf82327
0.05,512,239,True,True,af72681a89181342a3d7a9ce2353f0e49233570cb58fb7c786169acac2c667d7,b668556e5f93f080ec0efee798b5b47022cfd268281d3920843c6aec9db412e6
0.05,512,240,True,False,5ee17d080b2fb3e403a7e21c68d01325a1417d4107ab92bc8eb732e3b09de2d8,eb09b78782e037da7bda22b2dbbb4d86136e07a503c7adb79a208a094e3483e4
0.05,512,241,True,True,b7bdf88a3ee4367b2c28c2601c59da2224de058f932cf15eecde699db6d8106d,7808a5f69d4bcf29480f53b99f701e82ee9bd0290edbcfeab31e5278a830c244
0.05,512,242,True,False,9f8aab5efa167b4ee770bf878c26213fbcd1318859b2123136434d78f3b21a58,7bdd94e9ccff836668152a8d609ffd75bedc534aea10957fae3d6c699da39587
0.05,512,243,True,True,68ba72509b702248eda9c5a27053923914fe92eff8030188ddfc5c3b87c8bea6,37792fca14195a240db1b3542325024e6c5daa8c3262dfb342ba0875ba6fa34a
0.05,512,244,True,True,c18c5626f663c48d6fcabebe5e2af4eb0323138e6cbe4cebe0d9c45758c85082,09013330af93ceb59b3513042bd24ba97776c1442f1afc590d808966f9dc473c
0.05,512,245,True,False,f39a27605c997ea781142d4b8a3ef5a40211c7460a4a3459bdfec726b72ebf7a,5d911511028a56e6d59a9068fedc62abd9404e179ccd7be5d989775231d00488
0.05,512,246,True,True,4618e053e03ec15a2b0301f73e745bd7e4d75bbf8ad573d587452ce01ba01436,694eff7664667867aa20c86d461e0ad47f09a6dd6d40723261d49f7507ba0335
0.05,512,247,True,True,00fa109cc17f6d4ebc907e77e61e9636c13dda732d8d2a53c51959ce9827a6b0,210c620092c7adf880739086bbbf6cafd0ddeb0a371ec12e898d8cf3b45c713b
0.05,512,248,True,False,efb4b809433a91f75e28d922d37d35b1ba751769b4a3578e40ee48f1857da00d,13e81e7588aafe8c26b5aaea0c472c25ab0d04323eddf022c5f0be99e5a72e51
0.05,512,249,False,True,4843bd60eec8cb8957431a6a77ba2ced2eb9b57c9c7669f680ed99ac8bc30faf,19d7a633ad80a1ef460e900dd7d444fd392bb451f53683a2136b46a8775a4fd1
0.05,512,250,True,True,e94853cbb2fb5a17a006167a262b642b3edf5ee063f7388d7a3ca27365f16c7f,9b96f4b43bc4a026b29e7dfcdeee49901b653bf313653e17940d747f5f87f95f
0.05,512,251,True,True,4d7cb15882b5efbb7ad23fca94a61dc1e89da625903391ff00059e57e03603e6,d90586853d47af31b37db34912a35d1c60ae7e5f84b6225cc3d8315d783aa5fa
0.05,512,252,True,True,f467e44a72e448cc5114760772e6404d1126b5a1d1ba695dbea2b84850c2efd5,46cddbe007c82d76bd863afa6cf3082bc544f628094d654298bf9eacb88f231d
0.05,512,253,True,True,2048f341963ca10ca1e56fa22cb298ced7b1e95bb407bf0531fe1bffeb4e69fc,42a8a014c6144f306cccba27bdec2084b4482c26fba608b6cb55a4a56a0b2ecb
0.05,512,254,True,True,08e842c8dc9a0a23a648ad67998e9181a037c876280d87fbeb40ffd9934a8bbd,fafb89093eae630f075c01cb616d264435a24384ef3b6f8e1e902a647a7dc3fc
0.05,512,255,True,True,3541f43a5417f6574beb838ae1395cd698e8f9c8f27a40642c7e670d5cb7a682,751f43fd2a67d41ca528fc59f4c73d6b9723e2a1c8f297213073d8f06057bb9e
0.05,512,256,True,True,f8ab3718c95265acd41c083ed627aa9b7739322ce7d106c3d8d6021880675b27,baaa9e6923dff9d2e7ed824818f9d0ab4d96f2c449e0a61995bacbebc2a35fb2
0.05,512,257,True,True,eb98ae0ceb8f0e3f23c63cdabe49ad7788d01504b2a11a1c7c0006642677cc27,13787ae158afbbc6ab5d70925334764bffd9d305c5f5ef2c6172d902e35a0eb3
0.05,512,258,True,True,e6493ff0c9f4c02933f293a3838afc787b788d92193a1844ab031347565079a0,afe00c8e07487738e91d7ef547fc421dc5833aaecd9288e41209f70098115b8d
0.05,512,259,True,True,df215c8117079e4479bd12fed01705546ca502d71972f63a292fb660f9f69819,2b1bec865768114c4d21e7cb58e5988407906301d7a9e2c8379b17477811f100
0.05,512,260,True,True,d2096869e80d6b98207981e75099c99035d836154561b7140753c8be8aa9606b,301079366277a48c7c1cecb9b61b71f3f116dd09904de006114cc0cd6fca2be7
0.05,512,261,True,True,56e44514b47f4bbb551f9a12987116023aa7c6e22e8a4fd29f3b1f819f45da51,fa293b296466aa320e91302e4b14b5c84c331e07d3ad4448fafb3a289b38f4bd
0.05,512,262,True,True,0172218a5b4f43ef1735f5525fe738e75cfb021cf979b7b509c8ada922984342,1bdc18de58834b3ac39968f05994e65146519904c872ce35d315838da1b9efa8
0.05,512,263,True,True,eacc3af9fc7aa8b42d1e625b085353a40bc40fcd5128dd4ee0323525cd6466c0,8c644cb47442ad35daf73191e1efd069a813a4c86ffe335cf3f9687e3fb07876
0.05,512,264,True,True,60a230fcfa9e73532e5b8930455f502557a9dcd37cb0cd471e2dccb8a6db403b,d5355f3a80dd6e843864696978b3263ecf2221f53a8a5c9a054b72f83b4ff366
0.05,512,265,True,True,e7ab83f322b12a566a8fa5ed7502d00cc1d082706a138538c5a4171effd4a651,ab3b776913bc7055bdeb47b0bcdc7a707738220406366fd77672c9488c981bac
0.05,512,266,True,True,28e70c473f0dfa247b15e58f1c62385cc4014a860f51a6b6becd5b1b4cba4808,3b4b33ce35c5d26b68101f1f7f3bd300bef2a4ffab49763179bd7004ef55d5a3
0.05,512,267,True,True,110426cc8c1926f9c7107d502a569070ecf69112cf73db9610af2a383c638f13,d122e113e9e539895c76f625d55b9a106831bc4b39349bb230965919e0a07367
0.05,512,268,True,True,7ffad4c26b3c7a227fd62c0e1a3d2d5437ff7f1fed9c14a8fa3c46a1d362a3ef,e4f667671b0da9f4d99d39353c65e0125d6778e4b942417b83d446be6338eaa8
0.05,512,269,True,True,e487083eb0fd05453cb956701c326be07a17d611a00e301bde837e4e8c5070b2,777b774d3473c37919ba2ae5b50dd4832733562d3ff7ffced04e31e1cf1dab47
0.05,512,270,True,True,7e064b35c0722e8f0c9e361f6cd531f0e3b87e945902b4f8b3da5bbfce702ed0,bf593967a446968f7e6b38de3f142192bab3895197c864b5968afb518aa84fef
0.05,512,271,True,True,c8cff67829d1e24b379ad509cafdef472dead7d3bf46325fa18583b72882de36,412d83a5929e339727663485caf3a64611f9d1b2f5a12f98d0a1585fc83a646d
0.05,512,272,True,True,53c56f2d125967fcb2963ab754d63bf1aafbba59ac3a267a4b1bda3bfa211d19,d22760c1696651ef26aa89e2040fc576932bb9b400c6ea9156db7bb67c1031b8
0.05,512,273,True,False,c484314682f04a37f92b7c9a11de99fe6bd62cf9a98228093934d3c6f96140d8,3e0cdb0a92fc13fda1fca02b35974e87f18f824f4560a470298cdf8b0484f3ef
0.05,512,274,True,True,f4a767c134c36b71c67db12b77f0914276a5ff27fe230ff1b31cbec03930fd14,2342dcb506aa32a297e62e940bc8f2bddbf6f279b1d345e8c6108dbb19806ff3
0.05,512,275,True,True,68b27176eae4ced0c0dd7e8025e0f680a47c9979cd6e77eca18d272e591857ee,a1c7f8b9c20126dacf4806712fddaa4164d45fc2a1ddd67a217c1795ec0afc34
0.05,512,276,True,False,2a60dec62f9b84cc5e9cd9a4e5346dfebb83cfe8d3319fa7adab508bedc64746,cae8f36d83dce15ec5cf9d8fb1d467942ad698d7693b3e43434d643e8bd9c9f8
0.05,512,277,True,True,2d93cf64c8d24da95b9d3013e39bae3bff8e345df9aa58431e5d0bf546bdd1a4,9f7185556f78a3951720053924d449be8635ea8c2fb883d10e2b3b7588a1d615
0.05,512,278,True,True,d4c30e9d3a35307735aa7db227299441ec1a5b9e4a6f42bd143314a42e334494,e89242916a00ae139628f1d9dfee6536ace3864633d674d30c5feb81bd30dcfa
0.05,512,279,True,True,c3ccb15514a91735ef1d4dbe89f5792270965cb29789e3a66556e119758f0e26,166384d064e7224e87b5470907bd4a7d9fa25b6234a84aa7b193a6cad16b2646
0.05,512,280,True,True,da85e5e99fa6614757a794409ec8af754e97186984fdc7df5c8b8cd712df8fdc,a3b4ac9329bbac5d34b33757bb99f6d1a345fc30587eb8fbf3b4371aadad2055
0.05,512,281,True,True,0d535773830cab2ad9258bf5d18e4c0b5efbf98fb2a4c6d650b12f175e9bd14d,7044c4221df60c658c5f8689975892373edafa8eb226cc0859395f03de17028b
0.05,512,282,True,True,0c7d142d44ffda7d1cd0dc5c24798059e19a5104764914295869c344cdad5b09,6ce3aa9468f9aa375bca1da38d8147e7a69e50e23b785632992fa52af7866b9b
0.05,512,283,True,True,d1127da0c4d549de43c02f566179d3afd3cd14167f3d3b82a20cb67f78a25950,a05e7903c45c2eaf2c2b19e0ef283d78e21f16d9f9c14410fdbac87a8680ff4f
0.05,512,284,True,True,9b5fd1fab283e2b45e771ac73b24ab5faaadf042e9d455e92d7a599c0226b81e,ab539641048021fee3ae42e59002ce9b519fad498c1beddaa66c9ef09e8153f1
0.05,512,285,True,True,4666b2672e852784d54007acb7277de134f74a9a68b0cc29fd14349b9d62ad0b,a6a37393031c4084622ab0de628c14d58136bf4eed2395aaab5f10a47a22419a
0.05,512,286,True,True,af3dca87a4ebfb80df73e4e64e02b8c280d2c1366f76f69cd761b9e633055c89,ebb91595cc1b459ca302856c2e32f1f6247303bb9fb54ecb973085012af4e432
0.05,512,287,True,False,dfc25894de9dbc6f1521c31151cd147ad7969258a9329432f7b0db445329b6dc,4909af31c3e8600cf3d54d555182f762ee1c66a28893157cab0a8318a9e40bbe
0.05,512,288,True,True,3b57e609bec28619e7c27f362426df722e65a0168a971dd99633bf7a83005806,54d588d1620ea0eab0d4a30e77ad6bcf955d9c40a0728c0cd5f95ee7ca0472b0
0.05,512,289,True,True,85a9d28384766310ad2933d80729878ba4b68874404ad96fc08a04b8b3d7a853,015e599ea498801ecba8ebb1df2cb811be248743b36bdd88fef075bc002232e7
0.05,512,290,True,True,03067d4c6273af2fa84b256afec063a817413bf01e802d80513026d7dbf2b35b,49779e03972919864e558de75c712448ca7fba69034ae10ea5e5034ecafd00a4
0.05,512,291,True,True,08905f6c03b8e65c18acb89adab8c53de8097b8b7f21761493a2209a81fab5ea,f6113781a7dc9fd834a0861383da40d635529ba507d11060dd74a28d0ac7db2a
0.05,512,292,True,False,2a1085a052255be80ae0ec09d31c2d309c9ecd2bf595c7fc107abce2b329b7d3,b520c518553e9caf1300a2f2efb4f32eb1abd5074692c2befc8113cb270bc5c6
0.05,512,293,True,True,3d51e7b859372043e0c4ff25141066ddf7308127a607cd859ae93af626b3303e,d1b3811923b7eb1fbdfbf1bfb4413b8c68faa14b5c85bb197bb4e0fdc48aca8d
0.05,512,294,True,True,efbfa5f0b213ef74ecae0558683938e4b96ab6e5767d40aa9c798161d1e44a27,aa854ebb1c1bcdf45ac19ff38151e565f94698806530c0e47c49593fd61e9489
0.05,512,295,True,True,8d6d857586a07b5fd0e6f50b9640888cfe76f9fbf15dfec0ed17dddf1ff02dec,d1d9b281460ea3c4d11bce07d308d5f042db87083438942e1a53eb00aa519fd2
0.05,512,296,True,True,59f84fe012f2354c5fe3b8adb7fbf0f63828a0994cffd7c39fcf19765dcf0ecb,d436271950cfdac7a48d9f8ddf0d40783350139851c04e9b356fa1f06fd89983
0.05,512,297,True,True,9a57e783dd119e7650d19e72eb782eb2a826d34ffee329012b2984e5a8be55db,59e0f4f5391752947e31481b9ff6838626366a4edd478ac484e965b811b3f7f9
0.05,512,298,True,True,9b6a393e7ad17e70f7786fd51bf691a65a3763518ebc25c18e48308ecf731d24,b97606ad237d9c598949d23b4d5039f6b125c46363606ec084d09e55a01c3e04
0.05,512,299,True,True,6373cca5b08d6d946508d0299599a4ca06dfd3f5a4bd60037eb0e33535b8f0d3,df847a8602e696583f5fcf17ef288af9b53d415ddc10d579d878e757dbee3534
0.05,512,300,True,False,8962777bbcfd62ce9f59d26812c847415bf52f0cfc848092608e7f7cee485fcc,82d1e0bb2d25c64d6bdf91972e575a34ffeced4ee58c84bc7fc69336ac7a8785
0.05,512,301,False,True,471a3d376f524c95c1985431a0f458a3cdb48d48d594f08d12c6365f70d4adbe,95af0f89b246072b020e550ad68d86d774d3b059ceba627f3b74bcd065207db8
0.05,512,302,True,True,21bb2c541ee99b71d0fbd879a6c69f91a9232b08cd7997265271a9a97acd5931,aa2dccecd7092cd007c297343c5b15a9cddacc7764eaa97c3072316c91bd01ac
0.05,512,303,True,True,3cad9bbf1703a864db1861133c8ec20119e625f56331a3f856b95773ca165fde,44524364446fa6a06c1420dc84842ab156e0c12941da4d1f732d9cb5cb209ea2
0.05,512,304,True,True,f006f1d2103ff9a2734e5cb9b04bd5cf1a26a8ead989cf590f666a5fc3082f5d,052d890592b8d8b047ebdde0f5fa155850ec1b95341dee9179f928cfa1f64c0e
0.05,512,305,False,True,646b9046848ebf460fa9679f1bd81fcf2d7e72c95606afec98ac7c3de43bec46,4a79f9c3a01291bdee0a530f99fe2cf3bf3904780ad558a9c3f6e88b73aab249
0.05,512,306,True,True,f4ac68e0db3e19d443b9d756558fdfcd6e0647f9afbbd7a491014033f3da2e8e,f81d5c40ffe0f0f29fe45714c8b68c1db5e93f616a69a21eea6013fd94c98def
0.05,512,307,True,True,b2f17ebd86d7746ba2e2585e958a0e87a1130029e07cea1e04481b1d3caadf36,4c35362be25a366b5ef76c66de8f0fae246236263b4ef99e0284377b5ad51196
0.05,512,308,False,True,17564688110b47d3c186a4b4469b98e84c76f91437a90f077d211cb20ab6caea,299402f61d8cb9f77643b6d8442fd8e27be7ca8db4e6922312be693a178a9b59
0.05,512,309,True,True,035f2f108a10817fdf7636f2b37f514a1bb5ad3ff47d73d7b3af551e756bc7d4,c683f6a502e74950a3eeb4f55bb8f1102fc35f6146641ab0e764403d3815d303
0.05,512,310,True,True,f2678ced5c3f9de668b8eb22565c4cc442078413ed70b122b81b85266a3d2b1f,04b7505fef260c883daf8bb639b735c869b02f8d75b768d96e50b2cfa4530037
0.05,512,311,True,True,2a0f5445b8909c9a7d9d05f8d39ae057ea117d51bc374673ec46af008ba3d9c7,ec3af6512fc9eb531601f6f790de57082e3735d303d873a9261fc2443f956638
0.05,512,312,True,True,0cd93399999e4c21cc122b49b99918d0191cdc98115ee09ef69211357ffa56b8,d629993b4abaf6178c5413d8a38b9e0731ece828df1b698b4af9c86cdbb34b2e
0.05,512,313,True,True,f2fc5eb1022134c0cd3cb887b5bf5a87cfa7ab0c24ab53fac0e0ef9fb3aae656,ee81466effe95753dce6ee971153b616832673daf19b612d81ac4e9cd837bcdc
0.05,512,314,True,True,eb85cc473c5f94875b9a2da3d69d2c80c02e51d8b29a371ac03a0bee62460d57,ea188e85faf283fa365286226d7b9e9a3ed561711cae6f626a6cb22ea63923e5
0.05,512,315,True,True,cccc63d9927d82cf2bdbb836be2954b799ad55d7bca59c24f92e08e89da05aa6,7e14db4b7513a4aa1c1a9abed6d7a454203c68887558a87ed69b3fc664c795ea
0.05,512,316,True,True,2fe2d30717d2e2b30b7c6d574ef2a549b3c799162d9c8dc028ad5b8b596a5e70,ca4f14fd667936eb853172b10ff4350d2cb3f9a0f90afb76c959a584eaf880f1
0.05,512,317,True,True,39ba7c03927d6b96214bd057b02da694133cbfa9991425bbc3d28f7ceb0b328d,d30dc1ed8ac09cdd2bb3cc9b859e446b45c2843ac2273fa4bfc541170e3149a6
0.05,512,318,True,True,f59d194a333cf1ace00b64ef5fa3647c798ff4844c2a37038e6a9a05035ea102,917ddec56c02834322e30e9118315a0afb3155693360704ff6e6e55f795d364e
0.05,512,319,True,True,cdf993a6cfd0cdc907fefef3a47e0e734159f0eb1f3f95e3f18953156780286b,68b52f87b6c2b1df8d9615199fd52e083ee815e2d8e489bf524b9aa676ab284a
0.05,512,320,True,True,f5b151eedc83b59a8eb5e92feae756cbf7aaa543ffa4db3da0ba4e68bb78f05f,d94383a5d87de34b9766b5a5a5def7cfd9c9f6d41efb56ddc4b0e175597c5ca7
0.05,512,321,True,True,4057468e547becebfd43b55f04d2042bdd7525032baaaf477054315ee935de14,119b5f0e0cbf64686e32d0632b0c31cd1ae4da416cbabdf3b45809ec9caccaa1
0.05,512,322,True,True,7dc81f4986a858ed5eec5f58685de26d3def53035c372e7b8f1c4f980b1c3dd9,c767879833434002701decdd59a854d23093effa7117299835e1cc58023fed17
0.05,512,323,True,True,1cdae244bef18e8da0c02afb4c99ff595d504a30b8051b22b7047bb4003be653,cfa90a05a9feaadc35d552906608055ba570054eaa540227036cdd0420bc38d7
0.05,512,324,True,False,e73213cc5244281411fd9e0b899b61ccd19a4a69eb31bf8e41dc2fa9be4c15ff,aa49f22f21579b0952e9c84e0ab94be3e4999113c3726157915b7f46d57195cc
0.05,512,325,True,True,b6099e0ea2814a6dc4fc9204b5979f7cdc09ad16715cd1dd7d8dcb8e0906728b,3c3e0e87adf5f712a0268c3e66153a3754dcb053d64feb7840314500d63fd7a7
0.05,512,326,True,True,b55dd30e993f51ca55dd32042b6211606e0ccc95e4da9e0b47140553e0919900,bd7d8fa590fd9a77a68bf8297e1b033db5c01452fc7d2aaeb4afee7494e778f9
0.05,512,327,True,True,3a7f3640e7ae658a94c560d10bd9f8ba097f9f89aae08d6c6cf6c16a6e56d2cd,d7265e9cce1f3e977f5184d4866f352ea8d999fb3ef4effb1a9247b08d2f647f
0.05,512,328,True,True,0669c982156f505b04e9e0888bf82dfdf3da1560b446b585502d944bdeaa4696,903a42e152cf92126d8b2fe0f1d0e4600adaf4f6d4ae84b22759ed792ab837df
0.05,512,329,True,True,d30eb3b42802fe79fe7acb1e1ceb3aefa84a24982a605328db05a94e7d546e10,4153bc4366dff8aaafa2cdcf715fd5247831ee2a9893667956cf711b35a648ca
0.05,512,330,True,True,dba6e2c7cc10986509aac33c084830a9069950f2a04ae5fa750ddeb7941bb93b,bc8163aa51a3ee1d6c44b9111061e23d9abd830db6218b6b6ec8646a36d96aeb
0.05,512,331,True,True,e60b4ae048bbc1f003e6f45cc1c2aaea2365d1b9ac7c48c7d255a5266bbdbd7a,03297818d7174ae5bd373b14e1431ed972550c6e850c7d1159f33a23bcb1391b
0.05,512,332,True,True,9752d5a36fca3ea8b3e5a5bb1eacc128cc8eee9dd9569f39d11257f01b971566,a621bb3cf80a8ec3c0590e57f85c14b05711ce02adfb90df6c6b28e9a224b406
0.05,512,333,True,True,f50d386091dc61f96816f79dab51f8e9478fb0b87920c3fb63fe7aeacbfe3478,35ef51cfb5f97f85040889b5aaa4a37b20ec06ef87c3bfb8ffeb49e5b335349a
0.05,512,334,True,False,a2bd8506dbaacc07e57a4fa6c49e06ac754d50bd17f35454b76edf1d01b4f873,0b6e9cae7ff6d18a6f97e9254d9e4ae01fb027ac9005309ac0edc487c82d7970
0.05,512,335,True,True,3089dd53e39867f587868c8f103c9538a5febe958c32495e064a53c67841b55f,0e1e4aa3b7b71a3cce27824f6277ab78df0ebd4af93288e85ea9417c67152b97
0.05,512,336,True,True,12e070d5f0e9d1ce8d58c05063d8717d9b4c034c26e94233075384575bf48e99,cfc56a78ce62e46f6372e334fffe84b1ac47e0b74118a78f7a78587a2ce0c7a7
0.05,512,337,True,True,7ac341d4fd835ef38f60ffe5e831c5af37c51eb5491c1e5c725c31af76dceb3e,8aeb1ae144d22b30f898d3763b146f86bdfe41756d588b2ebd6a35a7983d2aa6
0.05,512,338,True,True,b24f2ae56a3fada820053c11a012f63a04c913d79456770c3cd65c88a0584303,5a677e24ddefc698cd21c997dd9a76edd9b6402d9d472d52c73887db5a778762
0.05,512,339,True,True,986fa13fa10b9f5443a795fc4e05f6f5a2b48a9aa308bb1425085044cfc609ff,43a0bae49d75f4f09bd02f459b1f2765cbddf2c46b4d45ea47232bec4d32eb02
0.05,512,340,True,True,28375cbb29a8f618f937b22709b07f6e3314b00cc498294a861a296d0db0f5b6,a5ec81b842cb4671e12db69f47f8a9051fd4b181601c0bf10a7a64fd65cf14df
0.05,512,341,True,True,8127b98854280ee3e9719f454fc63b290132ba20cec72691b802ca02de40bcfd,6fb31227da8064bc02f84d5e1a5b219128d3c181061620b8f2ba98c3cd894a8b
0.05,512,342,True,True,e5175fbb660464e4885d1c897c591ad8b5a569dde276cd60cdb23c2686c42c21,65da25cdb432b2816ee789b1d8e72afdb55151414b667a4813f478ad04de091c
0.05,512,343,True,True,515fa068510a33b8b57626fd0ed975abb1693881636e15db9f087f34a43eaeab,22cafc6bd6b68bdfdd13179da3a580954572304375d04747179e6d8798bf3822
0.05,512,344,True,True,cefb89eb13d0cb2b60eb64cab765c229e627bbe2dd41e0e2b93f23c1cfae3395,0dea9b527c0ba2933cb1decfdc846b5f02657ce8cee4df290d44c0291714f6d3
0.05,512,345,True,True,c495846f26c351d13ec278966634951453aea34d324e9d233fa7fa751a8942c7,f839f17f9a8a040c4282022be84fd096c836e694351624af8bda0ea02fbbb985
0.05,512,346,True,True,604280d06c040ba82a3b314cc88de476f3b1275da80696eee7451e4860395dc4,47b55667c3e18d77126fdb5d5458bfa0dc769e21f9cf7252f798016d5111837d
0.05,512,347,True,True,5fe7f0f10c779841a94d8adfe840328b7c77189260e2345974ebd4ace41440f4,d0daced786a25a2e1db2948870cfd8e8ccafea361e3b7706d692c43b84d31672
0.05,512,348,True,True,12b2a1e651439d3e44117b40bb35025bad1d030183a6040da12789479f20cf15,dfcb69e5912c176af8eacbfc8aed66b23f79b78129731998c765d5fd246250cb
0.05,512,349,True,True,75b6ce16a6dba5e9200bfe7e5a79b215d33e6037dac64412d5a95e0457e48c9c,a10e762a4e93243a936a18401cffd254ec3392b716e13bd435980a84c9698bde
0.05,512,350,True,True,9a076c5e895bb67da19366e80f96d6fd9720870c84a32904ad68e6fbaf57c63e,6956f02d282c34132e16fe7bd7a33a64013263c1a4913da4b8f8272c5fce72a4
0.05,512,351,True,True,81392d527a34701f8c3b7772c5062adb1f2e4274d38ea340445fea79b2750f67,7d46e87938cd82699c19f3639f1b352c19ccf84d11752c3452e0551f904f3273
0.05,512,352,True,True,130db744e5f33ff8679668cec04c1d97e9c2d49a628fe24086e45608815b5389,fc3fd40655ad08ee8010ac73035c4018730cbd512d001ab28b344acf44acee71
0.05,512,353,False,True,8213cea7f95c8820112ba2b6944f965de271a7768e475eed276c282bf8bce41e,4295c86af7b4895502e3642f23ae71a836170c2b53913bb9525bf639a706fc7f
0.05,512,354,True,True,79237019a7562cec24ba4b69b221ced3eee96f9853df9225f5c4beac2bab78b9,6b9968ba4bf00c2d57ea1c5b8e914fbf0ad66daaa51bddd544bc9acc825b500d
0.05,512,355,True,False,c80c9bab707460b4731fa7addb201a126dfb98ad38e98a6b6e34e0a95a301c70,30bb90bb419f8b2cfb2665ce3280eef3a0d7bc8a8dc8a7c48228148d5a562d3b
0.05,512,356,True,True,10093b50d14e1ae9b8bb63136e66592ab566a55f5811db4a5ade91c5a07c4bc5,62f1a6b5adf753a60689497dfcaf71be256c3e49bfdd7dcec4267f3ad733cbf1
0.05,512,357,True,True,aa4315ceecd44a9db379c01e1f50be41900d47ef03b5eb3b6dbca622941acdbe,374181d5c704421f982b218b464dc2d35238d9ee7552c4be52177ef525908d9c
0.05,512,358,True,True,321709be72578250eb24cabf4e8a521cc0ddd079b741adbd72bad107dd1dcb1a,f9d48e2332a3a601c7cd156401fc4a358e921dbfe0d25cb99f67d15a73824fcc
0.05,512,359,True,True,a9cddad6f1f893091e521a0bf27f574cfcf60cde187024fb63976dacc254aa72,c58916d9ed112fe916b55822d13fee6e078e94b88d22df0dcfc876135fdba375
0.05,512,360,True,False,30e566dc83cffa20dce480c580b34df338f5659d6b2c4435da418b8d523fb91e,9568dfed5792c878394aaeb5fb2d089fbd43742d986f576d82897c3e7b603821
0.05,512,361,True,True,0d5ec87769311171163f828538b68ee11955c68b6025930fb0443e4da6ad1868,3e89974b3e502135fe40510a19f7896565cfc797f4f2312d4191b6fa46156aba
0.05,512,362,True,True,0b8af3932c4d2487be8cd35de35246a4645ba27779c0c63068f8e030de4c0de2,1340f6f44124190e0ef187c35e7ff74d577a13e1a7e7f3308186f3213bb9f994
0.05,512,363,True,True,58a96b474128a63f6442870bc4eb405e596697212a5180b545c5d3539fa38ecf,824cdcca2979482d5410a7a16dcdeb60befd3860cd4887c0dbf4c40747198bca
0.05,512,364,True,True,3e30a28ba2ec2a249e48eeffc242b669a14b0b7befb9bca8d9b8fb78ad648bb3,71a9fe430b9725886e54986046fdfd40072b022b32c266e2531db8ab48feb0b9
0.05,512,365,True,False,42a6512493926d3e1d4176e732bbddf9d1c98293a65a5689abb4c3697b809507,161138ed46109c70a198346811554a101efec5cd1c880693df3d321a16da7c5a
0.05,512,366,True,True,d4e28b74fd64f648dbe2635466d7b59b5f5734beb142c8272e9d9343cc8bf1ce,8e1b71ed695f3a9a5f0d77443d472cf00fb515be973e1a46624b3c7cc94ad318
0.05,512,367,True,True,b5d78444d9d04d3f31f78148f13c3ab4ad61d13eab79532fed53a867c3a2d084,9ac7844a4bbc3a1770830dcc1e0812a673098b694bb170c9bd2000110585e871
0.05,512,368,True,True,b5c614652c4be529d41f0b8074b10eab49a0909c17bb89af8a7b60e2779f6e80,216690506dc65648f70232546b6bbbdbb4dea2611b7acfd8025f597614c0ed08
0.05,512,369,True,True,df8fe546a1aea4f172c66418b9d90fd394be052f70719f6183f0e62de1350a3f,4f1ca1773bd1153481abdfa5ce62aee0e8f112aeb2c359e426f5a1d1f3800ccf
0.05,512,370,True,True,f2214641c1d586becef7cfcd9cd81017051ee245197e519adfdfd9bb5ff174c3,46ca9e10c936a1c33cd5dc6b32fd503ed41604dcebd33357fb6b2a6f7e8dc36b
0.05,512,371,True,True,912162e199be0192c29a0e85cf0d514a0c5fba5ce0af328dece6bcb188878bb3,9768df58985cf82124a24cdfba3d1e08ce01233ec51f0187fbe9172058e97154
0.05,512,372,True,True,5eff46eef377452e419661c808e5fdbfaa9579f23384506ca62090dcd8b14a16,fe98da992694c1cefeccc717d4819e843a0a48b31f127478e0fffba5580da98c
0.05,512,373,True,False,382d1136ecfd1170c32ec34bfee83a26155174113f1ceb259d054a914f02cb7e,a6a082b2b6de4bb825039063bd9be42e98d7f5c785c4978f828a5e103d1fdd4a
0.05,512,374,True,True,a78e85e7407b0df71d0e611c2efc4a361a0b0b4de52ad7f9ce255895645888c9,7722adac1d6e77c9ff3edb1829de00345abcb5bbbd9ddbd4b57fcb93e60caf30
0.05,512,375,True,True,feef1ede48f1f818b82e5739c0160df274dbdb58ad3b118be10bfcbae6aa85b9,3525aa80285142ad379b3c3373a5e0a31a7de626c8d10aa99c3e992e9481bf0b
0.05,512,376,True,True,4636a0687db7ece6601c1d15ba2eeda014643b3db6068d024804dbd28d871598,60c1768b3076496d0c8ca24b51de5ad15af0eb2e9a9c6f8d4650d45d5f1f9067
0.05,512,377,True,True,c7d1cf5a60b650bd2d47cf71c97bba1ec41a675478e86ec9852aedfd4fa6e956,4d7ce91c0126e9b757bbd80fb8afaf678e75cac60d62aa621eb2309def43cadf
0.05,512,378,True,True,9d1b205befc6e1d6f67286f1e9f9d1f5cdc68442bb1ec79c2749d6794d3c47e3,8b90d307b22775b7908f71986165399cfe4e5cae8ab0fb4925df0eb2b67dc755
0.05,512,379,True,True,3f512458e3fef97901f0ae360712fc14bb5d751bec2553ee9a2853a5a89cedb7,52ea9ffe1caa5e2dbaeb7cab82739c057601ac0a0a1f0626bdd4b042ccb321f0
0.05,512,380,True,True,15dcd9824ac048a942712c771bc3afb37ee0258763d4da016ef9c072149f0e2b,7dc2d9a7901b3c84792bf515f62e74e4e26ccc425269cceb5a44a3e080f9e59a
0.05,512,381,True,True,635976af835a493eeac771a03b26a04bae26e6c2d7d3b24358ee76fc3f0ff1ec,167183d5e2ecbd0dcd4cf1f9adbf514c47074036dddc6058ec07208097c217f6
0.05,512,382,True,True,a77e077eef1231fcb5d95c6d00712b6ac5b25fdc8a32151d0547402cf36b61b7,ffe78b6b21a397091cad6c6ab64ec5341283831d6d64e2b89e322b9dbe31c08b
0.05,512,383,True,True,9c5af8cf88f063f84cc644bd8d24911aab0e90759ef48c595cb32324ff5746f7,de398f516379ac197b34b66ccf44654821ff971a3a33d7ab0a7711fa44019cbb
0.05,512,384,True,True,999fd7aefe3e79bb344c47cb6a83cafa2897668eb46dc55c720e6845d347946d,bb72420641cae4a77bc8e7bf8550bc9f25c10af4d7af61150a9ff265c874bede
0.05,512,385,True,True,5cf50b69f64212ce01e691502e407cb9da4084ca3124b44c7a9f0f5ae3eb9cde,a9cd432c5685fb8c582c24a90645a9058a3f6e6249c08ece92b9f667c2d04258
0.05,512,386,True,True,fc4292cae43ef5559114d11471e4cbe86e1edd2d11a21e70b2d965c58bf7b314,1ad6a67dca977c7d1f1bcbb04b5b366f4d7b91b86d95536c3531177095decb8b
0.05,512,387,False,True,506544fecc463c3b897478ad7e74a1ee55ac71bb3955a7523b8072009a60a67d,999e369a9410d07e096afa2ea3d2db28fb04107b662c31a337916d411a742cc2
0.05,512,388,True,True,1d71a085be4019134c4126ff8ada2514a96b8e4404f9392af95edafce6e0e81f,1a83814ecad4240e3fb109924424f31eb19b6b99c4d9077f6bef86102ec96429
0.05,512,389,True,False,74df886053d2b168c804bae81c2fb4ec7122f7293e8fbf16a5f04f9079fad5bb,f5bb452f4e5b7733fdf17e5234df868b5ba488a138c47f5bb2dcbbfb77beb990
0.05,512,390,True,True,8384dffae6699210f91396b6ccf36c725938e4ba4a817f30f834afef57ec61b0,2bb2b1be7f0c2f22c19ab7fe41417c5494718b5cb656ab65804d88e8b9b40a53
0.05,512,391,True,True,f5738e06d4c83a07b9619e66fb562d57337f1ba9024bec8f111c438046127277,6b0de0d9b9e5485ef489beed18f5f27a21ccdd58d7d86583e9639172fa2b45fa
0.05,512,392,True,True,85cb917244e470da5d809186b1d4ad6923c9231cda4285aa63d490149e5ef261,bfa1e13ccc505781ba93efb77c52b8b66c03bba58ae7525839c2be899cb37774
0.05,512,393,True,True,90979a17cc16c6aede8da388f67508831278f31fa2f742c747b1bf466c56cfa1,e63d9089a7fa300fdbd2146b1d0bf0f982ce7c7eec0a83f5a386bdd80c6a8583
0.05,512,394,True,True,553fa5a5c5291186d254cba604f8ec3db4dd618a6f573277f1af8afb4c49afe1,0bcfe86d64fb2cfa68dbe44a62b4a655540e5240da670738c4a33addadcd54c1
0.05,512,395,True,True,5f9dfa4bdd5bd55c51ff66a7c2874c0363b629301bba14e67658c5b9c763a060,376a0ca4c10f9c132ccc70025b1caa5412693615fcdffec2619d7c4091788fc0
0.05,512,396,True,True,6fcb700c5166e5ad16557627936ebd6f499d9c232ca4ebe6e75be1e7a4c18b07,332b0a4ee8fd8d53aee2a17c97e688421426e16290544cdacb1afe3927e71adf
0.05,512,397,True,True,0bf071356b7e227a3e06b066763d0f32c169e536ff1158ec19f3c061a3319e9e,ad344dd2e06578724c72c068ce3cd9d2e395470f0091ee46d0e2367776e79b8c
0.05,512,398,True,True,9641364b64383bc9501035131575c5c05d16d8d18d3bbff380f81dd021cca7d5,60618d26854b3bb366a923631b4dbaf6f0af2d90f30076d9f8ec246132dd9f3a
0.05,512,399,True,True,6922f9521e2f244f35fa99535ecad4fbeb3d6638a857fc673536cfc768e418be,84d16d8563478d80bf79408f323b9cf1a3cbd5f348f3f72ed28a0278fc6a6cf3
0.05,512,400,True,False,c081ab03eed8b35eb5082a8f2fd15347cb5e0521729c975a781bec2f48c310e4,4049048a686362f71f22b96c0723bbf414a12d1168111feff221cdd610c082a1
0.05,512,401,True,False,f3d0e647137a64cda4dbb04e7596814ecbeece039d0b26c43cdb139557a996de,1964356be2f0a9865947bc727f2e9fa36a06ac99cc6bf891edd5e6125382533f
0.05,512,402,True,True,aeb6be9b270ccf337618899e3bf6a26e641f9c41a0edcb8c987cd3aafafe69d2,19aa7353ed13fdf98195329882885a1aa04ad130bd2fb038bcbdc43486ed4ee0
0.05,512,403,True,True,88163ab9021eed336f733c72228bf270d4f48421acdfa3d544200cf504402fbe,cb5198905f661d9bb771034316eabbfd29fd451c1941f7bb5320688b8a9284ca
0.05,512,404,True,True,0970a11665f840cc26f153993bdcce6241cd88432d55bc65998d3b0ecf3bbfd6,c3623fbe2a4f96363ee7566845c275995ea3db97486546ec8e537ec849248b97
0.05,512,405,True,True,4ee563648f16aa9d863ca4b5e7adcb81bebda401c1000e6a0a9ba721fbb96ca2,1f07f5b623f58f1baeb28eabd125f6432ed4fe99e4a71f4699da67fdf838d40e
0.05,512,406,True,True,49b6e0bf41b15c0572b3f0e7f0d7e67b6de00e2e332ba2596a08b00b0df4689e,96ea4816543d606257ba9babe42f8052401766535d9e70f85f4526acf2e4a4d7
0.05,512,407,True,False,1a603216c492639a9b627a871b84c158e86773c632f51e5ea05a06478b0fe89d,0b575905b975b975fb0bb9c5f13eb9f2d1f9ddb2d2fae0e6591f088ad34c9d1b
0.05,512,408,True,True,491ab40f869b1649d371e7791f64042160aa155017668d6c9c284f3dcf014253,928f45973dae772296414db293d2e0fac45640fecd5cbc25093045d0513ae9fc
0.05,512,409,True,True,112511a2c647f786f3fba7d796db2ef4ef03b00ea811e09a3edf5aa82fd6898d,3002db61d0402f531e75e0a32f0c4c7aee05b587071999a004065a22a459d7ba
0.05,512,410,True,True,295d83dee682ef8bfff2e200cb3019344cd7aa91a114095ea6af6f193bb1d4a8,56d2e9c003b552891b8e95868cdc4b2f7afc79a64c801b1d3cb06a302f0ee74b
0.05,512,411,True,True,fb3aa12b30b9767f8cbaadfad19860c4aabc48af19c2309dba7e62bfe2801f12,65bcd386b26661fa4dbcfa6dab02a5f0cf8689a4002ec08d078a745e67ad4d81
0.05,512,412,True,True,97d4182b418989d5ce8982e0ebdc48c0d5912635d1949a29fad596bd2665c494,fdbcc8a53b323402f662ef9909cb07c8d6fd4b8a1ae43bc865ca3cf8c400c9bc
0.05,512,413,True,True,7a1f2c035b802991fd667da93f694ed4c4eed97cfb33cf20d8cc3bcbd318f98d,dd92ab39839d62b21ff8183315a5a71360a25d04a073020d1daf366ed5bb5162
0.05,512,414,True,True,219fddacda12f3fad3a71dc87d1f45dd9882a567c68ded8626880ae5e2330029,e89c50af19247297b24cc33119d3716a3116d61f8284deef48f8e8dfbec1370e
0.05,512,415,True,True,7e48f1036f676ceb847ae4087490ac6961c5c81a826a82b1ed27f947504f7bce,adc4e56adebd1f7ee5d3bf1abc26c55f50e59f7714f7ef79a6bb88665f60dbdb
0.05,512,416,True,True,0c2969ae94d1c09079ac8560fcf53f8afa9f26cbc11ec4102bfe1badb56e999c,bd903b4728caa66f669968e8b1bd51b5bf9e18298c7ff9af9e2e47c8b3803e86
0.05,512,417,True,True,e572afa16bfe23418331997f71e46dcaf22553f8168a6d01edbfd72c7de35c87,6d4dabc50f346815900bece3fcdf5cb24bc5c2b2ff7799bee500e3130b5cdc80
0.05,512,418,True,True,e5a28c922ed641b9c58a87ec8ec6fc015fb026904cba467f9fdd8407d49d98d3,23d299e8c933ccc7fbdc40eae8e20ca6f5e531ec0fa737f60c17091e2bcd8a0f
0.05,512,419,True,True,fc0829322a5cd75a79ba8d30648c4b5cb706f5a43ea93b96fe5d3e84f3629fa6,cc283351e1dda21e49f48a8b865f8f7f44d15cdd1717720e619894ba0c28f4d7
0.05,512,420,True,True,29e79432cd403fd4c9275ccb7f8326b277a4fb6e493f18f3b1e8e94ebfcfef0c,822501f02dc5411104ad173673cc3013eb7cd020519e83b0dad0fd434d92732f
0.05,512,421,True,True,ae7f0b5f0ec545a355c1495f556178efa91264d4a196b91f83bfbc3fa6a39a0d,055872fcf4f0b9ee977dc1f3204233f3994f332fb692770ca2bf61c0819ffd19
0.05,512,422,True,True,645e6c959cfb9ffefeafe654382c977fa9c4af234e5b761066c80c3ebc048817,e2b56980abd18f62f84ff3464f13ef6831669e03c9efab511306543b15a57d64
0.05,512,423,True,True,86f57b6ab7efb59086d590b536d2e96c659c9dc5c7834839128ba6546ae8dd96,62c2e0dd1749833eab8183e24dbe1f091d49f57ded205441b9fdaf2f3bd0f3f1
0.05,512,424,True,True,cf24aeac7d1a32550f603455e245db3d31ffc3fdb96b33727687adee91420328,16cd2c45a2f7da681867bdb96b9adbba971ebfeadc0fcdcf52b10b8379f12735
0.05,512,425,True,True,40673e7b68d4cc7ae57aa2a704c3d301557f043f315a75db64bb439503a3ae25,f9962420f69e3659dab60040b1e5f2ae7eb3559b4a5047eaa11425e5062c59ef
0.05,512,426,True,True,d2c0ca3bfb26ed784d2421d6212bfb4d6e660f040e736452e7fb23b6503ebf9c,1d6abcb3c350c8ee4d9fd60d24d0c1f44566234b2832091c36f3ba63bdafeed1
0.05,512,427,True,True,26d1f4bbcc53883a1737b7cd89d0ae32efa2e61df1d7fcce1add2d85931c2e63,b70e7a13e1d6f53a70b5efcae26ac2b1b8c9d7ae131e8154a5590dd9438442e0
0.05,512,428,True,True,a9f933b1ad3af5b897c04e0ac49125efb5fe84207f0fc142639b379627a0bb3a,ab8bb00cceb3ea3b9aa74b0a149838710acc6340829d97593e122a1fd5262e15
0.05,512,429,True,True,1f98a489a4d66c2f8fb1ce32d9f193e0af0971a47d41864cdbdc33714a7df919,e5007e695678441bf9cc38f860fae176a954e7d6db269b1f51ed4dabea537519
0.05,512,430,True,True,da33b34bb7c76c9ec4127f0106e1dee3bac4b40e20593d41214a8e00aead1b3f,e1d4c191e452a7a9229d8e80add4394857393011445ee6f39a15265098cb6533
0.05,512,431,True,True,a3cb6ede16c28f0e5bf32461589c98b49b74a76a2b17b1288e4ae7e73173e110,bc21074899ebcf9b640552effb38c489c70ce6cefbd2b3de94fcb1116b19234f
0.05,512,432,True,True,978f682d6fdf8ca71e65aade343094a89233140975193cf9a93e763c54502ab0,41c841d2b6086ee49568b094200b4ec4e7f4716d7d7db3ee8757e0de63082bec
0.05,512,433,True,True,0cd5143cf459a0151d1019950b1d370232e9f694087dbca0c0519d3f98acf529,2dd64c6ba083e4c682537fad6ca32cbdb25a33ddf325e312066b1c715e64334f
0.05,512,434,False,True,97c6121d61f35aa3b658d734e81876c7960a531b7953bab4d9ce9e6a2304213d,227f9f6976ca8ec96e899eb722414011f0b9355c5cdf95e97f76d816bd627001
0.05,512,435,True,True,0aa887dd9081369619cdb807a18f8d5ee49e8e618e0010d0daf5e646c0f6878b,2e9a58592b3f6eee557101d906ea866457fd1583ceea3b5c5b96df94367ea4d6
0.05,512,436,True,True,4bb020611812a41e7109d931ba481151f930a772cb28c47e570838dc11f8bf61,68df956dd85fbc039a280894a61aa67726091d3f972ebdcff5109afac4ffcc7b
0.05,512,437,True,False,1c54620110c1d5e07dcd98fa4e54a82d8f59af916f0f607af368dfc8da96b1fa,eaadb1e6bd4c59ed4f3b0f4ad09ac50a3d184a9371be49c9f0ec725d19de23cb
0.05,512,438,False,True,5eff47aaacc6b659225fb5a7fd5c4447ce5be4a26336793893d24589fc48f517,eb6a4c4b4f1ee77b3f3bc50bdb2aa358366e90f2de32469903d1391da5a75c19
0.05,512,439,True,True,97137e0f5524c3862ee332876a1d378f01b9d031d09d2f1837d4cb77a25df76c,12d660138741477a6a665b9537208ed9c3f57b44cc10bfc17e6b560c78d93370
0.05,512,440,True,True,049b89e527933ec8e8310030c593b5934877a825afdad55bb1ba649d2c0b511d,357ad4f2e36a6a99f301277328613e46a684efe6d209c65b93f9494109ecc28c
0.05,512,441,True,True,f3dbef42011f7da18584b14bbeb0ce5f1fd64a64c3684bfe6daf45522df0e422,f41dde525c78fbd01d38b657096ff71c545dfbe9ceecbcd0f0a5c2d918497d5e
0.05,512,442,True,True,2905bea080664febb3b3313de18468672a9e6903b108768a99160ae63cc38243,9d084c46fef153c410de21bfea5f6fd2c644051305c4be92098a87a22c3a82d4
0.05,512,443,True,True,75762a008f2c85f153c3f3e7386e2adfff5b164c34ccba6d309dee84ebfef7e1,e609f2e7aff0e0f10a7c9b6ce757367404757cbf38d658a3f8540086dc4c5f47
0.05,512,444,True,True,4ae727f348a669547508d448effc23a79df1898a0e6b3c3674b4668a3e48bd25,f4c699bce2d268785a040710269360a6336f0b26e8ce9e4165e6819a33df9566
0.05,512,445,True,True,6691911294ec777066d617a164917f35e369cf8e312223c56a258627dd8a59c4,978e51724f7cb4c260d506f029ca5ed801d0c580347b684a0f18d82b136a09b8
0.05,512,446,True,True,f27ac5b673ba3559d231dd2ab9b08c633421874752748d197ef48b6ae034ae61,2fe1eee1a5aff1860ad6b4ab4acab22449446d34c92562b61f2147f4acfc9793
0.05,512,447,True,True,681a745284c867544e5937776b330ad18fb50e2cf00f61dad14f6879f8baf07c,008d7c362cc2ad6c4c7fb71f63adc0786e3ec3262173efd10a42b5d4a802b3fa
0.05,512,448,True,True,b70d6628f24f1e56ee430c1eb83c3a94bf760019f6b093765e6a6dbfc4020bfa,84212b137ff702186f9760f99bb89a53cb51ed267774e42bb95d13a30def61c8
0.05,512,449,True,True,f5c10c63e50c59c985654bc2bbb7330939bd4d8523eaba9b106cfb918d4ff2e7,92296a4b2d06446bd360e983f08e25d5928dfbe123d582ef806639663a5b015a
0.05,512,450,True,True,d29512533db1e49107ca197846a9cf43310fee734e0211ecae22b41fa932e374,c81e8f8c7d861b34f7dd35d6e218c4ab23324f3986d8e246e6a3df5d66de83aa
0.05,512,451,True,True,adbecb871b4e380ccd9360962058640dfbedd7232f7404738138d14e485fbef7,4b8d91a6eb690d3c63558d2525ac2b16264a0ee4e036173b0e4fb87e6cc09c62
0.05,512,452,True,True,b761f7863b28548df78744371d38655ff7c9ceb165d31e1ccd981f72f246047f,5571fb842ae20e6d0316e9460582d0092a436912c33a5cb05fd9dc3f4a15f050
0.05,512,453,True,False,de50b6e660658f5d223f28157ed8fffe497a2c0b65a001d9ad4a3732b3905aed,fb59f99b71c864333b4301c8146e01f2c031c322fd3a30d20804ad8734442dfd
0.05,512,454,True,True,3858453ff0fd967a1346184779e6a048dc56b491d044addf188401353a5271fc,e63ae3d99447e0d7463bc2b59fd8683a1a7958465275f2da3ca73f43e4f15776
0.05,512,455,True,True,c2594a60a992330fc6471cbac6c7d9a8841d83bd1130a66140ceaa859c8abcc0,e10ec20521222372d4e042583c86ef4fd2d8c5f5220f6550d59818981c1f3bdb
0.05,512,456,True,True,978a56623e5f3f138b6fc878efbabdbcb57821810826fc57d6b9c1dd8ffd8e6a,70f8a592c9caf3cc4604e76ab2ba593c483e2caf37c0426d5107f20f48425315
0.05,512,457,True,True,8c9f03fbecb70fb85b4016c93d9aaf00801d247d29438fdd0bdc69022cdf726b,b8510b52509c64e2715b9d903ecf352900f76e73508ea73f302c17b3a6849479
0.05,512,458,True,True,5e352e77c3f8a1f801169ad8133839be5e1eac7344486536810db0573b378797,29508fd91879ba889235e2975fffae8e6c7543ce18f329c42a1a86ac9acf9783
0.05,512,459,False,True,f0e70e8e44eb189f1dad505cb6fae9531cb61ea524bd4721ea2557cbb3f0cd0c,cb0236751dcbe98d9da6d48a308f399542469c53171d3b2f13fa7293cc019b1b
0.05,512,460,True,False,93d1967be375cff86675a79639cd9adea0c656b094d5f64b78139828d689e183,3c61d3d983d7fd8e4b56fb5b2efa8a03aba2f1280f6d145b8e020a0b94f6ba09
0.05,512,461,True,True,17d05aef02ee1b85a1abaf6688640c5f1eea0a5e9454a283b826575f7d1ca540,0d955bdeb0b1413b156586610921106afd234a824902c072a67afe8e4a7179cf
0.05,512,462,True,True,f2b15e7d2345a8328c508abc71c42b0cf579c24b96b4534b319995194f883f19,3451cdef2fd7c82023075133aeef6f3d5d838b5c99a1f6bb36b67c6fa51a8c79
0.05,512,463,True,False,f4d50bab1b9c7026cb6681555dc9d4f5c18f56fc19fad32f82687ef82ddb31a0,9a3698c31a3d1057a0b45fd6c35ef7018ff178d4d879e0cfc59423f4c3a70c85
0.05,512,464,True,True,45396054e5e26c9c8ffa384928e006ce0346206e5dc3b4ee95eeff1313cb92c0,8169f4f3511a8f4ee8d93c3222309409917bc580a0a09bcedf60ed7819c0ad73
0.05,512,465,True,True,cf8e9f579065394d79f604d2098f5ec477f71159bdced3de1d6c47490d50f96b,fc0ff350bc0f7c1a58eacbf75a53f41cba93a62c9596b29eae67f107c5c05ae0
0.05,512,466,True,True,bbe08b1b1ee5cd25917ce564f64253513c534cbf85bf70543ac5c1574b58acb7,ee92051267ec8cdbf44a7b84bea6281057cc5f9ecdea005ad691076a05286383
0.05,512,467,True,True,8d7b4bc6c7c248f21b873a4b1c4c0966d3e21f672a08c1db0144780482d9312a,65111e2c02d4298d0a71d5a72a9281b3559bcefa369fd960566830242621eb2e
0.05,512,468,True,True,24ad5063e82e0ec7098c8525a38d9b89e61bc98270dca62da4686f4fb8b71e14,be2f60a18b3a7928017bf04f4c757e3bae40342077162be22c79ec7f87f756e6
0.05,512,469,True,True,c20f32ca42bf745c90aa679781034f36998d69eaeced786ab6f624fd895860ab,460e65015e9e56ce428233485022d4bbc452e6a69196403d67ba9af447467e59
0.05,512,470,True,True,849324d3f2727c2c62fca4c33cc355096127cca596f821033b814195ff41cd56,f87241b9f6f1fde9e2dd9b91d2dbaef609882327f4b1438982001468d554e261
0.05,512,471,True,True,6fdbfa6eb25022fffe95c7995f8a1769343d282aa78e02a666f482e8d9685a79,75beb40db0cc247f9d26362c4394bdbd48ca996a24be36fd18d0bf0d3354a829
0.05,512,472,True,True,1666b9d1001a4fc913c1f3bc25234641838c72b362d8621e1d451023a097c0d5,82f9e142475108489afee2b66ac14516bd0addc769a610735cd21ce93a8b94ce
0.05,512,473,True,True,f6bde3fbd03a38c35109f44b2b1338543868c4aad26b73ab9ad8e29ad22200b1,16c720b9916bb65a3c5cf2ce652ee81fe4b107648277e1bce55754c994259de8
0.05,512,474,False,True,3311e35ca41827c03044c1a0376d3040bfc836b2d509bbf9d89da11cbbe388b6,f2579daad1c9c1fef8438a173c891d3380baa9f6b2e4eb32aaa1f529ff4d32f7
0.05,512,475,True,True,64dc48ffb2b175fd3e0778fa77d98d044c02358410d02268eb7ebcb7102d9bef,541235d1ad3afd4d1bfc378e73c52c1613c682fcca07da206201d7f5bea6613c
0.05,512,476,True,True,8f29b3f625a35eddecc8a49ee771e1191ceb1d4437dc501b96b12ab03c638496,5720763e142d2a62c6a5688be9abff5b6e32405b586ee077209e1f1b667cd0d8
0.05,512,477,True,True,55f43ef166c97e432358fdf6d3f925955e09867b9594f32589b42c7185645f86,e87f044f1d5647b504287b945d89b0f041394babcfe4315fc73f91916c646645
0.05,512,478,True,True,ff0b8cfcd92982b14984baf25edcff30fa82ace8bc616cf8aebef8917cb9471c,87e5ebdf85314b052be80e7818104930027e39a8a494f77c39bc38594f35ed6f
0.05,512,479,True,True,d5d30848fb46187d38445648fe6ce1f8b8d005fae6aca266c8be548647c93f94,2f78af1ea96f2d9e3a14d068121d807eca3a5edba08e00fc1bacc12bbde89d3d
0.05,512,480,True,True,1f1b16cd54d290d9006622ecd7b32aa0fbed8a2876fc8be43cc1fbb2b0ac21bd,748dd908b2ad0c963f1695724e2666247fb4ecf1ec538aeaccd86c8197f35b2a
0.05,512,481,False,True,60083b9c0438b53ed944167fed8fc3f92806a8a699331f0941222d5e6790f66d,9802cd66ec076f2d26d37e66ffc2a95cf9512d80c8451a3b72f6943aae22b47e
0.05,512,482,True,True,f9b0c4e5e9409e47b8a1fa7c66eabddc986147dbd7c4fb998d16f98c2a85b33f,71fe73dd7a306cbff1654e76de4e47c04dcfe61aa10bf721eb56155bfc65e163
0.05,512,483,True,True,f0352f7361be369baef219e60c2e1c905a9c8988c055b70ef6ae6e43552700ef,b3c66fd97c3315f6632b509ca31dc71e5b26758b69119a949e79036ce31094f3
0.05,512,484,True,False,75437140ecc3f250d5feb30aa3e383860169c7cc683b8ff8e7f89ab6fba1a59d,3cb7885f312dee8f117e9f628affb4ede5cf4dc9f8c95600aac2a93c9f803281
0.05,512,485,True,False,66aa5d8526833603916f38de33a8791448fa7100557bfec10706d9c3ebbb1004,747dba3789bde505aa2715cac5fd67f03276e65423daf94b356f7e621b192941
0.05,512,486,False,True,30ff69ffc2eca5f78a576ef9e78a0c713d16e58794fcff487c7be411cb714afa,851672bad5d04817a842f8e262aac0654fbf61121e2f82bd4a322b1782bc8cc9
0.05,512,487,True,True,f6529ef3726acd5177c80f9cc8e2700e12a609cb7e451cce156041fc820d547d,6868283983a6ce9fa6d19c3fe62c828625146565c6ed77d3d9550f5eb104121c
0.05,512,488,True,True,5727c7ad69f035986ae70834710e025838606acdef04f3267c6eee312dad2826,c77ceecebfbae77dad8e9e0d147d9185efeca1d859a7a09a6e8af6fb71709246
0.05,512,489,True,True,711cbedad8b32c11191912b8612dd67cf2ec896b5ac96c9eae15a906fe005738,4961bfeaa1659a67769856c2c6e90b211c3612b976d16f5f68edc70e752e3756
0.05,512,490,True,True,25f2111677847699a93e8fa017248f154cfe37a3f08d860a8dbd6a655ae3a2fb,5eae023d8ccfe0556fc1dafb70742b918b291a395fa907aa9a334c911fccf8b8
0.05,512,491,True,True,1f3e610847700ef324608598886cdcb12d329fd6fe00a8c280f0df46e8f2909e,0ec4a73f607066ac435c914c12854dec76c8b1a9ee829ab96d7a88ea8a6dee1c
0.05,512,492,True,False,2545e1b15cc7bfb91c4d97fb8a2afc41b64cb9a2435271bd6331a8b4ad936ec6,ae4d351771744fefe258e613fb1cea585d21c9e56eec178346981ef07b8cfc24
0.05,512,493,True,True,ec2d9cc90de7af82bdf58352e63f35bbb10d0720f4fa449efcaeb6a0605f4dca,e152d7b547bdce23024f1267cbebedbf2fe8a33163ad185602d484c042bc74f9
0.05,512,494,True,True,32302d6532b50991c9416154918892a69a5dab29ea9e99509959b285e17f8cad,6cc1118308970dc091a31f4e5fe3b382d459ab650a54d2c9901eee7606085d93
0.05,512,495,True,False,ecd9dd0f17a153ea99b14ecc05af41bf902b6bc13b815a2799811bc7c8831d86,83466cfd1e30edc3e6f07d4920dba8c67510077c4fde802821946c2b1ee2bab7
0.05,512,496,True,True,9ecefe1bbf33a3c3dd5927ac09572436e46496ccffb104a69d6c8b36c64a1462,e93d60087ebf41c3bf8f25f9eb3e7c1ac23094841149c0857f40267193acc3a5
0.05,512,497,True,True,dbba084657009996805e0c68e7e7cea90bbf54521bafdfc50b34de69ab663077,198cb4326a6432685ed7ecefb29e809c8eff68c7c464d279abc23ea4270bf6a2
0.05,512,498,True,True,78d286a16eabe3e481bc8a83b0f0b0caba950ee4a4473632d3cd917144bcd09a,1cf9adaa8fdba12e10d10946b15b339a18fb8fbb9f461f577dfa060a6906bb2f
0.05,512,499,True,True,783baff75d4124f3dbc4b69e65a36606ad309cd33226c879b5dacabd671af728,208d39901aa6cec1ab2bb93ba808a29f2881176b5d5637d2c1a915c0cb7939e6
0.1,1024,0,True,True,da9488a13af92e7454f89049a417565afb3c4fcc61deeccf61f81118a4e03364,b157a30f91b532b86a89484464d08fde3e011666116d74d119ff5c66d2ec7d2d
0.1,1024,1,True,True,b7f045403c99d23407496a8df6615fd691d7f83f6a947b3944f3b379b18981d6,b3fc9e24482be3867bf5221a458f60126ee911c5859010ac4f240bcb9e94a3ff
0.1,1024,2,True,True,fdb8f1d056a3289bad8b5a08edc0be4556b356fe333a51506e783905814767ea,ddb5387d15f49d0b0be7157e115d490b0548c845db89c9be8c30df8e4449e708
0.1,1024,3,True,True,f6a9c204461653add3835bbdca4231f1a0cc5daa32bfb99a2dcf7ee34a9640cf,628501669bc2b3401b85c262d73a7f2c64b943b269b6e56b03b84f69e5890f87
0.1,1024,4,True,True,3e7938109a68684cffc661fe253a32a106572bd137748b66e1f80ddfc6b7b468,6fd0555e5da6ea2d852b4bbc32edc69a3ad20f239a317aeaa788144388e07086
0.1,1024,5,True,True,316e8e39b4dbb15c36a3c5e34c50b436cb28d6ce657cf70f071c323c60ede10f,25ddab6dcfd7ecfd6165538e8659fdf6f2ad335bb5ba958be762b791cfaa37db
0.1,1024,6,True,True,ce544cf89044a11a43c2aedf9107eb4787cf73c9e0fde8fe9a73b01a4976ad25,c1b5ae288d9bb584ea42a11366ff4480826b6f38768ab4117918cb99f0a2810a
0.1,1024,7,True,True,60eb47b6fc4c94633096c72c898cee6fcc58ffcef86f6e9b78d7932f73b006f1,315b22f784cc2fb97110d7a4b4447563a0f8ab2a2fb1120a60ab72406219c939
0.1,1024,8,True,True,dd230302880e65d65e4ddd496e2b2aff7fd748af8461da6bf2c21b3ae854b7b2,0118622d25f1adf0067be0ce7b3574b5f6a2b4b1d559aa4eea2b8eb330bc67bd
0.1,1024,9,True,True,7d16959471f0a45b446e29de88b4a99f9b818541b62528a9be94ce90a6504c0c,ade8acf60596361975fc82f8d4a99a0cf223bee7df201ea0abf44bc09b90c3c9
0.1,1024,10,True,True,8c9ca89c69548d11cca3e027115e54c2202fc043f91c438b667869d03752b1c5,a823beb5a9ff23ab4c182662dff2b179c9d50ad54182008b6a9e07891a319e8b
0.1,1024,11,True,True,06f64730aa1b262b17b038262a780f102201ae52345af4b6013041be6b51e649,9103295c061515a94177971b53fa26983a590732d0a2e1decd12cc8ba9085919
0.1,1024,12,True,True,2488371dec209561ca74c5d82bb33856ee5647af6a66c478a835b9d425c62e65,1c3a58667ded996dce1df94830a8325c65e8c2fd5c2efae65ab7633fa817b55e
0.1,1024,13,True,True,27b9a440453d3645d7f833a2091b23c3303894f6a965b6260649707431f77afb,9796f3219060e6ffb7b8ac71fb12bb54a1cd7d5c3d6331c8995e922b428a2878
0.1,1024,14,True,True,1c5164a23cc6a412c7ac2bc2abbb2204c84d17630350f80dfe324253459131d1,d4b0e50d335b875a59850921e9a669734bd64fe4b66bf1a8d77efac2d21a857c
0.1,1024,15,True,False,f2a272f296fa74f480a8e6cb59b452f2027fc40662bd359f63a846154ebf96d4,6411b49391d88cbcd00dcdee6f2da0180a368ebdef7cf6e96eab308724838155
0.1,1024,16,True,True,3d22d63d1f440fda4f376d0f2d188a725618209301050cc0a7b6f3bb408d9db3,bdbc80640b8eefb6a1c5918db1637af4aba86ab889b7446b3ba8dd1c0dbe283d
0.1,1024,17,True,True,b6eb2eeece272171ae7cc4eb04c37210175f25e33e50efef97dce465d1e4b0f5,5ac88bf986757469167486de124d2355f0559c1e99d052ea75a8461292d7c127
0.1,1024,18,True,True,cd80fdcf1d7ef0ea9c9c5cc160beba56185a559a66ad298ecad48a1764c2091b,70c9cbddff3c8cf8ccdabd2912a152e80825b1a860fe6e9912e725529cce34bc
0.1,1024,19,True,False,1879cc30d87e3988bc5119ea3b8edde54228f4b49fe35aacabd3327a57f481f5,58cbc97703c6d4542e6157be3c0c057593fd4e427e4782a05003759f6619f3cf
0.1,1024,20,True,True,fbc6f4a3d0de59d90dd4dce057b74b02f3a048028bb3feba554742cd4c1647a3,cdcc95d7af8d704fd6b6c225c1f168bd29c2ca0c4e1c45d8e71d00aecd0fc5a1
0.1,1024,21,True,True,19963dd9062eb1c952b4769ea3765a9d2e208c80aeaaab5e956aa4b0727b6f44,30ea9d8d643242ce56304de93c59c853c781a49fe9c13446b2b1bb657f5d183a
0.1,1024,22,True,True,a78d4afc8b1138e392cd24e10fc9a6601288e0e261a66e4c1649b3e969aa46fb,1bff67296ffc710eb389ff6741e39f74d33b4b3af402f29382eea16a1f6d2e9d
0.1,1024,23,True,True,a23c343792e8a3b6701627180afe61f2336f88c37e7825bc9a8ee6ef80debc6e,c4af70f2576d6a01ffcae20d3517dede4b5f3d68b455feab1493473449013c3a
0.1,1024,24,True,False,b91b34d3629a285d47a5217dd33b3325b5017cf185d94262464dc26168b81fd8,88d5f023c965733d7f0586d9d8c1754ffb5727ef1f96f808dceab20d05372337
0.1,1024,25,True,True,393ce0b9b33b89b5dc576a893ce922da34ca60743ce7864a2f6a9fb4151924b9,da319e43a51278fb2281e7ba3c85f9f492e89592b35dc1cc6d57c511253c6e44
0.1,1024,26,True,True,c4314fd8821bcf7a6386a446217c881383b750227ea1b5d8c0be5b8fbbc0667e,84654999ac65ab6cac011875173701ca8efb57c9b835413aad176ba69b70fabd
0.1,1024,27,True,True,0ad4c9f5a5f4e35bb6d9d8185e3f10bc15f19e85bcab47d3515213b659828e2c,4685ed34d8b650d1b34a1ee8ef9d53af8c8214ac184966974e00d8ce83747798
0.1,1024,28,True,False,b2c059f099000dce02ede06081b59172471085fccb5f0cb972a04daf419d3746,52de06982f5d5f5ccf8aef273a3443fe683d349a693f6ad35c7952fd30a3f772
0.1,1024,29,True,True,d2694ed72c920d53efbbe02d2ef39851fe5f3c0a9559fba1bf7bc65e13ef2d5f,48b87dae7e8bab88ae9eeddd11e9a5041490533d8ac22e38b2b4a18b6345fd89
0.1,1024,30,True,True,9b785bdc724d9913824b922016e5774ad2528204d68e1e3687902e2ff4132b73,e75a3bbabfc691b67fd405f1226a1ebb9a5c3e70dac1c717d1cf6789a4d1869b
0.1,1024,31,True,True,72edeeb20b3104abf3dc2c20cb97aecde38206b7554b7fe4159abc7f82d0459d,c7e3de9f5d19baa32d890a68b294f15dac9d433c9ae851f666cdfdbb5a4cdd74
0.1,1024,32,True,False,7bf7f0d2f1df83e94c517fb8ab45d11c4368762b8d77a9b59765bbca9b42ce72,79fd5a7e251fb13b8419d8c9e655872f08542966ddd93c7db4d33ddc9e6820ae
0.1,1024,33,True,False,1c272126b969eb0a6d6dd81e4d6713141a586f9bc8f1acbc91fb57290155971b,9a993bc0e45fa892a77cbc83c1a29a6f817366fa69376d0e3009afb097871ecd
0.1,1024,34,True,True,f8f0f2526de04615bcefa70270ddd3a835748c792a64732962948e92067508e1,b74e9e7e0e836d76880760ddcfceaf4b68756598cadecdb854906a0955cb635f
0.1,1024,35,True,True,fbe5d4d70efedfcf916f2902459bcf2230df648e3e0448243db31cf9d380faac,ec820527f179f7f952d6e1a5641178397676336f30cd7616e2ce41434ab8ed4c
0.1,1024,36,True,True,f7c99d18fd6fb552aedf789eb37344163383866b0d19e3b51bdf7b1839200d2f,6dbdc27891c189e734c9281449de47e5aed7424ecfa4e347e1be765d20266037
0.1,1024,37,False,True,6e19360042fb91d453b6d754dc3b0accdaf7feb90306bc38c75e5f5bd49429a9,fc14f886b6f1e31470359ae9f39653f3e6646832e4bdc4140c0aaaac4d6f374c
0.1,1024,38,True,True,f3b60740d59b10009f909a59598dc4f298c8476f47dce02d5e5fad28a3611599,48963e246cdf284a2e4b7304d3e617b8cd7d987f6fa83c6d492273c124af5bb8
0.1,1024,39,True,True,b68e172bdaffd285a03cebdb9000f567a742406db92d31a657f5e057c241983e,27defa8f51bbe260c1bb3c9c814c3945045827b0576a1e82fc1e10e085d37efd
0.1,1024,40,True,True,26cce1f256790c6813020f0cd93c12d75576258c07bb7288f7cb4eab8b75108f,05942dd349da10211ac69484efe554e911225e985dd665d0f6e4511c1890e65a
0.1,1024,41,True,True,3c79c9fdd93acdbdd1025ed127a47062a7927a8e43b6bc3b900e9050e15c8edb,6541332e0945b8f042d6f0c5794973f2dc10587407e19162f0ce3b18ff287db3
0.1,1024,42,True,True,0a12ae736f24b9db8c0c2d197799c480eb513e20bf0ca48704b7d55b79fa3614,aedf64f8aca2bfe7b12cd646b9a4be14fe232eb8c09c74eb327315d83911e138
0.1,1024,43,True,True,e78654d031598c1f92772d27773600d1a91174c6267250db97d5d0ecbe716f2d,d99f4dd48524c5e147d1150c94c52e6bef6de587ed041cd1d63d79acf8971dd7
0.1,1024,44,True,True,2a845d0ab7ad509243d97f8fa0c5359a3cf8aaa6c7dbf82f52c5b69431d4aa96,140d258d08073bcbe94cf590c94fe4349be423137cbbd12f5f5db6e888540c40
0.1,1024,45,True,True,4d6d7a9dcbfd3b6cf768a5e8d6051e3c6345b860a256baaeee8802df35470c28,f640fa5867c4173f6351b86de7b7c039d79b8e794ef7d01e940d9c294edc41fa
0.1,1024,46,True,True,ae0527d2a23bb2c13ad39467a3001ed4123a9b0d771071c6cc70ac17a1caf223,0e054649959c5df20fcf62f95dbe341647ada722813b43c1687200ad516957be
0.1,1024,47,True,True,4ce6e28b1f7a8a9b11c0f1a29725b4bc467f1aa6cbd7966695e437da9cf0313d,a228ef05aff39c09a779bcb38a51edcbfdda8ae316c51e7fc355a2cb2c8ab124
0.1,1024,48,True,True,59a67cc16ac17c4eb082b953b5cbade4513040c34bfba4b45f5465f3e6e3e14b,84759d3f96ac8737a8238cb78755643a8ae233033bea14a124bf198c3a53446e
0.1,1024,49,True,True,df055cd19a2c4a72f11835681554f7aa9d5a69a08ed8a434b624fbf8745502ee,752bcd9c0ea8ca405ac661f52b725085a6208e857568bd27399e4f6ce3196f59
0.1,1024,50,True,True,ce96901184f7a132577e2ea043cf4fb45dea22370e4ffa9a374636276336de37,aaf7e0c4642eafcae746bda62ce1c88cec1450f23f9d76e6af849d1c36306d3d
0.1,1024,51,True,True,7b1965090850e13a4f64fa47f1471e3135ad6fc97884ed227a28d6fae1a8f9c6,5ba56e3e10a2ff2279aa799de0b331c1ce0f68be391985d8d36ecea422150b24
0.1,1024,52,True,True,9530a5942faef2744608b11f93d33e60e7d2d825633374306f33be16662e458c,7e0652ad49d06aa6df61237099d8770d592dc870372695af7ef28468971011ac
0.1,1024,53,True,True,db39e96c462aea5ae387bf32d575ab3c51078a3788890eb1cadeb2214ef39ff7,15451b3966f72b3c9659ad5db5c057c565a7e142eca4efcb776fa06b193e921a
0.1,1024,54,True,True,1c599fc40231d4ddc409d0c1c3f9312833adbc1ce4745a44ff71af5a40a5832c,a4ed6126d77c428d506f90bf8801ac589c8380ef2c319c5ac2fdcecf53ccc136
0.1,1024,55,True,True,0b08a416b300ad057626e2e9b65439b7f381e7875c7207fa38e13f292a5dd65e,0dd1a744bd3af44b2930d693e05b3fddc4697e4ce5601ee1481b2a963fe3decd
0.1,1024,56,False,False,44054f3e8fef0d351b99375bedc194256d296137c3c388ebd1366bc709360456,4cc152a76f18d46cc3bbb9203e1cd2f7e14e15ca32951bbe525eadb420431f04
0.1,1024,57,True,True,73bad4b006186e8194dd6caa9866dc2421778cf69b6bfa30919abf10832b1926,08c567e20c1f505cce0222c67352f980e38085d690910930595a471c681e4bf7
0.1,1024,58,True,True,670ec3fec944342ef218097e9b3c625ddfe9ab92a57377d43401daf7b6160040,f823edc8386723474cfb25cb4f0b584177406d27d905986457752642243fb414
0.1,1024,59,True,True,3aabafcc64275756fca65875aa4085e5bef9efd4eb275c369d400e00decfe6da,33c67b1bb8273d87cf9a5c9bdb5341ed678cc48c3d61746d3b6fb0dfe0576b63
0.1,1024,60,False,True,2e9b9c5562fb1bb8629ee57336cdfa0395c534d243335ccbe17d9dd4dc590295,1ab01b99c23b070a8f9e38645a14d68b95531d7d884203851300b83bb1b49a26
0.1,1024,61,True,True,4c1b6377f7a74e274f75d248964391d62af3341a7a57c7d438207e1cddfbbc4e,ad1439f9bbea1c7ebdee4cbc499e34ec6be845b389c476c0589705cee5a2d1ec
0.1,1024,62,True,True,9516481d8f359933a271faf308da08a26a1bd6396abc57da92e8319641f9b7fa,ac6a82a0bebbc595be53fff5e800a3235beab7e80dfb785995d3a22409021a99
0.1,1024,63,True,True,355c5d2896a1ab5f77800a947bb4120205fa6fc6ae15420ab9369597f0767d17,3b1f387863f234f4cbe33a4fe4cdeaf418c999b2b5de1dd075692aa1ebb3eb61
0.1,1024,64,True,True,88399f0b7b779efe40bd1a46fa3318f0c7653079808dfaeadc7a52ca53c83240,8576871893842e482fe5f9461d58c3596b851f7b2202935c788dc606af8d04c0
0.1,1024,65,True,True,29532e30a45db1b8f38fbda41993962b890976f512e4d04f095bdaea0dace6a5,2574cfd20f57578736bc20122931240bbfce880db84a63e2e1cd2a4302ddac67
0.1,1024,66,True,True,e1a0707669ec4d0fd48bbef8de8cc544aca28deeb29840a69b948959b263255c,137ffbb0b7193a5f45554f11166f92fe50569047ebb14cf3728e16f8d9d5ef9f
0.1,1024,67,True,True,3d921777bbec1431c27d2e3847c9f8486cfc9cf3b8180b81fd68c0b2d45d6690,ea6ccde52c96a0b9649c1a0c254ba2cd076fcbe0b0f62e6dd48d8b57a2dc6f4b
0.1,1024,68,True,True,c390f4a7e8d642dff72befb6798efbcbe0375bc8693be16d0a6b0f9b952b1623,0b633f7cafc41fffa0bf7161e904f1f07355fcd9601470dc3490fa1b257406c8
0.1,1024,69,True,True,ed573c2af56f291ee30a467f317d2d86cb4b22f1c5705d49bbc4c7ca011f7f60,bc0c8eba01fc1ed229cf6df5999a44388708a9a0761e5a8ac4c7554c7b94ff3b
0.1,1024,70,True,True,c62377a5df3eb2ddd0fc26842d01643235db57cb8c2a8855668823f6d379d84a,90588a8ee0613586602f6ae5fc8eb551882f43d588666b4971415fc4b2356374
0.1,1024,71,True,True,b9ee71f1880998aba08ec4537aad0ba1ca99a7ec555f2aec48575b5d1e51dd60,2505eabc4f49655fe3641e26477012a26dc4fc8f0c7a48f255a0d62617c01abb
0.1,1024,72,True,True,078dfe450477c3cffe87b1aba00fe526349a180f213a814c5a35f510fff058fc,f21d71afdd5b7d5e58eabe2f6e986cd7545ae6975ef2077928d63644d567c7a8
0.1,1024,73,True,True,709cedcd7d5daa44ab58d91d04f8db8828e844a115717f82e840a200c3521564,7d0411acef1ad3d8e597a1aa2ee492809c31d9bfbdb8882d1b6a759a88e96a6e
0.1,1024,74,True,True,709a4a5cec666d721e2a10c5637da3d607ce9a6a14702c56f5d35ae606bb6766,76f2c8b0823161e9f2904f8ef8b99421e9c7ab2e66d7260e21f6559e4241c44f
0.1,1024,75,True,True,2f1e0285638889fd14591a89328623995c742b47a31c68d77134eb06ed861854,73b31f6f787dfc261f8cc72c5b3467620f6cf3fa6a620ccfcd9665c58e106aeb
0.1,1024,76,True,True,4727b8ee231544ede78a283463f3ff4d0ead3bd8f13937f758ab96b267f0cc50,803de9c0ba0300288d7c347255363b76c7bfb8df74ac3a5792eb2a14eaaff4fe
0.1,1024,77,True,True,589875a6f8a1ef72c32c4ab10999ac9b3502350960afbb917be7696eafb41707,8f2eef00d47d47438a750b68b29bb240043bf5891d98c18223f7d450392c25e0
0.1,1024,78,True,True,2a0e6d516f130628217b6fe4eb05ecce783651aa36f56a05d15c578f34817b3f,3b9d6eb7ca92fcd2e08d9c3e8e200c320dc20f7d0a90528ff16fc1f192440300
0.1,1024,79,True,True,948ab118e328f107a3561c324d87edf703853b9c538f17411a3c139030c2fab5,02335d5165a5719cd6b1ca7fdeaf056d02a37cf44bf76ce975b3d748c473584a
0.1,1024,80,True,True,3367e00c52ec5cbf4f04058a2264379477dc4204ebda2ab7416279e38e4a50ab,1055d0b134f6996ab5e2f7d880a66b94acc4b8b5ce7e16a7a45793fbb0c8aab5
0.1,1024,81,True,True,ecfef794133fcdbc2ef0605e216f2d0eafcf4a7ec1c242a353f9ca083e75bee7,93282a6d3613a16b3c3c7edef8a710e63b827c2e58e17ab509b5a5a64392c77c
0.1,1024,82,True,True,c7444a1236af26735a31a8797cd56cbaa40004705af6b6761ef6ee319a246f0e,6597545b3c8c54d952bc5f1784f724c17d8fe0d43ec677627b2f152ac6e28362
0.1,1024,83,True,True,48e4cc5027de726b991f101a560c2d9e529c5a327905a5edc08b380987b509dd,feb0f57d7893e0f12f02f5dff09ab80bfe712e0be9092e4a335df7ee186ad29b
0.1,1024,84,True,True,e8da688cee9136e00688d57061939b85aa8a580b9c28a72163e52d1d04076b79,cd6d0afaeec531d529a1bbe66d87087fd0504d76fbd1980dbb2f61189df29ef1
0.1,1024,85,True,True,eea244943a54d8229a711e95c16f272671a9fc8bf4c459096c34290da6b37bc4,ebc0c1200e5fbf91197191b400550c5bd8dff34424851d74dd0631660e4fdf73
0.1,1024,86,False,True,857a0cca2562899c25eb4dab03e3f9970318f02f422e2e5d3fcb547130a3eef1,9e5bf5340d440a40e9a8b646158c310857103defa88391f6da24a3f02de30502
0.1,1024,87,True,True,1ca40c92090dc61ce43c31b5ac046e158fd5711655fdd826bb37833d4aeabd66,bafdef013fed660e5989e94274bae8f19748c212e69901e271ad32672af6e07b
0.1,1024,88,True,True,bb091a71463c4cfabee6713a2fe301c424670ef979ba8dac63926537a2df00b5,cf1c657d175a45851a5f610fb8fb2af1319cb2032f7483c41fef4d1cf3243d93
0.1,1024,89,True,True,c303e2d040ff8ad8e7b03ff8506d25a7f82f0db3aa03f3d56c96ff2f834c967b,971b80eafffac2ee30543ee00d26f06432d847fa3ff08067660ce0ddecadf3bb
0.1,1024,90,True,False,2501ef804c384ca46c48c90fba1664e0d6c09f70b4c489020f7ff6e918eb87e8,568aa864f6468a872644fe5fee2ec5f4e6f921be60520ec651bec858a6baebb1
0.1,1024,91,True,True,ae3ae2dc0f754c576c50dbe2c0b8f5c0dd07402963962a609dbbae9259fd8037,8d3402449d0146bfbf534f9b567e2e626fc412ddb2c92c505fc1958cff2fff2f
0.1,1024,92,True,True,3ec56b643c9dbb3c2970d71c353b5209a8b2b0a6c5f0f1fcc8cf76a71e1ad2f6,c176e991022f61a2a19ed8f9169eb3fd62555133c1f140f5b6a1d08f9e7b4961
0.1,1024,93,True,True,796d7a99ac488dfb62117b467ab9abb0250fc61017d9c8cf716d44d58b564084,24f3edba4b05f701b65771e1da1b083744ce5b15a59cf72558fbb33c01feda09
0.1,1024,94,True,True,d7edbe7d4dcf3ccf932746bfe6b94cc6a9219d88d9b7ea0e0c22be003555146f,e27337837f71d13d67684c67254d284185e9f14563e6ae1eb3576c420a8f63c1
0.1,1024,95,True,True,242e83945032c31771d3566370222eadd2c0e26eec3d5b761047ed6bb7359326,58350d1b43c40c2d4e4c5b7dc39d1b5cec51fc22dac7a72e1792593d08124b13
0.1,1024,96,True,True,9e38223e0af96aa34992e15a48a6df63e9cd1dbecba698dee85171c73475d4fb,a4e1685c685e26c11e54e935d755943cfcee10a3556121f574b0cef036e0be61
0.1,1024,97,False,True,9281cbd850d5073bc47a68f7c0b5520f965b71dace1108716f761275e2886226,9b503042554e72200a2b525bf8aaef225c9ef7b85649ab22d47e27a50397832a
0.1,1024,98,True,True,7134a25ff3a05fa7bb9630f69f81c3ea973a45c1edc293e788de8ed1edbdf89a,1f3ff5a7bc14a516980aa5f571253125c8d3618803348829fe218979da4cb90a
0.1,1024,99,True,True,7440ec159494869d1682158a14fc995bdf3f6a553bb0fbbef51d502ec1a0fc96,88113699a88d617daf811eaf59e69ea0eeac1a9806543ea386cc4c62de6d7090
0.1,1024,100,True,True,92c96be292a3a5a106f935a8e05088b39e855dd14c3ac9dcde01135c3fbee80e,2b0b045cb32babf339aa57830290116e2663a4bb1725341d1290eef7c7bdd8de
0.1,1024,101,True,True,f3c671f245999f88fce97333708465741703f1489cd87728a2e2bc1a9ad0dc99,9f300616acd9c9e74432c5ffeb169d981244f6606be2feec52b37aa9b3cdc43f
0.1,1024,102,True,True,93b08811a0a67b23095e7552b7866ab20109de4a1effee1b8bf671705ecb007b,d5bd2dfff636b7bbb509aba36067e063cb72224ddc8307428c99b5979931007a
0.1,1024,103,True,True,332cbec58d3db8ec7505063c5bd43e85fa5bac5329b24338cc1cffc93c212724,2c74c097ee12e1a1f3e8557675538fe5eb70c6b479292493f97fbd8d03a3cebf
0.1,1024,104,True,True,c4907afcc95426f807d774eb75d2cd15d26e09f7277e487170ebf76c462bf229,f78f57a59d992b021235efd49f07f58ae4391dd8184e0b378c414e05bf3d74e4
0.1,1024,105,True,False,c5e35a4d2bfef74a7c3690ec8993f7adc582cbfcee11a272dc4b4f24af006283,22b41c47a5ef33f395f5aa4955929ee32977cbf5d3bfac68794b166f937f86e8
0.1,1024,106,True,True,e1c19c95d2df7e12416825118b294c333113b9f3a3a7f21d02b2cee80248c2e9,dc0ae8b99ae8d5588e1cad1a903c01e3fd6a19970fc7f1c6089cbb3669a224eb
0.1,1024,107,False,True,e25ee950223caea78a885c4f3d40fb49a5fb9ce9abf9e75277cb00c5e01d0992,1d35dffcf6395802a61fbd0f57dc6959364cf1125a953d7a6b66c29c3b542729
0.1,1024,108,True,True,650a651d77e9c52457852fdf956537f257ebc1e38f7c5d8009f4434223de6fb3,4415132dd00e56982128351df5913f5073405c6136d7d6f8236f02fad1049528
0.1,1024,109,True,True,ae02f7f45a4add0976d95216d7f0b6f53c998395e0ae165e7efb2de1c729bd96,eabc4631c2325ff65ae3723eb1831903644ea1955a0c8761dce386a19be85ea3
0.1,1024,110,False,True,6af6d924af20474de188b3894c9d2d3ac18b2ae8d82236a555663c70c0241095,a0ab5fe443601bc046caca5500e1c7a5dcfc0577d86d65ff3badef52b6a122f2
0.1,1024,111,True,True,896a9eff31b3751b156e6704049e1161d4ab24211e93a4026f526f12b6b50694,6fe91f3cc4d1d5fbef15f72616ea9d1a5db93b24afdd0789c79ca626343c2a60
0.1,1024,112,True,True,dcb6ece081b859a6e1f40342bc5ea44cd219813f5256363eba066b406f612aa5,b2f8f0f9e8e104156ff79ed6bdfce4d07d361c0b420db604401073ae3345b188
0.1,1024,113,True,True,4dc534f646242edc86e5bf4950625184ca5d335029dd4de77fe6e3b3a16c517e,355534709864687b63c3155a74f7fecbd1128e70efeab5f9d027ab66458aee9b
0.1,1024,114,True,True,717221f0a1d53d6a0ec5026171c94ddc1c5bdb31291b7ac2144b56bfa9809271,35e1e2b8244f22918095cbc77f9f7e6c14f292c221a0337f1f20c76ef76f0a19
0.1,1024,115,True,True,7c4b9adf3ab3d1e057cfd467e9a665b45658edf28d7eb16d104ffcb90fdfb25f,5b1af07e24e6c3cafdff09696cdebd189824173c66478118603893ed70860950
0.1,1024,116,True,True,b378647d4d681f77a5a69a1d1b1823222a96da256c400e0facb6f98105bdfb67,d0425cb43dfe8759a7adb2626832e6166529907f2fef250bd3f1bf7bd9ce6697
0.1,1024,117,True,True,4bcbf99d1eb328842551b503ca593a54aafdd271c0856f710800d2abed8660f9,4aff602598db9e789c2e4d1d7bfd8288e184f0075d25256347fcdae62f160f0d
0.1,1024,118,True,True,d991e7c92c4de2bfdfb8817c2350034a46951d202092f88940379064ad680ee5,d427288db53ae9079581fec2aa4b67619cb3d82d33594e5e079a170130694ee0
0.1,1024,119,True,True,6fc2b7dd8adbcda3ddd99fa2b159c0e31bf4e52a6cc6862586ad51714d5f8fec,d035db0722983c1f8bf380c27d6152279249d9cfad366398fd764586cbce5903
0.1,1024,120,True,True,ac728a5041edd306181cf868618cc108ee5dfe5a77cac20d4a6b975e2eebfa51,17e6258b910ab219f34501017c9c86da5a46bfb821df6352ed48514f108728fc
0.1,1024,121,True,True,b2d9c24c4356a2dea212968b4f94c300d09e4d629f3b57c361e3b94981023b0a,9e44504627b533e9b86918ed3680e56e3b93d7096afa762df3d48ad3c01bf019
0.1,1024,122,True,True,186eb9360d168057e088d3639d493b4a9f15bc1e9a371b5b41de150b4b10a3d2,f279dd5f893405d15c7d1a504d4dcc7d6d349125fbc224da65cdf242d8cbbbf9
0.1,1024,123,True,True,8d8d2900652e75eeefce0ccffb3b4aaf31103796ac11ab5713abf21d9146c1c5,fb57ab8838054ab79aa4bafd993b012b1461c6fd243ff7a956074c03c722b251
0.1,1024,124,True,True,9165318239410d53d3d9651c55dd783a27bf0a40ea661b3b83a111cf2b34a53d,f76313c5a80d7bffdc8a6e1a440ce3cc52b30345ab76dc2d68456c70d623e4f3
0.1,1024,125,True,True,e9554b87c20f4071127f371923221b5920c6ee5982e76be947a65a4dd0cb879b,d892d86863c4659ff80a34b2cec8b3532bbfa87e3ab10c321bcd7e2ae034163f
0.1,1024,126,True,True,4ba9c728bb9d0303e6512ec63e1e8742f59f0895cdeabbd80a292607133b91ca,54602ae7ad50f5b67cc3f88c80fcd18c46da6edda0adc3536a16b81be3c5f1ff
0.1,1024,127,True,True,b17eb69b33d7fb8cd6f9debced2daaf9d9f3f7879324d25b7457e9912dd64a5a,5bfdba1672b6a90b7e7fc18ee00b6116c2f261d809ec7167dd63e1b74edeea01
0.1,1024,128,True,True,ff39c4276ffe4bc8b82e8a9b62b09f7c847af1bc961fc9ea04a3930ac60d5fbb,2085263166ff1bbba41d53af24703165cf4687902f17629c017e25a39e8facc6
0.1,1024,129,True,True,8505954e2106303feb033e3fc94a7506ba6d03f7c7174968ff07a3763e958fc9,9f5e4cfa435f4d3831ae18deeea368b3cacb2d0f940bf65d11f070ce89077ed1
0.1,1024,130,True,True,4a936a36e68fb0cccff0ab8c3a290c7ecadb9f61ba3a26504494d78a0e65d8de,5e9dffe8e1fcd9938e059064a601dffada98e7b33602a332b09ed9d1f75424f4
0.1,1024,131,False,True,dcf38783645c05c9dbcedaa627286df68adf75aaf1a1618179259b5358cb312a,8251c937ada26fe82723a4b27e2dab51f00ec88647f25995e0feba099e792d4f
0.1,1024,132,True,True,31d9b5e2ea98389150ee71cf5648f74f0a03ba704216a71f8f0ffd7d5130c0c2,664c67d86e1210b88212ba13cbc586e52183a6ecb1bac9e68e852806cf47b838
0.1,1024,133,True,True,a438796b80e4e4c0fd17226c4fcc1cabc9424cd8cca1fdded2121229c2136aa7,9c5a870d7703e1e524000c9f147a5d3ce3cee3abf45b9a9b37f6f596c66e11fb
0.1,1024,134,True,True,26f1be61668587d1b27b19ba8935ddac7ea517a42d4be43638e946b0482465ab,47d101377d0eb3c8b74f02abbf463a3ef291656e7941c849e94fc836f1907e64
0.1,1024,135,True,True,de23aed066c94414e8ea512af629ebb5ca14659b201155ec396b45d05e107a77,77cddeb9bf9a903b80e4a4e18972d43a095a1a0024211c9414e9de44e9f53d4e
0.1,1024,136,True,True,98d60ad82b59078de6a076cddc05bb04b968798c4d2ee6f281c29afccf64ed2a,6be7d179e169ae4eaf7ce800b0efd247fcd4a6ed17b4b1df90024bf3304f4ed8
0.1,1024,137,True,True,e89389a4215360c77bb16c486be25d4be2c770a818dd55563fd653edf2e4db52,56da532956749beef710658943e502a1b6cd5842eb5c751cc3e856518f9fb167
0.1,1024,138,True,False,d66e0f3eb80ead4fb85e029de9e0de99377fcc34e616c7052d9a6cd611796f0e,0ce50e3c253431641f9bed34f3261c94c7fd61574e457aef3467165a7b118108
0.1,1024,139,True,True,b3cfa96a16c47418d82f729d7ee36a290d76010ec4a15d3f851b763e911823dc,80847d4c3604ee3805a6475ef5889f3c0039bbfa3d41fed4b3889ffcb1b8473f
0.1,1024,140,True,True,4db344eec383a5b2f48d6d779c914bff480dde440bcc11c0f7d6b1ec05ff045c,466c6d9306dab9e27c939186531a1c27c6b7d9305f654c9f2085187039e1c467
0.1,1024,141,True,True,c871e6b753ecb0fe26ffe0373f1b370b58a6bdaefc6aef50cc6876e84c7e514e,0eac4aafe7ec798a15c44793d36d340bdfd69f42aff97a53e93579794e9fad04
0.1,1024,142,True,True,905ea68ba4c1710c2cfdf7e02bc8040cbf8a813e5bb02b0bf58cf8510eb9a0d8,97cbb71b8dd2daccac62fe16460acd81e76f010a661fb9fe49303d29ed8175d8
0.1,1024,143,True,True,5a23dede603285abb5aa25c54766c5912043ab06ca7d84a94018e5f82aebc39f,8ef6071957b5a1ed3af8125fb1ca32c0eb9c3ce33148ffd7b9b0a27f71017826
0.1,1024,144,True,True,dc89decb3fb330006fd1820443aad76d101a2ff520528c389d830ef603851459,2a477585e6bd370407a3a8697d7aad0d466ef826a086210726e62d538536f765
0.1,1024,145,True,True,083b9deab326626968faeaa05a9efbfa8b352ab6c2034e3fb478c1cd7dbcd7e4,299bd6b4097670a0b77b1b6e7d2901d485f212244e7f41c1d81133fbf813b193
0.1,1024,146,True,True,0d7e1173175fe0f0ddee457e0a64d909eef4832528243227a8606b47cfcc28b0,ba5d0d859ad852308e7f859aacbfec008af72f3b5527aa0c2bd0317a2540302c
0.1,1024,147,True,True,72b242b77161472ac8d6b76dde7bb12eaa7700c1475fe37cf3412ace0df290ac,69a4a080d47f0d4b081c34959606e0b201688babf614ccc6502ef3fddfb2c98d
0.1,1024,148,True,True,4d04dee1bc8a4019ff2f7d074af8b9c80910e98f65f4f01c9d29ea3eaf19fc94,d828fb8c87473e640c17067ff8b612bd932ca6c00d220b1b7403a9b2857e99f0
0.1,1024,149,True,True,578ce795065fe4ea168c2c72a91e8ad4edcf094876666a5edd27d6c679c03ac8,5c0a7544b783420cf4ec1977b619ab689f53c1126143d63efb08d96bcf48ac97
0.1,1024,150,True,True,01363d125e1f53e7df8ff900c6fcb5e437525ab3670d0a2d58b0cdfacd67ee7c,946d7da16fa9078198c76a39c414ab00a6128fcf9fa11355dd1f370f54d1c70e
0.1,1024,151,False,True,3ffba6e5b3da754a1bf3131bfa9c276d26f75e92d43057cca4234a6728405b31,be575d2024dd395bb2d842c0c3f4ff56f1001e8b6ca355eda16a71764353cc02
0.1,1024,152,True,True,1cc2a39ca43d38a043ab568c94a7b554c6a7110f4b14746b3facc48bb48cd724,07cfc2814c1a8f7d6da3cb675f6dca83d90fe9b7e190369577c1c7e4dd2ae3b1
0.1,1024,153,True,True,61dc7670333d3f1fc170991570ebe2da875171155d1fc29d5275e025190e9f80,8313975289bf44c1dd696d24cdc62316ad696055ae005f22c5af2f4d8273c6ab
0.1,1024,154,True,True,2849b71ffe12341825b563372b6a5da1d16d1c2dc73b9573fe599ab7dec356f7,4ac7bc85ac8bcfaf4fc1c21c23be16f8741f8f779cb47867b42bf783ffdae1c0
0.1,1024,155,True,True,d29ba8c3475833319227b9a6828571805a78689f38f668827168c593f3a1ed40,d7ef7939486a4942a8129dbda2d481d653e21e326c49d7b62cd28089fb364c50
0.1,1024,156,True,False,7c51e7982d029c941f4613b206aed9f6561bcb0dc3850759265876b68ff8b5c6,7c18778f223b3fccefb67ab732e4a0c4efd8eca148a16c8fbf0f0a63b950dde7
0.1,1024,157,True,True,42e1ef938975094ad2b4639a7e231db76a4bf1136bb20e3dff8653a4a9c8a38c,9dd4d601a787a0e7ddbbf69c425264027beda997613d7cbd73c20d7a60e916b2
0.1,1024,158,True,True,4e8c18d4c000b514694e2f08a6f459f4967f218ddc0ab7f8a0eda6f4408af929,6c5ca6a57cc67ec8ff48069645bbdf9b7ae625d662b2c0ca6e54e3cabc8244c0
0.1,1024,159,True,True,31579a2a0af9d045d68ab214f4b46f78c95fc05cdf57c14a048432b43ac6d703,cd159cc2e6587ebb0d1cfa175664d369795b056ae2b81f4c774162591c176367
0.1,1024,160,True,True,6b6a73db9910dd0b75f1fea9a0d6d8cf002d1a6489a0f23395188b935dfa27b6,04e7ff289e45d66afb667ffd5b0f82dd379072a4dcdfa0e533d0d01d879e5667
0.1,1024,161,True,True,94bace17fe4a62ad8820cf763ddcb6ff5e43a254883802b4bd0bfd1b4e4ea08d,b37975d79e9008370803af57a5d960bc163e79381cf4a3a56bed03e921c3dae7
0.1,1024,162,True,True,12282090827fd73a5cd4db820fecd5c5a50c45586ef512e74849554fdc6c5523,e45639e5115fc58fe20c84a3bcdcb71bf7d36a4c371dc863e66a0db32bbc0c92
0.1,1024,163,True,True,ffcf59c425853af881271873de43062e800fea69e2d428a2e4e7caabd07603ba,4262d48a7fe7c9b92c1634c507092407930ab32755f48438e6425bcb56ad0194
0.1,1024,164,True,True,bdbb7635cfe0332f0ea7a8fdd4c6daf1a229e21beb2e4b57473607a681bc5c93,a578d5c6e30157e56bc31472b9ac6a9d9b954cd34b043e5e3b86943466b9af74
0.1,1024,165,True,True,dc6c2964e9100dfec02c88423a499be4acaaff4e8c9b7d9878ec82b9b6b4e39e,c7073f6b1243d9d2cee99cfa145c7747c82f31d273d3403c0d5c91a7f4de5350
0.1,1024,166,True,True,41853b6149dc19ad5fe9f74657aa724c5f897b1ecc7034e878fae63ff88946c1,789555e2645e12c4e07d37fe8e15e0c15ab704e5e4deb6f9bb4785a842c54b9c
0.1,1024,167,True,True,1bc5021535cf2ccf796adc48b063e311f02a9ed9a830267b0401e26775c9f2d2,02478ea98148f307eb4dc7915ce801b9bf57c8df4b8d9b098af0d302ce4d8592
0.1,1024,168,True,True,0fda6c8e99822c250be8bf0af40b5f1daa47372664a963c076e112265aea6cc6,7b9689c3f14182f89c1caef3e562fbdbc95f5a37184ff45e8c0ce4cae6ce3b7c
0.1,1024,169,True,True,c9931aad11eab60845cf5caddae06a9c3b250cdc39813bee30cb7af2c2e2e4ad,9627fb4395b4dd1b68452ba50659939a94180b8c268dbea01ac0bf846b1a2c7b
0.1,1024,170,True,True,17bc584520fa59cf5bd2e93d7f3195ab748a04f070208e7fe13e766524daf191,7b30ca6a2331696ce8beb60e2c32fca744e818018527cc488eabe952dca3dc9b
0.1,1024,171,True,True,5a86f9983febbeaa220c7ce126cb776bcbb338549219babf622c4aa6b87a1e37,a8a0d3d75a4efba895b26cf8aaf2a4c0b250b66352f908030cd74e06c22c6d35
0.1,1024,172,True,True,fe3d2cca02788a4992148affae724b7ade46f8b07a8d79b8d420d0674028b381,a47a07bb19a7fcbbf11c8723b6e91a4a51f8679f9acb6fed62471244918ae38d
0.1,1024,173,True,True,d1d4f215f7f9db746a19e7b6daae342088165eddb37a845126cc84abccbe95af,9d2b353d649e0acd66636ee6feed92fa63bfc6c5076568ec89a3f96eaaee6efe
0.1,1024,174,True,True,b35d3a6d7b2e89eff38764e835c598825eb926923e436c73600351753852312d,4a7438795aebd73dd47365e7e1f2429f19e8297e4b13dc08b81c314e7d184bbd
0.1,1024,175,True,True,5c31c425b93464a3f1c3a4f4578731054f445ff99b48116e1ef3674d60102aa8,775b0eaaf7fb5e398dc0053e908e2bde39b2b367607f3c98b7256a0a42c2e83d
0.1,1024,176,True,True,1d8e16480a60d9ff9a1e68be58526894763f45a45ca726694814eba4cb6e9ed1,b6de5505ac38588a45efc29e03d002acb410d8f4e030b2224c74c538c18d0c3f
0.1,1024,177,True,True,976b0a1d26160769e8689c9c323b0d7a33ac1c31a45356749373380663b1f6eb,402b387fc55b7a285c886fb4c4a40b84b7afcbc0bbda440e4e77313c08d942cd
0.1,1024,178,True,False,8b65fdf77d450a7702c391c289be7239a44f62d4d6382ae17b5a98c678647f43,8bb5edd4dd6f44f0a2335d9540df2382d5b51ee0644afb590d5186d2f84036f7
0.1,1024,179,True,True,c3a73063c9c92e083bd0d759c3aabe4ec60e2be909730cc81295a20ec4038904,b6f6e24858794921f90cfc7f03c8db315b39bbbc97a8cd266d2cd646d3a0abe1
0.1,1024,180,True,True,a2b33c64366683a7dbe1e897bcb8ba4aab68cc3683d62d90274c6e382703002a,dc3cb9a97c23fa293ad211ba60b0e2ba934b5e03c0fb18dbcf071fee0607a06e
0.1,1024,181,True,False,141d4644a4ca18fefb027290615ea3c55e22f4cc97c25d8b4ff13d7f2362de73,47859e2358088488c01612bc09439a24ce658c059bc37e4eaf323a19c31ed315
0.1,1024,182,True,True,a626db3e956ce0d1508ce8ff6ffaba87ce76b3b4fcc73e0de0253cf1fa8bc72d,3556020483750c272a62df6e4bd8a2feed398948b51757664e6e33361d1b8cfe
0.1,1024,183,True,True,d070b7402898b52d6b0e18a14a82d790bf50f23e85b7465a0e3a1cb460365cc6,a39e3abfe9ceaa97a2367bb3c21ff05e9d23d964cb8491fad49e1aa26257727c
0.1,1024,184,True,False,13e907648646d2dd0d99aebff42d3ea6937c464dd4c576bc65f93c1057fbcde2,0b25cd6add64147f80736f0960ffb64709ca7ee38d836e2058c2a8dbc3e57d41
0.1,1024,185,True,True,3ee905bd7cc78aa6991084878b159f00ced564851bee1c4d24ac32eec6cc8a9b,7fcb0d85e1f12a5f306e57b15e67317a7c6b393f08a579d78493ce6bc3826371
0.1,1024,186,True,True,b45f87cd35fa1e433f81fc6a16fffec553e09f78b2689fe68fc81f18ad3335a3,dfffcc2583ff95215f177f4dec4d86e6dce4fdb5c79ac475efc2d7b9cc410718
0.1,1024,187,True,True,0f2a7b3a75d0821d19df88b6a6648c2b08594f771fee61312cee316476000a46,42e8b7731f966c944637df5ed2495f4ef1d47f1281ebb9e8c799aa7810fe6f86
0.1,1024,188,True,True,eace8bbf7df18629a9b4f02aa381b984f3d8ac2d40f07dd0ec254461de17aa60,425aa3ba85975f0e57614841b90a82a3fa0b9d92b641fd910ce3a14279e74d75
0.1,1024,189,True,True,7fdc6f3f1910971375da919dc9f782fb615388abe98691be6f398efc59304a1a,042a0d8f8d7b5625058433949b81721cc57e7786a045131f1942defcc478b11a
0.1,1024,190,True,True,7cfd6ea20a9bdb4f5e430c66ece7510c6dbb5924228fabfaab34389bfb3d24b0,08e2ce18f05d2c90697905b013d3039d84f1751c66f70170872c690444823d3c
0.1,1024,191,True,True,ae7ef6497ad2ef9f9d1668978f485958ff2a558dc3828cee21c26489f03e005a,db003832b47eeb167834efd25aa982d40124c3d0ea2a4e36ab8e14398758608c
0.1,1024,192,True,True,f65765fe12e489b3833cf1b49238c147e84e90f249020269640ccd69dffb2b1c,90c2d30bbcc738fa1fb7cd93c1d8f1c9e05d8e08bf0da4e56f4e8e3b4bc43130
0.1,1024,193,True,True,0810fcaf630ec3d741794adf379cbf63b899dec840abf383d6c98c7190e2dda6,9bb7b2c92f873c6f9a61d320c4750844c090d1d9e8fad1b77209677fbc5d9562
0.1,1024,194,True,True,33221dbc84cd9feb3d1617ea507010061d9599432fbe281b9f7f435c11374140,61e08a7fcb9d4f18d3a1efb24f5ac29444089c5cbe03d2d51fdf68bd92bd962d
0.1,1024,195,True,True,0f43122f84597d22394c5101e317c89d01b94c2195a117bc588d44938d25fefa,04e007bdf15656bb00e19b1cae185fc16d74759abd3256557ff0d5a7c64213ce
0.1,1024,196,True,True,38ecaa3f520954ca829b9d51c7ed16782418712b95c11f2ddfead522114a349f,182806083450fbb5f7602b7e086e6f308cf194e9510fa144b1ac0a461816f1a1
0.1,1024,197,True,True,83ca30a253e1b7cdf91960697a682325500850cc6fcbd6f55d5d2584ad5d238d,019dda4590cfc5602fd5b8d49f17ccdc1600a1eaff6713da952e4843795369c2
0.1,1024,198,True,True,4790a31ef3346e51829fd51b369b22cee4969df037f25f6989bf5e56092c2c1a,fe8a90693bf0c18f7d385e6db50943da2ac9ab0a48c6fc7a0c2d2de876fc30b8
0.1,1024,199,True,True,2b9cfd66c986b19a5a2f809851420ee7395be54f6a65eb372ebe31c0b56025bb,d2d8b0d769a3c4ad975d08327f49eacaebdb01300c870adaca2b145c5ba1ba83
0.1,1024,200,True,True,edb0d54cc3ec11414f4a99907d5fbffc153c1d5c0d0a1bdff21cc698acb91a39,024ebd782571962e721f0b5b94830a55e2fc37a6a57131864284256218390944
0.1,1024,201,True,True,0ec16d58269ef14cb63772d01f739fae8d49862816f4736d8f4b86672612a01b,653725be3f2f2fb457e486b91e23dd680965fa99654296ddac112477037da8b9
0.1,1024,202,True,True,325fc3d1f9aedc71dda53ed2d91818cbb3e946b4c3c1bef8697ee38478c5e45c,4ea1285eead39a030566a3c74ee3a4af821f4cd993eb730c9d2cf8f522aa0749
0.1,1024,203,True,True,8d25d646e063d43c8f78ede7b6fd803b4f5f1e102e4a463adb294f490ded6870,a4e9cb1d75dc5f955eaaa345cfdd1b93840ea73c7057e6aa44ae34a2cb9d60d2
0.1,1024,204,True,True,61336504f926225d353852b7e88dc38097ed08bdcc7506534f69bb0354917b61,811a0795795eaa5e7e72df325375e5693c802abbdc7106ad600917e6e451fb4d
0.1,1024,205,True,True,45aac422ad5ac4ec0c7aeb2f7893f54ce8721cbd990e1b3428d42f7137a678a6,d6d6b564717ebfe6b6ec6d327c7000cecbdc2aed54e5f30c12881d34ecddde67
0.1,1024,206,True,True,1d81299ea4c3b1e1320cc7dd917f988d08bdd58135ccff7068dbe06ccfbc4ba8,065a5e729acbaa24c6734ce2b4a4c5ee3799efbc64fccb834c9afd685acda8a8
0.1,1024,207,True,True,fa5da678bf1e6ab1e5cc14be9a5428470a584d68a61a1fc10a8906f2638976ca,d6acb1603ccf90e10528654f159b1175e57d23bde4645fc131b4c2c245d47211
0.1,1024,208,True,True,ff5b84df6c75a951cff884bf437cd424bb4783b78e3d3c54953c84c0b3412864,1ef36ca26bb4edd9a8982d7a7fba8ce76ba989b3a88535585cf1e146262607a4
0.1,1024,209,True,True,151938a683b7238c40b6cdf945d250e830b6791acb6c12aeb03253932b61c71f,4133c9551b5d0f268cf5f2c030723f065524d38068aab294cda0458717013188
0.1,1024,210,True,True,9ae922122c404e43a166a8e80c73e05d3d70a239edd840866653558a9466d02c,65f250db255ea0e60db5f723f9d7706278a2b4ccbe4b154f4800430a2468d319
0.1,1024,211,True,True,d6ddf734dfb338748153a531bb33882082bfcbad2e4c7aff45349281b76b5504,05b2f63387f797fbad25b1417ffb201ac7aed045447bce2bb6cdcc958448087c
0.1,1024,212,True,True,60f612e302966351e521cf1b11f359660ed0893fdabf76f1c8a5076840427051,329e5da8c656b3d229505effd4e8e4a6bc8f275b86b7ffce8c65c8b04aaf6465
0.1,1024,213,True,False,9147bdfea1c86694ed72c5368651b8a5aab8263ac4039ff90798c637887966c4,4b1f2f45db6f1a1edb4c1eaa712c4a2769addd13b75e68e3018deb7c37fe204e
0.1,1024,214,True,True,103c1f2d930cdefd5f084cbdf2eb646089a7b85f717e9751270d75e35e547d3b,ab9fa80ab489cea10d9992e547957f59c59f68917f9970e4a30401dc7defe4f8
0.1,1024,215,True,True,61ece4f253b991d8397c20cee39f28770b0233fca895ac5e3cf2e1f8fb4ac920,43809976fdaf38d1a94d92a36366754d6a213ba3d99b0509218d0a624e78cb61
0.1,1024,216,True,True,104430ca0a00edb58d1c40768a38d15c70ad6d3b2c6bbcbc73abb3b8a0b14e6c,0498d0e4fc692218a64a22266f79d617c3cc50ee5313cd7aa9a9568933e40f27
0.1,1024,217,True,True,2a659b5d46c956417ff18e8d355784dd417a4bfac5541f8d6193db491e9f925c,ff23e7892b6fce078c5667d52db2ae72a0ada32434609dade902173f33d27cc6
0.1,1024,218,True,True,3285e9b262cd8402c5152f4b36bb5715482b53eed16e7ec453c54e747b26b7bf,b89030aa6e1bf7cb443bc95f6ea99b64344a9e7b0e7c5aef86ce454d6788c546
0.1,1024,219,True,False,1d9ca4597deef946802873de3ee0ffa70cb490597e9631573c3daed61614d3e0,84de5b513a7037e49d1d6f8799f84922c4572e8c24746bbcc6eb1e70fb7d16a3
0.1,1024,220,True,True,6e4fbb0eaed7d9e2568a06c18760d45dac83a4bc3f37353df630d1abe10ad59b,279ec4a4e0981da0891d6524c563129306465080f95fbe20dac87181d8b1aacb
0.1,1024,221,True,True,75374c51903f495e553122caf5a125a38173f89120ddb485292b8903424d0d13,b313ef6c509163f5f049ac1b1f1c152ea74a806e341c6d80b2ab9cc06c43b75c
0.1,1024,222,True,True,e9eec545195de92202ab762d5a7011755b19e89d1151842147e0ea66dd44bf8d,11050804c07565b7960be4efb9c6c6e0a020db64bfbe97a714486f33baeb843e
0.1,1024,223,True,True,c519dd7bd2456599b5a2eeac899f5153071ceb027ba5a8e8eeffae47f0aa65eb,d9acbb74973db0757c2418ea90609e1195a68d78b9381c300945b7c15ae95c54
0.1,1024,224,True,True,b6616e88df3573c0f6ffa06193b7250db31bff1ff9ed2cde2cc81dde21f0000c,bf506ecbe2a0b40675ef7c5a6966383e0674dc0de2922d2595d5acff95659bb8
0.1,1024,225,True,True,8d6e6e38cf10586a93702dcd7c05a4ab7a0645f1c84d9b5082a0fab991e074f4,9364d7a00e4048bc8ae89028c39d34050c4bf0f4de34b0ed206b65ed507e39e5
0.1,1024,226,True,True,424b5733252248e5325cd159e97d75c6228c04109ae76f54504f214d112de360,d274cd8fa5f1c892f5d2befc9e87cc0400c6380a9e614a7b71b1dcd67a3de3df
0.1,1024,227,True,True,357eb3b09d304292daae6130c56720cdbf150d6715967fc276ef938f2f727420,b939b02ea11c1814466b8d43f92166a3126a5f2c5c130aa3785aff406b130104
0.1,1024,228,True,True,3c09b67f4dce7722402c6418b2329cb97791f4610c58cd4173ef32199833b1e4,2c4c6e4acbdd5f17a9b090c851bf44a7355b67aa21e74e4e28028a4580a7e9b6
0.1,1024,229,True,True,86483b033ee0adc26ac432bfdb4d2206edf758f221ac1190ce1af6e4aadeb47f,8c7b53dd36d00f0835f0359465ba65a89273d899d52f076326c6ab680e30a226
0.1,1024,230,True,True,c8870a8424e9253c59d69aca1b66fd5dd2bf9c843c34e5569efb15bf3e5ec84a,727887a56c91b48d75407b59d921407fcf057f63358f1f1f50b3a51aabb57809
0.1,1024,231,True,True,e4038a287c3b76ccf00d8c56dc92f8f9d15f557607af089caac8b46e5d9ca1b2,303f0bb0d4cb820db1733a3a81a708899915e3560ad5c6036f2d67119238c2e0
0.1,1024,232,True,True,428eb2c73b8df708845898fb7dab2a036b01e0aae7d6d01e70573f18044d8755,6e3c2663de466d3ba3e05e96895f03cee198904c57fe97f493d4cb95957e568f
0.1,1024,233,True,True,fc4f1a5adda19f2a53bca0946216eb79a16b8124983073d7e721fcb8a24c30f6,d952d6a277e41ec785665c517399e5c5e395b3394ee127f2a9f65fd5193ef3fa
0.1,1024,234,True,True,baecea0a2a76892a74d7340bc0d1eb0846c13cfb44b4bc9a5e11925468205627,501190cee32ccf9c2be4467b1b2eea7799b961a80d0789059dfd4efafd9d7a0c
0.1,1024,235,True,True,178a7c909b67b9ebe5590aa31e4ba60f2a01f19bfb1942e99445499ec56615bd,74b348d953cabc46dcc65b978d73f7c2668952624d5632f35226347e30d74228
0.1,1024,236,True,True,cc51195fa4de600ecaa42091d633984eb93997ec998cd52c9bc755a6af80fd1f,191395673f96fbacca29ed3a74acfd73858c7d60c6eac7e23b1b0eb430a51a67
0.1,1024,237,True,True,1166a9601e395cfd29dedf9cac022064f9dc1088ebaf89a8ad4b319eacb74dcb,64c2ad20c19af2940c38913377001d8ecc6f9a11816586f6183aa4a3ec7eae85
0.1,1024,238,True,True,0ad531b5e9fef0f1b0e4f3e67470c0498867f32c05cfd2c17b2d2ffe9380dc8a,8426db691c4eaa17d5fdde8a99226be12b9c3fa02fdb39375328b730527e6c14
0.1,1024,239,True,True,38bc0a2ab69d1483d9526113be4ff00212fcfbf657ab473bdcd1656dc9c2b468,87e4ff91ccacd81dea2ae7d5edd22667f7061a786e14558abfa270274dc782af
0.1,1024,240,True,True,d28f3df5fe483f00b0c45f4468c9d49fa40273a423bbea43a051dadff4b13160,b2627c0e5c75638d9512a8ed034f84abc71db95c3076444bf3199fab7ef536a7
0.1,1024,241,True,True,c32a6b00e04ffa649a034fa726b3fde57b1ced1d8b43d71062a1d42eb6fa4024,2e7b1e294839766263e431984e631812491c0465503b2d6d50f76ef9ecd1d58d
0.1,1024,242,True,True,3e4e66a6c92f4ca45bc3cf2015db9b4f6b7e647eabb54eaecbcef0b5e7e0966a,72d962d7feb8480ba97101638ad0acb866902268a24ad31aeb4f3425d08268cb
0.1,1024,243,True,True,091f1c89b5688622abb5588848eed601a4d9faf4b3747ae091a13b66cc8eb561,262a8de520be19f062bcfbda0bdfb43bfc19640f4d2829050aff31fe8d2d5495
0.1,1024,244,True,True,d1953e447cfc1a664565bc2e19d0ec175f8f43311f09988609f480b1ccc69518,e69c60cdf3c3121d2e399b16de41a5e8b7c3372b874c50e1520e86d02d32187f
0.1,1024,245,True,False,dd402000b5b17f52042bdc7bf4d9c945d8a5ed765a747e76291af652dbd51dde,70c8de75cf9ac27014a9888fc34210c1b132d3007a634a9f46ba2ae97e84fdc7
0.1,1024,246,True,True,145668cfd661476d3cd7e61578781aeefe05dc115a7c2c360ed334350da52992,4a41e60e95f28ed588ae91df00e3184282c0f1f91983acc3619040ea9694adfc
0.1,1024,247,True,True,4a258ef7ebfe6d5bdc18d8910fdf5fa0faa68f3e52d0c97eabbb3c10a41898a7,168e0ddd6cfc7ea78a1cd20855ade36dc1b52c77bc959ad688fd4a5ec5d6c7bb
0.1,1024,248,True,True,56aba36fcc2224cdf6d5440dd9680a7f658b4e002e324c2e9689900acb16d0e9,42cf4f10f3fe4c9bafb35577fa076c7b44d8185e095d6adeed8c4532e40eab6a
0.1,1024,249,True,True,f5bbad5933c4e54e656212419cde3d1402fad57a5798e41867ee79a53e4b88d4,936dc9cd550a4a8f89d1ec5991216efb953efd61a8da95472bd5dcee61d37811
0.1,1024,250,True,True,bf738b0e83f7999203c7de46f63268d0da480902f30af6d1ba8257afa0ed29f4,ec75cc5e72927aa4043951c897ae2c05d66df40de4d0164dbd168e2f8a7abf31
0.1,1024,251,True,True,8ec8563fffad781b2ae81dd254975a0c7e3965be1fbfacf536f4137a55fde455,7416bf3c6b6dcbedd97c845670729ef16c5d1f7e036291f8bf983eb1332ad160
0.1,1024,252,True,True,4c6693e05ca4f6bfbafcd3989eb94d0861070977915ec026ade5c83a3a22d6ce,ff91ab1f56ba18d8c7e10f4823d4db9eaa0c2be217380ce4003d1ff03f91260e
0.1,1024,253,True,True,4f8334a64dc416965ea2e5b9c6b8967a8bcef4e8a2a64c34b6acd0beeb7fd96f,4b7cfaf53ca4d9f07202951f338b5abd5d2737957f0a84c73cd46134ae4b223e
0.1,1024,254,True,True,f470f2aa8bba9755f21d2142b52b01dd1a0ef2adf8f891e74794fb041cf2c281,e639f11c1392b4ba014b1e51cb96e2ad914a7771facdbd2bda9c692e3ba1b3dc
0.1,1024,255,True,True,d354a501469a31aaea5089b2d523e4f84f0b8e003dd70375cf6935aad3492fd5,476c6566877fc1bf72c54e69d966e52f740afcd6031d72fb4b4192cff4df5deb
0.1,1024,256,True,True,b851d6d11c2732305718e2a88e6a7c340a2046e37e8b15c4f5b61155e2e6e033,762370c27d064558558914b53c16479dda884a8cb25832c391f951728b0598f9
0.1,1024,257,True,True,e286ea733bd93fe2a270f2d391f8306f45215bfb2f21f89bfc8c597a3022c4fe,5873ee92bd886d45c4c3e668f87ee214e5f0887666d80a24c2e6c7458314c593
0.1,1024,258,True,True,f9560316e9d6142414d2962a0e4d4963c06923566a00a4d9fa18d76014f5e766,3464a33bf12dc85be98caeb5a404170d112d14bb38ced7bae3f26fda3b3061b7
0.1,1024,259,False,True,4cd4cc76c453e79f2f8f2123664db9fe5af683e8d81a3454d7abf52838c0dedd,d0807d95eb5e09fc1ad0c9b460e7939188246732c8a8ec94f9ee2257c49f5856
0.1,1024,260,True,True,7e4b9619fa113db4bd771e04c51bdaa07dfdbd07917a1011e144ee0afa1fcc5c,f45efdc6424400d4134f12f36822f99405be7573415259877d628987761eccf1
0.1,1024,261,False,True,6dfc34510a01e357e837053d9d10699c80359faad9e3bb03e6fa6f881d4e05d1,e2446b7085817645f0dc319be51da118ab128a6860f81e47d56b060542ac7f28
0.1,1024,262,True,True,042ce93ad8f497534e8f05501d906e9f290a83ddec105490be5e280cec1ddb9e,9497012e963cb3ca3062389030c671c06c4d0812335e20c9d634572ecf1f1337
0.1,1024,263,True,True,0e935dc443433454525b3dbe5300400865917f220032d3d35bda8903a598eb49,120647830ecaf250bf6c64b011de2f08193a030e0c28b60960bc84ce60e22bdb
0.1,1024,264,True,True,ada89af31c0995ab90209db49d37b84b3d247c803ce41cc8203f98b07ab9744e,23d222d8222da920ee8847530d9004e7a0aa17db63a3b21749aaab98316b652e
0.1,1024,265,True,True,3820e343d467e12aaaea714e607d8c70e621044e1ac9ef7f50a51ec353d00510,a0d6f2f996a7092af6518e716cdf0a3b79dd89d0ac43876bffd340f5e0fb1667
0.1,1024,266,True,True,645c8c92c7cc2ee0049480c16b483c009cf6188bd601bd432f751aee828882aa,8aa32f66a31939ed16aebbdc876e3ab383d393765397e60caa2d6a8ee8a4750d
0.1,1024,267,True,True,3d1630d6f7799b66bf3206660a4793b96462eca5332ba9808600b771799a7b8a,d1d60f71dcc469ddf7018a699db5ccc4cbf19bb8228764677007d9300186d054
0.1,1024,268,True,True,524b4ec9400956a5147eff933a8698cbc14c48e4d51c2c137b87825460f791df,de63b9ca0d91c32fbb1328dd2741483a988039821a95f852ef75b2110a7e70ff
0.1,1024,269,True,True,e21b7e122694ff2373e7aedbbf634b88728655b2cf2041926ad6055d95db1afc,fd41d91fcc9c09b5c5cdc9ecb349a5587e99e2eb5671bbba8d71bac2fa7a2667
0.1,1024,270,True,False,59d9b7d1b0255ac7946776e26dd17267214301275cab15341784d80d4eabca3b,80583600975fff230fa336d76fff25bcd637d7f9312c08170c87bdd92baaa6f3
0.1,1024,271,True,True,18cd2c70e5aa70613e6a1dbd4eee1a36294ee3379a78d696d0d5be053dac1f88,7820f31c3c9a50cb1868aa0d531030820b95b2fc113c721641ec3bd10a50c74f
0.1,1024,272,True,True,012504f6eff576eafa539c2ad496ea7dfaffbde63719bdf0bcdd8e28d46aeeca,02d363c7a61392aed91d35278a7fde60aae45bec2feef4809b3cebfb7a006b88
0.1,1024,273,True,True,255fc09540a070409fbf190365a942ce290a4e6249b72443a925a4079eefbcca,02929f3e83aec061a0d8287652adfcfe37d827b131a6d6546a9e78d44df49ea7
0.1,1024,274,True,True,fc8492ff0689eea3fd122d64c5bcb9053c982585d5645eec4dcfcb72345c21be,ba398bc556b05ab3586e4f8ecc07ed931eed43fafaefe7f364de0629a5a3a9f4
0.1,1024,275,True,True,d8830e1df1c3b2fc73560230d4f177eaed18d871d005b5ef13373c207d64d8e3,4ad747d026e677bc6942e60293d1321a935eff6a87d8d07aecb164fa8a012220
0.1,1024,276,True,False,1a8c6ae347b7154816b47f6eae8b5a5fdc59c05bd128d2709f6a9375ad374a5c,e8d2038ac67d0cc68d12a1561ce856c147b1fc144880b5579468a4d03a9dc106
0.1,1024,277,True,True,20bc88ad9599d0e90d0c4bc936d59dbbb1a07ece18102dfd62e783e87472c5d9,c9eff2ca1d36151bd755161c56f86a0a94e4516beb8b6122edd753ba0010b1c8
0.1,1024,278,True,True,85aba7c4c112a18aa005dc3207e341f4094269d2efdd66099304f9483736d083,ad93366997399b5271881ebadfb87238d74a102aa5ff088d40976cec1cbbb6c4
0.1,1024,279,True,True,ef00c70d7338bc2550dd1a3f9ab40b4e6fb14d410789c7e20cf14e4209a1b049,e580eec341dc35eabfcc178e785ada35a58ae6579d876706f682e7c0d55fe7dc
0.1,1024,280,False,True,30109e917f60e95d59b276d1d6a729f2361d72ae8ef50bde1052308f2aa59a33,3c1f7c3b05ae6cce77163426fd9b5305d03e37b0a232e1decf6c4302a18e2703
0.1,1024,281,True,True,454ef6d9863943c841d4d2c16334a7154c9885fe7ac885df5299fd4e0c2d5b6b,ad22971b9bb9f3083cdbee4daa08d452a1dcaae91908901b52e26f98f722b6da
0.1,1024,282,True,True,92695eafa6ee95151c1bcf4887c77dddfa5756983dd9cb5b7daf1202853ccd87,101a8642985dd20a31ab0a806406314fcc7c50ec00d53cdb02e95a10f4749cf7
0.1,1024,283,True,True,a536e0febd6e6759accf9a142d16cde2cefcde38821b1c67150ac9fd9976e961,2e3c26987f51e1f73d70cc0d00c6e713891378a3f859d660d50c1a2adabe7412
0.1,1024,284,True,True,fd22543ae7922ac4bda7e32e19035137ed713b7883ef9b7a8d7dd35d31a2fdcf,2f768dfb1148086ea9950d127276d3e87899d97af70a092d740ef48d310e7758
0.1,1024,285,True,True,f792cc7d3b7750778020638fde49c5cb46af695ebab02131495333d4113422a8,5964867e9ae823d4f0432a1830ec29af8f4977b41366bf52b72f7569337284aa
0.1,1024,286,True,True,f725afcf1c0e755ffb26d10341b19a5bc9f7a0ead4018319fccf5c1d3b9296bb,f026d673f1bfd629fce00923e126199830a0e5692b6ade48d290863efa2151ea
0.1,1024,287,True,True,8ae263e51aecad55b83f27bcd6a0dd6cf39ad0ce25723a76787bb017d3dd0f8c,cbee190ebbec755aed0512f33eae60a2f1761fc7b4c2e561b979c52e423aa996
0.1,1024,288,True,True,f444a8c729180d95ed0da074d9e21abdaa163e383954555c7bb77c3f1fe3f5a5,a79f8fec0c2fbdbfe2d93b8ca138dee7f0490957c7294cdc0b4d7c5b55bb1efb
0.1,1024,289,False,True,34c3d13e0f43a879226926493b61a53d62bee64d5d64b255f6eceda25e9b92c5,408b9200d663ffd8baebbf8b40b7f475bbf9836d59c998133100e727ac48cac6
0.1,1024,290,True,True,16db5d1d7420d01d1efb2cc170e12e6462ab0e76388819c8109d72a1e6b16cb8,560acce95d939c25373a65a5546366388f4ddee907235c826d9929826333adec
0.1,1024,291,True,True,01a6c82d35fc28140b13609f4b84e9b57946a7079ab784d934f15fa09e9870d2,e0488246b9efe263c9a03635be8f18091a41257bcabca194407680564a882d41
0.1,1024,292,True,True,e2020b65bc6f659f6515fecce93f0a9a88e1cf02c9db3121c02ebc6faff23ff5,c756c8eeb9da79e9865cad09083260a7592ab54668db3685827fbaa92c423171
0.1,1024,293,True,True,5fed57e3eb2759c0bf4a7b24172e3a57fe9a534e44a59068bad5279f781b96a4,01cec395971133ccb223e0eb72d5a3537fad170bb038060789ba60a6e02c7226
0.1,1024,294,True,True,c7124c7fcc34ee46e01f279707046dcfdb6d07e8bb3e5a90ed0f449349993f25,7ac4ee18f0d9e3a06c834f9e91e17e2ecb604056ab3f46c98f5d92bb752bc9df
0.1,1024,295,True,True,457da0e094b3c749dc8286a2d1f317069a56bf6a360647fddb2c317f45dfcaf5,2ab6d45c89efe8b76ab7e776fff00bd50e0d69181cf22737bc3a157e33333938
0.1,1024,296,True,True,037d472c96e10254754ca38c8aaaf2af9ae7c08f08406e18bdb6d6f3ccdbdfe7,88eaf6b2dbc523ed6b190848ad09afedf9de4b33e89519c3f7660bff18da0851
0.1,1024,297,True,True,c0ad75654746dbcba726825207258ede1d0e0e11a9ba8b220523e94de9d61b3a,4d5f28468645ad24a8219481dfd68bc00722fc88431584b3a54c2fb6a873a4e3
0.1,1024,298,True,True,c470a6880bd22b8de1c7ee8b64f0df23952ab632438297f613e2877bffe808a0,d02167d121bf9fe70124b5616f0f54382b83fca5fa0946b4e40a0574f5bcd21b
0.1,1024,299,False,False,0014f5d4e508cae7b167bbf6b887211cfbf8fb13df0406b1a2660e6205a12436,cd68748f5965c7ef2db00396dfa8fd83503437547d186808354b682e9cc30fa9
0.1,1024,300,True,True,57e8160fcec427985f0ac93045c9de1fdeecc7b0218abac11e5903e2474a12e6,fb086bf465e0581f5981d6162b416cc71e5990e55b15dea1a4a19c0dc157fe92
0.1,1024,301,True,True,b7b260cacb031363aa37acc828f976d23e55a2f4a4c977634b46d475ec035913,640aef37b9483daad9ee2b2fbd3aa4e7777c53de65bc17db923ac39f4aab50d7
0.1,1024,302,True,True,9971754f26412f7e7ea9fee337bd5ff14d19191e4656a938197ea818de2e7069,da6da39752e53b0c832278ff1c5978034c8507a7de309d6717002ca4d9ffe97f
0.1,1024,303,True,True,2007c6fef22318d926209c0a8900b19f3ad88a4eda1952f85c47b40a4751eb03,b97c6752686c1b922e7f06c03099a037e9ac963ee40e7d18e766a10904610f56
0.1,1024,304,True,True,e4e1985b3f79d94905357fbe103cd52d8c517a3620085cfb0e5be8d9056e42c9,4329aea1b6f0465b59ef980ca7807db0fb85c9bc33331ee31ef6b9bd19eb6d59
0.1,1024,305,True,True,92e9606037d902d050ac7895705da22d59dc258b2d9fc30713466c4779b162db,384629e6df8de0528b8d114f8b83ed6424c3f9dd30db6c2a0e16016bb916fd04
0.1,1024,306,True,True,af0d237e89f549758fd5bc554b9e040703f3c054928c21459c9513b5f8b8649d,a747e96a45330d45729c12a10521c0091ed6115c6951b7d6941f4305ffd99c6c
0.1,1024,307,True,True,87162dc4b51428e0c522f09e03f20c07d56bfaaf102e440c4f421437f214772c,a26ee21f7ebc91795185c9443b3b810ac371c75a1e768d8f6ad84bc33f3f5bf7
0.1,1024,308,True,True,ad8bce7faf0b20553578ef00ef14e3e658883a9fcf3aa14f10085674bc338ed7,486eba6a49dcb5f1bb33292af2d1968ebdbe16c1a04e63cf76ead67a8bdeb4fb
0.1,1024,309,True,True,06851c18157c8de28513ea8bdc2311fde74d82803c7bca9b1e4e9a1473512183,524a44aebee7d68a87394a9f4bb590690c8f2dd2ebc7a429e390256f34ead361
0.1,1024,310,False,True,df235942b331bf1eaeb668ccc9f74f3351253b71136b17b50808ed4c2521b812,c8d8fe1c48238477fd39baa858538b89a9a0d64385fa73d8d43338398e2bbb96
0.1,1024,311,True,True,b72992169289b234f37f3293d1905ac7e2a6001924837ca6ea8bd7e795f283e2,c4c63754fc6e2e4613ddeeeb890da629501be0b082dea76e91a203c193bc91b8
0.1,1024,312,True,True,52646a2a45d7e36bf80da58927d6f02ce46b2ed44cefb54a131ab760cfb26f43,74fbde6d206fca0e8567c348b602ecab9842cecdb5f1f1fafd52a2c2c447b42d
0.1,1024,313,True,True,4f6f6ba653f070eda33ad2129922c60b53e8fae3f6611913b4c1e108ff527253,8d528b526360f2e8af8028be758121299f5de41730cbb6313f433a701663e59b
0.1,1024,314,True,True,d629ea90868f08a6d7f5b5406114e2e6fd0d5e942fc6120f0632a2edd1e87dd0,7d19ab24defebf3eb0ea6218b813119ac35101413030438ca93f6fa7c6bc7ef1
0.1,1024,315,True,False,a7ad6973f7da06fe59daebb11795ad0f4765f0ed6e1531f7622b649764cb9c2e,0313faa8d37acf4d36997a22fb6cd4589588122eab60fc737e14b4404cb1aefe
0.1,1024,316,True,True,ace38fdd59c148e9e2c07098b7bba9183e31febb2aefa9e4f57daed670451f4a,9882d9f8e4c5a60cd766af274a916bb28a9e24811e574f5625897ca19d6ca6a7
0.1,1024,317,True,True,d727488ea99345917fbcfd940afaaa3aae2b1d22e9fcfb104ab4257a0d1e4a07,78a038c16e079b9384405c1fbcdae9a5282f0522baa947ebb6c01a9771013861
0.1,1024,318,True,True,908bf13d02fbc5606bfb34cb42cac14314cd70475c99935aacffa634822de508,ec7e63fe1930ad39799ea1e222e9f31cff7254482e5623484365d5f13eb3a2bf
0.1,1024,319,True,True,f89922184a7f375d0e10bac308b15c9fbdb725ef1a1d772d9bbd929c0528fc8e,7016c1aa9e1eb02fd71f617fbfc5756a649fe361a332f2a7931bcb9214b7a6a0
0.1,1024,320,True,True,b9f457e68d20b65fbcc3ec032417151a3cb694ae6434c5e47a60ebcb27dacb21,a0231165d70379a33feb1c27a76e6718c37f65105c72f24d174d32049b45fa58
0.1,1024,321,True,True,abb7d84b0eb605014760a37f60dd530a42a01deeda02aa84171e1d3bd70eb2e4,c1c69bddae056539b1ccb37ff758defb36bb240fb9ecb3254d8ff0122ffd4fdd
0.1,1024,322,True,True,494a8d95674e9e0c33419dd4cedd64fd32aca0cd83b691983a3b3ff03584d8d6,7e89a3865aa6297ee388244dbcee35e917cb0694d37ccbb696cd5a226af47d63
0.1,1024,323,True,True,d19e557015c26985141c04a7046a413dab3d5dfc6fcd6589223389d8bdaa8974,14995250ac61ad15b673dae81ecf0fedd822045fdc7aa92d4fc8e7fc6888a899
0.1,1024,324,True,True,74321e1ea5808f8e13139c371cb7d6776bb293a8436240d62315a580b19afcd4,c973ffbcc3c7cd2c57083af1e4ffa2e08c71f9a61989059f62aa5c0dac564334
0.1,1024,325,True,True,ae2412970bef208b99a2cab4bbc6e194c499f3cd82b5f701ca1fc061e156d51a,1ebcbc2d3e1baf235b03ff3a8de03b7a2039c759329997f1bdd9359b5414f0be
0.1,1024,326,True,True,51bde84209e8c4d1fe60e4361dbe3068f2a1ffb3160a2e52ae81a6ffd1ae0fa9,8a3b18644374771d4fff651df076221e7f3f6f89f34eadf98b496fb03de3c16f
0.1,1024,327,True,True,5ea0ff775221c27b8524e4bdfea10f13b3ca035bc21ba58fcf1bc239a22c0a62,b5d21b407da975b189933dc876f015890250e3e7e24ad2df8f427fe3b74ae696
0.1,1024,328,True,True,5d060b2ea88409dd9f30fbc4aa305e713fd2a4c57283d3a33268f34236cef6d4,065f9c31fb73383ca6e1ef877753791e5f8eeeffaa9094d595361e74ea49b51c
0.1,1024,329,True,True,803c33040f0ab91c86ab74d1ad8e5517f2ae0a4112e186fc282d9a2874088d07,25e51cb1bfe6eb7b636afd49479ae1f8ad26f1fb56286cc274f721c5dd101900
0.1,1024,330,True,True,1f61ecf85f67096794556e7b94441c159b7cfeb516f887705e7b2adb5638984f,c06b5f9187e72241d273d6f9db708226f13a672ed7e0dd1188fcea0a8fc5605d
0.1,1024,331,False,True,ab53e8eaaa26cb1e642221215d9b0168427afaa196803d8a7c31d8cd978c4609,b8d9a08d714632609fc32de6ad59918d9c93562648f122a5c6d481928edeb880
0.1,1024,332,True,True,17e1c7a826f3ec600fbfa66cc95303c8b180e686214fd6b1f9f5920418b6257f,2a2e3cd2cc5976e93e5c9610183b8dd8567c2dddb49d6d16456fccce342f4898
0.1,1024,333,True,True,8025b0f69194f532ea1999abe4969490f3ab79b7ee1bdbaca5fda1f38d3e6a98,7c4683e91a7869481469214d51391832198764cae495db02eceda0ac6bb48abc
0.1,1024,334,False,True,d31524c6c304ffe1be4d5fab89d2c6fb37643df97d82ba32149e2bac338e6246,0d72e1800e99a2aa328f91a7f6523ef8ca126723a64a847f36b53626a6c334ad
0.1,1024,335,True,True,8db30d88737b55346ab25886ed8435da72e2b2088a6bdb39658f0c22f21fed6c,d117bf5668be8af8f3f2ad116c9e39d4ba5347dfd40f3c473dc82a8ecec89a6a
0.1,1024,336,True,True,99da4ad5830992bc023683e9bf643bab21445a3eaa240cfaaf563d4273a1a38a,cb7c70cce2e177d5580b3f3520fe349ed3a4ecfd912524c3d1f02ef765f0dd70
0.1,1024,337,True,True,425b9ec9190ec758df422ba03ca7d631810acfd458e2ff9c5177e91bb39e221e,5e3cad0255e88224b089eb52d7c2633db42a54e67dfb22e03e4782333f06a35d
0.1,1024,338,True,True,a6dfa18a3abd6fbca86540538db06cfe279bf68d8e93412b9913267fe50358fa,085dac85b3df29c2e3f044910685e92529b8e9064a60e052b67b41a0a0e029a0
0.1,1024,339,True,True,ef1cd24eef5fad2ce2c8d97e364051a8d3f21296e96966d23629f552bb077454,0e49faf26069510cb6938b2d9d5ca9322bebde25e758754904fb3d15088b01b5
0.1,1024,340,True,True,58e5331228680d77e98a8eb401706a0dadb772674a9fd1fdd1d346167c14fd21,bed8943737a2a3bd2b5db6a678f7571413daa8acf01087582f7af3a0c3fb8d84
0.1,1024,341,True,True,111b8af63dd39fb4063fd004965c2b858614f860063273c6a99995bcc88b7d2a,25412ee43186fd3444b821f01701300611aa813df2d6a31ddb85e2dc271605a3
0.1,1024,342,True,True,392a00850167c38df2b6df4e990e1bae9ea2847aa13c7df99ca3e00e9ec8c4fd,8bb86c47a931bdddbe35104d45e56cd82c307000981781337a3da0dfedd3052d
0.1,1024,343,True,True,93bc56eb95349eeff0bb223ca365d12fb388fbdd4b9bdf2ea52fd2682b0406ab,836e3ee2aa9a955a3695cbb9232268e9492c1591007763c274ed6c1238d8ce79
0.1,1024,344,True,True,abbcc1c6b12642d0f1cbac46c6fe4079f66f996b626ac55ba5d2275b10695974,ffbe41b48525c7d1a75d988e7b3afc1084fd6e682d2e990bedd37ed3a4307208
0.1,1024,345,True,True,c3ef6c7535d1e4b1885ab2f009e0f7c8391a23282d9fa86bf781509bdc375aef,e91da58c2b2dba417090c6674c192752e6d6d551e7d7581c8bf63236579caa5b
0.1,1024,346,True,True,55c7a66f95a4f15d2a4337dc8ed19202dc8265d3c5ce8ae7636e3dd3e9d223a3,dc1ccce13012c1502f8e56bd8c3e1abf7c9da55ef3078f04af07064fee4624ee
0.1,1024,347,True,True,bf34fffe49d90ad6930ff30881d829d6789157df45922e1d559d5a3f2a63fdbb,25d0138395f6c1fbcfc93176d2966047952e608b55ea9e8c5008bd7c90ada108
0.1,1024,348,True,False,0b69aabd159bcbd54df72fe7e8c4226f02f3caf76addb84918e6539c9abe6a1e,9925716063ac7eece4cf091f43530174329b651f54a8ab33460e125b41d35ad1
0.1,1024,349,False,True,36d3b9321f4961b56179ce924228082e10386169b7ae72304fc3471da985ed03,d6295a5dbeb15cc3af91f59b91bae3e94642d3f94d773eb725f18984df31f359
0.1,1024,350,True,True,3b371f315463c4161c8a232730a154b5d00ca429f52d4e78c8a6e55ee3b6657a,e5588a57c57304125b0be00304d3e806df05e126a0d35e493079a7fee6a3de45
0.1,1024,351,True,True,5c2e5e8402832a3c1f5a9124bf99ae9f1224a3fc782a5863207d208a828c92fb,e901243e8d2e21dd51cdd5329db64a44dafeebc6134a0c6f235061d0df18067f
0.1,1024,352,True,True,cd2802ac16e665b8b1c1e1d5d1740e56434735d5f83672abe99f99d39f55a920,1b5b7726311a40606da710a124bc624d631b7e70ac8f4f3cedc80693b0376480
0.1,1024,353,True,True,fc7e666add672fd823083031f0f623142b3186c43b495e830f0825cc3a4db69e,9563c049c2225507e44ebcb3dd96e4319347f53b564f4f779e2497d54e991d52
0.1,1024,354,True,True,fb09bcf762c544698a7e2ce3fddee6ea87a1500f3e5d159323ce14902955b525,2e4b9d735c367ccc49feb07f77426f074e059dba810ec4593cd2c96366f094c5
0.1,1024,355,True,True,07df238536c7999804f2f616f4c299ceca87d23d9c01bf4ae506d561c0cef6e4,5fcc2ba1d8bf08f5b43b3d17bccdbedcf76ca70a6516b1d5470a40af9f1721d5
0.1,1024,356,True,True,2a64d458d50feb15ed03d2c2a6d53b50f9b526e1787974141226bf78e5a1b80d,fa3d4f95cc99a20bf8212448ba752233a7edb4461f665fb4310a4b525463a7f7
0.1,1024,357,True,True,c730b30d515ec050a13e4df55a267e6f31e65993e5c8502052207369c2e0a873,ba45819b42fabc9a3cb34b22db7839d0947d04f3fc79af147e14162f674cde6c
0.1,1024,358,True,True,d1bc30891f96b1872b2c8a854837fb12282cd9ab78bb5088b547567f694d512f,5bbe04dd0e15fb7e7ac9a00774e6b2f0801745af0f2d7bc192971f84ca8579a9
0.1,1024,359,True,True,05288fcc72ded1fa58fe5f0c00d1e58378703dd8201b653b1f2f530d3f9c31bc,b248184f91a47f88f186a0f1c0555029bc4a8aec85b9d95319ef3fc7dd1e34ca
0.1,1024,360,True,True,64da60d8eeda90b0e68e54a242447858c57446a98478a8c60f487e4332cbe354,fdbb3a7d44eb77cc35c076da3ccc63bfedc2a43f7d322b81dd61ad4e77714a9c
0.1,1024,361,True,True,2cfe712e3ba315e4cb34be5af24665ff52985275fe4970c18a603fd7a6201e48,ef7df15204be63ff49ed23de3839c188000d2090d6dd82fa021344c148e702f2
0.1,1024,362,True,True,ad7eccf431f730bd49eba7305a9a8561b7c5b5b0857eb0f7a8aff774a5c542b1,628a2cd1a0b8d8ec1a262cdc8db8d43a6089c8524c2443a448c4586ef4f279c3
0.1,1024,363,True,True,dda21508bf15063b8285eb36f2ef98c9eb28c08ef40283dacf7885fbd6c4260b,5b79ad93fbb807f1d73ba36a4c2266e30fdc1c945e907306198e4ca17de63128
0.1,1024,364,True,True,39819e17eb57cc91f212116f73673ca3801a4f01060669bd53983313cf1fb4fd,c472bf97b5fe46bc74033b6d6191a13ce80166872770b7b812eeb13cf37229d9
0.1,1024,365,True,True,8a74cfcaa41d47900bea68a25e154aa7480e2362ac4901c53779479f2e9f0305,dfe3853db161fb05b0359370370ffe8cd1ca0b0732551db83e6a5a5bdb54237e
0.1,1024,366,True,True,41b0482168caaa15f5a2c8590b150318eaf05d7023d2fd017e23b736ad65df01,8ad976f980e5b5e64326609f748e11de45456c9ba90ea9838db784316c9d8f18
0.1,1024,367,True,True,a80c05341c2438f450310ce67e687eca079b8c50c99312aeeb7cddaad0553a36,bf8826c439f37c33ce9e1495c4e9d314e22a1d28b27252a0d0610a18653beb39
0.1,1024,368,True,True,7c80a79c45d2105a0e2c4cacdd19d4c49b8581d2e7589244e3243d610b6c902d,c58160a6d89b704523432b263797702419f43b035e946d6db1e98ca77f69f938
0.1,1024,369,True,True,101fcdfd2dd4b19dd9013811819ab14bba3c4f8ab373fbbc91eb417e9e881e87,129e15951ad5ab47690b93b784010aa52310ad8b9a410f8176881e96c0a237f3
0.1,1024,370,True,True,49e4d50822148a93fcc1d7d3aa5b625aa318bc2cd3919daf0bb0b194247dced1,81ae9a767ec05af944b482c46a4e07f7801ba469f0c2598b31ce68e93b807169
0.1,1024,371,True,True,bc3a21c458c962b6a0ab914789624c4778d127a7304cb6bacb397ac98080f990,4b66385ef888e8891338def156893636ae87e77b596443144964475e82e186f7
0.1,1024,372,True,True,b0700ecd51ff82d13376448337072849e27e388ea888090ff57a7e0ad4729830,e6cccf9f411ddab68a552d3c8d23bc6f5b5d124044f948ac3d7244555a5bbf74
0.1,1024,373,False,False,c47feb95b3f821ff9a215a39757eefee123947979fa9560c675f9e71556b99d7,ef16da48ec9daeed7e2720c0babcb0cbfc8bc57754497e75bd0a15da9c7e72f3
0.1,1024,374,True,True,fdc8f12e260d6b8dd2fc35ec526acbe69df5d76c7daa76808cc50abeb93dbc55,a059281dc8007552bcf0e669c5f540d2bd7509454ff4fc27c289ffac2053b348
0.1,1024,375,True,True,25dfbad02b9d6b1a8cc51aaae759472699807a5639844a10499e596ce0a4f834,9b05d6557e6cd704b40ca3d00a73c839659940bbbd4a4a11a191c363d45e9970
0.1,1024,376,True,True,0463708123c25e9584f8de61a7f9f30cb4a1dd5bfe7e9b2986d5b8b9f7780fe3,f0ed03cfe0e600eac58e3fcf0242b6d1d036dcbaac107626628a0f951c955352
0.1,1024,377,True,True,385ce1a7b0f5f1e39246a59f20e0ab9ca3875d99efeeaa9de0502f4dced4301d,2e480dd28dbbf0efd6b9f79749328c2509c0361a645f42c3580336dd8b62af01
0.1,1024,378,True,True,3d20de14c6870418367d6742188261788380fdf698d370fb040f513e81190363,0d9961263e7683090b2872a7ec7e326b96f0a171ef7ed1509c4d326b60d47418
0.1,1024,379,True,False,8102059a7c479189bb47d2d15321656fe8205b673921760b21a45607cd38dfd1,c6b39dcbc8b8071434c170b0b28fe6fae998037bca2f930220ad85183ef243a4
0.1,1024,380,True,True,e6ee189e9bebf2b2e89b97a569eb8ce850ff7ee82fdeeb2b40c64369a3ea2c23,43fc8eef2269fb63accd35d1e27744aa6877266412ec62203acc0ccc4dde27d3
0.1,1024,381,True,True,6f962931372e02ad52cbb0468bcad131b72845c7313356fe325db2f8183273c5,c73068e7c0730a0fb6074857fa1feebdcff227e60bdaf898112932efaf790773
0.1,1024,382,True,True,4ca9873fbf04e2dac5e71fa2dc31d6577dfcf413f1abbaa88abbe4b5a8172bdc,3c1993029ce93586fd68815a324f5087148baaedf6b5b39d800f8692c6a02d59
0.1,1024,383,True,True,66ac9967f2228ee6240d33a5bf03a3f839ce467e1596b56d454f5008a06b5050,eeaf0211b8f4ed23c5857623f5e863fd9116ba4b92b8c858381f14f4eb4b18f1
0.1,1024,384,True,True,11c5504117163adf82da3623dd5aaf42a791c1914abc915cbc0787125096add9,807bd908a34707a5a3f642b556fc3a2ceafa2ded2726bca79a20ac8f55aef2c5
0.1,1024,385,True,True,6278665773f79aa6a8e2cd6faa2f529b6841b64931fadda3df66dbaafbf04df0,d8f77f72fd76a1645fa4ceac78911d154638074545c9518dd25171c2139ba1f5
0.1,1024,386,True,True,6874181da0ad7d275dcd0dac18c13df86e613aa0b2a789b5ecf3d964ac8aa339,0bd02974a0b654bc3dc89424fdd1250b61e862c35faafb8cb61c6c9064e5dd89
0.1,1024,387,True,True,454aed8610595dfb3e28993a3277cdd4c43ed0bb27572a0bd032ef609fd79632,c1345d82a59b6cfea00a84e6de64ff6b2729c189b03766b325e2965ddbeecf87
0.1,1024,388,True,True,9765501f7b06495195133dce57c979b0d306096c3a88a1345efc8235992fdc4a,b481ed79e71e1368a394c08c33ec8acda44bc0875228e1b6b43a939514b66c30
0.1,1024,389,True,True,ea49eb7deecd4228106506910285b624d9e93499f6246818adebd2ac5eedb7a2,812ccb66ed3b4f52dd1e692fc3ec000c25b5f556c11dea7b0c86898a6a78cf43
0.1,1024,390,True,True,b95329df6145459e550e12580ab6425aedc4f2d7b4fdc397856f4e2455de6fcf,0fc49a7fe8d1d9827df25593e2d721a6cc0233faa5a69b2216e4bb3b272e201d
0.1,1024,391,True,True,df13dae6761e16731e30507aa4b305e75cdfea9b729fb8525c37dbb1a6142fb8,3ef4657eef526df40eb706d39b321458afddc4e140bc323215d023e4dcb7505f
0.1,1024,392,True,True,b9955d218d71384c30a6f9e68eb098409ca432f8faa7e465875ad1fe7c11183e,320929d373c81b0253fa8d07739dbb82fdb9ce0d8f850e8a06a3ac038eb58540
0.1,1024,393,True,True,d69f92bc4ed87c032b73ba4f246432764f96a0376f5a2eedc7296872a2982c9f,83f422b6ad3fc0244141838545a169276a34292b4e2294b9fa0b71e2db5d0f17
0.1,1024,394,True,True,0780f700fb9c6707e7d0201aa9506f046ceeff0afef5b61b3e95045235c4c272,b3a293cce46ddb280b028005a3b5d603260de86e3ef63420d04c58a686b662ed
0.1,1024,395,True,False,db87519ef1ea6e9616c210d7689c82a31e16af1779600d1d652a4c40f0c7508e,f81f460fba34b0e0acc920fe14a331a064d6ddeaeb60982db5c6089ed2ac45a8
0.1,1024,396,True,True,56ccbd46551950f6e464e0672f4bfaa2f3b85a6a2fa4ef21eeb338abe8ce5c9f,ae16c9c6486f2217eba369798742b52acf8957e74b73b93a35a31c28fe017b00
0.1,1024,397,True,True,c3b8cc7729edc5dd70024926fbc40e383604001563c5371d5bed90116ccd0479,a673ce5477820527fed9db1c9f62e2a7d77ff1c8311718d10d29396c49788913
0.1,1024,398,True,True,4f8f51ed35adf52206691e053c87ffaa99e9dc942f8bf49a2ecfb49fda575b76,97df026d6bd7cc4c3b1ead1f26e7c8addc7eaa7af6458f9e5f668cea7e1e995b
0.1,1024,399,True,True,4c233f78293af0db96a6892fd56ae008c0eab4f3502cd16fbc042a0bab2b812a,c634413bb28e79438939f0421b878246d6d95dc8f63ba885faba926c3213be60
0.1,1024,400,True,True,75c04cfacb8f8281fcc5cb95eae13cd508d3448e07d3c0f5750261853c5593f9,8e754d655074ee7671d30c26ce402aa3131d976426923a740058c35228683e42
0.1,1024,401,True,True,d954bc1a1263e71b148508a34d4bf919a198327f4590fa50c476987c01747b89,724e7a48d023203808e4bf4d44cf05635f477425b70aafa81100a6ba90c7c0a7
0.1,1024,402,True,True,ec9ed25fbb20e298ecfcfe8741680e36325938c07e475c6cd859be73fb664b82,2dfd82a8a0ba4e3e189cde33ea3d60b7628742dd158644a185b0eef25ef925d3
0.1,1024,403,True,True,3fb1384999760a847f374ccab3bd58e901a079523cc0818e0300f349c53a8b03,c449f35a2f64d1d837beaf451be6f939fb5213b53b8e4e55dba706d795f0e861
0.1,1024,404,True,True,aac8f16223c942e0c904a07034db5f2ad1f41e0e5c807f7d5f2bcc10d19e8861,f84fb1e67ae263d3a1d7bc9b40e64484968f0d1cf05e9ac58232f957e736673c
0.1,1024,405,True,True,33ad3076d13093a848f96615ce7c9998e5ebf1f6c709bafebe77849cde95f885,d6aa54e1eb3013bf18c10a9eb08b162cde1bbc1e46b148e726063741237fd8e3
0.1,1024,406,True,True,2aefa537d8e2ba1a1591f860c2a9c52962053cc4e49d3f4968418eda70d89b54,770f15ec1f9492f4a25299e63c78721b4ab70e7ecca2cf3d6077658257c88e15
0.1,1024,407,True,True,84ee8a8eb92f982ddfe0ca706ac7220d63bdd859076ee6e975324ef88b69b097,6c563997019f36b934e40fc05d298843c4eda251045cb7d4585eb0aa7fb532ca
0.1,1024,408,True,True,694b4a66300e5195a6592236c5de709c4cc1f9a00acdac6675268f1aebe6a8e2,c106c32da324027463d58e13dff13a3dd42001f84e0c63d543155450355924df
0.1,1024,409,True,True,f816efa7e2d1dcd6511ddc1d1a39568219a12eb9ce63738f550e108e52a8d2e6,d756390664ffd54db3cbc3e1762d021daf729251b7fb458b43f3c702df6a82ba
0.1,1024,410,True,True,6941cad2526adedd731302612e358752ba210b3cc9601c57b0adf9b7ea9347d3,01509eae2940d6b19e504c4553c06c22ac7edda012537bd2bdf7bbd024eaf89f
0.1,1024,411,True,True,fdac7ff22727799cc37441101b6389e453c2829b309c68c01541b7977a71856c,f35c8b5849c6d1f2b313240bc071dcb247409e6e837f5b053e09a3762745e689
0.1,1024,412,True,True,0ffca45d10f290457d76435ad64bc7aa06c9f3667d30ec7fdfa5a5fe0047695e,c27490c139fe9a5fd635d095e47efcfed0e11e7b63f078d247bbc92e1f59d388
0.1,1024,413,True,True,8eefe15d1f1ab26ea4befa74fc420c59fc2bdbbc6580d21c0a43f7fcf0520a31,3ff8420f375b2163deecc9cfa6534a859914a3e3c613b3920ae2c89ba8e2cd80
0.1,1024,414,True,True,6aec4b4e963152f6f36fb79367d92ebe22877ae215ba0aea5c12a0de1d625f85,72020446d7be5419c39becfa560357b4ec63d98239fe737f076c41c7a4909820
0.1,1024,415,True,True,0d53a378dcfad8f112acf108a6446ccd7daa01dd1fbd3c25dc11c33bbda0d1fb,0467f7c9a916552bd22c8355c9fd1af3e29b105aa9c6ac185dfc4ec34d5f3875
0.1,1024,416,True,True,6d70ff087a247ffa6fd871c17740743add5ebde12f36b3886c4a0d04fe1d9198,a7b897613eba70a724ae26d156cd1d30027a7c50f75d328e417bc6c1a018a326
0.1,1024,417,True,True,ba946ddfe3ee3a5f9c9a0d09e87e033932098a769f111bf892c97a4d3c54229d,8fcaa5c61a5a0aacf9d763efa45da919de2d8d137e7aa7fff2bbc320a06089dc
0.1,1024,418,True,True,2fbba7208328bee525287a4e72c35a1ef8d84521914dde802ad36c18495f1d67,f233c41b4d1d2709ab87cf387b9b84264f4ec68ed7252b0609d0825a70a58d5b
0.1,1024,419,True,True,2fbf0d60f0e335f0b6b320ded7acc67cfefcf44b6d16b3ac99b8a4e2eb0b0315,e39c5af155d7412e7fcece0bba271b24934194793e8e3409bfa5e96167dd091d
0.1,1024,420,True,True,d3dc84590649ddf904cc0a67267deb87013e0dd44f23d3d3ebe1ae84b2af937d,043226f9babd508ca695859d4cb395866fa6d7599582d5dbbcd990c3711d2a3b
0.1,1024,421,True,True,05377cb114626198b85f430860157803903a0b7f29239d92889c85f9c6282b80,4931c579710fd9b38f19ebf97a3dbee9e910fd04e5cd3a7c1debb8c598ff1c78
0.1,1024,422,True,True,6d471907a600577b5dd77a1102a6d6a1b82c01d170805be088a76bfce8036e89,18fb9c089332b30ff138bde78c4c82d90a859034208d8e3f685459d3eceb81fc
0.1,1024,423,True,True,71b84022adda285b2615edae20fb650b922cdcdbf9c1245f94cdca9cc35103de,994531187f047c433be522480999d6dd9bd1bf5e208cedb0f2c8857eef29c2f4
0.1,1024,424,True,True,a93c55bc7c509dcb5fc63329f54b5b334ede471e19143ad3e4e9f2dba5a71dbf,cb57c739849f05b0b643ffad9fd05d1a91f964578785b40c35d27cd60ed39dd9
0.1,1024,425,True,True,b03d6628ecea8c3cacf370c33fb93ba70c19eb594e09a2196fb65abc7bee24ab,66814ff35a63669bf2bb0d3f255e427781e485fc844f32ee9246af9079fc571a
0.1,1024,426,True,True,09e86e1fd465c3498102597a475261985987104f3994e056fbe75e171b3cb000,cdef8637270418c0c71c2a5194503a7024d3daef487e42f7916fc7c4f730b70e
0.1,1024,427,True,True,9013ea63bde44a7343aa25273bf36a32eefffae30be7766130748c367a44f4df,e1723acdc9d01ae2a96aa5c4030697e7c097ae7c31f5ceea71f91b6b0c130440
0.1,1024,428,True,True,81a89e87dfa41dea385b205068928cafcdd8ed06d61de858c907299696e19796,2e3eaeacd55fdd946bd3a1718f2e04642457006788cd2b10ae280bb9b95672dc
0.1,1024,429,True,True,9e7070cf05565337cdae0c4091727e39c8fa0798b7e7b7fe80c934598a6997b5,dfce9baffba7918f6ce839055348b542e7e89ea4824ba77551d0fadd4b3ecdfe
0.1,1024,430,True,True,7cc75ed96a4314553177dd75df4e295a0b6c01557553c8de04b7180979f42196,314dfc64d926088450f5df60bae8ede770d217a84615933ea3bc630af60577d3
0.1,1024,431,True,False,a6cfe64bf02a55b94afa8024dafe24a8df499c046886f50aa01e0692ad3ae3f3,6da626e5b405013fe594914091d73d8034635e530ca7b5ea9090af6ed6ba1d17
0.1,1024,432,True,True,454a3b494368a9480cd5be5af813ea3ec6bc545f086b3a5017c0ad6661dea66f,68941a1ff6d371500aab04ebe737671897e75498bb2f48f6fe3685f4fc2a3edb
0.1,1024,433,True,True,e479c90b2ea664c6e5ca386aa1571fe845649444c8b5fabf87356352ac3fd0e2,a69d88dc4e873eac21848927343741ffc019e47f2756ef55fee8ec64302b7fdc
0.1,1024,434,True,True,785620c415b9a8c137a2bf4cba7d0f5b4aaccd05062eff1094f51f566d13ea9b,47ea96b7739efe64362702e80e21eeec0def5f99924e6fa2a85475fa58df2c8b
0.1,1024,435,True,True,871192acb1eb0f0f0e08f3269782fa87102f7d10fcf6ff112fab1bfea9d72b3d,0f19b9156876798068349a20c68830f2dd0c21b4ab89ec936a10fa426555696a
0.1,1024,436,True,True,39c4977eccf6c30be07945ac96a1799566129b2210744c59b43c4afef7e2f28c,c2edc2ac0df106d4022d9c72173a46f3c2b8555578a082973dcd7cf70af66ee3
0.1,1024,437,True,True,d4c36dc5fe3f07bbbb99839151de327dabf90dcababc102a5de5266587f8318b,8fd627bad25660fdf813708d25746b301c8465a37ed7ed16872e620ef1cacd2c
0.1,1024,438,True,True,0d7bda0cd0348907695a89bc0275176ea32559618e002322cf37bc78e51fc5b9,5d55afd600a611e05fe84b339fad0ac488873d459a5309e373cae5091e98863f
0.1,1024,439,True,True,010736629ee7acdd9270ae837bef8c678c2bdbcda6d1339a10eacc65577a0e3d,e4c68aa8f949107e874e903edb273b9e74f13e9ad79b0e88bf1d075cc1fda7e5
0.1,1024,440,True,True,8aaa2e41337e347b47510cbc5628c67e9cab8d4058a03f2b0c1b6bdea4a0a9f2,4317f7374a277e648106667c47b20806665a374e70543072ea1f92a16058fa90
0.1,1024,441,True,True,9886c0a1573026483a6c0054fbf37d57b5d8cc0f2e6a29c9081c3fb87c60536f,525aa0b4d15b68fe80a258713ed198807fb68a0fbd5f0b3a19b6dd179d22784d
0.1,1024,442,True,True,be3d5efa573a7ff0be81332f9a28571f24a3aa8ddc7048e8703415cc3bf250d3,bcb1e9bbee9fa2d903d93fb54a06453255e7cf26e622573269bc374f5bc489ae
0.1,1024,443,True,True,69ecde69f35c22d57e3193b1303605d84bf433d2b9341bc62ed58c52771722c8,fbc8f3a41ef953b2cb8efc015407b4f8993431e77447d79f0d009f1d1936ce0c
0.1,1024,444,True,False,a91f87a98944592df1f3642fd4a1ea6952c9ecd918f8f14595585cee242d26ee,9dbd7ef3480355ea621e5b237bba122e0150937e2b889bbd1edd4c97b98bd2a3
0.1,1024,445,True,True,57b172e1027e2f5401e0b0f220d63d0aa4cde77baa78cde2d7189fad88e52cab,6af78773f5a9736c0cb97e4d7a1c62bc3db0b75921459893316c0c26a33a45da
0.1,1024,446,True,True,795f351abc0e1d6d034a908b7e471682687787ece902be09b22eff442b18f47c,265213212ca56d78bf0d35f03530856e7af771bc41252544d9a6f12a4cc5f91f
0.1,1024,447,False,True,f5af6c2e8482147b5283fc9ff708c102e98dda30c588be91a36b04fd6173e66e,f0d4205070045199f01457ba742509056310212bed6d5b510188fb52d8aac9e2
0.1,1024,448,True,True,d24cb43ecf8f24aa6b634f7fd65a2561aaff5b6f960ccc6d55de4c0ebddc9e6f,ad5596a51b1696d3ec9ff47645393fb53a745c397992a77ef94a1fd346e87793
0.1,1024,449,True,True,ebd5119d657f1a9d84774f4dbe694e1fabf02e5093f65a7237ec252726b14f2b,8ed83b7a959ddf25f103318739c3a76f4d713484c9cc70807c5ee11ca64cdc57
0.1,1024,450,False,True,7501f012f5468da7006220b1a669e9e616deb01ffc157d67247ad69643c7074f,b6edb87e9223abdf939cc1c8794dc86c675cca20c79669a36ad2901d9c2884c0
0.1,1024,451,True,True,819505ba4e3d29e578436a6e97b96d24a9937abc6352c19a0bf3e6d99825121d,c2983387886a65e45fee7a2d6f46498a66629906aa3a09ad74b315a94085c143
0.1,1024,452,True,True,b3b4429309cbcfb0b274f82c235b7f605eaee2129f56bd566a413fb1d5e3c726,de5c44b52c2adc6cb59a29716e3345a922d0c32dece1652b40a70b4a734d35a5
0.1,1024,453,True,True,56082b19dccd397aa0fad04f4577a5998e18a0635a2f3119e47cb926fe08353a,2b4b2046b3e1e986eecd7f6815cbb143b4eb2dd388d7c556a99b302b28d07b40
0.1,1024,454,True,True,bf3180dbd08505f83dddcded773b30424c29ba800028ad74ba6fe4a1ea42757c,3901af55d92e29df5bc939a9d18728da84771d9c315d9101881b288a38755698
0.1,1024,455,True,False,6d6369c156f9e0b489bc53ff284357d29d0453ca8e400da036aa7e038b37b8d9,ef3f9b2a9cdd027cf050520b1dd423fe0229da505c76ea76390a703205a227f5
0.1,1024,456,True,True,ccfb7924473d9a1cba79c6037b860cd89ad5170e0004cb57d30010a18ab0acf5,a1b30799c1566a967a909b39f0eff17cebee028abcaa9ed565ae015324edbb41
0.1,1024,457,True,True,8ae8c961700f9e2957615283ef1723ab55cacb06d032ae3680a29f0fd296b7f2,8e339a19101929428de9d6408aceddd3e227ff06d1c7575fddf2c97b97d7d1ac
0.1,1024,458,True,True,856e1309aba25b43d62d1bcbb95d97b57e7ebe5d1d7d6c5d299d367304684b62,78a43103fbcce7c5c220c1cb8dbeab19261d9f59421f377bcf2399cd376192fb
0.1,1024,459,True,True,62b80742e34ec13afd731ce053e5ad1ca3833aadd7e00e3f748a75d58023152c,7980a81c75e509075d2e7a49bea180217b820b2334d493ea127972e899757390
0.1,1024,460,True,True,8c0b742d0efd5e4e6217e571bcd069243fd8002990abc16be147f2896b491f10,c7ed4b5a1ddcb587f6f641023621e832b10c700ba659a35faf2ecd76179c4e92
0.1,1024,461,True,True,2c9324adf35ebbe4bcdfe15e5c91e6d700e0208d8af1177fb2138ea0b4a12c3e,090da0cdfc60a46c26496cfc5d4b48eb591e181b6ba40c7440bc6fc64efeb138
0.1,1024,462,True,True,fc2b7c03821f07a1d403c74b09c7d2afc4c641d0cc05bf25d0aa28f9e39a1ae5,b8c468d9f7a27ab88949cdb20dd5fa2684e11397a42eac492f3f7388b898a4ee
0.1,1024,463,True,True,d2c522e1a822f2901ee0856d8f046312dcfc11d60141b7beb181bc9352969a7a,c82aa60541bf3fac728d0edeab7591cb78ae684655b46e0d217c1b4f433fd96a
0.1,1024,464,False,True,0809e92c3ec2831d82172bfa45b13b2f0478ed6a4568129623141373822d5e12,8b14617ef415d615bf457185a04850cadf381c067453bb1032c75c22103a74c4
0.1,1024,465,True,True,476b30baa5790b64cb92bb72a1227b723c75e308e783a6f9a918846ce4e2ad56,345582400ca81d0b89f034c09292c36cd91e1bfaadbe65c81fe7a370bde00db5
0.1,1024,466,True,True,a2202efa6b20d705c8ed99df6064b6a15758a32c84213f362dcc0ed379c71a15,a54678b134e8d15b2d87c398ea27e72692a59241f9c64430e5ddd86b0c669f4d
0.1,1024,467,True,True,6bb7cb6d04d154e867b158b6ce2c2f189b19f6e4fdf290764cbdd23f71463176,f50cf1d0396c83d92dfbac07aa79462ca9dcd35ff44177c79729fd89c64c7e7b
0.1,1024,468,True,True,35dda36b63360d8aaeaebf5e375d25f9b2e2ff666557ef3214ea8cd57637872b,da1f94a32056ae65544319706d79fe3875d602199ff9e635810826b66c0cedcc
0.1,1024,469,True,True,311f3b21d475abe3a4a6e6f87d2a94b360ceca8f1db576c605ff2f9ee616e46b,3d9682b910c0c11f2730fcebf710e8c9c535fb665f042270f10b4442817adc38
0.1,1024,470,True,True,417fff781e8364d6a1189f214276a3cda2d5ef8608c63a020a554fedb0e5e557,373d5135b1e19a1a0a969a14d0d4f31f9ed4862c3b0ddcdf607c5a2b04777832
0.1,1024,471,False,True,1e94671a14eb54c478172724e7a557e959319d0c5e62ed04ae39d169ddc0afca,64b51dd02ad9de65691e83ccab680af15719182bcae7177b4cc5700fceb1367b
0.1,1024,472,True,True,bb4d1c9e9c6560d26530f6235fa840c5d46a8de86cf95992d4a69536398715c2,741551d6095c9269737ec703711eea486d9869b939ac7a193db5d465b957200e
0.1,1024,473,True,True,f6558c7d5e1d1a02f5884ffe9e60e753eae35a27ec5598ab267157b0af354f0b,d5c215ecc97be9a2add2be5c8a16140288f785446e0ab002a6fc85090e032197
0.1,1024,474,True,False,e0aee5e820a26ad7af4a3c7dd84395e076c4b73c36ec095910c710613b267d95,8fe9ece693c9e6a74f596edcba922ec57f97f1779a80d0fb1a1d943905f22186
0.1,1024,475,True,True,2960bdb8cc8f9b00ecef9d7480827601a90f53dfbbcb4cf90fc9c535fedb4684,0b93ac79ef1a0359128bbffca44f3d0efc41abbdb7e11cdc0e44f4b16353790e
0.1,1024,476,True,True,fe01e0ae52a0f1eb5349271fd7a3b17b06b6ec0b7c230beebf7503ee91dab642,ac51afefc4fe617253c05e4e160021497c083a30b1d034b06f9002a6c0745fd5
0.1,1024,477,True,True,e18af864dd0abc82af267e392d592409121464c99cd230f9463d4738a9417296,e07489bce4d77c429f92211663f7b855fadf2fc07e51ffe927ae6db5e8fd2021
0.1,1024,478,True,True,4c4ab2afe6f9c8063c8b170813eb31b58aae405f754366e94aea20a943014865,6c700bb3866f0a1277782c90c1b06b7fb2a7a6fbd4d081919ee811f86fd2fa92
0.1,1024,479,True,True,87d2e362d6030aae8db6cc039ba704b712ed1fc764923e7907b4e34ada023886,9c988a9da9fdefcaef47271a39793c3e99ecc969c1f4318a3e07e2d19e0224da
0.1,1024,480,True,True,1224452a3e828b2926c5f83363ac75a0673f9c15eb078a38a087b74f3870bb4b,ef82153e93918abadd3280632ef8efc6f9ad53b0b985606cc0cce1938c19b7dd
0.1,1024,481,True,True,46b569b8cdd484b1190b579621ab7efb7671362e652ff30a596cd82ab528527b,c9c7107a2b66ca8f9cfe7cba270be3d31ad1882f99bdf78d86f855ca40b6ada1
0.1,1024,482,True,True,edfc3e625fe410bb650ccd87a1857c27c141aab409f3553aaca27c8617045d97,14cb7ee3f4ef5cea91fc1995289732b873877cb460ec94a17a1f032f460f632a
0.1,1024,483,True,True,42009a232d5741b6e408c884abd8ddfd7e35bf0aa21f0ec40917413c42b2fa9e,c1543927ed25d5d062291bf1824b56bc4398ceec6efb082a3b37c55fb1653f25
0.1,1024,484,True,True,f5990f8a801dda0aa6646d2558b39707bc05fce6b329012a2c494d74804f02f7,e50c215308511841062121b6c28076441884ff6ea6f4761422f1f4bd0a2fce0f
0.1,1024,485,True,True,58c1dd48c749960fbb1bd206c1eb58673aef9586f6e792aafec32c1182f50a96,505fb89e588b9bad7c6e95d3b58d2b8a0228ec654221641f7042ea3edb5b04eb
0.1,1024,486,True,True,5c81d920b40b6ab04d5222a516cd55e6831852c997ee2b311b71e115bf09fd96,d22c90ac5688e18830c1533cc13f16cea33a045a8eebc4ad5abaa50c9d1f9ceb
0.1,1024,487,True,True,4e77b271db7e3dd26d596c05efed4b6cf79314fc17db5ff213374d141d34f6b9,c469408b09c5d6928c09c2a9c2dfd41d9e56c862f634680f03de5c999bfbcd50
0.1,1024,488,False,True,345a326af4027a231bab48646adb4263eb14114a5a7e8d54407f58228e81cdb9,8dd34600aae6b37186f0cf6b942b387acfb4a3e5d219543d9f5632a3d4358aeb
0.1,1024,489,True,True,69952e3889767e2e53a7daeb96af81823dbbc9629fe8fd5e3e1ce4365df8ce3a,700122043cc7569b2b965fb16c35d51cc14dd93c282d8b5aa007c537334a9eef
0.1,1024,490,True,True,a528781e6e9508d2e0ba035c62da1fb359e645cc7671752f444c1fcc8e91b4c0,8e2822f432ca7d824fcdf6ffcc7eaaec36e04e3070aaaa49dcd5838cb0aaffc2
0.1,1024,491,True,True,0b6128dfad8df88fc4d6a24037dccc975fee3a4b0c0a6b25c3e31cc970bcbc19,c35745300b4b4e98dcca313381b909c26553b5eb61f7c65c39e6b59643990a16
0.1,1024,492,True,True,3bd9ca314354014f6949f5efdd5f8c094c957832e81e74a7d869c6fce3bd7cd0,7069336ad724e93eab07fbbbd7167ecb84b54b651d746c05f9b7d75fa7d58230
0.1,1024,493,True,True,93a1cbe49186191fd11938a84284d49fb2c411aa6eb8560f1921f8a968b52daf,bfd3d93f2c2be4f9224b3c6f9aac6c413d95bd9dad5d12de571ccf71d6c74308
0.1,1024,494,True,True,bc635ee25d24abcc731efaa2ed88dff10b1ff14dc9a0f8f5f0993ce44eec52e6,b539b349f490b2e1e8d7ee6ad66ac0e49f4a757aecbe9b3c4b1d0c77394c6a32
0.1,1024,495,True,True,228531aa0a8c49237a87c663c9624b9f8878cf5fb4f543a2f425908efd3216b4,ec7b4c08514de5c7e797ea57f13dfe5c659d82afd93aecc03c729b4a96832b38
0.1,1024,496,True,True,7dcabffa8c888faca6833f5af020ec0a7099583b72c4cece21ec26f9e1bf8592,33c22a170619804f76c34cb2fab32f1b5eee82701a8ff1ac0ddbd028cf0d2652
0.1,1024,497,True,True,b9298a750d53ae79455e8e4fdcc43ebe6b58f23cec105ee1d4773489eef79045,f36b097f442df8d6436ddc99834c02a7a779e499743ddbbe7820ed17dbd14dbb
0.1,1024,498,True,True,3555305cd2e7fa3f30749359ec78eead1fa46be2b96f4cdeb289e55ef792c681,0ada4087778b7168c15574de829f5ec35582de5e7619fc115612f4ab10454713
0.1,1024,499,True,True,cdf316d348c32b7eb87fdc75424b50f70c9c82d622624ab4e3a3c066e947b394,43fd96b37901f1b560f43c30a40a7455c820f0f8c0762792666b7ec930d13ee3
0.15,2048,0,True,False,7ef17e4dcec7016d9b85324f65adbdb31da40afb2d09f2160433eb7071afc9e0,4fb36528996fcfdac3634c95ffd5596d63b3d071cb2e13e455c4afef81138222
0.15,2048,1,True,True,4d216151f86f89509fd7480e15be09e49399a5e9c62b5b0ee8d67fb4c6b1415a,e9c4e21dba8cd68efe4b40c6bf3262f8e319b93503ea9af9f9d7a555a456f994
0.15,2048,2,True,True,ea704dd7142e449a1653c54d6ae7bbbd776268173a87a1bc3cc5b91c425798ae,1c1fa4ffe47a9aebf52b1abc294bb00670103e48073f058085e97e5535404b35
0.15,2048,3,True,True,652e542170efac3e88a073262bc1a2f1147342540f2a01a8105d827c7d1778b4,095c6d88113e141aebe73186a4dc837afa6cabfdaba18bcccd59906768b01a80
0.15,2048,4,True,True,04d0e56e073f0c64585e78c3f10999ac7db7849b4e9f8c27e1f8af8dec7de3b8,1a8fe90628765ebe2e49abef2e8ad140becd671c6a2f9a0a9d3af4ad2aa37cc1
0.15,2048,5,True,True,4fdaf9fe92b84fdce21ddc6fa96c8fb13a4d918e53a802b4673858e8c21aca76,06095950a4e7e08be5caab99dbc38182b2b7b960df5bd52e550d41db0fe05f38
0.15,2048,6,True,True,32712e13f6d1e9a0b84785b54d0c13735bf17aaa7126e865236d01496cb4c080,0ad5c5e144604c89daa2e4e4f67ad8247ad487a9fce408e99b2336482051b6ce
0.15,2048,7,True,True,7d63385b9e0f9e4c6d895d858c8b902c2ea065c2e39ec0497ce0774be37d1357,5df51ff1841d0265328804bbfa7c0cc69203b285e6eb8a13cf5a7e490b302761
0.15,2048,8,True,True,898e322f389bf5ac99a4721dd11856b6f6b13402fb4dee76d14a64a1d253a47b,fe618cc552fb4c40e1f0f7f3bcc92730d91cf4b63d3b76a68b0ce043cbd4bd2e
0.15,2048,9,True,True,964a515ef606d195a6b91b8e09e7bfebf53ee1c646b53a9d4b04c02377aa2669,7f0208995785bbcdbc32c2b10b7f84c34c155d4028eb07a68e4c1b57b631f3ff
0.15,2048,10,True,True,70491b38f9e23576d41a3c79eab144dcf27a3bae3d7ed505fd3b8bb45085f40f,ab102190e19121fed38bc7381c664a323d7fc747ef61d2a368d9f2a57b417dcf
0.15,2048,11,True,True,1630444838aa9f2f4567be4c166359bdef77fcd68d20041341e550f15b41596e,e8d852a09d5566af5ac0698bfc10b5e10ecc763429bd0dc2b9d18553b74873f4
0.15,2048,12,True,True,ca03a1085c86fd97e9782fde3a42a71a07674555f88e9781286912cc883f72b2,28161aec2d52d96bf8ffc28397a0640582d5fcf33805a23b40fb409a9a34b74f
0.15,2048,13,True,True,3b438197ce2e4f8dfc323bf537087085207d7218aef5822f51b11301cf3b9699,403d8366d2f58507bac3bb3ca03b193239c2f9d4fed984d71c31406096de2932
0.15,2048,14,True,True,668aacdc7c7b2e12a39a909db090207fb07fdb4fd2f9b1c0b8adb500344a5fb0,a6eafec292c1737a1fb6f4ffff86fbac9a7316f6f1a5caf8378fed0248e30c79
0.15,2048,15,True,False,61e34394c83e7810833945b0daef76740f9952ffa24c5416d740c6ce54dade71,c5aa75da6fdaafe53f6a0781b6a3d5fda610d1b944f71a1e66952952b10f6bed
0.15,2048,16,True,True,eb7c4d939c6d15d11019ef95e514e9a2ac4ce2420951fed3f4a8283643a4e26e,61b4c013be44983e18184d6e87bd5eeb9d410c2bb0d2ef1b46bcfaa919205490
0.15,2048,17,True,True,9e2cde5a5e913ea4f16c0ada2ab87a8d12f3ec7648a2849f198c05ebabbd32a7,907cf11d51723a9ac52d956de64e5666169d02df417e887d25191273120c222b
0.15,2048,18,True,True,ac24942b77c4b53229fba8662ca831d1b337745940542ea92979b4eb5b42982a,e074c294f5e4d0d2fdd1dc86a8272478a88a8c8b907bffbe6dfd660992075dbe
0.15,2048,19,True,True,c001e65cb06abd03c9f588c9961d0aa434b92d063327697d91874d688a545bb1,5b1bfe3f7ba8bbfeb2474f8a5569016b271e6187cd4d62e7d91f2df0629a4eb5
0.15,2048,20,True,True,37bc660c26de70ad2c5e0d6d86b82e88c8a747f7c6bd861cccc17e9b697265b7,aeac62e9a32afdd47917cb181778823bdede28fce0593fd6668455df74a99725
0.15,2048,21,True,True,3c6e070dd825dd5e8315692a23e25b931d3dd5e0e6bb63bf61a4971da8e605cc,09e91d0aa5cd4376caa52958b4caa81d47b7d175c80a57238150b89ceeb084ed
0.15,2048,22,True,True,ae0be7f0ef0dcdc765de9f567a2b8355f9b483f25d04801534ef9ce0d0937171,906af16c59c3af600dc32dc3f950ea2764d2f058752f7ec3fc49ce0d4c9e20bb
0.15,2048,23,True,True,1a0dd54e407481f8c89f5e63a4bf801512a4eb560616e86449948e7df9b3eb3d,f8a3fdf5143c25793b6051c435c981c787705a8524d4517b340cfa254fce99eb
0.15,2048,24,True,True,d9b8af966d1a6ef4b63fe297afd800a60c007c5468b785e05af7582515de73dd,065d9d9958e5239dce6384c4e89cb9ccc0aa90c6059cebb22e50d43c81dac1f6
0.15,2048,25,True,True,5c326dbbb28776ba89246f3c388efca74ce6bda6ee17b981a7846a03a8e0eb41,97e4c326e2434f34fb574a9143fa81e79bd29736fa79dae590cb861c714f0c1a
0.15,2048,26,True,True,79c3e553cea7972321505b788d88af37c59a4a93b7b8b2675eea2e86a86f3e4f,1d4b03c91e8decff31525a5285f28e0ed7764a5358e5c1c7f3b157880d0bac4d
0.15,2048,27,True,True,1e6a4f1bd711a1b1e6b55a14c312d702009efe8f07c15921e8f4cf9878fd5872,38510388407c1b65098adc457c793b3093e069bb22c1087f536c038d27737d60
0.15,2048,28,True,True,3ead31258e5b15b4cdd01bc48d1f68463035515560113d9c354bebbf217f6649,5ea2cd9e9d388f7fcff3ecda25a224ee18a1daad1d543c71effa5ed4f039f45f
0.15,2048,29,True,False,74cfcb6cad02ca3ed343583058f1759b1e6bc9ef780b8b46a9dd94126b694ed2,c2ca8f2ef20dc940ff30af173c1ad355c7ad8ff5092261f399fc1177e36bb413
0.15,2048,30,True,True,fc7bcab383e2179bf62b9ff743eebd9771b27ac36258aa3962c9d896ef2e4649,1e5a5556edb46d2f63aacd3c1782110e076af1a8a1cfaa4de031b8b9352d2944
0.15,2048,31,True,True,1c9b10ebe9fffd238da76e9b33966afeb0ce46436ecdbfa5eb70731e732e108d,1b174d1428524ea9cdc5ccc3ca5a30d99d85c90342a34842c6e0ccbfbe414ac8
0.15,2048,32,True,True,838ee58e3c26b01585b1578791db0a82c6d27da774b569912e9ba3473f44a6d8,5dd5b3c48788f69a3a979bbb87ff6fd7144f78d1e8eecf6d6176e94ecca9fb17
0.15,2048,33,True,True,d74c078227893da66dbbfafcbad26c38375c944b3e5bc46f65b92c8f5ac5ce00,80eb25ae7225e2a421d6985ed6140d56b74b79d274b44b0a80f46e463e92fd88
0.15,2048,34,True,True,f92c939becc36a64f345fbe0e3e5a3e6564a833c5511678a96fae8854cf8aa3b,a4bea2ef88afb6aee029ecbcfc336f6fab82737c0a7d800807596ab6f5a74533
0.15,2048,35,True,True,a97e47570978f6eacaccff9f75eb8287f5a6637c5392dfdc2a976e981e995c6d,c8b5fc267ad6743dbd30d204b27958b970481f05084268841d8e016a6dd0217a
0.15,2048,36,True,True,2cb16e9820cdd2500da523c91a9a93905a5d631f178618f33e8cf384e32e031b,7151e9508458c0b0954606f300c6d1c117c2d2bcab223ccaea2936bd99530a07
0.15,2048,37,True,True,d82e4afe43025463b44955b1254818378b67fb579854add4926dd817466c701a,7510f9690b3e5aa4eece9075ea95a7209fe2c694bfcc7c69f19375ecccd82a6e
0.15,2048,38,True,True,574806d9a23bfb8377b9a4ec261c8b6e04f0ed0cc4c8da84101c7c48646d1236,66f545a608908f822731c1068220eeb65abb81165338c54b948e88cfe21947d2
0.15,2048,39,True,True,d8e3127c24dc4821b614a140384d08eaa843cb09c836a3d441b50aa2eb5461f1,ca7d25709448c69f991e8eada72af2c0344aeda2f477908f970134be11289fba
0.15,2048,40,True,True,b9971379eadb6144652007e195fcb3e37e4be5ccc49bae1f94ce06da4e1b699f,0f60dc353450d69bf1abe92a12887107e999eabded088528fc41f0f2cf89e462
0.15,2048,41,True,True,8dc55b25215e244092de509e9697c3bc90a4acb001e7f345da1fb653617211cc,f2d98eac270dfe0c15a1c66a0b3f51924aea0332bfb7f155d1e585b1241e0e43
0.15,2048,42,True,True,e45f9fb658e0255da21c709deb1f313a686faa6dce2e7216b40a09fc27f755ca,9c8dfc514612cfe2c0fda522d13f6e963f8134f0fb74418f2da4046eff2fcc88
0.15,2048,43,True,True,e933025ccc9301fbd99ed1006b72e8b428747992fd9aa5b564420680bb73769d,705c30cd7b43d3839715a108ca5d6df3749d3d5cff27a7ea96ed5b82371a50d7
0.15,2048,44,True,True,1e7ad9a160027c7ec68ea7fe8262634b66861bcbf6a51466eafeb9fabec7ed5a,11b3cf6bc46b76548f86220e7236784bb90d1307588ea38fc6c0c85da949de04
0.15,2048,45,True,True,6e3e0a1c4660c2a15494bb80733e2582aa8fc5bad47b44980f8b7a7a0a3ac433,d70ac345b68f28911b09170485141c71dc564d97b5e995fbb4f0c2736f84fc18
0.15,2048,46,False,True,5f5abc533d03e20b74cbd1ecbcfc0ae74977772cfcc06a41042cb8b02fc56266,2b2a683c36934fee07c47dabd19b98583fffbccc4f9f0bd80ff1755ed3cb6e58
0.15,2048,47,True,True,ff44b83473de651b40c1514ddfce6520f8bab24a162c55945a02c34b3fbd09e8,e0428043998ca93f6defa102689b99ce275480fe626e40fd0f6e6aa5be628bd5
0.15,2048,48,True,True,a93c6566fa913ed678b35706726513bf8508da0477858a2989a8de754751f8a8,ee65d82aa83d9b05838aa7c99f4c3c033d5ecce549922e3a574b531a0e5c7f61
0.15,2048,49,True,True,89d254918857a9bbb493e6a7e343d8fe8a6c2f4857908eb618d3b902ac16908d,8e64700ec4c01b3da5a6b4bbbb1ccc037d222f82fa1dac9403590df7d04d61fd
0.15,2048,50,True,True,f73fdcdf2ef4a34fb3664c1a54b41c40fb5455c5a1a50ed5f14309cb19d1143f,de837b1a0881a4009ecab5be93c21f9c53773badf5c532e4af1635708af868ac
0.15,2048,51,True,True,47a8ec3f68eec925feda98beff5665ec0788279b7afe9b7bc5e5f039896bdb2f,58c6052ef1c58b6eae52416381ac26d13bdbd8758e8112f954fb1a157d3d956d
0.15,2048,52,True,True,443f07939af1d60ce9fb2b97db49948ada407c0a656c318490f9c2fd44391125,26f6b410cf0d347a4341f110a38c83bd0e1a3a0e4573cc98a7274e85d5aae69f
0.15,2048,53,True,True,64cfe2f59d53caef058c6001259e2953d4a30ea49a8a95210c0d19095fc735d1,b68d9f2210cac7b575c5829709e92d5c59cebc4a564ef4ffd7b04368b83f3ee6
0.15,2048,54,True,True,77ca762505bf39d9098cf0073a75ee77c124305462188e246f79b493c848f162,f1328af826b65df28fdbfbceabaf1bf3a8db031dce8c6a1c6ff13045bc85560f
0.15,2048,55,True,True,e9aa68d44ecbaebc7494d3f00a1126ba72af42d6deb83fa444b1459f2d229c0d,5700b44be42365100b00a476761d76589d2611bea7af8a40b9114161b3025187
0.15,2048,56,False,False,42a5be1f1791f711519d264fc5b64d6c1c8f58bed4656dee60e8408e283110ab,c33c6610a6bed3a03084b6747edade300f83198eb09d78e38581f3cf58088364
0.15,2048,57,True,True,69f01e52ab2c7d14dae0081ec1085da6815034c3229632594199326a28d2b1f6,4ae184bb86277bdca6d44c740f74f4d732d54ba438b2604c666c5ab37131fc7f
0.15,2048,58,True,True,18f1531b99672aecca002538f4594c66c36d2dc4b165115547ef3aa1927d029b,21040fbcef9ab1af3325d3d3eb585c42165a57d2f8379d6da078e0c8d2bf3fa9
0.15,2048,59,True,True,006b2d5625432a109ed8e36f809585b2f3f91f845518456991ef9892f528c421,85927210eab12dbb7691ad7d56b7c0fd6e6f7a9884300290cceadf57aed58727
0.15,2048,60,True,True,f983fbab5bfccfbca175de56504ae08ed3750bcd8b72e744334f4534c1095581,883c56c06066b6db8a2f4c5717126af41128fa1629580982595d3bf6b46062a9
0.15,2048,61,True,True,ec9b04807d576bea5fb030404f3d00d79a753154f5c3a1f4219035ddd0112227,16d03b7c861db9c945a36a1ff6aad94ce9e724cc26cf4db4f014dae9d8019c63
0.15,2048,62,True,False,484c5d7c3cccce04ad3aecce96f01f3c0378c9a7c6a510e33f67cb9ef9d6eb41,fe97e35efca4ab5b16d64b15d3ecc72ba02a2dd02008b66b2fe83fdd2da9d7c2
0.15,2048,63,True,True,3a35c9205e96faa350002d67d4c4344cce08dcbf57dfd5b0565957414d79864b,2436dc1784abc14c9dc6b960c181cbde14d9c156fbc1c12e72a22b27ff3d537f
0.15,2048,64,True,True,ef87402264250f25cc4d2bd99239dbed38656bbe038f44ca0f150fd9b29dc254,935599892539b3d3e209cfba9226d97c0305544c99a1815fd19b2e319f66dc5b
0.15,2048,65,True,False,6cbe5782afad26886f962ff53b95918de50f0a4c0cdbaed1c241ef5d7bbb79c1,4e9e7b1bcfc14079c7554668543cb1b51c715a8b50c1e54051141c5eb6cc4366
0.15,2048,66,True,True,b1fc7acde774baf70fc80b6d38c29b527e2203880004d4184b34e972f0e41bef,547a5c12453024bee9f11232443e683b9d435845dbdf7b087b210943e928ed03
0.15,2048,67,True,True,c38b738a360319db0dc5f3204eaff1723f5c938bd62bfe41ea000a1517a1c766,d8ec62c2ab3a788cd8492c0f4d24a2bfb456f4547a5489826fc3512aac2ed42c
0.15,2048,68,True,True,89c25f73aa0ee3a3dc7dc3571a063d8638ddcabfa13e5f803e5dbe1ac5d44b8a,a2f7b584379fb435c77de8efb0ec024d7db7fba9dcc340cffd9bb4268e4b6e3a
0.15,2048,69,True,True,1fa623881dc6de75d39c7fb8e0c494c3e0e8fe816c40cd438fccfdd4e0b0ce7d,e6f73790d8e0d563cd015864dee6af3001c39c4c1ca64ebe1c27f95dc798d7cd
0.15,2048,70,True,False,25d7de95be3d967c2b676c12efe62fda15b721a1dec21bb19ecb50a89b3ea606,77d34a7797c9b903df098c914a714352ffc8814200b2c5313dd509b44d09be68
0.15,2048,71,True,True,ae8b2f1e98c0ffa2de9a3696c29b60d388029e43a4b9c89266d11ffd269fb653,192d852001f2aa8e9f6f60db6e669d5402e8142777fb32746fc60f229677fab8
0.15,2048,72,True,True,6aaa6f94398d798631d10a7bfc64890c8909a888afd09c83c21b68e292ad8c8f,b5e66faae30d388184306615d321fd06cb1375556ccc947520fac47b97e980a7
0.15,2048,73,True,True,eb725a89e2f72e05f3f0df7e54c072befd90464db7e3e3228f907bec6b0f6b4c,b70d18863e1a3f2fa40db30844b6af53725112532679ee15b11e89a901a2d412
0.15,2048,74,True,True,4a104b3314ea8c3ba35c0a1f4a22ae0a2c1c99ddf0d4a8a27a952bd8e11d25e4,699a623ef2a1cbeeb28aa073295242e16b0b49af47a74f34da0660cfbb7b3a24
0.15,2048,75,True,True,d6b9d761571482afe99b62a4f8ba833b201917f8c13bba24780f83bce41256bf,03a445997c1b725639b0c3f05f7062f56a9c1339d724cb6ba5a7945f474ec478
0.15,2048,76,True,True,f5866f936485ce971860e6ce83cf0305a8fc99c8e30b2bd99ac55ea22a01d201,965744a4c2137275455a1a88b52c7d7beb319b2bdac63e83f9936f1a1a7825e3
0.15,2048,77,True,True,01d6304bc99f1bc5f23e483e587d89205db40f919f8a30ae379317e02b4ec958,69a49a98da2e2c655f9835446e0b7fd9db2396e9ce63cc4106ec820ad259373b
0.15,2048,78,True,True,f27f04ba1d0ecf0b6b36e0af7fabcda21c9eaaaea4d870f1ae6018726b8687ee,b77698041f79d985f80ab6687973f2977ab8e2c889264df24d894eec56b9c5fe
0.15,2048,79,True,True,cba92a28135dfd32bba1ec81f2a3cd16a2516c32e9a9dce7f8398be2e7e04e02,4632885075e001bfc748771c9232fa3b2bb239dfd4cb93448683d2229cadac71
0.15,2048,80,True,True,3f1475bc1a15c70e46c00784ca2722b69b081d66b6b93d99fe1dfafcf11af142,a492e2e4fc8f7f48d1dd099455b6281cec5df1eb79d091e18a39bc45c2898496
0.15,2048,81,True,True,4c3b7af9b5cca1c18e592e6fa02c1b2b0e3ae945cb8854c98189b1772b329876,0d08ee28d2bfa55ac3d56fa20e8d27fc0b4d36b6d1f6fc2728a73946726bebc0
0.15,2048,82,True,True,c7ccf0b8b3ad505db4fbe61c8da5a2c11cfbfc9eb13f3b53ba1950949933ef15,f518bb931ffb4f93340c17cfe3dc212ad726d6a3edfc0bbc76d8bbf191850675
0.15,2048,83,True,False,41ae232548d7ddce06f59ab25c78764992434f27927a5645a4070b89e696321d,d32bae431df542f356a7b2dfceb439207e751ad2c0e809078970909611c5ee2d
0.15,2048,84,True,True,3c45c4ab33e7d0e889471f00e39bae57697f44ebbf4e5af921623b322e6e788b,8e066c1b4d947b84c781758cee71372a27b87d148f707d9613dbca6962192b67
0.15,2048,85,True,True,cf314b5ac486e989b8f603b902e0470b0354e4474460416bc18b70cb6ee13007,4597972994a2b061fd58a30ef8831e3e9e8c8e131ce447e10988da9ea8f58c1b
0.15,2048,86,True,True,fc86118b9f3b6638d6856fd556229e59d056dbf419a9e583147c7cc9141e7703,51843f591d18e820a8df048160a8c50b3ea97cad88f848445c236485bfb1562d
0.15,2048,87,True,True,7a4f323c9c9e8cbbc05b7df17bb452f891d69bef6f32f1e4601e77084caae434,7f712e249c9d84a2662472ab40435749579e4effde8068612390be4b463bc93f
0.15,2048,88,True,True,6ef392c1c2e2e76c3f9aabbf118fc56c9dbad6e2669dc4fd00ce0f791e0394c2,fb79ff7cf49be8b57a0ef767471708c733a1596d857acdfdbd7bc73108e12932
0.15,2048,89,True,True,f0b0c55103876f52baff3d08949e336f1fa92b567cb0f026baee46c7dec5a05b,c9d079c100393e87794508f787eda0975b08e5d781c0ab08e10ebf2699c578ed
0.15,2048,90,True,True,be1a1152235fdcbf19a62943e4c5830a11438ad1d5222355757ed44e8f6150f5,ab6722ec4a0871243196d80522e704da9a97dadb82a2cc110445c1c1deaf310d
0.15,2048,91,True,True,aab2fd314c41741025c10d9f90afe91186086a772acae7c36a26b1c204a0d3ec,26bd7b705933bfc9ea4fad58bfe8726a0bfe313d4542cc408d20431174d1f66d
0.15,2048,92,True,True,4029378f6a0695304666382a77c8ff2796e8f448d8b879c4bd8e9f53b93921e9,e75ffeea71a1de11908cf77b23b40fa074e5334c5cf4324608e4d21f204e3b21
0.15,2048,93,True,True,4da54849eb265615344a29ddd19fc0eb29892af5cebc30cd8d605b84ead45715,4b7102f27e7df69860df0a27e431a23d5c7a4db151476d5268634bc48bcbb22e
0.15,2048,94,True,True,b51accf5d37f6e3377e764fe93ffdd0761f6bb81c401b5082eb08fc5d63b5722,c02935051107ce9eecb968839efc2581bc9a5473b9150ce7fab86fac1e397c98
0.15,2048,95,True,True,497b0ebe5736636d25765e9bcefcade85b1170a6e38617d575a29ae5d23477a7,fdeb67955909bf0cb173082a86854a94221ac4ed6918eb83384337a48ee14edf
0.15,2048,96,True,False,fc57b196f32c5c0dfe98e3036510b65e30a987ba9f69718889883e124e7e20ef,65b8232d4a0d02ee24d3a46cf0096965e75d151131858d2ebd34c0d57f8907a9
0.15,2048,97,True,True,cb6d5f8c810f08ae0dfc5250abb2e2117765e600c10035292b78e96bebd098ba,f7a964fbed4ffc84ae9828dcd6fc5d34ea5961b2dbb51b9e49992ac4347b6852
0.15,2048,98,True,True,74c74b1dd9d7a301dd9f3dcfae0d2a6e90328d18f8d56b4016321d23492c74f0,40fd1f7533fdd100f237e2eef13b3a481e0b0b9912644f9c37fd99567de0f314
0.15,2048,99,True,True,ef01224cf62d5447466badf3d53278965dc99860b3b1bfdf3a7bc69fc809b0c0,f5f30e54b79d513c5bd1770ee56750ca2a1a560fa32207563f5116d2cd91b605
0.15,2048,100,True,True,da1d94e89f08318c56d7243eac0d0ae11462353350357b3234da05babe5a6baa,99c65185af32c25d4d550f10a63f5af4573f64fac53c503a3dd0f392a53a7474
0.15,2048,101,True,True,7df0e6abe67e5810616cee3f2708b213b6b527c59e2b86fe22b45b4fec359e5f,f1d164f258c712ec99683123fd0764397928288f53e83d948ced8cc5060ffd70
0.15,2048,102,True,True,db9967800d1194a89fd9288b8fdead8a53010a899317633020c5ff58f7565d6a,fe91068c3af0e132f8ee9b0226549a404de26eda8f530f63150abd89a1e863a7
0.15,2048,103,True,True,0470a5c843b4ef454f35b60ba304426dea845fae540a6ff0a626597cecdd3d38,c1a7bd72a0784354960bee18503884ebc8a063453fc3f62d0b0c3e20ed730985
0.15,2048,104,True,True,6e56050ccfcda81b3803aee8cdab065ae9a072b22aa53b5b215d161e219b3173,893e354333916dc2c98e056ac2d44a16fa8cd7fa50e39230e88d99e6d629be07
0.15,2048,105,True,True,e18bee057a178addd28699ab90b09a14a678cfea65820d9ed3262e19a3bbf9d9,6ea64746a872ca785ffc14cd596a08094b867525fb1461f5be53bcfe6c36164a
0.15,2048,106,True,True,5e9e539c6481711d08cc49a681d8e444a0ef61380e980b81cf91c40db39ecde8,a9641ef93442a4f45df6ad9382f4c0feb7b9f29937556a1b3ad0d6f7245952db
0.15,2048,107,True,True,129e59c60ad1eb8056a14c6dd34649393884ccfcf21adc32c8dae55d0af6e4df,2811ef566731f6fb0f359d40f107aaad36c9dd96fbd754413ee9fd746187e8df
0.15,2048,108,True,True,4e137a431c6df70559ac2e73f6394168a2309530358d0909144cd5717541044c,4d00b38b59b1aa9287bd6d710e86666d593e529dff402d739b57f4725ea51daa
0.15,2048,109,True,True,e433231b811a425cc9b3a5281b5966c8a4c59f5fcd293fbbf8a5b2f3b4763319,7e6eaa0ab2b3bd9a5def6848d4a0f6a4c5b9bfc7672b1f7d65620e49c7436fce
0.15,2048,110,True,True,7a619d443cc71c2290dbe924d773da2af352361c620016cb2517d0beead00393,b68765376bd4d2befaa0b68cf7b8c269efe13fa2e18143ab0f7284f79524bc6c
0.15,2048,111,True,True,3233c346606184d7d4893fecaa1009a353e1cd92fdde513492197bfb64054068,ada9d49a349ecf544c37378eedd2b2881fd90003c96a0558d9f1978587c6faeb
0.15,2048,112,True,True,9331bf5d7b2bcc1d42e128238beac70b57fb450b831a1689fe1565cfe3752145,a06dbc98d5a4651777ce7bd3aeceac0eef64c6151686e8b0426bdd2029211e43
0.15,2048,113,True,True,d9e242c222db9ba160edbc4b0d0b0ce9e75688ae56f1c1cfa06ece454180d83f,069de8d4f0ca1dac630295f2d44bc9baa3cd9ed3a8d743334e624b600ee70b99
0.15,2048,114,True,True,4e066d3f447050eecf6557df0d4900992b3fb364d1b3e2f3543900e0e0ea2695,0433b21adb2e1b69a7b364f0b6f8048b708f643b67042c8c9e94c1148ae75f93
0.15,2048,115,True,True,0a4ff1f2edfedae5662740abf73e09a8a1e2c8d22c317ba1378d8fb53be5ae4f,e12f8a9c464e846c853187a8aa489cde9638ddcf4176c9d263ff945c316e5545
0.15,2048,116,True,True,bb0d4ba63feffc10213257cae2f014f399edea7bdf84f084bcc24d00736d0538,202c6a96d6cc1213cc89e57c585512308e1e8828d10a696832ffa878cbeb983a
0.15,2048,117,True,True,ba020d6fd1435f95ce6c9cdf4a578ec3fcd7f0645dd96a22816eb59c5b800bc2,3f6862e59d0a3853a8cb4958ee03097bb5fc29edfb88682e3f4e9e703f303bc8
0.15,2048,118,False,True,8af4ce6970eb346eb51695c48b7aaa9fef6041a15808ab8611f3433666c66073,5c981c494e7da66ba67ce01c3560096c3f885053486b1152f558e83d1f596674
0.15,2048,119,True,True,8403e6f2f0d1aef9721b456e4e02f9f4ba20def6d336e8a691325a004f46c6f4,6f52cd14a3f916757f318502fd4c498c1cabf6e5f730579be053dfdcaed2c830
0.15,2048,120,True,True,e22733b47dfb44bda7723e8bb0ef0e643771f50ba550f432f8930c113293ee16,c743bfded3e1a69c5d3ebb5b1cf99387339b9f5f8b552dbfd20c2f372ae481d5
0.15,2048,121,True,True,ddf515ce076a4549cab4109b82fb6a36a51d84b0944abffc9c5519ffc0db3427,a2c2580a8e69ab2769e9c469c39104877f3fe1c30062602a8ee12e9c61e3c9df
0.15,2048,122,True,True,219bdf01c7479949a38247bd81431f79e246930c74b4c38ba69ad38ca50ad1a4,7656a1b8f65feb4b88d17478c1041be48434f8b51ffacef1bf89c938532998d6
0.15,2048,123,True,True,9ef22681dbc937197db5d5e9905cf433093c33519b741deaf056cee550ca52d3,015b7f0f73129a07a66184794222741f4d99032d5e2e1ffae22a90bef76509fa
0.15,2048,124,True,True,721eb574c035e73a7b0378a7a4bd7cb276f32f991c1dd87e8855e0b7471fcaf9,1436ad558105f758cb205237d485462ee85ba2a4d75b83519222c6ba97c54ba3
0.15,2048,125,True,True,344b51fd13dcdd0a74e1e70fbbfcb8c8aa698251cbffc25a8937402530cb6408,3b25db83aaf03caa063325360e44d91f5bc9e11d48a66aef8d66f3ab8fc21ba3
0.15,2048,126,True,True,59edb1695a9b37a70820321d2cc6ed006d8b8008fa9ef468f739c13b7c3d59cb,9e1cb349608534fb9d3c64744fa75abd60b608b23f04522e91e63bfc1882c31b
0.15,2048,127,True,True,d0a1c72bc3ec1794004df9a9a120fe7c88c1e3dc150f02df14f17cf9e5b7cd98,422cdd1e0688c5809d514c0995cde0687dcb1993bf3ca136cafd8e54de39b9cc
0.15,2048,128,True,True,3a9e7b7da47a1b07db45624ffe57ab6eccf43c852d856afa15559a90b60db2b1,ea9c0a2c2f1bc60c5871ebf02ae7fa288d2bc3cf9f08d88f999d742282b3895e
0.15,2048,129,True,True,8060c3d04710572efded9a8f929a80edd51f7de947270786724ae237aeaa456f,d69f7f357d3877593ac2fbbc28eedbd9a3d212ca9bbe238295a5ad846edb4fe6
0.15,2048,130,True,True,173ec2a5feef8b59a7094fc2bbc0cf3c4e15aa5ea06f067dce013fb22ef39c75,fdc78a175d5f99dc68b63ed4a492a29ead6af94c92529c754c8545bd71a2a2cf
0.15,2048,131,True,True,c6856f896eff774f01c543dc21740d7c5117884b0e9b411019e4c4b8fc2d5e48,f27c3c08cd9d238763b44f102f08d422bbc823ef30aa77eb6b254f88b9330aee
0.15,2048,132,True,True,53a9a5849cfc49f77de874c14652a3a1cb2b14bbc57ce64861e64beec963d8a8,70b363f90212cf091142259ebb1fc98cc772e397cc8193c3dd8f9e11c69f4865
0.15,2048,133,True,True,35fbbb50bc004ea62c161bf95bbff9a538b66f9e5bd64d251af74593c46b1342,f625edfa7e32e1da1d1791a8a70ce3c1b9a9c6bcd59889088e31f636b09a466f
0.15,2048,134,True,True,626235ad1fa3b5e46104ee595203f2a38eac3e4f2a1545b79625c56632346ddf,f9d53a98b3546560bad2e0ed13aa56ba539b8104c0dbd185d0daa01ba1375f64
0.15,2048,135,True,False,14fc0d7853cb2e9b011a9272d7ae0a377f76d591584a2e47807607fc2279f5e1,401fffd961cbdfd9bd901e80cdae3a551879074e20603465750a551c83760cc5
0.15,2048,136,True,True,07b02b6eb39db0986767c31c384e500d5ddc582ef0b23e2fb18b7a632011dfb7,9bbce2e28720e833abbb9b0d728d4883c7675a2ad962b3db0df0dfc7f6e3078e
0.15,2048,137,True,True,4c954f99ff38074bf46dda1a90c27f2a07b4a980c4a1b3c0eb99a6a19f26f09a,182e6f7045e7be8f369fab906012043aabf713c0d270c7e12e168cf6078e76b9
0.15,2048,138,True,True,21d36b26eaeec64e89ca85119166c904e45366fbb78e2629c6ce3445640871da,bf5187fd900fee7ab399dd391b381c4459a2a136b233be9c564f3d3a780ddf7e
0.15,2048,139,True,True,044de21acb5befe8220eb6a7efc9115f1780f8913cacf3e82c17e5ed4387828d,2370a9d4e4af22c2d53a1384a270d847bf62e8950210b1f2180911f3761842ef
0.15,2048,140,True,True,c3c82ff496b06118e48715f0c6525e34f8c771e165eefcb9769d2c5bc032bacb,8010be95da50f8ac4da26c01bda18ac27c5f4b5a54d252e2428b11f640772383
0.15,2048,141,True,True,958329729fd7959ec7ed14bc20164ce3e02a1df2c3c160b1627e3ee854fb072b,53dec6067b1345a377f8559f311ebfa69d1149e25201c0e3fb4fd00d47d7fadf
0.15,2048,142,True,True,650b4f881083ed97647584f5f9b3fe8e18850cdfdb033df802d94bb5732f28cd,5f97320dad90d1586dd09bfd7975cc60c30f55ec9c894d3a6e20e18dbb223399
0.15,2048,143,True,True,bfc515926abedab38c6c01b783a08fb1039bff9c82e04fac74cafee94371bc01,928849d5f767613ce75aefe5c8645ef2a23bd2ba31bccb069073363f31f7e41b
0.15,2048,144,True,True,0c2b5836413c423cb860b01f35025a707ed1bd41e5f37409522c0614bc2e3686,3bcc9ee9123093dfb449b476f73d1ba93d34729b1aa4d2912eca4a9e10fe1676
0.15,2048,145,True,True,634888b893a45c882920ea25bc39d008577bf087d2bebdabc5b47d2afaea9d6a,f8ccab5ea4623fd3708766bc9694863d10873384cd6db3a6e9ee6255f83271b0
0.15,2048,146,True,True,d87f535b0b6d2701317f9d19b5fb0fc812cac2448238659579ed04d7e4bb0e24,cd03b326c8ee3441d2e76fe58d8ccb3110b5420dc4b77048ef4249f626cebbfd
0.15,2048,147,True,True,637ee76c920b39944e9ad77de8e6d92fecd34e983756b1b012ee0f2af3bb75a8,11432168f6640b6ff4ee350eb1ece99b45310a4e6b9ea4815c519bff914bf049
0.15,2048,148,True,False,7ab281e22ffa6778ae97fe7c95bc08924091ce737110e7ed9b5a0ae3ab7bdc59,72225aa9511ced91519cea25ce74ba750b7668e5eedbcf67f86b25c522a5fb9b
0.15,2048,149,True,True,89c5f3189090992d6400dc5e727f2b03439ff8ae3c197fb30ea1926d95c4cf50,4eeeaf998c1f47668b472d7e7263d784958b7137b99d67e2be00057a20e5a386
0.15,2048,150,True,True,d399dbe2202ca2f049bdb072f2e15cfbdaa8cb3a84c7047608e13c7daabf749b,b6a62eebe58f8d9fdc9c0fe2a35c425b4615f0e7557e75196ba69f2a939c64b4
0.15,2048,151,True,True,72f89e63f21aa2e3c755c76204033e11310d5bbcdedca74a9e97d53c8eda62ef,a7099fed6d7324be89e6bb8312236a5c8064e3ba48824bd752844ff629c3f703
0.15,2048,152,True,True,5725ecf1e089c20df427e6c4953729553e7546aedda488fd302207ce815e3472,7860f9955cd67d74b1d811890a13ebd0e3f4bafb04db35fec620ff49d84c70a4
0.15,2048,153,True,True,626122d0f1ae9abf86f6ea3f443a04c69a51b1aa4588a207564342d5e8e81c5b,a0767f4ce02f6c9b053b95fdc0fa36743ec29cd0410e7aaac9a89fc7fd6207c7
0.15,2048,154,True,True,a1957af9bad10e919cc46807e1a7b6601104b78fbe532bc58f7e63ac9db08a87,5c3db54770a1e8a4b6bcba942db8f53258fbf3402b56b27fcada50a544569b41
0.15,2048,155,True,True,db2c657baddd64b9f9ccf2c750b9911fea7c0efd5bb2dcdbabdeb7ecc28455d0,6237e0bd642d6ed5253a4edd514c73d2caa4ca6923013de2b728be92ee03a48f
0.15,2048,156,True,True,a8d509f5679e33635d68638427f22b053eb335a76e412ea02dead6339c6287df,4a83b90ec8bcce8c687e889437835219d1459af3f7d93c9e26681cef0774286d
0.15,2048,157,True,True,e3205dd9e7ccb023de8fe2fc029044cc482af4a60a2759b07de4700e1aab700e,33fefcb8f1a1ed02506b4bb2c738e741a4381abff93f7ab3a7339a4e3d4c60a5
0.15,2048,158,True,True,48971a44e6cade6fc7addc98ddfaf78cf794f43169b3646b50fdf22e467582be,87a7bf123ad26ad73c0c1441dd1b17f9054643f4f0a801089f5e54b085c55a3f
0.15,2048,159,False,True,a8bc70d896338a1f8bcf3712cbed735fa33ac358fd2a87e726211f51af909c07,1938e5613443d966367aab5b57b45052bf664c97991164074f853c2759bb7927
0.15,2048,160,True,True,de47c27ba27e13c9a9769e087029f759ff88e70e126776a8c0df73967db3659b,866da57833107cca8c76ca9dbf711e8018517aed71f3f0a8a441bf6f0cb7499a
0.15,2048,161,True,True,92b1088f47abfe9e97839bd68dad873ddd6e147aa3abf51d7307f47139214013,9af0f886721985e72c5d2e7ef42a79a90bc251cfd96923d641391a5967805b7b
0.15,2048,162,True,True,81969b5021edca8fd30bb48d8ffd54934fc23bb36e037f556b827f84dadff76d,e052ecfc8fd1345e861338fab0f4474deb9ffbf9fe585d25737e31cbf0100a4a
0.15,2048,163,True,True,dc89d649f5e4e4a80427a5c1e293710d5a82493c2491bc7bbbcfd03b2544849e,5e7c49de115cc779a4836c71bc3c7af70b6e0f1b5844c70f232248afdfc37448
0.15,2048,164,True,True,76e3fa7722eb88cac73d97c895a8b6c728311a573c7135f949f6009c6e0ccbee,b6c704660056e87719dcf17a9a2bb8a903039c194f81628a609b058bfa8786db
0.15,2048,165,True,True,079dd089df6448ac0d64fdf2dcfd17fd59245d0134c165346c03b053981a90ea,ee8f0d81ed2d05540bc96cfdcec74efafb7abd70dee1ace8dc39f41b2e25cdc7
0.15,2048,166,True,True,2cd1a05eb8738f3ed4091ccb4de2d4f7d5fc5c8cd55cebac8b26a2361fa6478f,3f167e301516446577ab79480aa83214dc2b35dd313e1087ec6faa7cba011c76
0.15,2048,167,True,True,8a1d30cc32a0e31a02289f4e4b4068983a2663bf83a0e622b33dad7f21a3a0e0,c4ea8c442edc90e3dccb92be23f6d05a55595a03cb235a8e6120b9da3e83a708
0.15,2048,168,True,True,2020663528e3b2b49f27260750cf3b133bfcb7cd27af1771449a4e509e596f29,3bbc302e5fcb286117601471bea5ac0c2af66ad9c7e5e84cc2d7daf4adf4469f
0.15,2048,169,False,True,ef68b17000ee7f98cb4ccdb8bb2c4401907afebca43ff82f211a048c5dfb77df,b854959fa3bebf41ce00897f8857a6e8592f358dd1b475d448c104b82eaaee45
0.15,2048,170,True,True,9701d1f479b3942da048193b64c1667c881373df7178ffb9a16f3e14748e2077,8a8b526e94d35dd3e090ba93c4b81023e1c55286d3c81959f9ef462d88f75ed4
0.15,2048,171,True,True,67255b5de315ddb78857bd30e9f9afcd77765181b79d5197fb4339430583db91,6cc6bd3df9fce1f3746184b635c9d9565ea13aa316c0e49e5f99eb25b20ee25e
0.15,2048,172,True,True,3879f46238bb2e7b4c6e773fab6ee49a10bb62db46080faefbc0fa58a300d363,09f72cf049d23e56f9b520fad08a55a8c77047894259eb7959fd00fed690cb0b
0.15,2048,173,True,True,095a078ff9e23c88071d8a955c1cd9ebf28d5b27a7f2a023de5c1662cd99a0bc,4998115b7a75b6368a493742279ac95e13c61f050f644a1f941d5aeb19e4a00b
0.15,2048,174,True,True,d802f7590dec98702128d8da0369a5272ebafbd6da4c996cb05dd55d798b3ca9,5b2780187990582b0aa5ae443bdbb3f905dfc402bf143f5a036f68d6e1d54cc9
0.15,2048,175,True,True,3bd81968748300cad155a7517ed229f4e31ab805fc7cf56abaec4b15520a915c,96e8e1064ddd4ccccd6cd1f620894e1a2e42d8e0a5b0d434bb2ee03b49473a01
0.15,2048,176,True,True,fd2b7d7fb7cfa025ca3082de7e2aa0ad36212bf46464423365a23eaf142eb463,e3e7c00579c37fdbaf7732b6f7a2618aa4d08cb8d86eb26b026fa789845e7050
0.15,2048,177,True,True,c89338a816843d6a42e948b6f931a7932fb4ed760ef1fe654aab5f363dd597f5,65f68bd315ac3d28482c3bcbf614ea7625607e391e8a5795efc92526571bfe82
0.15,2048,178,False,True,03669ca42a4b4878f96d2b91bc7b3bb0a1dd1687d8d216e39b5a23e7fe059e59,de66046d4b1cf9655fddfa0a2a9a6b361196042818fe8ae2950cfcce21d8ea4a
0.15,2048,179,True,True,98a0f19e7ff12041bf0a1bfdd98322058ecd497399948cfaef5865f9e74e1ab8,64458f61aeb16207a888220a7b3e6c5cb17608cd48709db85c1a98e715d98e5c
0.15,2048,180,True,True,ca9cd9106c76eb5e513e1e50273aba0f370d5e8581b1c45da33887f1e457f24d,9b126272dc5c732be44024c92dc8c8e39d5c4f3d7f9027a3facfc30146fc5fc8
0.15,2048,181,True,True,0dcd8c899622f446b2cde00dd4245dd02a7b491f91d1c657a60117471dc075ac,8890944508aee2ac9a22f4e65b48a3c53614b6cf5b50e5f0c1266f5384709725
0.15,2048,182,True,True,9387dcfd1e0c792e37b7d98cd18e5874157d4b8446df83ffbf46cccbfcc43b43,b3eab20ce50af88ad2210f4d460461de4e4a357d6856ee92965356a7d0378c47
0.15,2048,183,True,True,fba139140e15bf36bb08b3cee8e2a35c830fca1f8018b5c086b5afaa835477f3,54b3c5d0b3633f9831938d8a90ea241a51ee31e9dcc9f73baefa5d0c7dd5e5e2
0.15,2048,184,True,True,b1b0fdc75bee1ed5d6b59230c93c2063aeab3f3e62f90db2bad8b6e699a8bfeb,5679eabca7ed1a60297a73a0e1a114d4dea29ef20a7a273aef840f928487f894
0.15,2048,185,True,True,afa2ca89a390f184283e8f75b491bd38d28554d82a2172b5ed899f2c6ab6b464,793542eeb8bf1b8df05f827aaecb7cbac7d080303d36b35655aee1196bf7b5c9
0.15,2048,186,True,True,66469a333baeebfb94a1c7863dd456301fa45f9f8ba39624bf98a2b144d41663,a0a9e2533806dea54006a552933168925305c95b4dbf6be2381532aec0f180d3
0.15,2048,187,True,True,3fafb75f0a8ae54298bab663a25119d8810184f1fa7bdc23f8131c57d515c773,eec6d866dad70a92056d3edc75ebc247cdbd219abcc53d209126ba98108fe476
0.15,2048,188,True,True,34c19dfe456504c8e99add589728af3f195e51cad8a95fb20c4bdd09c708037c,514c29b532951cce04c2068234a81abc5975c371be1aa3babbcd4e44c97eb852
0.15,2048,189,True,True,61787d4a73711a535f4949565d7d406cba9455b7f072360e0dd48f2d749bb132,6061356845c97f3f25850d39edc4398a92d240f1531012b161dd537731fabc24
0.15,2048,190,True,True,5ec72ed16bd0825be13680d0550cdc8eda73acc68cb70cd3f09d042a429abd1c,5f9fe209c8d466a2c3d4d5a914c2eb8610def8f1cab21dec5dc5bf72bf5c36ec
0.15,2048,191,False,True,5f32200c4a9bb6ac21f665bbe8a0e7fa12d53057fa8ff73779dcfc2284985c62,05c4248f5f8bbc7f86bcfb6dbb74c1d83ff51f9b1fbe831f42b896852b4766bb
0.15,2048,192,True,True,87e3aaa623165d6a15c9db4ad496f4a2aaae0b1b97f60f7ebf8604f7207f708a,ddb93a5b81c5f6d95ea080314b7626dfe22cf435231c6ddf7097fa28ce1c9d01
0.15,2048,193,True,True,dd8ea39cd93a69b2a16537bde4f1516cd2c94d673ea9846170eb56aff3f7b27a,c4caf0b01b155fb759386aab8bde81c7a96e47d669e4175473f8d9ded3931af7
0.15,2048,194,True,True,7a22aa4cebe9cb7dd93295b68468f50b8424031799cd5ee4af88e5ca4f354bd1,fef3dc46c3d2720598df4d984e0811eddbc8c313060c4c341f433a1405ce16d4
0.15,2048,195,True,True,fee6b187711f3beb3da86c847b11ac05d129881c585d77c9bdf097e79133e650,f1639f07808d66e1b4334a43e2a9a28210a26190e9bb8f0d654acdfdd734de8a
0.15,2048,196,True,True,da2a7a82e04e3a887aa5fad897c22702e99b8ee08522ce1311dd45b749cf46cf,c26ed9d0f53787fc06d0e0e8644701fad80aa439645703f3e3c494ed2790ae3b
0.15,2048,197,True,True,5c99fce3ef828fe10ada25462c32f2dd56b09211acdf5707da6769c4dd720f0a,c85f931ec1bbf73c9682e2ddac0412718437a364557a6dae9fd5ce79c672b684
0.15,2048,198,True,True,d3f6edcc6db7ae542255d5b38fc50baa4c08b3fb697e381a7cdbf3cec9de5676,d312b2bc2473a620a1d00f3469e07026a1d9146d28688dc5d5816d7f8dc48533
0.15,2048,199,True,True,05cd936da754c7f0a6dd9462e7127aaec52e8fe76e5c32f50dc0356b1732c925,1f4d332a4f437f1ae0ea7056fe3414035293aada143c1fef7fc393c6123135eb
0.15,2048,200,True,True,92f68455f9fbe891425e3c0f42a1910f78a5ddc8566c39d4e8611090c0e31419,e8cf09601d33d1f27ada95aada541e65738f27df15be0c430d1b5d72ecb2623c
0.15,2048,201,True,True,a9a45334c9f28eade8726d644ce5737027df83bcb58f318406316cb6a44f0f23,03f7aafd896a0ee1b87b79f66a9eef560b78b9172459401c740cbd7a63ce6f5e
0.15,2048,202,True,True,f8e648b8e4ab87a5524e780157b050bc54019187a5512df73cc1b88ea57054f5,2c9cf13f8925d6a505ef73ff62badb3453162931ae486a51fe1016c9606e9023
0.15,2048,203,True,True,9788a7fc34017a6b1663fd9ad9c401ec153be203d4dd660fdbe4e301c4cfc75d,b361b33f03c87ce563dcde88c4f5cabec2fbc66a279c2934f2336e982f52f171
0.15,2048,204,True,True,36f9a643e6c5e1e26cd849a0ff09df3ee2dc3a95de76bd4e71e89cb53c72a045,8f1b903db27ccef83be98295677e22ca1e5c6d691caf689354de1a038cd29b81
0.15,2048,205,True,True,1104f3b33bfea38fc06097173895f8a9fd6e86937c4a1c1c17cdd9d5ab073207,f91d55b18e135a26afe54f9ba55818245b8a39f3eace59601022433f509e813f
0.15,2048,206,True,True,3f5bd9c8fb37ff49e3a56d5a401315ab575b9cdd6b3be7b5cc9b1917e2f5f32c,0cdbf86b5ee480bafc03c73671efbe1cb5154edc021d0cb9eb8aee047d2517a9
0.15,2048,207,True,True,ec0734b19cfd58743ec9fe51090b368dc0e6ea9625858070ac31d7c6548fb17d,bbe5ee39c13fa20e538fc9c43150771b47e3d00b263053bc86c75203e1b451c1
0.15,2048,208,True,True,a42e735c8c6e90043eecb5443d0734ade186db00eb289a426d63d4f2ea0412e5,53425c5a48b5682c09054f9b659949b1ac011d43682db3978cf74cdc5cc3c4aa
0.15,2048,209,True,True,472451fbf602d607a731cfb940b25b96d9128735fe4fdd193bbb1e126d8fd952,e136914ef5e24a7556b8315271434a288b896a4228b3786d9c565f93e808e9f2
0.15,2048,210,True,True,3512f70783a3b75d9bd0a7e86b1251b52620f5f5408a6760c1358caca30fd5cb,7d4664f5da7579bfb8d4cf6f00121054516da97d6624a4e8b2479bace8d0eac3
0.15,2048,211,True,True,e4292532033ef1472020c12e3a2a534d1e3be1288fd856cdd350198979c49828,627f85e2c292c76f11472b41660b4b68a5ce6cdc11c33fe1e0e60314209552cb
0.15,2048,212,True,True,51ad8bf4da1000d2da183fd5157e7ede529b623bf30a4088db605e7181f95486,8a84bb4f217210b0eab2ba37f447f11de73298f2aef60a18b4c7fc0bc27105cb
0.15,2048,213,True,True,861ccf569af5f7273e98600f751563ab866b51b8471a2418c0dda030e66de99a,c5db59ae002e99397fcb2f71997391d20c825630f150b6a1dd714a383b07051c
0.15,2048,214,True,True,87e47813be86bea8728c522e85f8b81bf87c29016a354c21666d47ef417fbf50,198a076cd3988e6b4fd24f095b781288aa3ac6118132218b6cca55fd5001e1b0
0.15,2048,215,True,True,957b5728e8b6bb04e911ce295a32a44f8f08afc639908f63efcf2a464df83925,213b063591e51e117e8e0a98421e0a4804437157419c6d97da5b7a411654c63f
0.15,2048,216,True,True,fbeba4a611249878ae29cd652baa8f40d685af40971f8ddd377b4a8608633ee2,74af92f5e1b637ddc24f552943e7ea9eb7ff88ad9ef87d029397f470cfc10335
0.15,2048,217,True,True,92472108e83251bdaaf9e3e5f9bbe12ee73ed51ae854a659d5801535d3cf7274,9a4e21eb52019a21b0f398fc4e4df3e178f3463137f88ff6e1f704af5fb62f93
0.15,2048,218,True,True,56c5f6d38769f6cf56e827a988d260f57a282586f21ce64d5566dbe5cdfc2672,abe6ccd5175659eff49320f8c5c1588b6f15f7bb35d9a93126cca87094c83f01
0.15,2048,219,True,True,a1235ec963637cd639b222fed048011440b457a8a5390722b530029e6fb8a03f,a55f14e6f023cad7b0e840a73d02f6cf7803e99ced657e5067e396549e006bc4
0.15,2048,220,True,True,7d2336214cee35e10670f7cd161f3367c374891798f6cb82b32f48ef2ccc34f8,0f98b33f0873102b541e0ed1d7ed1fb9bb4275f393a4b3e2fa7ea58f441d2248
0.15,2048,221,True,True,9f444caa05a4df16f5509db23ebc8005cd6d42370b07f991130e8c005d42d9db,e9ba0da51b2d953e9aa7a92d11264eae85c22dcc765928cdbd548ffc80da2e39
0.15,2048,222,True,True,898f645518e7c5210ca73b32b2bb8cad3c2d5adcb68c74611ad3c50fbad17eaa,31b9ccb8425709b7eacfa720ad0f4a0fe01566780a40f19d2d024800b158f4d8
0.15,2048,223,True,True,5fd1c98e5019c4e459a16015ba3eb1d1774b7075cb1174ff2088c9b86ccca4de,d913826a393dc2730783202d2f86d7aad7a3a7c5a716605aa010672c441e67c2
0.15,2048,224,True,True,114f350311700419a40a1c2669c994dd3460fc39be578a6dd62f387b51bfd8f8,bd319e112c45801fe3a4597baa4ec4d8048380725e9328fc6e28d861aed47267
0.15,2048,225,True,True,37e4d87bccaa7cf4d44e95a1467e693cb86261aae256011b815066b59c3f53b8,06d645fbc09d2cf082a968ced9fc763dc1c571cfc6a69e4b78f87572d8f602a4
0.15,2048,226,True,True,b4b310c2de13c8408318121d2283ee02c895b09b2fb23d25396b61cb52477c2a,d95a1d200e4bf02245fb2a6f540a19ec493b16c796c39076e62b38b9505da901
0.15,2048,227,True,True,b15179b91e9024c6a15aafdc36507664e9724963b068b404364d67b2ff664886,fe0dfab8adce24ede3c08d748f733cd75f14e44cdefa0cd5b36157df1c7eef50
0.15,2048,228,True,True,848eb643c574e5e2fbbdad4e04fdecd2c97588d56961e655e527eb795f8ef8ee,9113a3d54b2e3787486ffe2a68180dd323d96d41d8302bed715375e68e3de1f6
0.15,2048,229,True,True,863dc040ec004214040c1889dc3b72721e6463733e9373227331aa8586db1e91,cb5a5998b4af43501540a2ca7fda20d9c823daea13dba91176f1644d7b2c9591
0.15,2048,230,True,True,c7c0e0507d51981ec04d09f8c9623a15239f0b3984d415275bb6f42fd816d439,556df928cfc38e261d9b236efa9916fc59c57d1d64db8513618089c5be921d01
0.15,2048,231,True,True,81ecbbffa4a1a7544c6f3c3221308190625139cbca69444b02e47513e357dd54,5f057cee740b59f3bc361ec070bd644b52a5645dbd2570910582a400c99e79ba
0.15,2048,232,True,True,f0ad7bafefcf952cafaaa079ef31bd2e9049d40399b89310bd781f7181d80136,47c2948f00576e7c0f896de5a5ba44f381856d44e615b20f7038953ee5c38661
0.15,2048,233,True,True,aea9633ed745c5460ae6cc3c44e230e703caa4f045fd3fc01c1748da7b628795,d0e642307120d92b9c954f45d9522e0ec2e0eeaca9bffebcccd71ee8de8567a3
0.15,2048,234,True,True,cd9651aef0ce73c584d04b74142084c378eff6f0265f331e1fa009e9ec46997d,b9bda778d82875f441bd848d24f190d0d9c78bd6b281a4a5a2261ce6deaf25b0
0.15,2048,235,True,True,a1f78f22b5d92694983f4df9aed206b1dfd06c86736106e76dcf25a5f3510cee,6de3784a01c908eb0f235c850706563c07616bb774f21cc7558f2f85ad9690d6
0.15,2048,236,True,True,abc37b7354054dbd7728b66eb0675e6d1e5ff4ee53ec306d55e97e00a494c3ea,060aff1929bcfd02d1a663edd4bd24a966c22afbd3589c79a81bb7eddcf2275b
0.15,2048,237,True,True,0b652a740ed9904274a867f1696c8bf5037270f9a24b80cf12fba881c1fca369,ea915b11e60950dd61e2cd3a902453ebddc489eb4cbe1c6534b568b96ea7dd8f
0.15,2048,238,True,True,1b5d815b34105c16b01abfeb6109468ab386b5eb6f8102ed17669069f4b12eba,4a3a7ff0c8437b0afa9bb9467ccd3b4a37ebc1eac12051d29a06f7e5863db7e2
0.15,2048,239,True,True,5284e4e2a487344a29ef870b5f4682373ccc16b962f50aa4fff7cde5c1560d67,3b40387794a93cf6135ab20c430b49aa6f2d8e9eaba600bd7b245931f14b416c
0.15,2048,240,True,True,fef93254731255e448587e741facabb23ba6184700abf9c848aa4252c6b14218,89b7f0a19f7a2269812804a36725142c97be95f1bde800023d40f29a904d87cb
0.15,2048,241,True,True,8730acbaeba30792e911687c64384aa8e74b3cde91c1a840544d463d25113470,6aa1e2ac6945c5c80b3706e4ebd79cd3b8cb57688411f626839e3b45ef566efd
0.15,2048,242,True,True,37e5b1fb6a84fd23a2eb94e919cd690ad578419113abde62234db0cbb9f791ed,71c558bd5e4d22f84289ac4c56d7f5043cbcfd13e318c15738e6526cfeae2b24
0.15,2048,243,True,True,b5bbad70ba02968c14ab79d5bbce9f36f2ba06cf0925423f299053879e7fc61e,71290b7f3f9eee274bf9d957e3ea3fcb7e8afff992bfd6f93620cd57ae231370
0.15,2048,244,False,True,935f9809284a09e50dee77b7e756c700e3e191ad95ed5815547935bbef55adf6,acaed92e060b8a6c5b6c864a64d2340197ad1c2b3adaa54050bca06b96aec170
0.15,2048,245,True,True,be5aa646e71113945328b429d2b775274ee615fd10b344bbec3b13f436a18183,c3749e6b4378996f7713764f273dea03f606f63ec6bba6574277092a2c851beb
0.15,2048,246,True,True,2a4ce37e5a78247c825b7d7b43d7de55dab40b4345c7255e4ec6a42ddb17a1aa,52663c7cf5b9f7160833f379de4e2b2fea898636a3a825a93d057a69c2b14bf5
0.15,2048,247,True,True,7c2c15c57b88ada393ad4596eecce9eca7493c560916cc044cdeceeffb12450c,9ce9cc327cd75037233c898b91ba4df454d8eeb6d2080a98917db5177b9206d8
0.15,2048,248,True,True,f748ab0a4968de84368ff023eafa14eadc6a2e855fb56d56ee4555a70896b9df,1affba22417c213153c29e68501f3353fd8560e0bb34ec4ad573562b385d0ff9
0.15,2048,249,True,True,7b36ef352306ff82871c2d302ff9cc029645f5ca4fec7da6bf6c9da62f3656aa,e6251b66989dd334e07c5092f25fd8031f626878def9238d1fb9d8315f2dacba
0.15,2048,250,True,True,60854106105a1c3ea303333dbe4ce08c2b7257f8c20fe783cc8f8f2c8ae1941a,4a0069bdf3be505fa107d2200c54812f126cb6bca169fb07786a7e570501261d
0.15,2048,251,True,True,b72e5714a35e5b11cf6d7d2449ac54a4088fcdbb69662afea4f22b710179b704,714dbd4644d50d1ad58ecfa3521df2390bffb51b9bb6ba9b5e3ffbe0a9831fd1
0.15,2048,252,True,True,1f45cd5aae9775ed148e44be4a31469af6d800b0a8ed9d92f8da855eb0507b18,5f348bce1990a7dcbbba8a47cc643ec51b7a57281ef5cfb5d1fd4d3d38a7f02e
0.15,2048,253,True,True,7ff7e943a95ec1bc70acda602fa1e85277035fc015ac9dd2dca8309de052b12f,dafcb1efabd63eb13fd5f1e1499e286672766a74fc0aefa67377c9682ff6fce3
0.15,2048,254,True,True,af114064fcc57a88117c56b622d6acdee7d16c139b351097868db88037337c90,20041ad3bee82e39cca9f3c262bb370f036a4234dab299a78a8b88b113375616
0.15,2048,255,True,True,8d23b0a1a8c4c7a09af05c1de62f2c9ad1fdedb1351459a897bb124163cae32b,e6ef6a3691805d222e568f2a8d0ee50871150f76e6810ed0cfe8cbaaa4c61c24
0.15,2048,256,True,True,bd2899776c4542ce75cdc8112641bb76b079452c6e06691f7388ef00e5cc611d,892d547c8b5bb4d982d387694a8ead16b4218ccefe06e1734580ff98939f5db3
0.15,2048,257,True,True,82e3c826e3569b224c3320252b74fd44d1361f4ef097534032027bdd44887e03,7e6608e0f3e4b8d656ae133255ecf3d76a8b79cff129e694c46e13d14ea6d3a3
0.15,2048,258,True,True,f666fdc9eb54507ada6f888e00fa01b3b7f7e29c49bca742290ca7cf5a63c20c,679d4c4bf2563896f3296ccc1e2d7fd830a7aa94c6d43b6fb95762a8f9c17f4d
0.15,2048,259,True,True,5a414401deeb4d5ff2137e4792af26d45c2dee1de8bbd4ad33b6765478173012,66126b93b2b580ab2b93252ec44d9e6ed62022c0e97ca7f37892dbd718a00c87
0.15,2048,260,True,True,68a3489187f62f48e9eea4a5b33934703d71c1cbaee790c1746bba79e427ffb2,6c429505eeac845812ac7d9676cd27369b6d0ef31e03323047d2f42e9acc65ae
0.15,2048,261,True,True,d52ba8d69dae76bbcf370355d517a631cbb61e3ee3c1acba2925efaa8b205647,01022b9e35ab7fda4d452cbbef3b67895be0c04795dd15326cd03012c6890269
0.15,2048,262,True,True,c99ecd0d308e541d761be47e904c2b99e7797f10e068e8df1da5adf81018d34a,746f841bfdde0d53b73e6403c3bc93a12008b2f84df6fde1afa1a8c2f347fcdd
0.15,2048,263,True,True,b05bdc10f3287905ce8b0bc2839dfa3c0a52a66e2d86b4145f3a3d034e5c972e,694fed06abd203ad7ec50694e691691525dfb6b7fcc7cc66836f1b2ca3067513
0.15,2048,264,True,True,71ec3ff04646b7ec10ebc0a3c947e1a7f541adb6bb87d0620dd0a797ac3d5a62,cdc38b260e733c3235beafb196a6fbb609117fd3f11d77e428fe644de20670ab
0.15,2048,265,True,True,0e1f106129aa9cb32db7bfb7e333c6c3906b2f64d0f2295745983bacabf190c7,4802151cc46e02ade43569f022b2fdd8c03fe72b6269b3fbc2a767a808916a4e
0.15,2048,266,True,True,6051f0642b4ffec33d9928c517336bf7789c873ca736cc165aedea93f9edba23,c51790f66bdbd475cfb1bfb6ba0c043b9171cc77017afd497b7896e5d4a64c97
0.15,2048,267,True,False,42fc49605a297f207c3da85af67cb789fe13238680594a02431918d3d3da7a9d,aa9fe61da8343af30dd13ebc13b5cfbd55819217a4748079b6f49174db4247c8
0.15,2048,268,True,True,71080414fbe8bbb6959ea5fb07d6eb60046ae4bfe6ddb48f0dbdd378fb252a27,02f0efbfc8ac45d7b567dde39cfe3393afe63991bf23e3c1f3bdb81c8894ae1d
0.15,2048,269,False,True,3b2b62ef7c7d794cc39e97d3815027032e20bf29327245c7a54b6539ec30987f,8d4958ec021dc7abebdb0ddcfb4b7fabdbce761fa8618c8089f59be4a741a00b
0.15,2048,270,True,True,74561324dfda75b77916422c308a40f65fd0840db1aa93ebd3876fc5e0251e78,dfdac19d2a75260a93f8cc5569a08e06b940ac583d2f570e9141430f0310e835
0.15,2048,271,True,True,ef1705f1365506e9b326e78b294004a366c5d60a402c30eadae83d70a1a5acf3,2d89c9cb3025b0d47cd67adeed353306d2530baa074730994f11bc7f803a59d3
0.15,2048,272,True,False,bb7a0d4e869415dc67213d99bf24b37a9293cfe722d91fa3caa7b558e73c6bd8,4ab729934de430a24b332348399dd72a2e38af3a029d2ceef4ea304bc745a69a
0.15,2048,273,True,True,938da112203ee56ff8598628313cbfe109178061d908153543a2f9bd86d85e01,7b2c9bccb265c1ee4d807f8595f1e1cdc5be398d65180710111272054a794d20
0.15,2048,274,True,True,4700279aa6023372b4101f1ea518d3425194a1a04319b59282804f31a55cc1a2,bedbe231a0f3bbfc2fa15343252864497a9ca1344a785929eea327c36c1acddb
0.15,2048,275,True,True,57199fd27a342d40bc90bfcdae9833accf914789bcb7e050c0c1a05241e7a332,62285004b5d37b199e3737ead65cb59fee29a9be1868550d46bba421a14d4c55
0.15,2048,276,True,True,9310d6fc40bb8919e2f056a5492bfa5bdf8a0eec7399537cae44af938d556b45,aac4d612022986e425096c1391149d7fd7194f2f40ba81ef403939ac45032844
0.15,2048,277,True,True,03ede098262a3cd5d4c8ca9db13c859aebe1faa8dc2bad6887767084a067abcf,8f7aa91d7f6c096555827a1d19e51db818c658a11316f2f59ef7513bee74e43f
0.15,2048,278,True,True,7f6a3a2fe1624523fe8e52ceea647ee08c14afa4d65a0a04548439d9e55e608b,9217d8d35d8a00101fa7ed26fb7c85bd6da54e04806a82f3246a914a9fdd76de
0.15,2048,279,True,False,1e90393196bd591e586baadb57bcdfd6751f5374f57c74482801bda05f273b0d,1e1aa5ec62c6971439b75238fd65ea31093fa7e4eec277bc4daf83889b6b111b
0.15,2048,280,True,True,7c22cf55e13dd44a18da764b3a4468654db2db0280b498c8ce3ac61975207133,805a0bf625efa2fa4975a9ac77917f9df615f1cd026f7b55ecf8599e2469574f
0.15,2048,281,True,True,1eb36af34bb2d50af5f9fc6b6813cd2d793eb913b21b2c95dea4a2f17f574251,702db916917dc149a082fd8e64e8421862d17003f28a9fd05a455f13d52b7ff0
0.15,2048,282,True,True,b260bcffb399e6dc62efb1c20ad6a80f06d016b685c06f1e5d73a18d7529c1bc,9a0237a84c4ec1589dda5e4b6edeeb0d8ef116b3691996133dbd3c5b32617cf1
0.15,2048,283,True,True,f7840dffe6ccd13147ad0570614b5d0a41bebc8189099170f970796bd54ea24c,f65e3b7b4b8c644342a5ac2f5d8c9ae6338f8912c8f84a907add16ba5ea074f9
0.15,2048,284,True,True,b0835831d91ec3d1dfc080a276a784ae040841d99990af149644a6beec7c058d,a12a77cf02d321b79912c5c935a6be27d9f153c8e99c88e2311874bf894d0855
0.15,2048,285,True,True,e19e736bd590126bdf6b737741730c7ed123d6f81e3b71f31f61dd43f879c6dd,f0a78feb05cc55dbc22340fb43f0f25a7ca6428503a8ec5b90a5e643e2722a72
0.15,2048,286,True,True,3a34fc879c10aadae2c51b5e4ee61a521dc1d98dcc430010aeb07f88d382a15b,5333200edbb1489041c93365964882eb5d1cdfc5076b522f306d68f4373644e4
0.15,2048,287,True,True,100b5771638bd2d8e39422a34e35b1eabfa18e6fc4389ad3085bec3fd7ca044f,41b69570cb7ee38e410d20880e34ca13ce3a944aac915f61f6e1198fc5941cf5
0.15,2048,288,True,True,a18f9c708a9ccfde79e9b2922aa7111225cd7221014f1953063068dd5e826d51,2677bcab63463c1a9d86caf0c77fb601035371a76d2db29bbe511c5a35aafb8f
0.15,2048,289,True,True,a62ff4c348921504f31ae4063b5a1e2ec39162f6d12fed1b54c04f98ff453bc3,64b0a2983fd09b4f20cc189111f954d60175c66bf8501185e5742b4c9c3a7221
0.15,2048,290,True,True,46fb441df9feefda426f33bc8571dda2eff7e5ecbccf26cc56cda3a455bf0602,0f491ce18735773a0b1e593f7b1f6b21dfc3ceb77290217566ebdaa9e0b5a0f4
0.15,2048,291,True,True,093832b2d48b24c1356e10e19f091a0907f2df2de6c041d77143cc5c079b41ea,6ea4544c692aa8838275a4a4dc67d31f7ee5ed22ac1a59236e659847479846c4
0.15,2048,292,True,True,156588e68a41ad0bea2583efd668cbc363f93422d94013c8ee1eebbf499fd4d1,2699e4ace13701b82b92de4d9d1d67b9f9a50d683c93200488075f367cb836d6
0.15,2048,293,True,True,b763415e159dff4cfb024266f9091b7ba016fa588104e24f17f6ee51b45613c7,1cb260631481a01dea44990ba1d85042d871e74eeee0351aa381a6c933a8e9d4
0.15,2048,294,True,True,17dccde60f6dbf7c10a84fcc593de5a5ae59b6b0fdf6e029685cd4ce1cc4d7e5,ae1441d4833c6b5482c2a663f76b20e319e17f678a858cac824d59e233a376c8
0.15,2048,295,True,True,0e1ef1e80cb4c2a2488b74659126a0264fa8e228665e76666be756037b930d54,42edee91c73e5fcf9a1d275e002df91dff391546ad3ed03164a5914e0143c982
0.15,2048,296,True,True,74f75f4338b29ea64831b64ecdd46520ae7501c6a5a15507ce7bbeaa09b5594d,de4dba35456e2d66c523e723802e73e71d9c79a8c970bc7b3f86cf871d81111a
0.15,2048,297,True,True,a9040cc73f05835ce7bb9e8a57f0a831ea23736046d5b7c71fefa4297ae48884,335ca280f151fc974b4058f61aef4864948a6f04685016168edfda1faa78455c
0.15,2048,298,True,True,734d42eac81a449540651e23079f6afe085c3ac1dde8e5a0d656c08b51c6d655,144975dd4ba71fc5aafff0a5eea88ea78f185051d72f17d927f44af42dda44b0
0.15,2048,299,True,True,e607e47e21d16d0b963f23ed864fdb4657a6f183e4fd17e8f52942ac3e43e53b,2b011694b46af9d0bcbc52afe146b918c4d824861d8ddeafd5e93c0a83043d2d
0.15,2048,300,True,True,c489ff1f7d7ffe8f61505dd1064f0b6bed3fea0938039af2cb6482284d2f2453,3ae93882df6eab8662c8c91925b651ab16f44a61849c2f8fef55973613c8999d
0.15,2048,301,True,True,a58ee76741c84b41b953a39c4b2765b1b75e0a72a810c622cc1d483f0248d17a,5343bf90fa5940e695b3c9ee1fd2daab96516a79f603d1843957aff3ffd73d02
0.15,2048,302,True,True,c25c214e61a6f98097907e3254003808f3bd4ad1b53a05e4b2781c478b64500e,835407031b4b0e615e1f28e13a90a7fa6ace157ce9c5b78cab9eafc6b9368a66
0.15,2048,303,True,True,4455bfd42c9c19db0961597ac67582fff7b60b94a122b083b23dd4e2b28918db,0a16cfcaf31c653eb110dd8ed27505b7d8dc3264a62997e9569176e6fd8dde00
0.15,2048,304,True,True,35001bedba6bbeddb92c9be272e9087d4f0c4ca77b0c7a0122fde3ce1af6da8b,3cfbf5469849a750e78355fdde1789541852af0877bcc6b67e2309daed597d37
0.15,2048,305,True,True,f5255dd7163558f99c8270c90eb3058c29f1d8c1a4e4b29c63a394f5dc54fdf6,393e0df929410db3c6be66f310c9f9ce2d63242d8d75afaf1aeafb490d85ee61
0.15,2048,306,True,True,bf0ee0d105e17a05c64c97872ffbb500c8abe6b71c379e628e755bdff38d7131,6df19612173e26c7f9f5362b2516ade13c8eb7d9947cd313d1cc9df8203232c0
0.15,2048,307,True,True,3b72fbaa2bb3e9c80ba9a4363818905a5cf5b7da0edeb3af0656c3b339860512,cf108789cdfcd73f6e1e0f490b51d0dfafb92c959d4694b6c17c4a7f3630fb64
0.15,2048,308,True,True,a961f8cf42000625dcc6116f81aa9e2d40782dd121043e024e6e83644c89601b,7ba0c85578f4efb9562cdc24b537424e7cfc8c80cb07ded9dd444a8ffbac1d40
0.15,2048,309,True,True,24fcbc9b488736693361b62faab8428d31b72c9a07b3680067cf62f65e240704,dddef558555b4b2426bee51b54b05079dd92a1f26a2fe1c103769e913e3245b8
0.15,2048,310,True,True,df1be2904b491f013102b547ee15142c508680c2bcd13b46020bf001b9fe3c1a,326c1a21ced424bb9fb8bf8a75e9fecbe8d3bc11b6b0a1d52e4f35f8c7da92fb
0.15,2048,311,True,True,fe22cc96565f95e0fa18c141b5b6c4cffb6e9a4a799d406cb296835ec292f1e7,c740e544eb6300690be96fab38f0b6e405380e8fd6054af50b3c1ed96f56e70b
0.15,2048,312,True,True,6b4db5cc4d0e1c2427d7224d06c6c9997defa04395e0974c8d6e80d14e5d4d0b,9b9f9626c9912d9a9b99f10d0c7124975b034f41d17226d1b93dd513c7955e39
0.15,2048,313,True,True,2ffcbc30b6b98a110012243e65c581717fc362a8fffa678bd3c492312bca3f20,9e83f7e1598a147e81a5873f5b5d9419e0a25d72c5a52b04707c59842baca83b
0.15,2048,314,True,True,6aac66cff5bf920685d50623ce7bf70435fa39cdbb1fafb06ef8d5a9b35e761f,c48403a863208690c1cf88269d1e0019348f9480733d900e31b73ecc772a7421
0.15,2048,315,True,True,6c8b7f2e04d0af8f4e43a3bad21cd01dd53cbf60c2d554dae913bb62c6af93f9,cb3bc36253077f974ca03a0ae42379e3de4f288ed5861b6e84a05673319b9f96
0.15,2048,316,True,True,9f89df39b125c6db1cbabee2949b2b88411dbd97c57fe67161124304a556e8ff,574f8241e14038b53034540db099fa208a4fb2b54893e9dee3fecacdb3caa791
0.15,2048,317,True,True,17f365687b0c970ddb52b5ff4a355f6efd83b62e5798d60e38be72e62fe74cce,9287210297304a8bf60fe69719d747a5ceab57e83667a77e5ab1876dc3dd5732
0.15,2048,318,True,True,3660fd786e6e0bd4f8cd688eb4d922d354f114fcc6a716bea0e3510bd3d5d072,eee2f8f168ac1b52d84743bd13124c3877f48bab6a97befdaf50a8a1df2a6a46
0.15,2048,319,True,True,877bcba0b1062e0214b542c368e8b4d759aeaadf4280ef6e04af30f360f3655b,3baa665aaf153ab2383394a165de2637711ec135b35febe3667134d22f4ed614
0.15,2048,320,True,True,49658db3432cbab115aa65b322a2f4e2d7888ce3b136bc57a64874e2926d1383,6d1a938c7fabb9419d0fc566795c650eef8dedcc335b50381a378b1a7e308cf4
0.15,2048,321,True,True,e9cf50c08733e7ed304910dbccb97539fd660ce057f7caeb94642a33bd531896,5059f8e1c23be9710b62f28e80dfadce1079072621d206b028bae10c078374bf
0.15,2048,322,True,True,b71aa7a328d84273890a6da014b1f039cdb9d957875873f4d994fba9d0d55ba0,62ba71543a1a4c63a07978d9677393d336bdff4d81fcc78afa0644262488461c
0.15,2048,323,True,True,2cf28cffab3b82238a50d32bd6b769dbb2d9fa55973d20ce6c6cdb90b2623848,462a24992d84869ae4723aa3c41e6dd390ddeec348a30a6477bd65c300304854
0.15,2048,324,True,True,2fbddc70bb2c4c3fdda85c9ce80678b2db75a93c0e1d1f39b8af6259fb972b4e,afe6a2a8b174214a00d708d11b9db86a6084471317ad2b5d801913f98a8eb481
0.15,2048,325,True,True,989ecdded0a7a2d634499effb58ad5a61a53a8fb6a47100e0ba4ea9f25fb4ce4,d77f8b7fc09efb7c78adedcf89e7246e0f76d728c14c52b3d8ecb9ce18039eb5
0.15,2048,326,True,True,bd5761c81218062148235f0a4681437b85c2e8320e61be6ea71db36ac6beb49a,b0fb63f59d520fd8760ccd14e6389ad795e853dba0fdddd58f3a43a8ace3f86e
0.15,2048,327,True,True,498a9a989c1a3881ee473ef5e719c352fe8bc06b1520b0dba9b152f261ffe30e,dceb739799fb6f59e559ea1f944e548e1290a87d07a3caeba9eb43f86f1fd221
0.15,2048,328,True,True,64665d01a096ad6474f51cabb84b986ca016e28a7f7a38dd31a64d5f8d5cf576,f204927dd7517d71c54ba8539b658f558b8d06ce6578c1ee7045acbc5f185560
0.15,2048,329,True,True,21da671c1b6242a9534521ad9fdb23e7aca34ac571f32c8db19bae655047086f,63622787b315c079cd17f181d15289b7870e1890c037752791b553a07a1ab7e5
0.15,2048,330,True,True,46e05f7922d4bd6354e898f9905643c09c5c46756ed5a5b0ed210d163d3a0560,808706a37322432bd9c879f03e0517030319fd927dd6adb771a012fd2f182d59
0.15,2048,331,True,True,093a64b2d3a13087a05768eb52680c9455825ee033c406d7d45bdec2b9cc43af,60c3dd10240dd6d5b795e085c7dca88583950d6b23da703f656d7d826c9154b1
0.15,2048,332,True,True,5b839283f5dbfbe02cdc98b9bb7d814c7dd3af4436c9b1f5794d6fd7b8058458,4a0c5ee294cb1a18c0e40424a6558349a37f305bca16279dd2f6e9efa16b9229
0.15,2048,333,True,True,6038f42c7d970995e4f465f0e01175cb819e404d875602d87e5f6ad9440e7777,c737ad8cc14f8aa71e5f49125bc984439488bb285372822838e60f1781828477
0.15,2048,334,True,True,be4f092c4eb90dfbe9b1061d5824ca134afc2276d4adcf394b6a607e7d9a48c3,2d17af451b8a70e733f8fa11209ddc97885af62e22243a9e71003b5b5f781eeb
0.15,2048,335,True,True,f2a24937309aefe2ac642c0b306bc29fe7cc000658ef52a4c98dc2ccdb71e2a6,ff551a6febc3aea9ae999ef75f2316a52271025adbcfb1267bf1833459b25547
0.15,2048,336,False,True,c7027b77fd363fe2f30a87834b5a150553c935345a131d5c741c1e09399e6852,96e04853ee9e5dcec84b06a344003874297132788a93aea9c2640277ce4e9673
0.15,2048,337,True,True,3c069411faeeab3bd0f071bb11595a445cf50d5f79d4d9e5ab2b091be812a03d,732783a7436c384a681149b87b1cb6729e93af74c5ea5708180235a2c934240d
0.15,2048,338,True,True,86bd64fe7c4da0ff6fd57056e7f304077ff5fcfa9ba85541d0a75cca45cacdb5,f4218372a9c1853e56ae14c86130b465f7eadc7a456bc86125574b4f29b672a8
0.15,2048,339,True,True,b5710d49213026e3fea4b8cc6e6a20d0c7bba94bdb414222cac6f2de47763e0a,6956034fd93fad17b4e8124406af8945eec975209a9fabba2453a96a56875145
0.15,2048,340,True,False,1282e5b1440fc7b763922a37448ad3b7156c9ecc0f5b9ef3b11bae48f3cd557e,c395cbe1c9e6b18ff796670eee316cba9fcca18d1bab147b65ef9fd358528f2a
0.15,2048,341,True,True,e69e531bc7e16eb6e7abdc6aaa13f3a710edafb5610d393341abbdb092091b2c,77302eeeb00f3d8ffecb2e811a83df228081afbccfe40b0bc966ac476f5ecae9
0.15,2048,342,True,True,4b323e0ceaed344d707acd15379c5f4bf47b52582e4402145bdcb0932e7a4e05,62a90b6ccd510ce77a65c0e0e0614cc83310b3b2967a589b7fe143c899598703
0.15,2048,343,True,True,642c57f469f6bf2ad6e86feb34bf9bbd5740222d33b11ea6ad37419dfbcc8167,d5393f6cc4c613af6c72617ee0513b7c0919592f1cbc3a78a62e54225991d3ff
0.15,2048,344,True,True,d054ae97fc487db0e01cb26039e2792b32207c7548217d8326573a7687867338,519ee1292091d6dd7d336bf3f168ca0c83b42cca82122d2d9ce6d792470f78b9
0.15,2048,345,True,True,abb23f6d0d8f1655dc052929e8dc41dd6818676a4f73bdc541d35e661c1be29d,31e3721c2570a250d96dd128015f7a7fa03efa417374b17659f420f4d2e34dcf
0.15,2048,346,True,True,804fa6f4eb44b421ad73761818bf0ecca277394ddbe2a2f6590270893bf58d55,87aa477c131c31becb0fcf7e7cc15931663cd94b8f6e20a498ef7d929212ad2f
0.15,2048,347,True,True,a40c7925b9eeafb6d4e4c72ce029983e9278a3384eafbc05ad779e3e59052d17,53880571cf025f6ee08f444c698f6b2fc8adb283c87a21428eeab39883af17c9
0.15,2048,348,True,True,ff7fdb3e3e67fab5abacd90db91eca749b8623aa65fa19df75cd1f8f82eaddaa,7ffcfd550ec79ae3dd7498380d1d2f9a04170afbe6192457cfac92c5511301c5
0.15,2048,349,False,True,de92191ef66689024c9d26e2cb47684a00291ab5e443bd138aa23d3db93295df,ce320c591606299e99fec2d53926f9878cdf08bfc9373262828b04e8c0be99fd
0.15,2048,350,True,True,787e80dd77c3129efe6d18f8d8e2f8b05865fbebbd1dcd56adb7b941a78c6e1d,f647bca7207434b823954c3fad4518eb44d56efd849617580bd0c6b2b29f8666
0.15,2048,351,True,True,9f5f1ff0aebb0db3c1fdd1d5ea6e53d2940397b76c640a663e5252a892ad1a97,1185b3a6c202a3657872bb588d63d0ea73c34de332070d919d0d5be447bcacb1
0.15,2048,352,True,True,4ed3dbf4e440ef71acfb779647bd0714c7451179c58bde8a428910db59538632,e3b59742d5a79c37abd168bd7575eb99784cbc48271a1817f18a1fccb50626cc
0.15,2048,353,True,True,1d3239c9e78166eda6200063313265fd2029a73c773ceeadab4c54644c96e2da,a4bfb9b3bf29db895d98150984503ea60ef4dc718149d183f831adab1252bfbd
0.15,2048,354,True,True,368696e33206a1d4e1a7ca548881d498480ee5eb94f5faabad0244b8eb3081fd,6a2f5d35d34d8f8721372e9c42f816797373024ef532b1493ca81541f7ecc939
0.15,2048,355,True,True,45da0d686d2724de5c7e2b47b2cbdd8b6bd8fbec129609d92514d78d7b6cf637,3fbc29a46f980d9dc61c7fd03a9a54b330da1cc9f0c02cd4b20f989d225620c8
0.15,2048,356,True,True,456bae70afbeba708e0973633c77ba3c5dbe37022f5f1a5eee80ff6a8d646475,28add6f8c3e4f5406e1d47782b2f322c5f1840e5906c53e053ea00890b838132
0.15,2048,357,True,True,8bc0a4b35c7182ef1e240ffa395f7ba28fa58ddb018beae9bb600d07dddfec5a,656f78e472a13d200ad042bf192559cf8d3ad09281e50e9fe828416098b30be1
0.15,2048,358,True,True,6b889f9366faa36da92bffcf3c4bd8a6221c65d6ff13504e5247e9de298034e8,e9df11754f5102d6f695c89ffe6c7e64d3a270c9e86e731f66ba052039ceb6ce
0.15,2048,359,True,True,f986bf4467ea08faa1eb65c754d65bb79b660482927fcfef76d9dbed37049798,590c25c06bd65fd24119654bfb87ec86c07c1b5291900f6540e33bb6eac65a28
0.15,2048,360,True,True,20f40cde309d75c01b23c69a3e0f6c810f00ea251b4671a77553d95f0553ab0d,09f351edbf08adcb9929a74fe606a5fc4314805c5821413df08bbda5dd2de007
0.15,2048,361,True,True,35b331f8f9cb10f58eec8b6f9738919cb9574ccbb53f1ede5a42ef45f4b074a9,4823ea259aadfdf2f2843fe6af7c2f7c4382250515beec7a4fcd296821aa3b82
0.15,2048,362,True,True,cbf78c17c0509f9dfb28e34d1fb1b6d5f8f3a60f98bbf4804d642da0abb06ad5,3b1b7c0ad5edee7d740cb57c46ac0a680f7f949e20a542a19651306e6c7ad028
0.15,2048,363,True,True,df23993c77057b4d9a603514abad451985e25d9c5a9c0e05d30a85b87caf7e1f,f35911bc4939713d8b8673ea23540dc9746ce360e8f58a4458330344c3772e35
0.15,2048,364,True,True,21452381753d446646fdbd3b2bcf64ba87979f15aeca23d46a0e1dae036a4747,5166c7908f29b22ec7dd24c96c3be8e2988f62920d8909f4a896024bd5758d63
0.15,2048,365,True,True,3f3918f610d257ac3630f6cf4e3a41ba23e3f6122bd35af5ae93429f57a474a3,114d4be77bb62d2227ef5cd0774431682d7f41dad3d0a54044843fa08ea66fdb
0.15,2048,366,True,True,18fd6dea5b1b67ec8d181a303259f0ae3a1312fe24b4d1f8357edfb086ae5a41,6731c4825e14b85b20656b37824c1975896697a4fceb16ce4dce208c47d8618d
0.15,2048,367,True,True,d2f1800f23816305cf01363ed23c91436e5a4ce6e20800deeb0c8882d3855351,534c114ce0a126d98855336d85c235dcd337ca403b000bdb042c84e6e500407b
0.15,2048,368,True,True,4938887f55127fed2d4c4fb5daa12d34c0926075c9077031bba05c1beb67d0c2,6fe0df085f345e5f40d8036cf82dad5edfdb3107b1ffb778b31378f56ff0a408
0.15,2048,369,True,True,f93f6208083ccb333c10d811352db881c0dea5a9cf303bdde350f9730e8673cf,d081ca7e9de95ad0f4d55917f12f7391b0fb246727e02a02775e35186a392587
0.15,2048,370,True,True,b42021bfb1790909d37478c48def5a36731062327f4c9f03d42adc17847d95c8,7cf335dc2af5eac40ecc0a3f98c9e1b78ad4eb8225fa717608a37e07f10e9831
0.15,2048,371,True,True,79e32ce9e05ef7bba9dfddc730c3c608301cfeff9b34c524bffd544efca297f0,33972d804334025d22866036fa6c8f822e99b0f1d0ea461d37e8bfcf2c1ab339
0.15,2048,372,True,True,31b093aadc1c539edcc129761ef8a21f0a5216590aa90c74f091e47934846211,df65a0fff59e404e896ad73a7b149934827cd5d24f747da76456dde472f43e33
0.15,2048,373,True,False,c6a588c91103ca0968c3130c59b179598ae2aad359897469a2db2280f6d07223,9d2127f464405857feced50164d8b850d2fece9b1470955e21d430bfb7a65991
0.15,2048,374,True,True,0c0041085ea72ff36eb5819cfea3163f07d0dc19a08616e5e6e3304bf277f0bd,3aea79a7fa2dd1b5f8dadac8ae6a77773615943c823ecff82359f6933dc98e1b
0.15,2048,375,True,True,6855357c6a314e7346424736bf2c5eb0b0bb0593ffc42ef3e5fa9ea36359a916,d8b1d11e3f9ad4e79f76d82e3709ac03640999e4f1c20fd402f701c3e8f3990a
0.15,2048,376,True,True,5145ca75953d77bb9ac853312687aa253ddd7a2e1150ba87e9b88651da152146,acc721f440e5f5b7064d3eebbf64854beb86973fbfc3e543bec90f69c06e0060
0.15,2048,377,True,False,c60019e70cff5c9b57f7250cf5c08edb5d6cc594fb197cdd1e589fabd9ac5db1,66a16e1d06db77371f39b8d7b6d9000588689a566a4777ba404457333b3a0584
0.15,2048,378,True,True,5f75ca46a2655c1929d5e0e7268fe474514ee945bab2ca96c9e0c38de319b072,0ed022794c775e8e1296df1d5f53a4f8901d48a5343dbad62301cd0fd2312aa6
0.15,2048,379,True,True,3a55638c5de3fa1313474a5d1598ed2b3792eae254ded65c4720a2cde054f3d1,c258886942a7f483208fbca76cb45b20db42c07b6ac682eb27d50c19a61c3b56
0.15,2048,380,True,True,ef156ad5e5c6c4c312acfbcdc43899d12ba94cf404f17afcdb7905ba74470276,2a91a6e66803d283ca9245694303061e8b2622b8fad912b5c3301070f17bf92b
0.15,2048,381,True,True,46020db9dae137f7fad22e613536f69ebe1c21b4da29916ae633456a2aec0746,da93d335195cfc0de5947479d878352ed9fbf43088b9f4131525cd489090f39e
0.15,2048,382,True,True,8bdbe9e1b2610622b9dba605b58669a8646043290fdcb7fbc5e4786debb9ff9f,213468624d0c59f3bd0e29c2a0ed5adc95f345a157d74f16065942da4200c295
0.15,2048,383,True,True,6990e83da513019addcfb7cf9dbb86e07a27da67b6f2bb7e6def6a788553ff66,bffcf64a12c8b64303f14a17ad949b1a187b156ff028e8caa0ed9a5cd4b6cec9
0.15,2048,384,True,True,068c1be104408dd3a153b8bf0536812ec91b9c2e7f0b960b28954603d39e4033,f146c3dcecbbb1bdfadd9f938097d59c615c796c4cc650260d59c90253a3f1cb
0.15,2048,385,True,True,4200c1fbaea539b4dada8a5ca81ac03e3b2477ca13c3c868d89982a290cc7b53,00c15bc521aa4b8a1d1d54b776d1b243922b28fc98e53608e31a5f81014837e0
0.15,2048,386,True,True,fb21138d7f33a6a341a9cf33a5f3fff3803170b6e32835fcaf738be69c67972c,8dfcc63a3c64f75123c63bb0e2a93e22e077f4e1e51b6aed96560cc28f68de6d
0.15,2048,387,True,True,f12d3a61d24f086630331f8ed8a0d53a63e74311d624a464065037f1a2e2017f,2e42a6d5311f1d2338c9474692c12c4805ed86e7d85f6881680daf0cc8594be0
0.15,2048,388,True,True,3bb3c1da415af9970c514fb16e90bbd7ca6088dde0dd87ced056fa2e349f4807,276ebd0c210a5308c201fb9118e84dde94d0a0d96e1795be8cc10c1914149d10
0.15,2048,389,True,True,6049af6874d39660401385ce97beec1ca9c7345842d7de16520e49880d415521,c1d8569e508dbf80675d4392e3df91da0717ea48bcab978c27e0462a801b502d
0.15,2048,390,True,True,4e631d2b97f1b05154c47aaf9f6b7830b0c99e31ca32baede9201349196828ce,0fa12421883678ebdb6b07f8f37c6d2eead156019a66746b2851e62173237dcf
0.15,2048,391,True,True,39e7a7708de9c1a1ee1fab7b2a950b43638ba1753b3ea12b22f9f1e09f83ad6b,14e6dd4c457616d33a4e9d0aef4b415c1b29efdf1bcffefe49c85aa820243094
0.15,2048,392,True,True,30d2edd7bf00335deddaf838ab86cfe425420a4ad5e68b9fe9e7651df844d277,e2f400670425ff451bfb2d9af23ae877e37d4f1b075d7c6608045292a9e703a2
0.15,2048,393,True,True,9e89349282f3f490e517430adf0ee6f4bc7a9012ad5cc7f347c5b3832a3952ef,2c8daf348b2379cbbffa0c0dbf6cbb5fad42c2132b2384c54b36101a421ac88c
0.15,2048,394,True,True,8121bf2112fc3e44a7c0f06e46bf54855fdacf95932179615df95e703e3891fb,4325967d1708050df11e48afcc18d193334e624c82c9bc76b0dab213b32ec867
0.15,2048,395,True,True,6e4d04daa6c52cc3ed8b501225fe111d9bc089b0fb3e00fb1bbba8a1f92460c0,5c99e9aebd068a4fe05a10639204f87a62eb8641fa7bd4dae92a99cd5a5584d4
0.15,2048,396,True,True,72c75d18b285a9af0e57de905d584c8ef32ad6632e4c4b7f0a647e59b07e7a25,5b5bdffd8f1c7bf9e214b71f88631ef2eac0d8f8890b4d45d33af743aa854d10
0.15,2048,397,True,True,05cede768db6fe2e1173b840fc04e158134aea1d2843b29c6c8514e3659b9e18,7d99888bce023d6d8c3f388e5b6598a85c354d7b5bf3023e769dfbd1410219a2
0.15,2048,398,True,True,d504c315d81f741a73dc6637e2f5ec47c5bc31ea8842c5c9edd8b9a9b92517da,0a65d6d384ba7bb060003acfda50ab26dd619a458127818dbce6c2f0c9349c7a
0.15,2048,399,True,True,bde0ccc62cfceb6a1f9d9a0acd5e264663a48a07198bd8e01e4f310a46349a42,723d4b2f64dfc0cd025672477052277d8357c123de312a1b91328679e21fd922
0.15,2048,400,True,True,3873f4a43f88972c4656a0a68ffe644af419450d9d94d04e10c7461d5d1bb8cc,859b03f740cd1b7db1615fddad1b1a2ba30a10fa1cc12e087f67219124410902
0.15,2048,401,True,True,5c3031a8114a051d60fd8ecf800b72225a8730de4647c160264b7e6b266b020b,afccc6ac494478c45653596d14c567f0e69fc5e70977b19e18e86445a66f09b9
0.15,2048,402,True,False,892c62c97bec0687b5e5de78dd40c37cf86864c03a77d518b258d3e5c71a1711,3a131faa2f177367c5955acbf03b6928002a3897559b0f9c0f8a7133208033a9
0.15,2048,403,True,True,f44837b94a87713eb85c9949332372ac82bbadb5f754fa8aad668644a353b477,983ded5cdddb093b8b176c320c48a43bf881e09495c924893160a711884b5317
0.15,2048,404,True,True,f8f93764e10f5cac58b738afa2b020532e8a503a733ab78052be70c27da2655b,69c1382fddf126397cdac57e3a3b6555d5383e16d693ee921fde0e8c9611df62
0.15,2048,405,True,True,4c5f0616bdeeb65c022b351aa5c22096da827cfbf02650560574243bf5d9c34b,7abca42d9f2fde10bd0d5c7f9770808a1c2b9e23375be891e3597a34171f799b
0.15,2048,406,True,True,35e667b5a2bf5b79f71e69f3365a966a85f0738e1be99c5250d48c9afcb04832,b0037b1f51e0e6c050ecb47f58ee4537c12367616021dcce369a2b980c2b207a
0.15,2048,407,True,True,355586c0fa46992719a45703059ed5a8ca19012ebef5d125c2d50bb91a75397b,b09d5fe45869b7c4c76394c9dd76890633b0c42bb7379a6b4ba6538a0d853d11
0.15,2048,408,True,True,3999ec784ef6e83c6b11bfd086597b3c2653c49d6e5675cd508c2d1dcb982d2d,7b21e22ecfb10506c5ffb97f2efb6130aa2a6e053a79085beadecc2ef1ef7469
0.15,2048,409,True,True,a5d33bb8b4e6206f7f04df3936570edd2c476d79ee10b9bce1a92de89b1a7c70,7de0923a858932744fb2702abbf59d64403953ad0aaee5a22e91fad0e41d4098
0.15,2048,410,True,True,0fc5fd197a471060ffccbfb3e77ea9b14bb6c0e518448e2f2d4d33744b16145e,9075d97a63ea20b3692394aec45fa53b1f9716f621aa8751f6d0c3f4d9d1f3c2
0.15,2048,411,True,True,8c7946aabb6ec93bbb16749bfb58167bf2f3fcf6bdda71f7e04774961e53aa17,b794dc2d433d7c136045846c1f8019753e74e821554353ef15cbe555d9ca2e94
0.15,2048,412,True,True,0ecd152c052a34167ed4dd2a88ad8bef3b0e6ccba84833dd804bc7a50aae556f,a09606a6c688b7df02deb9e0f949a7b5679e57b84d3d979ab5a28466fc03dc15
0.15,2048,413,True,True,169461f957a9f501b4816d1067fc583f979cd62a33255995602c041922791c5b,98b55f364a922dafcd0a2c0ee505ce12a0366da04808b16d333eb1eba0a1c4dd
0.15,2048,414,True,True,95af048f910740c60869fc26eb9a9042f532b4867f68f090993fce898ff3a63f,60ad4ab13111bf77933dae4fdb50b78f844682d97ad69bb71f1fe20dcc5a70cb
0.15,2048,415,True,True,aea70bae818cd260701153de879592a80579846735414f2cc80c54ff03843178,a39bab58b8ffa8c8ba6f0980acf5b8b5dc9a13e94e31d4640b89da9116c0697b
0.15,2048,416,True,False,0213f7cb83c9d745850568c25554e8c8c09dc2f611c9ca6ca2e973a19e5c3575,2a28c67c68e22b98f5944c9e68cbf86a505a922df47a74ccbba89ba63a164bb2
0.15,2048,417,True,True,75e1d63da1e89e556216a69e77adecbb7bd5f5edb626b858be74b195e3a04c56,62dea29570947c8a2f4a3f7c3afaf8e43c11c2e26469144969bbfe65cad4b108
0.15,2048,418,True,True,7fefdf53a72f9bc6f3ef994426c760ecb328273424bb7a09b9a832211f6c859a,45d7cfeff3dd5210fd7a311040b9a821b7ee7a3ba0acd2096b19690bb978630e
0.15,2048,419,True,True,500a518c0193464cd433b7d33d99e6f0594362393fbded9dc4523be542b93cf0,ae06794c08889d3458ae195d57687eb22f24c7bf7d3048e4c7d305448140e7fc
0.15,2048,420,True,True,98d3419630907ab170e28d52c7167a589511f70076060f07321247703ad41142,2b4b49bb3b1505268a2167be1a606b3d6a2dad5264577de0b96753c86638c9d6
0.15,2048,421,True,True,a95cb5fe855ec44fba65339005cb6fa235905cee2d6ea540971955319447a41a,db8899c6e0aa7af99dabba8695aa86d9f7a832144f719fa16797a197c8768c8b
0.15,2048,422,True,True,32e38e72eaa45fa142eae4ea3019c812f6de90dd3eba1573f1b03dc18422b8a6,fbc0cdd32d508ffed106e65eabbaf2225f2b10579ab878b545f4c0aea6263d9b
0.15,2048,423,True,True,0d3db90e2c537ff408884406127be7b595d8a2257099fb271893694215560186,75221ad5113662585c56a71bf14eb74593984b3342c49d2182290643db1cef2d
0.15,2048,424,True,True,c7e4b0954b4a1917a8c1429684d907e961e662a48c596da33a423048f8c81f55,b58dda495ef4589fe416e084960c158d04f5d32bf4e561016f06f77b3b54007d
0.15,2048,425,True,True,df3e5643636f929ab3c8e1aea73f4409cd1ab28a7466d15e371b70aa310598ef,c105cf65a5ea90587f20af06072dcf82f8d3f6d84db6dee0e8f330044cb20a37
0.15,2048,426,True,True,68f8eaeec97c5e313a5fdfbb6062ad669b72135666e81a7fde0f6edcdf7cab16,007db6440061cd024422637418884460f7ac72213d158448751833ee89a15236
0.15,2048,427,True,True,adae440ebf01c77870c46f9103dacdefa4f730c0fe70dadf801e90d5fb5a94e2,ea045824fac19f2091d6e4a09ec53d5bd899d29f9714bf6ec2f241b1a6cc56fc
0.15,2048,428,True,True,33304fa49032dde3e9e7caba0fde74b8501ba35ed935953be2a357c9ac5d1821,766fa51c14d4f13ff898073b0f2fa5be5efec5bbc36cf7d5ebec994193029a1b
0.15,2048,429,True,True,2b24db9c23c7b93e019c346310d92145c47c8c9cdae683f7e64c6b76d6a408bd,3ee1e552aad27e823472ed6a56dcd0f9e8de708ccf8ea0dce02c5d777a1435a6
0.15,2048,430,True,True,1a97734918a2484d03e48b621c5a41a1dde816aa033d867a302a9e87047a158a,d92eaebc110d5a946d6d4a6f9cf60d7fc5d922a8fabd0a43b6f7a854433f6c9b
0.15,2048,431,True,True,39f824c9c2ca1aa92716fec4433b73ca2af81039894747dc0f84371db18ba2b5,36c5bb4ebb7ae1e2af08466d31e82da777e1a182eecdc1a774ad6924aed127ac
0.15,2048,432,True,True,6d2f727b075ca4f2862f72ac4757021b129ae61a8cf2f342c4e296f28b998582,3d475983a67b66360f281e46b2e01ea3f1dd931ad732e381226713941b58a419
0.15,2048,433,True,True,0453cfa235b5f7cf471a80e13307b3968d6e28fca16fcce0ba13274c3b6f9139,fb398046b0f2352d976b40da117809d92416e7c65d2e30ae2016029fe2783ab8
0.15,2048,434,True,True,f4e25bd362dcd2b6ece2a819f935dd786ff9ca6f92e05d3515a562e12ce7bd22,08875f5f65bac8e7dd439f7ce578dfe86311a07735f2ec00876b4249cd0156f9
0.15,2048,435,True,True,8b6fe56662aa5e2fb586958c884a9ae85295d7a29d173b885d5ea423526cc49f,7e828faf38736631d3f6fee12a02baa610ffa5e0415a14961868ce30b89b5388
0.15,2048,436,True,True,afe3df02a634273a06d5b5bb1051c7036b5781fc0dfb45d3c605a600ff87d2a9,49e569c1569636368708151bb2b311949ce103d0043eb29eb3ef2e6efbf3bda4
0.15,2048,437,True,True,370de3411be00555306dcb1f3bac27f1a686b69609ce2fa7afb4727ac25973a3,6e7665890eef378fb2c91cf6885d986e4711fe34f93e72d5eda738bcc726ddb8
0.15,2048,438,True,True,cd9e6c953924e05dd92003b0e0414665333f652178b769b490c0b7fcb0b12f6d,946b754aca37b3f0f79e3e76b5e4c4f5dd5b25e11e5aaac781cce74e5a3e31a1
0.15,2048,439,True,True,366d0c527c2e263b8324a0091383248436cd3bb9662279f8cbe867343e7a3975,a411ba0fa308e54fef449a62290ec957b1e627e3e6bc8bba461efbdd6059fc35
0.15,2048,440,True,True,7a8228d8b20f7e10fff90a0506eb16910dfef2f0596862c76531c9f77957502d,b0b8af6da9ec1a09099145f73eadee5e0240ab7934c4c5660d037679419ed2b8
0.15,2048,441,True,True,1a2ab039a151a2e04ef498c456ed15bfdd9f48fc9fe66f94047b97dd845b690f,d6722b25c032a76f6807e25233fb0a9a3c542e847ec7ff408857b925d5f1b3b5
0.15,2048,442,True,True,5fe364bc51df53732f3bb6542527665dd3131f8e1f3f6eb6cb90a23615020fdc,614cba0a317e19f417273c30ba0cae3e81c82454dd4373e34e776065bc09a20b
0.15,2048,443,True,True,9c321c859d486e83e36f2ccebbacead3892bb5b52e82bae4ad2e3c3c220a1531,e210157e0650c54e02fb40e6b616a999b4cb4d17b95352741e9a9b1924a13863
0.15,2048,444,True,True,20c767b4dbc21af573ffc6e53314ae086f7da80a99f1c9e2293e97857f91fddc,752ab9ff2f4b282f6b79c16d2d11f153827f1d08cab9681e8762aa409f0dba81
0.15,2048,445,True,True,3db8bd1298332f32fced800a5c1c49deaa7c9ec6ac2f5b1d8b8b2d25bb1c58fe,0486bf9350d037ba7b1fec788f29c26d5d4a921ac9fb4c8766f7449c5317adaf
0.15,2048,446,True,True,06900ebdf1a67b5331dbdee82655a78e3c9c338861e79408c421480187f77162,53850d459af4b128dd9df43b0cb714bd58e2ae7c6c30c14ecb8bec71a47d130f
0.15,2048,447,True,True,0495af27e1b15766785ba7ab15bf8715fbd3d9c71d2ce05324c5cc2aac57477d,052f2e11fe9879ea80ff9d1e8bc810ee3d9620f8695843425ea1d6df3dd154bc
0.15,2048,448,True,True,9d9a916a21cd070b8960b08ef4205571e763d6ad6ead6222266e532a1b205815,59b287e4943417e043a7d892c41014e8001db2acee93d35ef3f9e02111e2ea00
0.15,2048,449,True,True,9d31516661c12a46eb80066c6f8131006cf00518635c0616ba8202fd030570f6,6508ce0c014b7534edc3e4aba495f1ed3ed71c7bc281c2102b27ea994bdd2b42
0.15,2048,450,True,True,7fcf0f420e684eca76128264e97cb7cc61e1ecf81ebbeaa9381933f17fac14af,d82da3e6e64b8ac75ffd81c5df070a745a248dd6fd95a9d14e92a50206a3acb7
0.15,2048,451,True,True,c86c2b4f761ac6f74aa3ebef44d238b794e7c9bf1a55d52636d85df06b98451f,b44c50ef5d1149493144f0bb8e1c11e3d87c0750d8ae221f9e4b82b733faa8ac
0.15,2048,452,True,True,84e33825f10dad2bc3130ac54d6058b1759b95bf4c0ecb3c7c4b57d14a178793,aabde6a90c832c479f477fffbe0284b82851e3b347e34c2c0555084eb158e092
0.15,2048,453,True,True,fd56a8684e34caf539d11248908f1a385e4953f6d2d3795cd6f4031d617ad95b,1e314b6132d7673b2f9f3fd21f9b3fe925097fd2e47054e83538a7f38692257a
0.15,2048,454,True,True,de9b4c08a0f6bd8d66cd38d4c24ad007379b9b2d9d80fd5e3380697ba6a57090,b68f4dde77dbd24144f160af11e40f6a9b46b23a46fe8417e7155d891c6b369e
0.15,2048,455,True,True,37ff2b4221b8c8340a20846339695f329e2c3913895560c1dd31426bdb3e7687,ab259ded313e1834683da33586a716258dcaa3de8b8a9d4069b7b3d0fa5ebd78
0.15,2048,456,True,True,fb94add4b8c345bd7fd8ebaf938d53ff393910e64bb1b912f00f127e5a480302,2ac42489bdf5609eec23237bd9d89566e925969dd8d027ad907acb461709a817
0.15,2048,457,False,True,de139fa03282761d3424f5a17e4cf235eb4acd01f7a5ae59702892e6415e9a2f,4caaaba7a1d278796b7febb0cf7c22338bb08c347d6c4bdce1029559038f2556
0.15,2048,458,True,True,aecaab509c181402769c6abe9b0a989df51000a1f3022f7066077bb94de46392,ae24be57b386724266c2656a0d1537957df505dd157d687ea1a125a1a8923b99
0.15,2048,459,True,False,84afeffb4f08226444c5d02b3cf7c79e2854bcd3a70f786ac448a43cdf087e0b,f62a15bb67f5cbfa5770b4e9d13c130872235183efadb7e0f0e2dd23949d36ff
0.15,2048,460,True,True,6f7688e16d0d1417e18219baa7473b4633b51d9a57b809fb5dee5e1a14ccf81e,3384c5c98266688fafc1e9704064a0584e22721a025f0a96fef4dc02352388c7
0.15,2048,461,True,True,0ec2fdd336c3a70a8b9ae88708901844b025187a583f9c2752623bfe8c939f1c,bb070e67550b94b190814e3f9afc8e0a8b6d18194eaf93408985b11fd6ba214d
0.15,2048,462,True,True,724589631684b36d94ee5730bd8ced59f629735d26b207ad379fefedf5c829a7,b3a9079347ddd508358e45afc207a0988fbe681bef1ee97cd53c28a3fd05f64c
0.15,2048,463,True,True,61338390d4735a42de714cbdf1360712cb4700cec5c683319cc60e1f8d214ed5,33fc5c72ab649aefd978b98ea41a94ecd9b360074ad43ed4d37ab46679642e1d
0.15,2048,464,True,True,2f3afd5883cd2427fd52526c0dc669470bd49312355a5d69aab12933c67d7148,9d5bce649a16c905dea8273952705d9892e64d0e1f9fd6fae91f0d63eae82451
0.15,2048,465,True,True,c39c36a28e2eeac7a9c0da699fd474191896cd928d28a28faaba4c43c9e490ca,35c441513577af549c911da4599c335f99bd8edda577bdc1a3b81858bcc69c21
0.15,2048,466,True,True,f1984ef0509b4189b80a6283913db8100bc42cbb53753a8b0edb577a383074c9,cc4a5cd5b861645323d0e8573f3f635f6fe212c2ede781c8a1e7909e29af2189
0.15,2048,467,True,True,c72ba5ba505da202671a5008157af253ce7aaa95a9a4aaa187cb0ef4cdfd62a3,90994ab9875336377f6971af302bc3c4b969869eb039da6943a8b8576f1d4de2
0.15,2048,468,True,True,29a79d60267aa603df297bb1920bec90bd3e82511a73bfe69b7ed35043f44a39,cd3459af830471e4a92b2f8f7db70816c901265110efc1592929625fbf173100
0.15,2048,469,True,True,ec778880a837c2c0abaf348178e7d5912b35ee26ea17238d878a9b4da342a925,50608ae9923ead475043c46fabcf3a3ec20413e494e5b9edf393c80d14bf07ce
0.15,2048,470,True,True,56c83942455c8d6967015b75cbf1875ae98fcfd3e332b11cbb59da7ee25b5ed7,550a8e24fcd5d3d7e9efe3496600e310d47276bcb99f1a2b87cf37c59b1d3eed
0.15,2048,471,True,True,bc47e5c9edacf0034d7c60b247b7f39f631e2758b094a68c9a5b8f9573b66f6d,673515b5062a1e4b96d11075b94126c7f4df1505ffe1ce132b2e5cee5808c868
0.15,2048,472,True,True,c07942c32d6c3c71fe407ba997d3697d9cb136dd0d82902e8644dfc6018e58fe,5328000c656184b8e878313d8bbfb64b79b42449a77cc08b4a6f39552bb4ed7a
0.15,2048,473,True,True,044933ff633b9c27a0d27d3670c748968d930a83ba72baa820b8d11f37247463,b5d19b774ced9f47d43b1e3d01f0e14d4186e6843d76667dda6dfb133fb51ce1
0.15,2048,474,True,True,f26be7fd6e026c31717e3c6f65b0cddb6c181947a4e5a70b17fc5a5b98e7c729,b7fb2f18af988d7becfe340c545682cd6d1506f2dc9ad7f0c854e5828858df72
0.15,2048,475,True,True,d9de94ae9d8591dcdb7af0f483c389ff9296f80a9fc972c91ee025daaf85be05,24a17b84eff17c2f790bcd0efe55a5b130e28c2f4966308893b76c4bebd77e1f
0.15,2048,476,True,True,9814087ae61ad3c3cdb1d252edf82f467db18f5734518c34756a94183f2084ab,711cde2a432506ac5943b8c31c709119fee111ed2afc3a1048e09971ab806f2b
0.15,2048,477,True,True,57b20e87ec3b124b65ae0235e17051157c3f4f9732a62fbf6a1795a05e584fc6,c8d429bf5adc5cf77009ffbe83e3259c4c6b9b69cf951b9fbb4038d6e4a07bc5
0.15,2048,478,True,True,67b690c70490c665684d9f423aa7ade876fcbe8b11e28981337f791d15aea35a,36046b5031f104bba518797ea001de6c6cfdb81ef8424ee5867c36e57481c139
0.15,2048,479,True,True,cab882f8647b31dbe48b376e41a7d5445aba5302127b8164728004e8086eab9d,5639198958f824d0ad493cf51bb02a66601043501a31e05d38ee268c69201e9a
0.15,2048,480,True,True,2aec134afe0ede47d99dd763262b8816b9132aee20124760be23464e03ccbe84,c6923ee16bab36de5da58cad077189cf21412496e767ae6b88bd5d16008940b1
0.15,2048,481,True,True,7e557b283b6acf854cde0fd67933079f44eb6786b972890f54f0ff3a7f686728,1d9fad4f5f79ead7308998a4cdb405fa39cb840062177c97334f06c693276fee
0.15,2048,482,True,True,0d698b17fed6e31fb5f247e7f484d8d902d7c53bae427820e4c454d951660691,7dbb7f37d2f710843eb6c71f1802813f30c57b5e9aca8fbc52790c75f293de92
0.15,2048,483,True,True,ac4f85b6fc22b3bc532ce7a3efaff3e9c6c7f057a386c905ede8e9dc2dc0ee30,9fab5df2f16f895fde9ec44d329bbe45e7e851156cf9fe4a7e0ef31178b55026
0.15,2048,484,True,False,6564e219fd53cd1c4e24c3ace8b40c96e64bf2cfc3a96c8a1a742e8fee59228d,4c9d0a5cdcd0a8f92fdc6b0678434aa0dd57263b08262ba09907c4d70c4c6e84
0.15,2048,485,True,True,337bf5202e2aa08803f90a725095e10614a16124c4bccf5a026eb49ea88f979c,f949b5a229e2fd92099ae94bad9d23b12c0fbdea15c92f2854df12072b43d91d
0.15,2048,486,True,True,fd3292d33b31c89eaef9cf658992db7f0a84a3465009e37aa6943c93fbdbd17a,b5803792a8cefec733ac30958f01d86573052a0022c4325347956f772972a3a3
0.15,2048,487,True,False,71b08195d99281fcc6eb79554de48a86b853e057bab49c0d5fa27e680311156c,5716196840cb2d6b0617d5f9a92299e68eb4f4dda8d7906e17b9acc4d87ebddb
0.15,2048,488,True,False,d9e17bf855344914a00fe62314cf2b5807cf952f1c1bd9e249d86546baa7975a,24397cb7f1c0bc52104cc70e71b1004cbfda2d31c7fc0e4ee908a1f7f4034907
0.15,2048,489,True,True,c38b454e3d6d77049d231a898bed80ab7a18bc9723ead0068ea92e30ef11d9f3,f99e558b73067bc2b5ade8bafcab7b84e23d85489c3adf42ddebb1a998b62901
0.15,2048,490,True,True,1232fed39d61ced4de26a1ba458a837481532e92b1f29e179c9bb13bf80ab35a,1686d206aa7b0dde8b77ac7b407e632f97060b1f5db74df2f7e312ee7d2c0f92
0.15,2048,491,True,True,7399e16c35da66ad471d09b81aec8f1cc9104e7fd97091cbd129cadf8567e35f,a4ff22838fdf913427377869e316c593f095279109a566cd15f8d5bd61763ee7
0.15,2048,492,True,True,6160f38d3e4f9f0cf335f51dca6397c17e6c27c6d6f2d51e1d2992eca1eb2375,ffe06d450e3908170ef45ae2662c848875b9c95c4b4642d495811195f2f54413
0.15,2048,493,True,True,15bcce3c64b67fb3a309eaea0c1d999cc46359981096fd945a3b964eac1edc10,23efb639b27a76d1360a6dfd4656b5ea434b85c7353b793bf82bde101bd0396e
0.15,2048,494,True,True,0ebc00c185a7dc12f19444a5b7745dac9537d750b4e4af4f514823473ee64f82,e63de3fe64a6f83036b8956188999fdf50dc93e61760ce157d09bd8497ecb794
0.15,2048,495,True,False,5bfe93488e8a9b67488686d50282ebfdf34910dc5bc0bf0f0073e3bdbbcd10ff,ebfaa0cde40a6b675a48c0040a41200757f751552f0fa9e2c71cc08e6c954c51
0.15,2048,496,True,True,c53c97f349701c5a66f009f5b311830d4d4d075fd26477e7c4bdd274d609cdf6,76035ce146dfb5dbee84fc8fa5cda987988b8b0f5d067092527cb62c518315ae
0.15,2048,497,True,True,b5a6cc64969269411516e27816747c6d95ae36d78d6be0ed063f2a3468b57061,412a85580979bcd7ebc1cafb472d7fd52da8b6c1f9a36fdcc75a6788d2c7be81
0.15,2048,498,True,True,c3b6230c3121d5068d5f03cbd05304da7c8d97f801c35db4a4b2481f8c04f8a3,0e173b99c1a3a5146a320b35d064aa90db3df5cb7044136b6efddab725e3e196
0.15,2048,499,True,True,812de49e70e579935101fc9a44f91ea7660e630ba3d15d8bb0f6b62788309b65,21bd2490010b986e4a521412624cab7a196bd4a5bffdf534b2deb48d9d961b36
0.2,4096,0,True,True,bb8fb0826c0f0512045a210611ab1f3575763f96e32535348156a89c1bf521da,b37271c0107ea4252f6af26de718b9f517dc7ea0cd1168b33cf9e57b2af84195
0.2,4096,1,True,True,e1bdf03de65a48507a811b1fe0a501161bd9c29713e1b36e2f26c866abfab118,f927950b3c34b52cf79e27a10527580d53b68b0a219def1a46f12dbed525ca72
0.2,4096,2,True,True,3bae9ba41ae062e6aff1a9b1f999a23b91d3d058b6c978ecd9742f9d1ee37907,fe6dbf676653c38dcb13cee6d50283413e36d01e1189a9e324aaa3392c345b86
0.2,4096,3,True,True,10f779a338675cf63f1ca991fd13a7dceae17f430813ce4c51d77a1610266bd2,b8283d2d342cbf84c52a05f12654af3a1b1a916da5bc12eaae4e1ef42705f9be
0.2,4096,4,True,True,90e5f6e81d16cf362d3b388e9549dcc5c9ed2588813a651afdbf29065b183085,642e3f34a86ba3ea31d9307cadbda263faf806ec377eaebafcfe7ff0a4513803
0.2,4096,5,True,True,21d2795b1b6a7d733526bd81f3e25231d74596106c9f838ce29191d360f3cea2,6774df843162716a48e45de673f4168ddf925219032c02cd458afa05a874dc97
0.2,4096,6,True,True,239a07345df02a803e3bd579bff3085057fa4d07ab0f16c9d8c685ee9ea23825,4ce18ca29d7d9996f1e2ea8352f144078537678da8d1213290975d3d2039b423
0.2,4096,7,True,True,7909a891dd117080b4d92e1d61e4b2c102521590db60b4f4bf39ee5fcb1091bb,32c931e42e2bf56f30a709afffcae3bd43019e33d0894469c679daaae1b427b6
0.2,4096,8,True,True,2e6292779f0a27e471168c6784081a7631a6fa1e7f2990e33dab8d83c1e9b814,cf44820ad358bbb511a34281b5f5ed94bcf642b5a2cd087349175f905fcf7d92
0.2,4096,9,True,True,5dae0acf9cdf6c05b517f0329125c1af664668eb90a727ebde371fbd341f10ac,bdcaf138fabca3e0a35cd2cef37db31f4ebc57d4f8565fab3716974d785dc3db
0.2,4096,10,True,True,db1cf38d9226eb29fde07636140af17febdb25b306831f54f495fa9bbee67498,376ba8d45f13cce27bdd9ca5be2784d07d1be74c9a83d84e0569050fd585d38e
0.2,4096,11,True,True,6761a534094cb0528302f8892dce1948ca47076c19c89d9b5a3c0c636687c787,6989194430a1611c4e13c75d685eefb3d748efc8f9ee9b4afc328c109c0298d4
0.2,4096,12,True,True,f18900c45abb0d8206a44945382dbcd788c96ad5125b86000eeddaff04647d6f,6f5a244812527afea5720e18b87cd73250a12538942ff7430f43b2550d6dc166
0.2,4096,13,True,True,76624cf63e586bfde6cbfb1bc15d3a30af24b37c288830386e3459506ad11588,992809cdc9f4bf4cf835c9caf65f6ad8e54ce6aeda08684044759cadbd98c179
0.2,4096,14,True,True,74b773a68b9d33439a6cd6e33221213a4e854f632a06aed2c67c30c908d2ff16,eabf23903953d487acd064be979bb28c4cdb5b51d768c11b75a468c0e2cbcd54
0.2,4096,15,True,True,629f76c294226aa9e63a8fd0ff44ca4248db97df2d2e823c281620a062a5e7c5,df60ac9bba96ba165209955ccbf9c24630ad556109e9c55522d12d366d3cdf86
0.2,4096,16,True,True,052e5faf08aa615c2ba23f5aab0d23dc7b93f455988b6838b647864434d02e9c,471a734f6eff3574b1bb391044cc236aaf2052c5a74e3682e5969f3456eb316c
0.2,4096,17,True,True,ac559adf6280e1bb417c981051edf62948ab1bcc4941aee6d7019c0e2f960142,95d9489cb67588a0101e59be408f2482d88fd5e97aa53923c3ce54cc1f77a331
0.2,4096,18,False,True,7585f0873d898b1bb27eae8772d327ae75c938c64481c8c1ad98263b524551a5,f3bc98a8c5cd6be485c286631158ba14fc8a950466dd156242646453ffdc294a
0.2,4096,19,True,True,1e36e18f80f7b8311929d4f05d21155c5c4acce5d52c17d7694b606646240eab,eb775839baa355cb7408e745e3c1c01d718628b5e533fc46db014677aa7393b1
0.2,4096,20,True,True,5a62e1fac40d39f5083e198691830adc093abc0c57499e35d0b0766c652db258,f4385776fc1d8bf1f5245113fcdd56fc140ba53162a1e07d252931bc78d3050b
0.2,4096,21,True,True,d5db3059e724d9d420574253b8083712641b021727e377fde3f5c432483105fa,5332b67dd85cb7b3836331bcaf4d077297dff43d145049f87c0097fbcb8803bb
0.2,4096,22,True,True,6eaedd8485434577198e8a404bb36bd454b430e9553241bba9fec09133dc90b3,d9e25c8e7d7ecdc5716936151ae0403a7434b48a001608ee52935799b5276392
0.2,4096,23,True,True,fa14cc96a605382ce494654773c17dead27d5c3cac960321a5db104f45a50917,d59073cc43e7782cf8b76b641021740b7d56cd45735045135ee89a8b051732b2
0.2,4096,24,True,True,afd7109192fa6ce46d2b8573db74d7c2e5f5123825b9c59de641bb0a641e0125,4d6f77a713246e8c3f7355bc8071f721b02dc32ceb29a6c6856bac23095e8be1
0.2,4096,25,False,True,b6a2eb7e0ce7e755711df89826138520e3ed3cea2fd446fd2523b8917975e56c,c3939d653836937f03a5db8ac1d328397016cc1473008aa4a4c0dccf7f1deb3f
0.2,4096,26,True,True,ff1f1a59ec3ccfb3691c7a0d6dacce2b23fb8a933d55a5db27db027e96a9ab9b,e04088083a4444178f970e545f84d3d49e080e635b9922c11789858679444bd0
0.2,4096,27,True,False,3dd3316ec42e111eab8d26682a667f039a307f63eb708677306c2f3bdce86795,0b1d4afb06a5754bf79f01b4be3a9be04047982f61f428f338d336779dc15e39
0.2,4096,28,True,True,4301c8aae3fda6af6c2dbe1294e703e3f2e0146e934743a0970c90cb52b0fba1,56780e1cf3cedf97eb4dc5265a7a75b523bb65fc00021d9341773d5bdbf6a802
0.2,4096,29,True,True,c243e9d3c269c52d9708f1022e49b68b7a2ee6bd0e3ce04631e633c0dd1f38c1,56831198693060a09730126a70ddfe814dc664be3d0e0411feabafa277402fa2
0.2,4096,30,True,True,e1d6d67db5cbf2bf5d0f866d4c2acccf9c609ce1b193d8e81220e945329ec03f,c1590983246fb935ae2bad008836c61a6b8993d36f6306ad23cbefd440142780
0.2,4096,31,True,True,aa6f93d5cb3ea3df0a4a569070398057554f8f0d91e25e0fc34dc746f79a02e7,f561375950af126586f42586cf1d83a9ba86fff763589df9640c4af3d32a2760
0.2,4096,32,True,True,b9e99c655be15ad7637aa1e403baae5be04be004ae31d624ec77477360851d41,bcf26503049665339acd9d20babb715cad2d5276ecb30c02d6f7422811e5f402
0.2,4096,33,True,True,9dd2645680ee7b8f393d5ec956e6635f61178af76af1cfe0815bddd9577a9e21,1616f1be879d8ed52bed03498c8633feef4f1d910c86e3c0276a42b44914fc42
0.2,4096,34,True,True,f587f6446bf9d32fe5bdebe091f3505bd57eb73e3f94ad87fc7cc810fc2218ad,0d633fe90f3777e8b5653f17cbc7c5e4656f699b82d4bdfc57c624c33465f614
0.2,4096,35,True,True,da3fdaef92f2b7a8685692baa3cbc02067c63803f08d41306f9ea38909d098c2,d1456fc0adf256130c94556a36ea7a0ef7bba034956733584de4d62d99a6aa42
0.2,4096,36,True,True,0f03bfbcac76870aaef2a578e8e4927733d32ce3371e3920e00be03e142a9114,23ce3e7bf0b00d4292caaeeb3c07d299c72a6471da65787a64ad1b648d383108
0.2,4096,37,True,True,4ef5fe05ae40a2c8a9e96892ffc6cc9c154b20802a0c4bb48c2e0526ff3c9aac,6732b2f603b43771517dbc979622e2e0ab5da73309afed7c71fe00dcd14fe210
0.2,4096,38,True,True,29c95df6c65b094cc9b1b94922d5ccf7c82b1385170fa8684599b01239296f22,7dbe853ee2c7c81c5cb9a6a72c23967ad73bbb8d5ebaf4707566786ba97b3b28
0.2,4096,39,True,True,5953fa810ac3d7969a307e3a31d097ceb7ae931f8ab783d6cb53267514d039c6,d1b531a571c7bbac03987dadaa4d9e8e967a5f0df0351bb7f65374b972a60751
0.2,4096,40,True,True,b72ff948985254ed82c007c5809b7fe041f28a6692bd13af838bd08d7136c7a9,3d743302d331850a1677e81c2153f2c444688e5cb27ec3055bb0af611dfa6a9e
0.2,4096,41,True,True,3b06e871aa709c83e87bee6622cf49ed7726bd0cf1d2db9b4a6cda2454ef972d,d7f468bdbd39b3e63cacee67e581e8bc8637d30253eb8a60d317575c4722931a
0.2,4096,42,True,True,33c1ec26c887007ff7eb64781395e6764ec7e0155bc3c198350e2c35ff7b2c3c,1d6ff2f3b76f19e23b50bd115d857aefcb14fbac098090f974867cb7d39073ca
0.2,4096,43,True,True,f1f9a4e432580f990b57455d81fefa7381f46c58382a20fe909f78f78ec09bd4,3f1550b84766bcb390e8cf43a3ec1a96ae46cc5e7d2036d51b000512bceecd9f
0.2,4096,44,True,True,d32eb82ef2ba11efee3467c1e14f1bf062e55a52279ba1530640d3abcbceb5e0,650148952b5e48dfcd07cdc264f99b852e5b51de778d8da1198b179c5c07b690
0.2,4096,45,True,False,3d6efddb09382f092715feca3ec07db0907679dbff8fa3baeeb067eb379e6a67,9abb227d3741adce6f2a7295f8b0a0abfce2e5304fac24e605735de66b9b22e7
0.2,4096,46,True,True,c89c2c9716cc416705459d79c7a4b39dcc1c6d3ed60f627d0b95a07b8d6b8faa,a2904dd693f7adb5d57c7ee6246599083c677c5a1852586cc4c9ce5d9bf0a70f
0.2,4096,47,True,True,be30ce1b9bad0fec8700d320d717d6e55b1cca2da1dcdd18a7485e55e25dbcbf,06b6a0d6bfa19488f7035a6caee4dd04e79059828eeee83eb56cf0856de6300f
0.2,4096,48,True,True,23970dfefb26c93fb82fb2969f66f3054e3eba52278b76680283c4f88df34dc1,1934650f8ad25adff9f2b3df401fb89d1323ab56d26b2a55e80d0f326aa55822
0.2,4096,49,True,True,2798ee431caff06afb1529cf4b78a69aa624289a50a897c383a5c86e7a5b6fa8,dec6cfbc93ea6d12e910f0079a834fea2ee0a64201ca2557aa5c3e7743660c9e
0.2,4096,50,True,True,3a77e86bafac068d5071761bdc32307932768d7b3b4dda0bd247bb640e7e4b16,9de0caf73e97e577fb5d9f65b2800d7cd6009365312d97c510468772467f837e
0.2,4096,51,True,True,e41c789d4b0b2c1d7430ae182a9719a99be7c27f0a691e2be04be59674a278f3,51704082dc8d594102ad681c3caa60c07529d8c4d69c32da4b6c104b1539906e
0.2,4096,52,True,True,ba0bfb0b66973f26758d37d32dbaf6ded6882e2ed941aaeee86b9765dee8a4e6,6ed9bd4fd2ca8019497d411a82a75243b08d061d489b74aa0e0c7c4b8d074e00
0.2,4096,53,True,True,9a42fe648c8c2073506a034312252f57320f42ac5375909c89e76c569b1fcc89,701bd2784160793d66fbb84471e2d7ea13eec338c4ce9771e88075f2874d08ba
0.2,4096,54,True,True,f33b9dcd4244ba1eb63d52b9f39a6932098c2e551d9e733a01ef8593d055684a,125db78f8f7caaf26d139e7fe2ae8e374e1a254022f39c66b57b07134ee97e26
0.2,4096,55,True,True,5f21ff2989001416716188822934d155bf3427ed135cf7c3464b0bc30d74536c,d54f85f60c9df394470c35e83ceb6b95c5b0176c8898d367aa456b676ad8121f
0.2,4096,56,True,False,cf10a87cba9ac9f6938cefe65af7e9fd4ca6e6ed9d1092fe897d8f333a7d3375,0df7e6bb834f8d1f694b9af8facdc8836384ba894a8d7f4dc0b74d5b20ce2141
0.2,4096,57,True,False,58b0a26a81960d23c5d3b2101e907b99d6789cd5287be77d3de6629fb825c25d,9d3c1b818dbd9b85634834c94665b2bf1ef18c3b0c7da4cdb73a3b9866f4cff9
0.2,4096,58,True,True,1e2cf7ad49c61209065ef291741f629a057546a2602a25a330797c5e59db949d,0f781e5110a1d565bea93488cb02bd613b1f25f17b729c47f303e770fdc0322f
0.2,4096,59,True,True,44beac8d2ffa35995d81e89728a7e29f2573f3b37dca8dd036e88e9dac22cd69,24bd0b373fe2cdfc61b511e5b343a271e125ee0571dd5a303995e95e0cc0b607
0.2,4096,60,True,True,01771998266ee65751f7ca427395f536f32dc733c226162d98ded21046bc3a71,94f8057a0a770d448fdae9af68e3d8dc80e7074f2d0a20ec97f974833ed2e6b0
0.2,4096,61,True,True,398a2a5536fa61aaf32eee5ada685d8a21336d50a8f5a56d368ce4f4254b1600,d46f2278485647a56583f4f30326598b8d57b8f576a727c6ebd28e108379cafa
0.2,4096,62,True,True,9bdb646c5807148deaf9669598f7f166cc40187721ad748151de2cde12474755,70978398e3020155ae2da55f6588fc6252f50e27f585af12aa99c94409f9a948
0.2,4096,63,True,True,a3acbae0712651e306d78f44e03c69871ff25030db44668e54bc874493749d22,bfa3f155ef192b8773854796e90e770c24ba6c0def76193acf2139da79317d1f
0.2,4096,64,True,True,333e643e724109953f7e678353de3e222942a57051e348abe66e59006f962150,f7381effba6a3cf88e0a7c8ed5a5e73dde95068b9a4b776657648c6752bf1e81
0.2,4096,65,True,True,02790baff42cc1fd7b9d740107293fcb13024d42276f1fd895757ace537598c5,91d69e237f96b188e77bf54309a6d23d1f299fe79d093fd7d16c378c8156688c
0.2,4096,66,True,True,77db8166557376c848d837edf7886c0f1b80fd0677cf1bddea1c4094ba9d8f84,04bde82f544c854994e8714b067fee8e6fe6d7c9f9b266ebc8e3224a5e0b7aab
0.2,4096,67,True,True,51ed0d66fadcf3ded2bbdf8a69758f75d394820e4f8fee7bd4348c2659c47b9a,85c9de1939dd995a97595964c789c02f2f1677f42b2e9029d5c8f167b19e40c5
0.2,4096,68,True,True,4bab379a43e726b2333287202d2501021777d41a686732cfffb3de9a09069e5d,0b291ce2c44c5247c3c978c8a794c4aa80a199e9ae0f5639c4e5e35af0c4a5c0
0.2,4096,69,True,True,0fb9f9b7f2eb1b65e9364558a6f4e69f5380a0406980cc04d76bd6235f39d5bc,7369e2f48f294511f321e7d1a8331368f18192499d77d7d34182ffb150c6b286
0.2,4096,70,True,True,65886527d6c9e389112407c975e71eff5b4fa1ef8da3c7dd63326fe511ace817,0ad8af09ca9af781d33f18b72a7411c861584cdf6fc689e852f40622a200fc3e
0.2,4096,71,True,True,3ffff1cfe5283478fbbd66e8d1052e235d94b66790ef5fec54dd9bb897b547a2,3b249385368e06df3ce68a7505fb793772be57cafef6a083f8935f1c41ea5932
0.2,4096,72,True,True,04f6dfba1ce3c96daace71329a3b403f63c0222d17334b381ce5faeea7530f65,13025daee7511a7b6aadaca1612124cd3012d6e98fa0586dec97075f1a1b5a81
0.2,4096,73,True,True,c8a5a34a6d955693613e7a3cf03a0a27d025f52185518f45ed5895a3a6270862,de805255c4e0bab01df93dcbb952fe3a0be2986fa9d83d23ee741ec4f8917b44
0.2,4096,74,True,True,427e498f23d8e61d170d0a36ebeb14abb7dc3282dee64f6a250783686565b269,ddd8d066e47fd5c1b6f779761273086ddde07611d830b80a441354bdd6440f86
0.2,4096,75,True,True,ac3f37c7eee85d4bd21603f5d09b5ed5aac67a3a03c0354e50e7f14c0c34df43,db1125054cb9a34da05cd9a451a1dc1a08a939fddaa99274d72c215773119143
0.2,4096,76,True,True,983820ff666b255ecc309cac5ab307f50d3c0d00b6d6b4a1a3d88cc6d64f1597,d20c6502c15fda978411f5e1e489dd09aefaef82d476fdf035b0d088281d881e
0.2,4096,77,True,True,1364125456cbb002d2fdae3c8d8f82bbd5b8159a4b6f66d7b4ed64298d02a52d,74772e954172a503126b74b882b86f4bd31704383f41598318b34fa132ffd7c1
0.2,4096,78,True,True,df42131e4df838c8acc6d20ade75e29ce893c1038578d91926096a5fd0220970,f6de064a421d9bf27a2379d16db0e91fc9a9fe2bd52f8c1d76ae407ef0e83fec
0.2,4096,79,True,True,1bf2b1949d7fa0759c05c32d1251c6f86129b9cf1dd9f971c45de2722e96098f,466e38ba124d8c431445900e19970a972adb50cf409367181485d0a6e0005871
0.2,4096,80,True,True,361fa63e9ec0fe5cd21cb71696e4016ef6a38ae13a0f2d9b103794b8caea1ac2,ce7b125c4e4c6da41a362f401441cb3ac514fdc6ab2506996eb51c8fa3b32848
0.2,4096,81,True,True,1e3c8736221520282e0e918ffa767b37b04bb864e1666642c1161c9c148e07d0,eeb2f5f00b1cff95639ec36f778e0e79c7fe51fc480256c65d00c87ae7f907b8
0.2,4096,82,True,True,7db7533c94527010103c16c9878a1e196a30e04c5426a1de1569d934ab84c223,280586cef05bef9010672038236b27cd42a5533ac966eb6ba63bc9876fc9e2dd
0.2,4096,83,True,True,126aa599d2225e3592ab207df4ab15ec18758fbfdde57a21c80fed3ecf1f64d1,2dfbc55cc0f107b7fefbaa54e9fc11c06eccf7aca229cbe3960f70662468f741
0.2,4096,84,True,True,3571b8ce26ee339c2088d24f765af29d1457ca4b1ce735a4fc631f741ae4702f,bae809b81b5617f35ea4b56ffd87b5e06bf94f34cac9a8941a702906d8894919
0.2,4096,85,True,True,fc0495570955468f6b7587f1b88354171786c96d1a838b420bdb57b487b925c2,1e63f94613fe2ae43e9f7b1bef49152db1567aed81db34f8956e84f9db52a2e4
0.2,4096,86,True,True,10fb3e056eef8624a031bd5acfb1ff91076412ed538dc572bf97081d01a7a705,858ea227b72c0b69074474dce1d4985e8ec08e3924a85a16c29b928d181eb479
0.2,4096,87,True,True,ff36bf1a1810d996844eb8850cf939fc3ff62d47bff75324b2231bf09b521e39,ae80d04a1b17ce99d6e6bf4c04c7e9432a28de70d0c14f975baa49035b236283
0.2,4096,88,True,True,23d34e9918a075b23989932dff1facd07d1afdd81fe73a3dce46de134bde50b2,d8a5cc01de6ea188c3bca2f68810a8e7af76418f0e239eae5a3733641d65a2eb
0.2,4096,89,True,True,b3e023f638a49bd23b4bb1b425542810f2501ae286a8933f108c5f00edc2876f,73009df4242405d914faf2b241056205d5031a6e2cc5a0d8faf6f29eede13c83
0.2,4096,90,True,True,97e2766f5b7a4cfd455b25c3a7bc9db6f2faa1e8058f7093c8598194325017d9,9c7ed714a79c49f7627fbec3f3006f5180240a9fe30439b320b03087a5e58b33
0.2,4096,91,True,True,1d36378ff0765594cec8cd879ef6df1481175afac4f6c55df597e678d27faf4f,550b1a56df209b863a2c440b21726bc32d32632cb31cf8f2429cb735c1376327
0.2,4096,92,True,True,486421b2a4e7677f689a8165e5f30e1df56d46cc06fadda3ada7f554bc0bfaf7,10c9eb0db5c298e458a1ab5a941865a894ba6f55a72768ce1dd0bed2fb71965c
0.2,4096,93,True,True,b0ee45656d107e73779dbb38d42d55d9aa7c8a9a520c613c46836de7fea01224,55d95e2b060735493a51c450bca41d8b8ecba66584ff5752e118fede13dbc659
0.2,4096,94,False,True,5b0e620ef3def467ae8e5a66c5cfdefc424c33d4fe66635cc0addd375b05fa7f,2e353006f48f1a6cf088c6608b598a67bf0e1e2fcc594073e6a0d25f2f8125ab
0.2,4096,95,True,True,583d3121b236281e620e25aa2cc8db8233cd5f25990eb9d3a6c5d8784311815f,de3776cb71b89b913000d7081e6e8172f2639955242e8cd8163a00a1790ddf52
0.2,4096,96,True,True,695601c239bd508a7584142f92e39876a816d01ddff7c7c1eab903db8d4b5e04,e2e9d5d9acb8e247476b6e7286a9bc744619ae0032a9b3d48b1ccaced186ee3b
0.2,4096,97,True,True,0f2bf4aec643dfa2d1be6889949a08545aef251bd649f69c2df66b00b6156aa6,56b50881a209f951f0b09ed616c0a3d9840cdd4316051090853c155eab0bf5ff
0.2,4096,98,True,False,4a3d84bae768df9940dfbef8d9b09e5def56a92a5ee46e9537b69a4103d690ae,7f0bc3808684736f05dd617767b760c1f78cb8a89ec7b1aeacd867348ebfa9a1
0.2,4096,99,False,True,8877603c0dbabe1bd9d1aeef938508feb5bace2f94b16a95f8c3a14e34f3b611,30042cb5e5be5f3e9b3ffb9c0021b16111609741b0df12a74e38ccddd6d2afab
0.2,4096,100,True,True,d20d50722d5603935c8af3c9b444a8072225a2443cf15d5979995a97dab80845,9bf28b44558dc9cdc951e9630fff1d6453a2e6f9529bcac231df3260e7663e88
0.2,4096,101,True,True,34d4925d2f2389b94e0475e096f5f86d4ea877887d0d7c1e76ced4eab759e52c,41bcf7337d789eeee53a05ba8f9b08c07fd44f260d640d2a224630aecfb7fafe
0.2,4096,102,True,True,7bbe6f652ae8db6ea72629d17a8ce335312e864dc187de53e105a5e617ffae04,ffad75ec39ab74e428b24923cd5c54eef911e9e13a97cee7cf1676017d6e410c
0.2,4096,103,False,True,3ae27c0613ce8f70bc47a4643ae6993dfbc55d8dd57084d694ab23e84772f884,3d0fae5d36fb5db1832acec0207350b6add7d4ab7c3a28c659cc9ff34c72f603
0.2,4096,104,True,True,0b6d1c8fd0feb9128cc98b14fd81906c0c628b0e3684bc2f677ee4e198d61598,7117e779f80654ab0d4b027ed2c575d5d63a27d239b121b2008534743addbb30
0.2,4096,105,True,True,589c9c66731c659fd3ee50d164121dc42c1db0f6202bf3068519809ef7397dd0,39835d73a35432f6b874b66529f09f20112dcefc03811df5c5b212c980ed343e
0.2,4096,106,False,True,ce4290ee2d7f7a93179de79dc0667c15ea0bae23bcb0d69fcce25ca8cb9a1f88,6642f1b199dff0a64c34406091f345943137854987c1e2ecd1d6b469dcfa7bb5
0.2,4096,107,True,False,ab63ba8c0261ed2124f595aa47dada4cf8796fe78bf9fea84ec0e2e2a1a141bf,ab68ad423b24b7c2ddb509e01eba0c58056a80fbc2bf58397620a925536319e6
0.2,4096,108,True,False,b832caf66d13bdbcdc645f61f70862fb179ef95aeceda1056172b7b226f8656c,cd1bdb6e3f9a39556626070c5503acee99aa0b31fa9880344b44c4e60104ebd9
0.2,4096,109,True,True,a5ccf11f5e3f91b6970ef568bedc7d8117e70d639b1918cdcf16acd6738d8fb8,4b11e6a06a71488777a28dc7f44caf6695b97f0cefa3b856e4996607f180b6f9
0.2,4096,110,True,True,60b18780cbd473a811e05a426d72b275738b89254729b87a6c097b173e66ba29,0385085047acf1a58eeb525c9f812ec3ee81496850e8b9a1a790b312f3f164be
0.2,4096,111,True,True,710cafc8f62ef108ea5c66d154c22bf6ae1fe91488a401e5f3b1015cee040ae6,72b8a795764e0b6163c702ee4b25b2b58418c48ebf638d30c53ef444cdf6d0f9
0.2,4096,112,True,True,d26576a6a6f6001df973535a49a78fa5b5578b0dbf69cad8de9b537ab1dab8c6,c383e3f4772d4e92689de6053336b8a7291f63ad51c89049c13a524948754405
0.2,4096,113,True,True,d8f01d0059c6fa771e7b814dd474a2ea680363a02a178caecb385e398163346a,73fd3d1079d0b93582a46c9665285f6f9011dfe49891428a125e3f85a22d008c
0.2,4096,114,True,True,2a4a989a0e6335a624da0459ab7961b6717bb11cd91542f10574bb2a24b6398b,570297277ba6c68f572e71ef686e4d54b779a3169c70e9f2615c3d78dfe3a8b1
0.2,4096,115,True,True,b96541c0f3424dc297215e3a8f886f089884c56f05cc6da10a9d195a70a475bd,fbe9b924b230c144dab5938d70eac36aba647f55802f84aca570c29403a12e6a
0.2,4096,116,False,True,456d469697347634d7891e3b636868ec4e40512eae272f38fea27ad5984d79e8,ed8eaf72dd5570d95255be21a9cd31028c4b91d3de29ba925e3fe2766d1012b8
0.2,4096,117,True,True,5b0d59ce8d89069bd508aa558da00976d5a01960a82c782b8f343c83341d59e0,1fb5fcb1517df335b4a3fedc372477441c5c09201e63214ab19d1115a9f5ab05
0.2,4096,118,True,True,cac4128054bf43ed0a93bc63f11099720d80cff3ba0996923b54fa787076bc75,5cd4dcf1ab4bb585aa447ab4dbc4a67b83610fc4fd9215d90bb391a4120e688b
0.2,4096,119,True,True,cd1d2b3cef65fc3f3f300bc9e1db2e16af064d36a559c599808ff19e54c3ce57,014016ad9647cfef06680afb202558274362e9ceda6c7c6724a1998f152aaea4
0.2,4096,120,True,True,fa496be34fe264d880ca90893dabfa94c97e97d52c2db273c451421a0d491275,f954754526a6b6c186509c7ded2671dac6791ef3176dee3cfa4c8f2c32461330
0.2,4096,121,True,True,8568076a5bc32228c711a8f4bd208c94ff19e19d41151ac55807131bfb5945a8,728bf64568cf8ab730dfa4f3463c7bf9d8cceb77a9197dbbfc7f15c9fb922f3d
0.2,4096,122,True,False,bad9a039e56069f8d4599e5934e01b9c9679d51aa7d40e15d9e04c3e61e55c5c,da2d7052dd4d99f919a208adb229e571bc614cbbf0bffff2408d2f59096e9ede
0.2,4096,123,True,True,2154f54144e30252b892e5aa0dc2619e992263e83edba86ece133c6f4df98384,bae86a4daacb09f96b12382cc4b35ea3219b1d7dde431a5a69a9ebad01495dcf
0.2,4096,124,True,True,cbb3747fe1e86e4aaf46dd8c000c2c94e9f57e612a04279da5644d39c26739ea,e55d94b9a8c2b01c0279a88b7e1b43be9bc6e2c8ddb687b5ae80c8811cb8184c
0.2,4096,125,True,False,76101f73b46070372c0199db19fbe2905f4b8c9c6c0d4488de501aab3cc6c6c0,55cdc34ddf8bfeb7f21788491a3cb101db534a58c1962a34b46756170797f716
0.2,4096,126,True,True,423b5ef2abd222bf70cea5782076fb84a124dcdd76f7646717f32fbc5a7eaafc,68ab7a48acbaa205477889f0d526473256a750e3a45f2c6354d3d2d678fd4fea
0.2,4096,127,True,True,49e8732e50799226af1bda2a926bd647ebacf6c51322470e0ddc1b833e0d1f8a,02db7f7920f6a4bd1f386ca97b33e874a6065363811b3c213c8fb8bab6b7cf6f
0.2,4096,128,True,True,dbc2d183a6c7b17be518dde9c50577d2bc5d39b58db3581c45f77b155269498f,c293a087e216304e2611c95ec70b447e53c80a0c918488831a551dce023c4b68
0.2,4096,129,True,True,06d12e5eebbac67bfd4026a9c9a115f922517932a5201d1e49f1f4b368607d2e,34145dfcf02528ffac1f620c7005ffecb7092c7958edd33e85b243480bd89996
0.2,4096,130,True,True,8f0819bb3b43ff4d9d9162a8e656f2a1b549740f3847e8eefd6651d369867b0f,24a014f38485d43c745c375d0c92d9819592cf196dd77f9b71af828adc979f33
0.2,4096,131,True,True,aca907b8f9e68d5a696429f67ed5cd033b580f0f29a5f0ec1d6b471c85f2ca25,341ffcd24c11ddc700c3d5ae86df7714fe26b9b7cc18666cc4c8965038aa8b28
0.2,4096,132,True,True,93ec3f9baf851c6d453e2c2ae2d38225379383038a79f2f32a73b9b50bae047d,38016891fa864dc268a1348f43ddcacb50ccc3b3dcd068403ce59d85e7b4ec5a
0.2,4096,133,False,True,e05d9966b36014ad024e5cd6afe1f649f500811b7791c1fc929eea056dc1550a,458b2bd1112171bc2228d8c5eae5cd0980f7ddc5d034bffe595f2de9fc000553
0.2,4096,134,True,True,7fbc69f59df9cbf476034d641c4ec93cd70c82b59012d1264ab0edc42b38fff0,90197a532b0a0d51a0d95d9228fef66e262a205650d720e457a781f71e446e03
0.2,4096,135,True,True,2a991ab27213f795d09ac53198c37f4c8b5026c8e1485922c17c101ff009d8f2,107f7a5e437c45a906c0614a63d95e747e6ae2fa55b943eaa4d91d2083d9481d
0.2,4096,136,True,True,f7e87e1f56ddd48d7bb67c0e84fee7008fc4ab632d8ab8dabb679188c2bbc028,5b8ddabdd37925d676b0e450dd54ee94940a21a2018b7dfae866175837746280
0.2,4096,137,True,True,c3bbaaabbde10fda20cb0f2f0c183b76f2bdfb76a084d210dc1ab40f28ad3a7d,b8bb109007d7004b8f562ee59ce895e15ee44ff00afa427d52e65d831180f464
0.2,4096,138,True,True,686bfc7e9b511ca8978daf199790235d0e89295ee904f3d5ad12542b592a3a5f,90ca2414352087c26f75eab046283b34a6870390e91b21a6c0130ed852300048
0.2,4096,139,True,True,a3008597b355cf9ddf3a98421c1eba5f1cbad5beb127a3c3daf0ef4e24664222,226cbb41dc26cb43aa27ae7018590458ca62a0ef39689e989a52452e70a04e4d
0.2,4096,140,True,True,3a81681f059fa625ca4b7e801b2cef9c916258f6c2b02ca1e59372b1a75e2601,c0837f287974a6ef70a4e32e8812afed4e72994868c89cdcb97ab4647af43803
0.2,4096,141,True,True,e44b2463bc9145a38eda3869b28ce178488255d0503d6b8c47adb417d385e34c,f0cddc479a58a3ed88174c7cfdc358bd04238974ffa8dd0674887eda5034fae0
0.2,4096,142,True,True,de0db953689c42e10c18a463ce0768674d744ced6ace3bcd4238a1b8ecee8764,4cb85a082877d11c46e2e0e6de40ca69dbcab7fa7c6efe2dfddd08d08ae79380
0.2,4096,143,True,True,6b93f479365d43d71f1dc6fb1b3d656363f7e2ddbbef0e65fd1cad27ea52be73,e67df4870337c5fe43e6939fa4ee2bec6ab8762bdeafabb732613e8dab7d757a
0.2,4096,144,True,True,a8bbe585e974d2f3a71e4cffe41985f35ca703b4992d519208beb1cc5793f7c4,3e166a46a3cf0b6eb3e1ea982bd59c9293bb862d7a6b4dba72728e7f22ee568c
0.2,4096,145,True,True,bb1231e8a30b360634fcd846b1e169b6156bf092483d6b51387b1c467dbbfe1a,73c63b7214b45bbf75cbdf734d14174647d3ae3f1e22efbd4a299a225d12854f
0.2,4096,146,True,True,557db2a83efb9d10c568943ab63082cccb6c76d18fc9d3d6323e0a05df2161d8,3ecff60caadedbb3b03e6d10f83430d48497473b4589e317f65920865e65ad1e
0.2,4096,147,True,True,011a010e3beaac8878bff19b11ec51ea4f11624856a283631312c7fa53df1046,16d15c19fa529712fa596646f3dbd84ccf66c9e71867f75f94d3538ab11beb3f
0.2,4096,148,True,True,6169ae97d00a8bbf20836f52125e99a161a3f811a2dde835797cf725912889f2,a45334b1125673a6ea9bcdd332bc606db19a18d490aadb27f1ea404d89a25cd6
0.2,4096,149,True,True,ae7c7e6b2fcb7ab665cde7aab519972637a0cfe06bea2f657f0404ce69ba4f80,2033c9029369cf066c3cb51ff7c39c9ac400adc302b645297ffac107864db365
0.2,4096,150,True,True,264e0b7a8862c31aa9232d80dc552a3e91e617013fb9f71127e63320b4e0bda1,e628b68b3fec3399ead4a3cdf9e6c4857bd5741f70d88cd0301727f3cc673841
0.2,4096,151,True,True,d07d43d23327bc5abadee238c921db8d10747172e9a11a7f24c04068e7c3cc01,c9aae62e8715fd4bce23abe13a8944a177bccb2864013dd159c92a204a403194
0.2,4096,152,True,True,bb4de434e8741058a9fc4e5ed6bb5812bafedefcaaba332bdf3fb81ef59baedb,8c16eb000a9fd7cef09b6d9c24b97cbefaad2f575380447734b27d9dd0671775
0.2,4096,153,True,True,565e83a46788fa8a3da5694a880ff10eee3dc20896f51f04fcea753956a84106,b36dadf5cd3ca6c348c6f2c969629e7b33abcd72fe4e68d5e019b839afccc785
0.2,4096,154,True,True,0cfba8ed8dc2db6d531a0809b54fbb22371f18d9934daeba430f76bbe15aa842,8e7f98c519169048ec13aece10f1215e7bda2013409975098b15c9561e6c2f96
0.2,4096,155,True,True,9c2f90241e1460e716d5c9df7e94c1e77243ee9441bbc2ef5e778632d8e6bdd5,024a2b378847ba52b9922e0a3f286d18af7d69caa9ad0f2d0c533b665147c868
0.2,4096,156,True,True,59d7c9766672eb4ef3ff076f6b3f224940db2ea56171fb8048484b782b357236,809c03011a8e5aa8850b4fd9aa2fc71aa05574d82d4a3dcdcb73630a3269f0cd
0.2,4096,157,True,True,208d01264ff8dda89e6fa0f1c55c1b91db7dc0a690d503a4a8f8f3fbcef6e62a,c020c7d763317c34cedb4b53f168858ee22828382542b3503c01244a44ec9175
0.2,4096,158,True,True,6d897122c79264833df2cda2bedb58839e748b72e1ed6a3edbb0bf9ece32b082,35cb6fb30463a2722320ff8c59adef0a894b3682f393c58004e1e83a2dd0ce21
0.2,4096,159,True,True,5b75149b619af5eec8c9296ffa3135f79c5c3c612ea05fee031693d2424f2e7f,53501108061d62c71f5b7364e72fba9d42216292f445564c44cbacfa9fa6cdbb
0.2,4096,160,True,True,707ef17894aa24e99c509aa25bb4e6ef4893ac107a55f1f4e1b7de01eedb557c,e459bcee2a6c8a81e51fc7c20f6269655f3602130f5a7d7f15d3a4e57e6e8097
0.2,4096,161,True,True,6ad6d7b27752c3ecce37bbdbcab5cd016133c53e612d23d933463ef906cf089d,8cb910057ccf0042273d473ed10d4808de4830a1dd19c5ea949a65f809695295
0.2,4096,162,True,True,11d49daa2765842d518b8c113ea6a1649bd438c15dba1d971a3963a6b5efe882,15ad717a3ceff2f8a449b2a2a1e025182959a450b5ccedfc25d4a235098a42ae
0.2,4096,163,True,True,870253f2db3899d99451502a0f8812e26c064fbb7bc40baac63935a06dabc244,343004fcf066ab0ae5ce28e450c8ec53a870db80402c2ea5f2b538df83496ea3
0.2,4096,164,True,False,ba32e08988caa7a2a73e7469b2da5d5247ebb0353a60e8a8e7a2b737b3a7ecbb,beff511679058d5aad9acfb47d74c5201df21d5ba75e0f50093870a8f26a5f4b
0.2,4096,165,True,True,aaa7a08aa47acb545f16a1dd08b91ca6a41555654fb5382ed6324519c03a000c,d869a85f31df0969aa15bd92d172d9d959f3536e15bb34025ffe029bba8c3fac
0.2,4096,166,True,True,c0e47d8ae41d2239cf2495b197a7383c5fd686d2ddc5dee71e20af964ec12106,6fff7758ab31eb25c9f09ec1345df3da783a3b91fb689d7240589fe8683c5048
0.2,4096,167,True,True,4c1689f62f52f070b3d1a34ed71d211e35315bd69870b97aa3917af89f691550,f9271e21977a7ebdb9b6db8d951d632579379632d37790e10d49689d657a939d
0.2,4096,168,True,True,7d41a6c8243ae7cb206bc25271ed18abe19eb1b914c4a14f6e3438f63354a467,f0935472b35edc4be374617b6c7f417a8da346b361204d2d6e06abe9683d0b88
0.2,4096,169,True,True,210be041f5db8007732e3bb17145686bc03117d4e40e003e458e00d8f54e6b45,e4d9dd4e702e6d87d27db385a2e64273ad296039fb7c3991a4902d6c87ecb04b
0.2,4096,170,True,True,34e6ab2e8b0a986de00508b5f1dff788a9a076c365c48d38638fee700355bad9,0b93db236ea314570c417757bbff8e11c528f54afe841d59f180bce9aada1252
0.2,4096,171,True,True,c14ca0972c4a2b0b51f0dd547831d5456e0fdf285b6ec7f8e2951f0ed80a77d1,788438f5b510db4ea5595009b1422bb815708922e51df23d69128987b2997e75
0.2,4096,172,True,True,c8321c5069f8f2932d2fa06a800856164e5430c1d5769b68f2ea735523691cb1,78d8cf03b171ffbf74824e9c4f9ff93867b17bf45c2d95930b0b4646f967788c
0.2,4096,173,True,True,b903645f2f0fdc7b12b921f548fde61d7b85fc261b808c3eb3541aec89e47568,9e3c7a23813b4b7934e91102647c8df34ba42014fc3e7b0edb1ffa126a7e2a04
0.2,4096,174,True,True,c8ab0840106d655d09235150393f5b05020cab99fcdb06b8a0b8ad3b8179f424,ad7584432d02ea8fffa16fd730ae1e3a90e6bd4cdb0e0254507cacd870328389
0.2,4096,175,True,True,7e801de9054590049ee540fed09bff1e91ac6a11768d14173010b3f6905bd207,8bebfd37daaba984e538cf5be0af228de5b68c0ceb4092f21eb49b4701258cb6
0.2,4096,176,True,True,28d4c50256dd55fcf3c6d63894d1bdd4e693137549681cbbe0b00ec14da12a2d,c2ab8bc430cec9673f84e1376ce715d45a8edc8ec51fe758d8860122a91970df
0.2,4096,177,False,True,0230766d278fa7689e16d017031a10cde7df53aab588e58523eb31a29703b22d,4b32e50963b5ab81ecca87f76b4de91a8e7b41df7e489a928aa61754860dc819
0.2,4096,178,True,True,8f173f7b1fef8e119753f5a0344177d8341c72c6d7efb47f14d41939a020b3c0,8a7d1375ec085e3948ba630241b9333c946cae2119c8ce3c478842c4edc37004
0.2,4096,179,True,True,dd0635b6ce9885c91b1c605b2131a5004232e4b9319dd1ca900c5f50cf5c2746,a9adef784bafda449de293dbd274eada64902d846d3322831e1dd4bc917cb9f1
0.2,4096,180,True,True,ba5aee797bf476332b08e5f4ecf5c09af5d6458df58b4cf5542d340cb84bd962,ea2b55f4cf6312b031bb26603cce579160ea083998f9fb56ecee981bf8dde59d
0.2,4096,181,True,True,eb88bf49736d1ef4860528831a28039b0ee1812229555fb0ad09d3193c09e1e1,ad16adc20f1a88b9e8e8e497d8e36990bb4b9b918f6d7a1660cc86cd2c6d4c37
0.2,4096,182,True,True,6340c8f62bb9c37f99b8e88fdb21fe61acfa1343e8dc485898aed2dcbf55c009,25015ba81d47aa0b2734e67049b4716e5ecd628e539e2603a63b9da7e2f4b065
0.2,4096,183,True,True,2e6ef92c268e8e32076607ac065c513bd2f90ce8478a405b487659b482d5f9d3,6cb4f68f4f96d3acd53ad45f8bec8d419a461dfba0934853879265cfda6853f6
0.2,4096,184,True,True,5536ce1c3b2054a0c98b37ea38a3db8f3135282ddf6365f52a29d9f98d019c1b,71846e02d991c512363690bdc70d46178c3601429eeadf99182aa56203e3f6b9
0.2,4096,185,True,True,5263fc144d62cf1d4cc6869e0469ceec0e2e25c644e50c51886bb6c59e3a8eb6,fa924c01c415273c5bf1d1c6e5d116019f6af08d8b49e343d20e548e555ab26e
0.2,4096,186,True,True,6df189c90a4b6bdaac545f25aa4ed5a33a785de10cb2c51bc49b5c97d0791dee,9dbf5dfc63c244317972b71c4f7a0c2182a59ed975fccdcc55dd934a844337df
0.2,4096,187,True,True,1fb8960fa17f0fb933b945a18f755914bc91d305593846d8fe5eb92b54763877,c31298e3ef98be5f1a6a474130b0797fc0fbe17e32424afd0a881b0afb4b2bfa
0.2,4096,188,True,True,ffb277165e477dee2e68dac08eebae91ea40438548029befeed71848be60a1e4,fb1bb2f03774e1bfb08e4b23226aaeebd6b66c770aaabb985c21cd9ee51da1c6
0.2,4096,189,True,True,f0c67195f87aac6d3ed8475998dcadfdec7b250c4edcf8dbae3cef0918752a7e,faa0e5dde8cc6190382bfc170059315c5164ee643dccec769b8ed7cd2749ea5d
0.2,4096,190,True,True,24e3b3a946c1398409b498ecac7de588f7906bba06df957ab48b2ac8f1127674,8c0e6d414d6be5c2754c1be08d3d77ec0421131f41f09856224193a13058e6ed
0.2,4096,191,True,True,9ca80d204f1c8dffa48af068eb83a756dabbb49dc9d0d54a2e804ceeb3188878,8822f71e712f42ac2bda782390ac436e28905e17139aedbd3b29011b0448db95
0.2,4096,192,True,False,38c7d2e0223927a53cc57b679cce90dd8050aca35eb05a9fa3ad26c1300438b5,7e66c1ac50b3f134e9ae7885d089863df93a7087e31e94528165e630eac8e9e8
0.2,4096,193,True,True,674e285a5b10f55b5ba96cfaec7bb943093fddd96859d94f8792011687bccfa5,1ef8e3e2169f27d4f04ad2ae1676121ffba5a1ee24bacf8bd35358cb44fbc2e7
0.2,4096,194,True,True,10630303161ed68fc04f33a7e1e8086fd045605150f9fc054ae28cd9e5aa8440,953361fa7fa0648f6c487cbc2ab8909cbca277025882aff57902ba0c944c66c3
0.2,4096,195,True,True,23b6b0f399a23f193d67410deddb9310bf5ac92aecba731c3668fadf9da7eec4,268c9877a9f1a4745f3b1d222adad6ef15a21ad9e3d6470a5c3be3d97fdf1663
0.2,4096,196,True,False,b34b45634adfa0acc415fcae85e19701eec0b77125514ceb8911e94de786ec45,127428ff8866f93fa48503ee091587c944cc23a4bfdf353124b11d49397d39ab
0.2,4096,197,True,True,211a99df848aad3bb8db02239a1d785643dde09627f7b742e62403a7952d4bff,ba85bce5f9f71686829a830056c1470cbb48ee88d05253837b422b2895164bff
0.2,4096,198,True,True,733a12f89d5d6a42ae0551742ac3984a279ae8219596cccebdc077e51295fd6f,2800cdc3185c1684e4fdd573fb023abbe71aad5698f6181a635cd2676b4c517c
0.2,4096,199,True,True,50889bd27cbba2b91bb02c92d27299e06e82da508847aae56e802aa442a08f42,872daa0a361eac41a0caf1a644e7f617c738997b49e689e40cdaf2c4ae9a95c2
0.2,4096,200,True,True,2672028453843f0344def96afe8473261079c658ba2e338ce3ff86250b378056,f868344bd13ecf35a2a0f4e0fcab6aaf7aad49aef19d3807edc57f3b7bf078f4
0.2,4096,201,True,True,a0cb67e50989f67903e3fd2700fe8e9862a8b1ef1e4f1ebae4e93abbddcdc889,00a1205099c269feebcf18bb90c1d76f4f776a664387c54b21d91e01ecac1397
0.2,4096,202,True,False,883207cd8562fc0a509bf63756c14154ab7c3f0795ab1a54b22a72c5f1ae2db7,f923b5fc265a8a4971619d73dca2f404d0c979844e4db8c3bc28b448b8eb062a
0.2,4096,203,True,True,0c45f8bc3e175a7cc36bbe5f017d5aeb99e2dde17b14fd7560af1c5fa891c4a6,5250300432dc74d92612a795737178b10e2a48bc9c68dfe742ccf58f74a24028
0.2,4096,204,True,True,31e59b27d6ac5f436396b261e246add7a2b5e5726d45ce137fd5b92733bd2de9,fd5d45d3ea594265e9d120d55339dd931d92e82601c7c349dbc9095352e79a93
0.2,4096,205,True,True,04498a1db81146d95ff69ae1e0a7dcaab658b7642b9424cd07d65b222ff3f50f,733578bdf3f5be629bf0c405f43fd7a8f3341a842e550bcc2f8dc5cc581f5d71
0.2,4096,206,True,True,a222b261e1a2ec92d5fd5f98d3df4f303ef8363b404ba99f1a2006f7da12a2df,f470a9e9230cac8b7aa0e848cf3ac575c73c94abc2dfa80b260e89f659728285
0.2,4096,207,True,True,cb8ee717985d56ff41a992c45a48def935cc97d3e73299337b7db4e458d50545,af58eaa24a3f15cda1bb6aa9547f518f132da8c4e6d08266e06b9fc1daf169a4
0.2,4096,208,True,True,36022716d2a06b85564782d0456a943ff7c6f1acb80e34026710952b6f225d36,23e77cffbf39aff210714c9288be8b5b9358d0d5dfc3625321fd276c12bf8760
0.2,4096,209,True,True,59fcf5d5afc866c123a5a91d2564af90b2b9cc38662f3efadce45636315602c1,59c77ce0e71e89996904cbe0ed8e756a9c7caa301307a410ce30a8ea93adb380
0.2,4096,210,True,True,db6d3810347ca09d672f093e5ae1cf6a11459b5a4eaf800c943d9ba0bde3285c,ee8a2a61f627c80883cbde3b3e814157ae3fd15cffd80db22ec531f193d57756
0.2,4096,211,True,True,d6bcec82093e8880f592b82340d7d653cd7ed0d1bf7c1e3d0dad0688137d9e80,ebca2049479359f5ef19d2fe70ebf17aea40e2cb78a1f867c7f8b9d6ff646633
0.2,4096,212,True,True,766f9b3aa0e9ce4f2de1d48f28da696304f3b0a836c8d4a24030f8323cdc63ea,a23ebdfb52c82fa8468358f2ad593702d308d9f3af756aa321fe605abb136386
0.2,4096,213,True,True,112dbc6976506c4597ac450ad20bf9244a2301ef15c71dbe727424f0a14e9d82,9d9f61ed63155e5088b2771521287c9d3e33e22d401db20cd063410894cfe067
0.2,4096,214,True,True,5b219977323853a5da13ae321a97bd5bb7aa5a82a9859b66e612329d6f0a36d1,974311e8fa57bb8f34c1ae05d208ba4978ac9e99d0fa46a8c9b2e914602b6698
0.2,4096,215,True,True,883403a45020cd7f0989181cf8746ece03d379d086f048ca059a757e15676547,c925c2fcc9da7bb0e811f3e001d431405abdbb804d29ca83e97f30bda885d9a9
0.2,4096,216,True,True,ccadd704f9470de460b8e0fc7105f75b3235daf9520efcdd24a76104f4b4691a,d97c2ec0e4e3b78f42ff94e419f4ee48bd94811c78179c2797a8dfc9e728a457
0.2,4096,217,True,True,8aa1e2a42ac3552de63a54b9daa50a73977c391e71ba17dfc4f489c3821ebb98,6bd35e1075d4de30c4891f4c6d04dd4b0c8277490b4f6d451eb2b42fcbacce3a
0.2,4096,218,True,True,2ef7216e7268baa764154fcded9912de84eb2dae584f272d8989b399ca72e76e,e0890acddd212fa7acd5641d0298d0c5b955393e627648bfb54bb00070103907
0.2,4096,219,True,True,e38c92189b455fda0f1a4f283d7f8cc0ff56e4f46de09da422781c091532650b,1b050c95412a38d0e37805e95ab24de6682fff47f718ff95ac1933633c135549
0.2,4096,220,True,True,b87e44ae7bfd1465b699c91690391ba80aff15ac645b13c4d68d0ed571d8e7d8,34fb35fc084fdf822fa83e258bbe5d2aac2d6e332860345460985176a14c2712
0.2,4096,221,True,True,5c45b19f2052f212c2ef8421bda746b1ec8c2baafae444e17a75d8aa1365b73e,10e943012b950fc86c8b05c2486858fea7f25b3af21d0129e543136925c3cbad
0.2,4096,222,True,True,1d05dc696126b4690aec33a6f396f3b7873657ecdd7697ba17f0933112282d65,d4d30ddc27f83ea8d6b0c5c9df3c4670d8b23079dfe9679ffcf0b0dbde8873d3
0.2,4096,223,True,True,839aa0e49d01ab2085acdc98f678c61c12738e58c646ee7c86f8c3f073b517ff,f51c1f82f1dc0e0befc20ad87960a7ec733994f8e099f0eca01161397e1c7644
0.2,4096,224,True,True,9e0701110448572f0f5840f48436b091b6926d8b086869539705d6674674d202,ec3c3d12ae4c0b5f1ee87315e3b33ad46d14b65abfbde1aa798b30ec41171357
0.2,4096,225,True,True,57923323eabf4030c3f172e6bae8ff03d22d1b02559f6c9d404ad87f14357ac6,3555e0bb215c618ca40be2b4246f42d7128e5ea9a222ff8de5aa4dbcc0fd8a86
0.2,4096,226,True,True,c349d8a5940677c9a8a79fd31e14f290027b6634ba2eda8cd904ee9f751b8afe,f6a0ecc33a6a12117d6ee7cb822dfb6ac77492f9d184d8a1bca13cebb20501bc
0.2,4096,227,True,True,5846fcfdda465409ebcb83fd537163acd1a4303a2bd483568bb3780540d7dd04,d79584c6497fccc7e91b6ced2659af0b677678e9ce8bdcee70ff22025f471aaf
0.2,4096,228,True,True,9992d48e833cc92ca4ceae24c1ada8f09504f5160c4524572d8b267f18d014c4,cfe66a5fb8af12a93bc20bdba5d921557dbed596bbae20e836229706d3bbaddc
0.2,4096,229,True,True,08b76d5fd09178736b6e29841aaa0d8d7e40d5a771b6e30a8effdcf99398710a,d534033f13561aeacab8ad7074f696f7947c630f591ca5e53b2347c0480a68e9
0.2,4096,230,True,True,1cef7e930bc0f0e6847a35bcd0e021ec738b04a39258c34155879fdfddad5065,674e2f34dd31df0b345d2421ad5ada791eb51a237d14a715d2d90fcbccaeceea
0.2,4096,231,True,True,134d4d47fa6e4f7ed7cea51eeb30f7d59110a32c9adc4b9fd0547c94b6b90f9e,33d2393c38ad8c2e490fd3f674076cf1c47e7dcbfeadcf35b60c57cf8a802ac8
0.2,4096,232,True,True,176fea21e38d611e0b111aaace2b0cf7285c571fb10e69856975f820fc830e71,36431049c91cf353b61c32eca421f122f7e1d844013ec07d70b96b5223ef2f9b
0.2,4096,233,True,True,b97cb423552c22568ba9610de401bdf31c12c97c45c47f4628eb570b1d0ae8fc,0acffbd29302518425479c6acbb8be9b0980e5d2cebc69eebac0c9d061b58a67
0.2,4096,234,True,True,a020a26057f994453e360e8718b7f04cac6baff7aa5283a42efcf8a4ec7120cb,8836bce391b534887bdb7e9a3f5923bee37c841b6ebbd47ef887c9f588dac9eb
0.2,4096,235,True,False,551e8c7baf613e5695f9f02c7995a36749659fe65e8ee792bbc510ce474e182c,91b1435100d6c076c6298646256ab76eb7b88d3b4792d7fdadbaf87cacbe8aec
0.2,4096,236,True,False,26186a2f471112105504f785ff3a2fd887254d07b17dd938ff8bdc643904dea3,9770210b7e5d9d8d8e6dc0ddcb77a47e3818d66ddb2577902f532b3d7847569c
0.2,4096,237,True,True,4d55d35684433ef07c55d757403a9e9c4e4a9598faeb3a97102259f92c1ba2d5,094139fd12f75831afb40b461de14098f0b6af68ac34c8f1020976f6075630ff
0.2,4096,238,True,True,1ee53063ef91f54ee566005d4bb1443e6ca5c3d2624d2d0bddb92848c6805f77,95095ea0f57af6bf476172ba00b36418c4621568ef4b05f78b621a567087a1bf
0.2,4096,239,True,True,56b8bfa88034144ec2cce7d16899bb24c8082da31998af4cd850d54765d3a330,a9c679398d77f0a5cb80d8cfddb608a10e5e6e935cf551b271b08f4ef3b6b743
0.2,4096,240,True,True,3e4218bc2e7beddfbfc044d0c198320755bc835009024e94bc7c1248046beec5,3abf009ef807329272490968d7bbab9500686e19b441248585b5d3c9fe8802bd
0.2,4096,241,True,True,196d41e5005c7896608c49cd8125d78a0e25f7aa93dfc3f08f9af92f5dffa58f,f8dbe8a8f4654998c3b8f6230299d4d7e7cf47201e5e7884092b71c502bbdfdd
0.2,4096,242,True,True,fe198b207d71e9e8eb782cee343744a8c1eebcb955c632ece74e31ee66ceff6a,3f3b9ab1efb2d27a4f7d67b36b0f0d60ab61fc97284f50d14fe4f9f947d78338
0.2,4096,243,True,True,f6273517a9dd1db99a4af8d42506adbafa0a0ff8544732c661e6a433f5f94cd3,31b98e70918387950fc650e9ee62acbd08df12de422e1451c668a6082beee6ed
0.2,4096,244,True,True,26e59e53f6f26b84471e20955c72209c2c12162972574b2d7a3f2106e2100b7e,b4ce3568810b5988727b5a63a4bf6f31093ad40ed43998ee058c70ffcf1cad77
0.2,4096,245,True,True,dc5eb92d1ec78df28c77a65bb0fcd75e51bae60b6f454d0a850dc02fd467b06b,cdd5e064d2e864fd8bfc46f15e25b236bfe5dab26957e7285914c09bd1528418
0.2,4096,246,True,True,3f9634bc06c672697cff451d207fc77804ece7b593e05669fced3df685ef0878,7f852089a067e9de9a4de4a6db3c9e06dc34ac5163d347d7d6689a51c5ede980
0.2,4096,247,True,True,e50469e1debe0d92c12c913e3b0f818ea31a77699ee9727308df0986adb92532,0e32c8eb82ab55d7743fdbd200077afd50c6044f9e4b4512b0d708cf6ff12ebf
0.2,4096,248,True,True,a828a2c7f0027e1b6f22ca167dd035013f4765e775f915dee3b9cd32e72aa754,cfc16c512514d7d35845b3e3b0e00dd62152767cd35fda20aa29051227aa6376
0.2,4096,249,True,True,cfce5f28a4c4511fec8989e59677f928460c66788542fddf212ce88e9498d802,fc1b3f5fe6bdcaae9e0fab60bdef0ec3e3a627885b10052a1ac21e0165e55dff
0.2,4096,250,True,True,1bab837d46eab0f58b24ea96a6bc66626607a8f9b40895262e2f3dd73e96f34d,e596f0d6b733371d7757a600e42dcd6052a8b232a9ff6e60019d2c9230abec9a
0.2,4096,251,True,True,f3e780c70bbf73ace19df2e656f094739ecaebc407a51bda88e34bd8cde930a4,4f8c33fc06c1dc0785dded87354b2e0409335ab2323449916e2d4f967808d32c
0.2,4096,252,True,True,0a863840d4057e05e86a112b162291b3613cd1e2031d6a2d150b1928ab3415bf,eca7f04d2ab0c78e8368f3df2ac08ea54cc32941307e2d413676776d458e9fbd
0.2,4096,253,True,True,a0113d6eb9fa852d63b180a132ae39369d9ea0f9783a41babceb46563bf19ff1,41930942a9885a83b375b7885db705816b10b0e9cc1203c7d419c7ac0fc7797a
0.2,4096,254,True,True,b20ae81f49c0f43277cd54824bc3dab67fe28a6ee248c8d69d5c8bd3cc390ce7,b36780b321aad5f6ad192f315fba29e8fb934e7d6097931586f57da2057838a2
0.2,4096,255,True,True,bd1b90ff13114a700ef0e244969a603dd858f8cbdafdc2be8523897dc5381ce7,ada912797252c01a3d7229c6a40aa73b68f16a5b3543e8a8011cbaf13d698fc3
0.2,4096,256,True,True,0f73706cc8f02de3c3ffad4503158f8fb67dcd1fbeaed5d1baefe5390488cb6c,be0721ed828994e99785d307fd1695d6bf6ee699fb08d17a41c34c7511a1c889
0.2,4096,257,True,True,32f54d2eb27054e76abf43cdb11b1e2792aa357e992aba2d04155055e7e8fe17,7ff447c647967d169f087cf00072f2357e41730fb4d07afc40a67924a5cdb72a
0.2,4096,258,True,True,b716a1b63d190f2d811d977720afdf57cd99e347f074e44d5285b99d4cd1f39f,2715be6e64d3eced4f55e000c5a3f5bac863e008a0eaea8e6078aa0b6051f20b
0.2,4096,259,True,True,f6a0a43a652a557773a03993efb3e3063f1de10bfadca6f37b31711db529cccc,328da1a42b6edd53c0b8e8916b0acc0608446d868deef25efff5389a81770adb
0.2,4096,260,True,True,c611083ba746fd7df631d5291b3cc755f01575c36adb0fe51c3678fc65811b8f,c9a1c86dd0b207cf961d7745667a338cac6b2814060d522aa86c8a8ff36d11a3
0.2,4096,261,True,True,9870cd5b34f988c33defc80f265c6a4a8a17b71ed0bd77b0e25d3edb0ac29821,a00d416e4f133d6aeb0d5882c8dbbe086f9629641a8c735edab260934f0f8031
0.2,4096,262,True,True,f5ae683feffd208efaf429d5cfcefa71f6c9e483792b96a7ed44d01785b94d0b,fe3a89dce6c65dcf3312504439c240600df99e077d3a49f5a14ff76babf0443b
0.2,4096,263,True,True,1cd204b9fb0d78f17b85654bc6bd21d3f70488067ffcf4b5d3abd5009b76d460,5fa30f7c4277b1cab54dd4d3ddf4a8ffe8eaafae940f95346fd1051b33c01e36
0.2,4096,264,True,True,8677631139e9ee0725d9ccefa83e53d5d648f3520845c4b1aa179db7913c2f3b,5a15554abc3d14e046d559cfb18db57c017b8172af1d16e4da752de1c37d3bae
0.2,4096,265,True,True,67269a7e3b93774295138ee7d38466615bde1ea6177cf7ffaa5c2e9554c18699,e2b386264ea08703253b1fd556094a916fc6c4843caba20ad1a8665d233a31c0
0.2,4096,266,True,False,ceddad7a34a32f9beddb332a52f84062f1edce57c8d1e44af0ce70a40568f008,1a2344ad32559093a31c3cf140cbe92aedb161d9c1c38de206ec206338632c4a
0.2,4096,267,True,True,a73701f8b694df56a531b204acdda990210f8fa5a3f07ab141761f175f052ac0,71aa21af05f05dac606105a1dd8758cc86598aaf6b0139a2df2cad8c83113038
0.2,4096,268,True,True,15100d43a4006d9e6e84429c7c397c438f594a555debea095874d23746c409be,6be31a13cdcdeb54c37df2cba636062966f39f23d00fae1245efa9eb511c4c53
0.2,4096,269,True,True,a3feaaee284d794b043229958ce14724bffbda435f98057ffb47dc6f8c90e0e7,882819c077bfaa62172333c00f2c6eed1eeaf9dc784b4b31ecf53e51dbaa3cb9
0.2,4096,270,True,True,1713ee26cd3df429d1224314be08fd1bd428332daf31a6e2c7d87a102a8ba512,2e7b17cd63bcf7fd6f95abd1211b7ec357afdb7c6fd422e22b5897d81af0d831
0.2,4096,271,True,True,0e61c4f530c44741c584202333752a23bca62b4e73ead840387d0646f30a6516,4f143e4ddd53aeafbb3c38773337a9f32982490b1ef85c7e1023e5ca4bb3131f
0.2,4096,272,True,True,787abe20ed44a32ebf6f07b10c55be9b9a32cda27e15a3755fb034cbca250f57,69ae7289168e43e62a8b39fc11a69c6a46b2f6eed3f23e02a3b75193405c0228
0.2,4096,273,True,True,82b422fd892bc2cb2f56112dd171c8bbd9720b843c9872f91855930b1b09fa82,3e49ddedd45bed0e14e6c5d48691a48e1e9d2562e8df1fe7af684807e3dce022
0.2,4096,274,True,True,654255b161e76e62a30e61c0d100e76bd9bbd2de2224cb2000b7824e7a333af3,5f43ae264b95b4b5f61bd1628ef438d97425b97f58109c3f2b470a45991e446d
0.2,4096,275,True,True,f221025e9db133ca8e9091f79f9e7e19e961e0c53a445f90f68caf09f3850aa4,39fc137951b8560bfe70eca5d491ef54fbc60eddd8ae3d0589515ab75ff94cbd
0.2,4096,276,True,True,7ee379dfaaed290154c1453997358eefb0bba87c16ee72f712982c1be4a078bd,d94db0ea4c4dd33280957448f8794526f78a2ff9d80fc146b11dabbbf4445173
0.2,4096,277,True,True,cac85bde95a6e0ffe971034fdfbc0c06987d20ca0b7f54d4b312a0e87e4d2f56,e3f4d863f8f21c28dd1c1c5271ac186467660bc201a6785da87eef99b18dc275
0.2,4096,278,False,True,3d4724d5dd58c886f91059aa7d9f74b4757b58dca6a053c816fbdd796d95ac3e,0c7755cd62793ca040be3fd6023da144120dcde164a329fc897c85b7c7ea4cb3
0.2,4096,279,True,True,d95933a78128af5107eb0e476ee3b3a291d1106048a1d96b362d13a63ee34fd4,21a9a18780f871c60ad58adb7d4f97044c6eb77450bd5193a2f1a393ea4d8b3e
0.2,4096,280,True,True,8af245cd2fe72a506da39e84055f098bbe2476b33a1bb659e8ff0bce2e08e720,49be34125297d2bc300e4fb183cc6a52e7a8faaa3208bdf1ddf7a0f1330ccff5
0.2,4096,281,True,True,c6d68d1c8bbb017f60bf7d5a7958cc201c961c534508f713fb1558be591ccea0,650977679e481e05652c70151898bb593cb93a0af058faae8ed057bbd5944030
0.2,4096,282,True,False,669f20b2beb77f096cbeb87cfd946adc7f7e356b33a44f6ba13a52a336c54087,e5b2a32425d2ea381295644b357301598dcf486e12bb3b7f03ac9bef8e0c05ad
0.2,4096,283,True,True,d7ba8b85f8dac990036d9887a12c946c4efdd44510bf1f27b5b78fa3ce60945b,9338a40553ffd369276a95f3356b6a76b9ecc9c41e8d04ad102997357f405673
0.2,4096,284,True,True,a822131f86c132f9b481f6590f7e158b648f69dcbbbb0baea42ca5c79dcfd557,d3da5c81fcc0c7b1b201b6b64373a675bb976fe542200dd9eebfc4577c4db25f
0.2,4096,285,True,True,127b17d54b057de147f1983a4dde332269a0592850d10fc2f7e619c7d78b9bd4,ce47f52dda7fbc1e9d45ec8c77a7f00b58881ae8a82f4265c5f77136d849fd6c
0.2,4096,286,True,True,ed40d6735b2beafb497941b7633ca54e968d478e0cfc70e69428fe35bb100632,6415d32380e54f245e5f7665a8709fa8d552c9bb24346896998c43ad13ebe2e5
0.2,4096,287,True,True,90e53f7b3d84154117bf7d07e43370379dac26c8d76b1667dc4ebec7850951b2,f7440d166b9535a249f6203fb3d8a62c094eb6b2f02a7502df5a67ebaa50667d
0.2,4096,288,True,True,0890e7a02e00dec0fdf59daa4b43a5ac0f98405d421359e110b506cf950d7394,9e10172384ce6adcdd8cf0144ed01f499aa0049e15fb62948cb502ae819cbb1c
0.2,4096,289,True,True,a30d0d3e9b9650d86a7a3f59b7260c3434c23873caaf6f88ac4fb3b1e6c5ce73,694ad427f89dd8a6f111b0e88efb1b4161d540b857b359547f78536960824d7d
0.2,4096,290,False,True,5949f731ff2cb96dd9a9007ca63f0c193c8bb69f02956e430037c8133dd974ef,41000d16c424abf3281e081a0601d2a21c2edac18f06658edf59410f9d00d7a8
0.2,4096,291,True,True,4ea2b63f3aa25fa0070d6da2c586d1cd55ff91c558dd403089366485f3b03959,c75c0a6df6e2c4727f81b32c7a4113f1c4ba141fd8167c3cac8e10a7a81e435e
0.2,4096,292,True,True,534f893661cc6baee28b58ab37fff9728727e226bf9c6301df69eb3e067a3aa2,c3bd5174535b6a6e37fa2461910da06c5b523a9b3c42261a0501eb195f74caae
0.2,4096,293,True,True,630617a808e672608c1658c8ff8d4ee320e7b1efc77968ca675d55bb045f443d,875099380e21aca7e894d94dc15da7d34547ac11f724908d73d12cb3742e4b8f
0.2,4096,294,True,True,d3bf5a539818fe3eb797810761059c732abcd0fe67632f531ce906b90dea3168,afff72f2b4f0a2ae315f249455021b36dac4cd31cef832aa558305ed4f536d56
0.2,4096,295,True,True,f7b4828f1e716c16d3f7ed6432bb9230c8b9335cc36a0c54637d8dab1f2daeb2,6fe3c77c3b89636e865332aaa008dd2e1f7ab2a57110b63a9bc9802b6fb24ce5
0.2,4096,296,True,True,dc7032853aa326c8c6eecaea21088c363409e0f13ee5560eb355822b80d9503c,4ea0f65cf3d25b2da8db38b1efd353f2a7ff86fa679b0c8432b90091deddb10e
0.2,4096,297,True,True,a4f65a73906ad04c908580854f2306c5feabc6b9d5079622522c59253dbdc4c6,ff5a3e05c2356fc693459c69bf85fcb609aa3624e9bdd639c68cd8fdd6b2b743
0.2,4096,298,True,True,529c5ba4bcb10bcb69c3c95fbeec925a76fd24566502565475094daf0440f776,46d99d4aba9e62d0b758d9035d9d8aa1621cee9a350c3b5ee9897c262c97c436
0.2,4096,299,True,True,01be1496e5592161a2bde6385c727266ef243ea0fcdba92e3e62fc871f121997,971728499a6519b288204c8b4f9885dd02aa3598bb299cc75e70ba35bf4dbbd9
0.2,4096,300,True,True,74c96a8c2c69c2ff9fb01d97e537c49e9d933525e32390646287021800e6b997,e7afa49f64a5d3bfbcb8aedc89001f98d4b7add10ad91c319131dfd03f3137c1
0.2,4096,301,True,True,81d9d2e91f57e3af92158649c319518961d94a783d249dee6ce4b4bfb8110044,583a933f723e902efbf7e84d239009e97bf6caedf1234c2f11455ba5399c0c7c
0.2,4096,302,True,True,f170ddedff3a0dde4539fc362923b49036d8465661e62b4dfac54176a9a7bc8c,cc87aa16c187ac45a840b1ce99d43d7b3875567ba320b4f60445cdb74bcc94f6
0.2,4096,303,True,True,587cf934f09c0ce3218ff703d73265c26794855521d8bf1c5dbd51f5bf661c26,d6d5132410303737c54bb2b5002b1b46654820169baf959a95a6e074b4a0f61b
0.2,4096,304,True,True,236950027ff8fcc7f90aade2d1a11ddd53ad4c643d92c28f0c343acdc5575f5f,74447f9733f5e24355e6d3ab23e65bec3ea1e6325ed2e4705b5bb126f3a43f5a
0.2,4096,305,True,True,c4ec0788c5accbd7ade0be8699a96c01393b29bd79850abdb84f70c2edcba0fb,576eee74cbaa0ca737c42726c8826c0e517fbb280c26d50eb89816afbb93c25a
0.2,4096,306,True,True,82ed3e13e60a287e01e8227e250a1c91fb1cb2d7d017c05e925ae448355deeaa,65843831241daa3e4b6f175bf4df7efbeafe9e20dbfc72d15c6f24950109e6b3
0.2,4096,307,True,True,aec29c4d00beff64507acc3e8d57f48d3dd43af5fd3d46548c8d6f76824045b2,320d7d515b6ed38742299d5b5266a6abf2e976bd97be6a460c954c678e9ae291
0.2,4096,308,True,True,9b335623c7b55dc57d76859a8587744352c5d1cc5fae98521308cf5daf31a3d2,38bbcbbcadbce62ea310f20e80eb8604d654afcc9efa5349e0b2a637d6f570bb
0.2,4096,309,True,True,c81b5bc3d3e44ac0d157fa26aeb4aed69bcc82c10bc9de1247bea53ae1973ee7,b24cb34ea11ffa20854f9bea3e3ff0be331bb4ff175df7565979ccb8e501f3bb
0.2,4096,310,True,True,bacde03064ba0a70971c26d3301b726017f1249ede7e195c80bd5f10eafb9414,12ab6a3437ad01855ae55b90c9a102868c06ba15238c2de708434d3971491986
0.2,4096,311,True,True,d6c035f701401d6f342af51f3fab4a0381170d710d369fa715409e1acf11f3f1,7072e25114714cdfc4ae8f21defd15f4130aa6b8c9c2178a33f1090084247e26
0.2,4096,312,True,True,84aedfc535cd6f8a22e4370d7e9b066a19ef180a477604e45387c7925846a27a,45f326f6bafd5f7f47cbae6b0f6303199a6cb4d5c7a66c312590bab1cb3cdc55
0.2,4096,313,True,True,050953c73e0245cf233c2cd74841db8fa65f5ac5f8e1b3d43f31c01151fb9dc2,d1af6981b9e34bffdb82f2bfc82cdc4a2caa96a49a4a3570a61a91d679350193
0.2,4096,314,True,True,caf2715ad9f6422879cb77925eb2b29ed054c61258eff5f1ac6271ce5f139f1b,133b6ed2b6549e1f137a5ec3408de767b45926092cd7f22596bd4f614f78f162
0.2,4096,315,True,False,57756175918b798c2cba142619c970d90b07193071748fe5b91a9fd8d32a403f,581b6ea5956ff886f42044877370fb089a6fb8e33d2264569cc0549e97d9baa6
0.2,4096,316,True,True,d9653a4682a74f47ec9067fa26fd7d8ef2fa6dc36238a58c74914ff9403bf62d,208db5240634644e492606176b64c5ae9c05270a24b855cf5f04f23fb98fcd6e
0.2,4096,317,True,True,6ea315248505203acd6c0804c322964282e1208030d03c3549e1b6e56c5b9b9c,a6590931a8a11486a41996dc78f6cde172cfbd1961119ac3fcbc3d7426731af3
0.2,4096,318,True,True,3b278e968b2ad9b8f203b1bf791236a2c67e3a579865bdc8191ec08238d9e3d4,301c9743334ef4882689be971e280deb019e0613b4f78dd0600cd0235288431d
0.2,4096,319,True,True,9ed43462d484bcdb5604098099c8c743fe92c65731c37f6f16b7793e03c47bb6,80584ed6e3da49caf79681e061532212032949eb0070b76af567b5b2a9e97285
0.2,4096,320,True,True,ae75bc811cf351b413b013b9872e4e0e38de7d898df142b6d7eec01966b86dee,4fe3c6b83ac2e88a685e2134a3118cdaa74a4a3fce2f9ad82a47206c1f5c4ed1
0.2,4096,321,True,True,0e660abd977b43670a48546bf013d8a49533e15032f24e86dfdb37d3c9bdc52c,108c391ce79c521dcd5dcebfefad6a8308ec7e88d6440c5ba0090640207ef153
0.2,4096,322,True,True,13ba540086ff6c73893318ceb054a3e6aaa8a9fb33662ed126b4bd65bcf55b43,055d3fa575e9afbd7ce2aafc67ed23f33a23cd1ad56061ca6f2e6d306a78d44a
0.2,4096,323,True,True,111b93bf194f0fac8a5807a92c5cecbfa78f2f287c532bf6a257e52db0fff2ff,922f4011a9044347281da0aba6ebdaf4d960ea8516bc7d290eb7d7b3a1d86aa2
0.2,4096,324,True,True,0b371d58ef306d94841a9b72bca9f84fa0244ae66da4aa849f91178865efa35f,dfdf3ef0e39bfd93bb7a0dfc579cd75221211f372c5237c14db3e87572c4325d
0.2,4096,325,True,True,045bffb4dc2dd153ddc1b388bc5392aac0c9494eb914a9a2a5fe0ef9cbe79d13,a1f1f606bbe86c92bad789a74f565d13f8046048ca8445c89166a4916a75d9ba
0.2,4096,326,True,True,39465bca3d884c9319f2a4c5b025d87858c71b258d5da8998bf4b198ff20dabe,dcf228922bb4b5a9156b6eb3a1c0ca5507c137638c83e868d69ef3cddca1744b
0.2,4096,327,True,True,139bf8ccae0cf6149436afd068c333cc534fad1a0192d22ba4477698a97958ff,f62a598572860e79158cf904b342afc64be4e4b493640bc5bae11c9d9c880bf3
0.2,4096,328,True,True,b42f3db909a41938c987f6590488f3295e844f95831aba1a49b3ca569662cbab,4d3e65a8b684497a0a8d4570dd470343cfb3b26837c354e97d13ddd33d270cc0
0.2,4096,329,True,True,2ee30755ba90921848b2320f6d42a2c328162bc95dc51bee7320d688a349c35f,9c6ca5fa60cc2770606f7c511b9655a21a43a6e6f765891c46cac540532fb37b
0.2,4096,330,True,True,1bbe6c4cf79215b7bf9d7564539c7b546aeb154eefd10b4a73607e0fa6ec6932,e9484eda3fca4345bec1bab385d840c87ad5bdd939ca92a10734a05b46b81c1c
0.2,4096,331,True,True,2862782a014d5c91abd7edadabac2d4d62245b649a7d5736e1d57ddf82a4f3db,e83d918157ad9d0e87493fcd0ef28be5ea8290cedd24bec99e1d004b2f50a542
0.2,4096,332,True,True,78cf143d37a314fe814cb415542049817ef2ab22525bfb1b2b63f736dcc8d84a,1e1e36a4a57413129116eae30ba7940bd626baed3bd54ecfd94956dfbe55c561
0.2,4096,333,True,True,6d3fb22c34ee7815c48912ef2214abba8a9c7f5bd2d09edb8c11a6258f56ad20,c6a469bc4593ba595ea9e9cd730c675296b913c1a46f50b49d0bc3258f3a5550
0.2,4096,334,True,True,aec8bb87f89e77a6c8353ad2cb545e2108cd5e2bc861a4fcb174bcd94c637ee5,ea9aaaa61d7ee5d6813bcc92d151d90baace4395914eba45f461b16ff1264c4b
0.2,4096,335,True,True,792600ad35866e73df0116ad5dd4c0aeeff8881a27b5832d72668e784a213308,f283521e7057860f9ac8b8091952e1793c045fc84f5dcc82dd3430153759048c
0.2,4096,336,True,True,5acca86e7580d23fb98d50e9e59604be1c854494bf1e36e592d06fa3766a11a2,48d657924d6b8fc1aff790461474bdd2e0dbb5442cd24ce764e6218da70d31a2
0.2,4096,337,True,True,2c04d7b7db077f23e82bcc9261055221aba6a43a07aa36a118b2f42d81d7f2ad,8636b942de1a170f45bfc887dbb5a898fac1e4462849f3228ba194f40dbcf8cb
0.2,4096,338,True,True,bb752c9b767bde52b5996cad54d107d42247ed82b560b06f8d9775183b358bcd,a253b7c455823554470d2c3fd3c26606d24ba5618346477c9a910c30f838f39c
0.2,4096,339,True,True,a6697d4c8ff7f5ed9ee057da847a7175c3fab0a9e9bd10f7156807cd4bcbcea2,30d6abac900d2b2d5befd53caae20ba1d0cc9959038703a38a010798e804b4e0
0.2,4096,340,True,True,327a13a0ebf2dffc7eb769b34d82d6fe42564ed76eae2ef92c6ea6addae9246b,a35b0e16ee29fb62f2ed34024e20b9e8e589f0a1eac2258153a19d88839f184c
0.2,4096,341,True,True,cc2b678d35b0f41aa898ad6247bd31fef191a0437998d792490ed3ce0b262346,27bcb9d877b61e6070d5897bb81402882cf29d8129e6185718333115b7da442b
0.2,4096,342,True,True,9b8cbfca1dfadd0d518eacc87fef6bba6719c070929eb7e5d51a9c8dd83ba0b0,ad7e9f9ef3cfddff13d136c7c7b26afae7d3da58562f75426b210597f12330d1
0.2,4096,343,True,True,92bb3c28d4c9cef91862c99752d18aeaea163a6e1eea01d1df47c542d91c3fa9,71cb606a209d3d5ee8389efc6ec504a0681efc8fcaf2fcc5df9afff21a0cc140
0.2,4096,344,True,True,1f6eaa91d35ddc791c0d135cd28c0a795142726bd5ebf5d8f68499b83ed6a998,be81803ff8d45931c2eb5e4c8da787a883dfa95dc259857e1ecf5ff93fcb3286
0.2,4096,345,True,True,8acd8de284919477f41f26ad45ece122310dc4161b89253e954225dd85523135,840676a051b88b4307f3ce867ff392eae7da0999bc2e78fd4b6dcc7416690ccb
0.2,4096,346,True,True,2868c5af697176bc34a516c0e6e8da867ec86274c39cea9eebed6f333aef33b3,296604cfdaa3f1d7301770a3137641fc96296fa05a9d7563172f0b1171adff16
0.2,4096,347,True,True,fcff3d657c2af38a4af98f0def03a6baf638b0fafa647b807f34f0d69d37f786,bc30ff89eed3b3eba08f654af4e8b8c17ead8ba17ba4bcd46f066db65dcbb7bb
0.2,4096,348,True,True,a17147571a8153073779ef0a434d654373efa638fa15ccadea2a70c642264f57,8a580d9ba5499ad23e05a4013aebabd95766306ec83cee2c6a37ae9b63130eca
0.2,4096,349,True,True,c6a3ec342c83c6de98472aec96f3d9ca86c54705470d6c2f6f303a3aa37f2fc8,f670fa52e843e93b69970f3031478d75779f3dc5a5af170bf0852313605eb88e
0.2,4096,350,True,True,6b0d0904291ac48b20effc256f7f2822776252ca4036da9a1ecfadbaf8d3ce3d,b7eef8c6d2f2b904ab1fb3d58aebdbf830ba98f6073ec0e5bcfb7eb5585a3003
0.2,4096,351,True,True,2794e6699f50410ba0bf7ac2b5060a657477927edb773da54138283038158052,6247cba5c3a688908a1491e559022ff7b2a31762c2fee1a8440a7112d41bd260
0.2,4096,352,True,True,0d512c7ed28d774befe818734f75e4dff90e161a9ca86c8e2ba1c85990c01978,a06fe03af8aa28bacf4f32938d66530edd76e3295ac25b63a513b681684956b3
0.2,4096,353,True,True,2b0f5995c4370be0df26f03fa87ccc99cf022fc9804ea1ef64a55675bb291a4a,7eb8b25989cfa59883eebdba1807690ad08f2fe7f104aee571c75b460946fdc0
0.2,4096,354,True,True,49775ae2df3ad5aefd58b002557479752cd3de36446c75999c24e3a4e48ada92,2e7e97d940b012b383e20509655444eb314da0bab64f7bce7d55aa931758ea67
0.2,4096,355,True,True,245e509258625918b984ae67ba6c8f01f04fe2b39fa728b0ceaf094952eca951,c3371a88e437823f7ff986ba50233de9ba46e1a8ff2620a38fc6dbde608be918
0.2,4096,356,True,True,69915bc14d3dc281cad1a8b12a5ae53aa2d7699517d9720b9aaf027bb279bc25,2b30d67704e513f53ed143430bbbf2df93f94e5d9cf1151bbaadc2c7b5134a1c
0.2,4096,357,True,True,f637699069d65afbc3af21d53f3673b68254ca31cc3bb9087732a1a9f6132148,a9cab3f73544ef15a9f33db751a16fc40d75cf8cdbf4608f21fb62337c504519
0.2,4096,358,True,True,cb27743be43745d83b3a10dae039014d17d1b9e3011e93ee694c551bfece0258,07ae478128d0ceb6b96ebcb22aaad365641394045d867eeb330534ba8b0c6f87
0.2,4096,359,True,True,4968c69c8e9d915d86a3f9884b45722e9d51b7381d268c6fc9627a4f835e8878,71ae454c74a0dc4113de907454381997f3c58b9e0ba6f67a027b650317e1887d
0.2,4096,360,True,True,bbfcaff17fc7dc9c6db850bb8d1492d839fbf0bdef791d3180f26dbf2b197278,96ff3eb5955030dfad993909d63aaf47094a455da7275c6c85d6074e7d3161a9
0.2,4096,361,True,True,e336531e9f0b6e4387f00c8f7ddcd9f6eff20b51249b4e2ed98701b196f7d479,4b3d7ab27088b76541903c7a93515d2247e19f7f3dae1b299309db3703d4ce7d
0.2,4096,362,True,True,84e575ac690b5af654f441d8ede8f695643a28a1221943df939c3aadc7be73ea,de21f5240404dc9b7612649483891d190c24c1f5efa83082515b41aa5fe2e18d
0.2,4096,363,True,True,46a3c2607045a0d1355c6f938cf7ff47e2c22fad0b63e0b15b36e10c0276e9af,23e63a88af74ec0aa8f55afcb622566cafba0d813918abfe342c8dbf7e93152d
0.2,4096,364,True,True,c51d05f7199214a9f634063469ae42de1ec9a93737653d2fb213cb29723a6320,86278fb10dd4d8b7b7de34a9df1bea89530374e701309120bb225cbca0cb75ac
0.2,4096,365,True,True,b12dba4a78845fc2c09e988472ebc53b864e4a5813010ab26fb467b628cda4da,6875f82f5a60e41323b418bacd11490f4d891252247be1a3d05bd929989de114
0.2,4096,366,True,True,866b322d5fb0a6553f15bf70a57354dd72b5ca760929f5e1d0b847ea3b97c265,f05ed0a98e353c6bb0276f0ce1f659caae6358f311bd1487fddc2413e5b6366c
0.2,4096,367,True,True,f42d6fcf68ce77f8855413aaeb1ef34cd97b02889c41b302950f2b20a990f4f7,50dfc83709fb1e62e558f93e7148c170fee163998e15bbb2f793974b0932d505
0.2,4096,368,True,True,276aeeb0f3b47fce2b05349e762c437a55eabd5f0a0c81e857d6d5b756f5cbfa,138398139730b726543b44c726f4f2b39f59b2ef3feda9070b280db93946ba34
0.2,4096,369,True,True,62dfc80c55fe4d8af7a7a1d4d52f004778536c879686d00b9ff71720b72fcbe5,d31be2eefaf264fc04fe20f0fc4050f8f1659fe6dbafc17b63e115f9617b2b1f
0.2,4096,370,True,True,905cbea90b79ac6559e1a641136d226d23ec77cc1f243d78f8bdb6564ef9c53a,24223ff20ebd0c2a3e8eb8f9b5815c801a4c1c50c474d2edcd30ad2b090c0816
0.2,4096,371,True,True,bbb69f42e3579e5af01af0cf959ebd3610be863de12490094f9cd91852b41007,c4533821d0fe2eefa16be9e7eededa1caa83287cc2553055d09fce6e6a7ed05e
0.2,4096,372,True,True,bd02eb3b6a1bd419c57889ac94ed3c1515afa65d5ed01fca67ed682276189b00,fde17acb94062fea472a95edf5c70c15588eb9db0dc8045b568cf1f4d1151ad5
0.2,4096,373,True,True,50bc007c27d8d21b19aadbacbe6a0c905a04d76efcca6e4f0540a06ba703d233,93f195e9370d9b2a741bf37d6f242655b9af28f436460dc3c9b97c721ad30e01
0.2,4096,374,True,True,ef6fe465ff4852fcf9e1417df595d8b33c0095e9b5f654ee228fc49f2e8d0cce,defcf7c18f0416df962cb426e55f14f3e30b4163842f62913332c5a4104c3432
0.2,4096,375,True,False,b430d818ecc10b541a40dc71d38efba26665c45ca2da5bd8bb64d3056bd06065,743d74ef7ab562920d7aa6112f44a9e9884b132d6c1634e98bd0887b57665fed
0.2,4096,376,True,True,bcc76c9014989f20ddd04745e9549a38767f6982669a030f526ca8b725855c91,cff43f25273073957852072946b6d6815145e8883f903b2c4bbeeb21dc7a84fb
0.2,4096,377,True,True,a42d0a7aab33863e0c0ab06973bb055f04c208e20e80e6414e17f39e17967eef,114c79c8803a4f7cc7d1712e59b9441164126a50542cc0a0e15aba0221cd1fa5
0.2,4096,378,True,True,ef0d0badf16dc78bf91b5821b91042e78a6e13944ddcb7c58097f1513b38b4fd,373f25eeb98eee6952b47aa222880da2eff6bdec5bb84f9ff3aeb1eecd3a47a6
0.2,4096,379,True,True,ac1b502546a3c72394fe895fc4c8cbef6c12974f36e42449bf20baca62740db3,4a2fc313ad5d5e014b5b027c0caf4ebd29b6634517da800dcbbf87a34ad1d5ef
0.2,4096,380,True,False,d715722e02dc4c057c3d0daec518c054240f378830183953c9b143d035714c9b,aed996980b84fac114bd82958fea1459402f7fb6031e88c611992736657938ed
0.2,4096,381,True,True,b518e3588cd86c928c6eb84c5d62a7e694cc3654b306e67dc46f0c512aebf6b5,e7cc0b732816a77c9ba396c17f6a89c57264ff55193f1b999164f33e4b693f39
0.2,4096,382,True,True,5efbb3acf4525a348530d1fb7dd360189d038bf89b94b61775a07e1c1055f352,37fd0cbde81a8001ddc7d2b8606c25f7f3f281ba2b221d3a5ed312f221c78760
0.2,4096,383,True,True,01b65295423e0039329f162484e38466f54848a98a784d4893035e8a715d9f01,ea2d50b1528dfd60aeebcc16c1a7e978148144e21f3630fedb8af60e400dbbed
0.2,4096,384,True,True,0e199722c4a45c0cd17ced791cf359e2f0139d1ca9ac02baab1f7d0e43ab863d,99450441859111168a0b4eddb2f708330f7abdecd0fa043e9a532f7b53c9b06f
0.2,4096,385,True,True,416cb311b6e9e1de0081e1c468d4f53a52707987b9cec937b03d693288ed4398,98759135e090d2699141657a666a76826fadaeffdf5968fe8bcc37ce3a99139e
0.2,4096,386,True,True,f55c6ebc0a813099c591fbc67b0c5c6dbdaf62cbd8d64878decdd070cb5a4d17,ed3e76e258e2198e8e2c464cefd3e850a46825da45135f156bab77dbb33bb274
0.2,4096,387,True,True,0ba40a23940e098c5688ea99761b2aed4c78187af722fa28b109b971216a050a,5de6ebadc6afd5655ebdc04bf3e2f6cf66c510e44745b8305f2a09f68e72354e
0.2,4096,388,True,True,b8cc1b56c3141f25384df7f6609c94fc7701a9afec91fa8456dce94f1f719e97,181d718d472f557c62250bb3fc27c6371b9fcea095657ea821c226b043f8dd26
0.2,4096,389,True,True,2843eae85022dab87be04213370bdf7091b8046615e941927bcb1958cc072f49,cd64b62cad90e137c389e09186401f8d9ed358661c0f7307c06258bb40acb7da
0.2,4096,390,True,True,826591c53299523c39c1113cf380cb0d7b58f44fb4775ad06e24e047bc437143,676e1d8cd7bd3ab63a950b73684c58018ac9ceb1796921c0e0a745353a5df035
0.2,4096,391,True,True,818585459c445514a2659af6af6cf0c64d5d29f0a9b9aa843d3b3f284c39e097,dd004f67d770c610bbec4229d6a6c42cd1ebc0e126e6fbf6228bb49968329e38
0.2,4096,392,True,True,bf0d46ca683829e6573fe64e53968d2ec915d36f43a47b1131a16941c9d6850a,12dd904f557c21ab26e8b559406740633822ac70825fcf42ed85be462706b482
0.2,4096,393,True,True,295fea22156a0fda7befd8d638412fa478c81d6ebd92e62bc6f566607ff3ebfd,6283fb16fdd646d60e3811e0d205a5e7037515d4470effd30a16b5446e15a76c
0.2,4096,394,True,True,ce843a9d6d44db28415524a0e4e7984385ec0adb55be43bd3f7183e6d00f06ae,748c239620acaf8e5852c7df0ba657dbc9d4a601d866c3223e7ca65c67de87a2
0.2,4096,395,True,True,8d98c92146a5159bbea97e800d2f3bdd585a8884bf6bb43434c73cb10dcf551c,ea1ef13fd20086589c4c586a253de08507dd1f0175ed1de23d0df51764cccd63
0.2,4096,396,True,True,bf2249a03caabaae90a233847e5a53d10cae0adf0361beb1fda4a0661738c849,e76bc127306f04ca810189b8d15baf045413ecf4035ad33eac7fcb6e7f643600
0.2,4096,397,True,True,cadb18ac7b29cef6d19135a1b646533dae6035d11a529b52c37fda0fedaf8c66,465abfea57cd507d1b1e06e824988669e41ec12e0e81f6874f56e52c20484118
0.2,4096,398,True,True,b51ab4a765ce550692572723b4f6d1bcf8cf079a2eb9522ad5f061cf312ff630,b1b6aef0ade3ef2e166d41a32ac29e1e044f6f24a7f950346b7b356e1dc1db52
0.2,4096,399,True,True,70ffd64d60659061ca230b2a1f274a8ab6ba3007641c0010c4b475b55ca40b95,28a4114fbf4765d5d4a3d24f07dde4a9603d6ab4097e2216c91084acfaf8dc57
0.2,4096,400,True,False,192e7fd2ad1c39b4916140412ef42b00b2e8a0b84dc4cd03e37d44e93355117e,f80ce3a36c1b8de265642ae76b23d393e00542ed6c48df563740a0abfadbb7f7
0.2,4096,401,True,True,5f376b628dc53921a6cf4d98527a63545564e0cd48b36545733b341b1ce89e4f,a190edca764b77bdd753dd4e101fa3494d64daa0f0f662aadc9837deeed01a2e
0.2,4096,402,True,True,b22afb1b7c02f6f2d05cb8daadec7ad1f56a9722c1cc2a11a7a68dadd8c57ab9,c48aaa1f1bcaf8ad29e1a1e5a75f5d8dbb466dd9b74d8ef18ddd389c123a8162
0.2,4096,403,True,True,ddaa01b422a8937ad47b6be21e133966e7d1c6f6aba5a2bfa117a73bf0dbf01c,fb5deb54e58e9c286b93b55f06bb19e5dd7831fd57ce07ec1a888adf8830e56a
0.2,4096,404,True,True,01614e90ecae654fa9563f5e2e4a45873024209a84f44af7d714f4ddb4f6768f,72b71a802237b7f377ca6059072674d304917a79b9d5b1dbaa3c692e014d4672
0.2,4096,405,True,True,9f63728d5ef08871e0ed023b9ce3d3606b2341dedd03d6477ad3007fa187de82,5a683f1417135128c0889008d645d2d4c5cb5888cd43ee0ae50673980bf2978b
0.2,4096,406,True,True,944fc9ad56e9af53bb38e61cd31041a8c0aeaf3d1d30204ca6ac48afc460f722,d15a3ea4015ebebbfc7f2cbdce6780a5fd633a7a5d476eea7b52602bf8c37010
0.2,4096,407,True,True,1b5898813035254748c0422926a261d1739185b972c5875169f9f258f16b548e,ce19ef0f9326f934bb88d20830fd7dd4aea0840cdaf457ac2cd1d8c434eed05c
0.2,4096,408,True,True,15bc04ba0d1e26372165cf3a424528320060be79b9ea32cab1cc560b77645008,66ca6b97b0e0f1981c162e03a959cf0420f64eab355ab531b40382735efe7213
0.2,4096,409,True,True,fac0c9e072fd8085856667f28df8ad751e59d78808b576d860f6958d0351027e,9a06aac35b64fe481895d342ad51d56524335d0b7abfe833b9303fad07c73e4e
0.2,4096,410,True,True,5ce23ad25e845ad1531896e867c2175802aabb937c6250c6cf2de6316341f517,cf9a6b19c0979f908aa37eb9b40fe8f9d388ba7b50d93dd9c022300ecf03b4e7
0.2,4096,411,True,True,6cb31470efdb8829f30bddef330e77a03a63f956480e287f475a7d2babba35b9,4bda3f73d0425bedfe5a059de754cdac721ae253adb39375f14396b85a83b094
0.2,4096,412,True,True,3a74a29ab88f40ce77aa453abb4661b18ddcd48802bac53429289ad49b6260e9,eefaf958bd320f2e4a22d6b5e10cbf99e66aeeaea9114a3ef8b8abadacbfbfdd
0.2,4096,413,True,True,a07b207539322c6ec635e9cf7b01e9786d4b1eb90540b0f80af686bdb94cf64d,c8a005cc313a4b9c84c03d0c364c3ff42f75dde23ee03229f46ad44004ccddf2
0.2,4096,414,False,True,dc7e740e35fffe23bb10a0869afecb2da833dc2f994eded3789f14128efd84a0,5c98ea26d10b30dca448bcddd04b1effda34a222ff0a94a8b64964d99b7985d0
0.2,4096,415,True,True,d203ef1a707a43c92cb7f0ec7c74c89fa98e8ac2256f0f7249d8306061956ad0,bf64bb0681c46dc6f16ed71bed4267477f8395f75f303fef5816842dcda7fe75
0.2,4096,416,True,True,502b151a1bba88266382191890fafa851fa6a2ce3df9f501e2a4912a26d113fb,c2f84b8aa04041d0990a59b66d5e3dbcf67c198c590b44c2e5c179f59143ff11
0.2,4096,417,True,True,1a904f641eed3fd8477876a04cba3a27c12ff120d2d125ebf03f6bd59dfaeeb8,78ab25bf62abeb84b42f9c93582ec8efd342f032abcc6ab315d33cc595caff09
0.2,4096,418,True,True,77f6f2163ac141ce9e2429a220dd156f7b6aea6d9eafc00b194a3c3a5ad2cae6,6f18d74776b759decf19f38f75d4e8c3b6bd70c1d6d4201aea3f666144f1e33f
0.2,4096,419,True,True,96a5f97952bf9fadfd31d26dcba277f5766941e03fdaf4adc7d954e51ad2652d,81863bc182e7e260aa37fac87395e683a3b9e2d212046c6d5f95e20694e17f7a
0.2,4096,420,True,True,4b832256f66e569240312750ae708a93daaa7b8a1b5a08b897d9b5b93e67d901,6d9db68ea1c0a8d72673cfaf98225a98c2b6445190f41868399c7cd6f26c7da5
0.2,4096,421,True,True,a4a0a1ad638ffe4eb434e37a16de934395b910dd17296e7d984f9c5531605a5a,702a87b2e3bf070b87785a3d1f428918244923f5d19a6bfcf31f3eee3b47bf83
0.2,4096,422,True,True,c67ebba47e0f6c27d59a6c4e91691287ce536b5fd421a34a189b89e3f8bfa024,d70637986d94bf16c01101caa24d2c038a075121ec9907a9ac2dae74f6532705
0.2,4096,423,True,True,5f740e51312a4ec93a9bfa7b9bbee4ec90232fb9572506985412714c45694b21,1a24f6a8768eca10194bc803c8271fa7e6c2d48403125da37edc4af268c05667
0.2,4096,424,True,True,c0e09e9390a5833c4d3c15993e70dd77533a1bfe6969e9bb5bc937de0dcebd11,434db1f04ec4ea98c7eaca8e490f354d70f470745b27ccd7ca78d5d3c0483148
0.2,4096,425,True,True,5771c32ca83c634544d4c702e8b2cc3850cdba71b0d3fa9a5806faa939260c27,efb91bed3f61cb706c34c56cdebd91380c4cf4ed33eaa95a75725ebe8172e8f2
0.2,4096,426,True,True,c8bf76181565bef6ce4e509d1652701487bfc9c52cae89134bac57211e8fbe02,dccf6aa77f3ed2b3b8edb80619e6569bf939ec0d862520e326cd380129124265
0.2,4096,427,True,True,6be2cff2a916182854c2a3c350586e3fbfbf055f41bb689a4dd325889ed0ef31,21673a57a5052b8c98701ee9d7d99dcfc8589aff6de944737f85ea110ede2f19
0.2,4096,428,True,True,2091ac76f4400372457e01550943da7d758f52a183484b3f2d7fca88eb895838,8518b888f9c040322ee0238130d7d3d9fc1a24399fbf653d934fcbe5a1c8e08f
0.2,4096,429,False,True,3f707142a3ff99d12cbc977900e8306ef414326357eadd4962633c0d7237d5b6,1dc43d81ec81afba8a7fb75361174319369f920cf0af97a2fd6529b336220e08
0.2,4096,430,False,True,9fa7c3513a61ef0ef0df381abfab514fa9a9df05131ba773dafdd7be6b7738a3,38f82b2d7cf6c6310fcf96eb0abaa24fbb8148a9a31978a7253e1a89aabcfd60
0.2,4096,431,True,True,b8eb12bb91323a93ab1a733e84cf7ab0fe8d50daae29a74cda1c3c9a13be147b,4aa08e897d82fbc5140fb6b939f9700d310c30accf65c7f81773a41af6044588
0.2,4096,432,True,True,cd64fc51d2bfa4b25ede6271f5262e9b987c67f77a3adcbbf6e9975a834ee516,48343324710bf064fd26c87d4d7b006e925386fe28f4b1ec87374553574ae116
0.2,4096,433,True,True,e75d77df704e1702f61c5788a3452527f7a14d1bae6ed97c984d8aca85fa84c9,907b4df8bde991c23de0b1d6c1b7129b5006ba71808facc346f49c0ecb584c4f
0.2,4096,434,True,True,ea3fb45c81de7104139f9b2bc5cef359df57ce716ba08127ec5b234686c7bcc4,899f3079ed78b0aec475d96594857d3e9e669d0017bd2496dcb74ba3858b85db
0.2,4096,435,True,True,03149b551ddb6c6b7089b06d8339c780f263b8c67b5b3e19342bcb4d6cb0820d,fea81da54d55f244fa8b814992163049c7e31bdef25349bc1319bc8e6fef6223
0.2,4096,436,True,True,0c28d9c5154955a1fd6abb758e532114be7308c6a12dd0b432016ed30ae780d4,07a1b4496bc233b81c6d5890b4f4db9928bed38c00fa5f9e8a5edb2b03e84844
0.2,4096,437,True,True,57dda409b1d05a28e86de6427b05b6aa185ff695f27cb67d4dca216a011c71fe,18d9a809df8f801bb93cc68d28284f9d4cb7e227eef62f5d30eea3b91c507331
0.2,4096,438,True,False,5962ce7846fc5710f083bec1d43a0d0537a9626c2f322aecef5cf413a50572bb,a4c77ad56ab52de4ffc49d7bbb5676d1b41cb3afb02c1f393dc0e9c19833c1b5
0.2,4096,439,True,False,d3baac37ceae2ea576d2dd1a1012da871ee47e9d923f3eaaa0d6a6601d72ab8c,54cc86be49cac21c54713996ed244e951a55c58aad4ab66a29bdedb81702a0d2
0.2,4096,440,True,True,05f7f981efec22fc17985f420b6d61690e3240024f186365201ce622cb70bd99,6da031c78666dfb9a27f7805e2589f8a4a05a379e70f64204b5597b8a8cfe8b0
0.2,4096,441,True,True,139143f87dc474e58e5fc6d42568b091670cafa9bdfe3d4b915ae4c7a408b859,a5d5c8be0bc428af9fece5e7fc5946511bd0b313dfa65514daed9f1949b42b1b
0.2,4096,442,True,True,6acbf9089ac985ed19bb7e898840be86522538734782f906640815f54559e146,556f730661bb06625040a31a40849c7dbc7c745b03a3894714fb8c17be905f58
0.2,4096,443,True,True,e18dbb927cef698e74d61de7c76a61065fd6793f9944b03216f03dcb51536d47,85bc12d5fb0b496c32547a74e5a9cdbc7917d49f7975d9e14ecc5ba0c3f10db7
0.2,4096,444,True,True,d9b4824bf70b4ece83ad84ed617f7e81be7848860ed2f98c09156f1faa51d7f1,919e01c4e8ef4771221331b8755742f8bb5e31090bfe39094f585012ca25ce2a
0.2,4096,445,True,True,0c9f1b4c6a9b969d0114d25ccc677ae33b8dc2dd7e76471e569259b80e05df35,27543d91ec5414a19791ee35d1b8e4a754649c97ba48ebfc851a0366c5104ddd
0.2,4096,446,True,True,bb9cf36f3e20d7d2e11311cfffcc8f130bb268e983397e5176b2fbba0a6d8967,3f2f27aff1dca2d3212f7e718eaa93cf45c78ed252f5ff7ff53cfc8d67764764
0.2,4096,447,True,True,feda1a4dc101ab3a4f9a04f43f36a9cf967027655f3ba86b1cc3018576834ead,82e187954d992a756af53fb4c3228d7ed81b730ca51b4d7fcac1c06944190213
0.2,4096,448,True,True,e7e6521f6093f5f8b94e0df942876f59dc3e85925ba67716de1ac1e757cab828,b704783b927957065441c7542ef7670975a63f4c1d1c877cb4919d1e4e54533a
0.2,4096,449,True,True,d09bd2251fb8a1e589af38f4f54658578cf86c0f475b99c61bbf879c1e6c63df,d28bc884da5570af84633f74a6a7c385eae57dbb8d350ed125584069154c72de
0.2,4096,450,False,True,15ba1a3bd1e82667f2e4754ed4bdc99527f356dcc8c8d0353e3c3f42b20fc1b9,e6bb62d6bbc2b4510a4bf8006f575a05ec5b35dc0aec64b6feddd297c6066858
0.2,4096,451,True,True,39e0a61c17b769272f2f2a09d39737ca01257a1a7d7ad0b5261c435f68e7a6fa,ca820e1c29b27b39c10c8e99e68cf591511a40522ec0f7e7c6e6ebbc0e3c66f3
0.2,4096,452,True,True,7a7150aafbf5e660d78b5892e243e90702bdc31aad04ee2fcf4650e54c037317,5fbd1f6358f071a3ce28d481ce82553a1b0d5daf52e7becad3292957ba6e4bfe
0.2,4096,453,True,True,8d962ab08ac55528da30ca43ce039341d8a835ffaee9cbebb1e83a84574b63e5,89397f4968580b52e61c6f3411c7fafca1ec5ae3e292db1b2b1e50d5635ac5b8
0.2,4096,454,True,True,0607937ed9fb2a652e6cef8c97d649a7932ed4ccecf5042b001c7bc09a5ef917,4ef138d3237040a1f54c815e54ab76d2fecac36943b92ca7f397d08e6ed7693e
0.2,4096,455,True,True,6d851afc640fd2e0c8d4806a599113b2a6874ce4d3da5af0e25451abf5b65771,038db2b0865459c7670dac0555347af14bf57019c4b36355c997783c9c7103b4
0.2,4096,456,True,True,e4d312899c78607b6673b7a4e2a9ca8a0248ae380a7b663410b22865d295c895,2231896a0a5423056148f498f8b1027c393543060cdb74243f48e175c0818fe1
0.2,4096,457,True,True,5f6d1bec7217ef125812ab08b81b36308664887857421550ee1a4b3b1c16e474,565d9a62cfa1e1315018c133d7b17a1052ddfe1d708c958b971347c3093b2c31
0.2,4096,458,True,True,1f1c15f3e9d83a8d32a5bfa7f93421a2d0dfa3fe40c81a87f440da1436ff96f1,a4c15ab7f3c65fdd90ab94a2322cbc022726bb4ada4854849601fe4f3ad62be3
0.2,4096,459,True,True,a366263d3e078c58911716a9ee4e65fe90e04fcd5ecdf1ce2b817241f89b7509,f6ce08a6eee9fb7d7d9a15ea76ed1c2df91ac37424b2ca894cad7868d04bda53
0.2,4096,460,True,True,c8aa0305bb746984b8e347e1a65793ac5bf4ef8b88b648e9baf2581f204896fc,30a09403efa4d0b58f17166e430716b2d1030adff4607a25bbd03bd978fe28a4
0.2,4096,461,True,True,cf1ab58bc81ed68d93fc38fd724550241e21adb8aebc930c6dcd74653ed9a739,947e3562c485e6a3da9d1d0a67c65d94d6ed6fe6b065b6cab0376ab10a537b02
0.2,4096,462,True,True,025e2160b8a96a9cc06e9e8d91cd566de90b8dc83a193d69160c2597ade66543,663212f6c5a0b0b23e3838c5d01b3dcd2458cbb7bb7b91ecd1003d6771b5b977
0.2,4096,463,True,True,1f7c29044e9575d84deee129e3c22864b9c05528c49689ee15f1d11610e62c8a,055481a85cf09806db90e8b89d0d67c9b089ead74eeb95f712117eeb3ee2066f
0.2,4096,464,True,True,34e177c21b31c5eaf3dddeb4d8d52ed55734ddcfceb32fab79282bf94da5278f,b2e64e7853081dea79ba64c464432d6c363875ca8eee15cb17b27a846f32e19c
0.2,4096,465,True,True,004378217c9e684096c533fb7b7efd219cc9f95206c42aab86727b52c822a426,35d5511b9aa9b1b3f9d3e944dcc3de13151538b29f48f2ab57e7230d7c08c361
0.2,4096,466,True,True,8569e6b72d934ba7fb209fbd7da634901a1c8f7686136e96e95408ccfe2715be,a107f2570b37e2dbac4b3f1ab98b52e25b5bdae937fd89f9ba61b21e474a9d7b
0.2,4096,467,True,True,8b125c62834f1effa28b68bc56a4c5d086a69d8898f36be81db55b7bd43be40e,907e980358d0176d947c93f800b6023936aa4d16fdb9b3180d55e444b7ee9dd6
0.2,4096,468,True,True,df3ef3af2d5790658eabf460c1a0242e897c10617d7d806fe00418bdd86c6e8d,77a5ec1a31c20698fc7ac6fe4ceded5cb97f00e0f636e9b71752c6a37e60f462
0.2,4096,469,True,True,de6448852f64f7544ccfd37042215c90333efec3e28998664360c89b8134b095,2c501f7becd11b211d14321499cc563b628a3daa6606ab288a2eda50c0214f6a
0.2,4096,470,True,True,503689b437ef51099f6c159d0f8080d8a0e0a530f16f23a8af5282a1f10bebe4,825e779dc890a032564970eaedecdceeb57cfb0ada65b1c44e0709c7d8a541b7
0.2,4096,471,True,False,442fbb880db844f9a174abf087a34c3069f9d396105ee456317472e25b312ece,2789164d29980f6392440896a5b616e037feea053a8490a32480a21488368264
0.2,4096,472,False,True,827213e0e50c2dd2b85a24e6229894451cef6b189fb4badf469f98a4ba0b2068,90c2ca85240d12ff70889efb2f6e2f73cf2d35e64c43e07011a0236fee192bd8
0.2,4096,473,True,True,b2e4f507d509cda20ce97d2af8ab4cf7c01b7b5991ee990ad8769b647d4c21af,af46e6bf94373906996dc5f92986927ed9f110ffb909034eeb2f0586115e6766
0.2,4096,474,True,True,02cd41a6dc0ccb8d928f88564d211b63b1f62dd77d6c7ff8635cbaa5f6610d46,d04d793fc0906dd0c0807de9e003d0da920e87ff4d0f7f732bc0ef4f2827edb2
0.2,4096,475,True,True,71995d686ded0c63bf29e9af430af18faf0819aab90691b2e8fa02aa53fa3657,d41dd34ea70517850fc63e99e28fec0b8a56aad0343efb301db0e1cbc03bcb29
0.2,4096,476,True,True,13cef99e65811d7d710ef3efd1411c116ad4017d12430ac69f3eb51dff6c2d25,394c7e6a5b4bf442d013549e6628a969fbb5f14d22d3c52e5d6e510056cc99b0
0.2,4096,477,True,True,7df4a2726a3f4add611426fdbb31e4d1de7876bc79e461163c32dde2f4011bcd,57a24c22f4e0cea02f5550d3244476eb7caf84d5ef581ab6e6651126454bbda0
0.2,4096,478,True,True,170de7b0e6ef5d89ae7b6d520febb6d6fa531c3022474babe54a7774e70ac9fc,3e14915b5e3ed12ab8a617e6d3f9072d028c209804555f02b3b199e5a8fa2197
0.2,4096,479,True,True,17d1d5b251c97f871763fcbaf039bb5fc041da8adc20e8a9c2f5ac95a8cc05ac,465eecadd95068f2bba6a9c5d51ca08955f6c0573f1edbdd4464fe3ff505aada
0.2,4096,480,True,True,0d6581e30548b88dffbb3fbeeaba7e9aa48b6dea3dadee9847d456db7e1f215c,b6396cc3252728d163dbbb315ece54c59275710310e5495da857e1847fa6d494
0.2,4096,481,True,True,6885f17d7e235c66bbe011a2312170b4e263472fa3349646c5ce24661aac295f,f417d05decac9729b2e1e66d4260b77fbb20fc314a5d4147b573d84f79a593b7
0.2,4096,482,True,True,18140e23f70582287467bcd7c453c890456622c2a2e428760aa71e26584e372f,80947faaa895a5b4453915d7e3097269c2d0d93c794ab41deb4c2b72240c04f1
0.2,4096,483,True,True,30373d22e9dc5f60bbff50f23754fb54cd2ef23be929a08b3e168c2480a85641,e96b6e42de9f8d9ea148c7904d895155f745db0f362ffd636e9e36764709e7a6
0.2,4096,484,True,True,1dac25495631900d4e1be96a0f021ab7c12165e6a1afef5f812533bbdcf30649,e92cdc7f09268dbac7e6179889c62f28cfc074601c735f2db9741be3e39bba1c
0.2,4096,485,True,True,b786f297b6e04b956709aeb009bdaeeb66c12c185bf71af20f9b0a56c8f46267,36a9bccbe296dc067cf584577dd210ff245d1a0738aa6e937e34d8384bb8d74f
0.2,4096,486,True,True,ab9ea254daaa4ff4da507be0150f0370fab1f031ecef7f78d107b6116d6aab59,a122d01e1cf52328d55b8143c5ceef00536d1ea44af5833976712178c96fdd10
0.2,4096,487,True,True,73e4241e42ad8602dcf81c846f190004ab6c2ac6837c8ad2e1f936888cdc8dea,3f7f6776f90ca52013d91c9657fb9f15acf7cf0b823f02b12de231e4c09b9cee
0.2,4096,488,True,False,e62755d1e8592a6483b15bc51213bf0400e1a705f8d1c6fab5489834b4b19ac1,3465991492ee58f64773f48c2f8c0941c8881edbe083898b3258dba8df1fef5d
0.2,4096,489,True,True,eb6e0cb876388073b661aeefb84549e214f36e1f3b4a305e15b94b000f3867fd,33b1131905f598b3a600afe3ac9faac08f491079a8015aab2072b5e3d1867dc1
0.2,4096,490,True,True,beee16893531651bfacafbfafec26fb403f286cc6fec56ad5225793d28439780,33687d258793d8010c8fcc139da681fcd1db741c99025e98553723f357a9c879
0.2,4096,491,True,True,cbbd76e22f4e5a1e1943e97b58136e67bba3881a1e83a8813264fb62183904bb,6d29abc2ec7673fe07b8e6d32900a0b474f4099ba180eadf8a47c53da7cf871c
0.2,4096,492,True,True,54c86ddb474514d8a130b7be99e707fd93d2b8c15e5896981bdd3e5158329983,c7c994d9eef4553f8a4170662ba8bca03086573d1ee0d83ba08c118ca1642e7f
0.2,4096,493,True,True,e5f38c3f5897c976f9a3bee238cd1e89caab5f087f504238dc981120de0d5048,5fb36054f5aaa3d8ecbbdd31f3ec3c35e833fa34b84b4e06a21b237bf33504dc
0.2,4096,494,True,True,3e57bcd666279e6ea896c0ffc41316dbcdaecba626c64fa1b61d841ef467ae9f,c59e726d775125ef47b10231f408994d5aa197c8c7a28f3b3c5027951d787f62
0.2,4096,495,True,True,6815b4d684bb22b943e0d427a1e8dd4d6d165ff193d195aa1892f70a8009fe52,4c427740a31a99edb044f92c71b11a22c745b0d049fdb577f4a8841847907d04
0.2,4096,496,True,True,aed2404d793a39524250b3905a3b99ef1a161c53e73b2c5129d880f49ef3c014,e28ad1f530e31cf2910015c31518148fbf2e3d27346b6570695528d3a03be495
0.2,4096,497,True,True,ad7da36623dc04d555389d5735b3e33a0ce9d5547d5e54a7db07492da70d1fda,a4656540ef219977642376534ba661f66f4a15b225dd50e0c08d84757440db3b
0.2,4096,498,True,True,28fe327faab3e27673a6cd87414f59dd83e84b9d16c45a8e3684c775ef3ea251,d4b5eb5d415c6dd5539bd7b0161c8a6cfd34118527a4f86cdb00ae7ad1688efd
0.2,4096,499,True,True,e5366df0f5cd9a4a1e712e40ce349329420d04f80277dac6a974948e48883757,325217c5a1992cdbc6c9f504700a682cded55dddbadfdc399fd0be34aceedd61
